{"type":"FeatureCollection","features":[{"type":"Feature","properties":{"level":"admin1","simplified":0.18},"geometry":{"type":"MultiLineString","coordinates":[[[113.131813,-25.951992],[112.947089,-25.531479],[113.131813,-25.951992]],[[115.354369,-20.746406],[115.354369,-20.746406]],[[124.550783,-15.270358],[124.550783,-15.270358]],[[125.19812,-14.474751],[125.19812,-14.474751]],[[129.00196,-25.999014],[129.00196,-31.692656],[127.319865,-32.264143],[125.917219,-32.296992],[124.243671,-33.015191],[123.506796,-33.916333],[119.854128,-33.974825],[117.863119,-35.055044],[116.517162,-34.988006],[115.008761,-34.255855],[114.993908,-33.515376],[115.358852,-33.640027],[115.68308,-33.192949],[115.698395,-31.694458],[115.077843,-30.560449],[114.856886,-29.142949],[113.184679,-26.182178],[113.83652,-26.50054],[113.451317,-25.599199],[113.723778,-26.129751],[114.215636,-26.289492],[113.417787,-24.435725],[113.958468,-21.939126],[114.123834,-21.828647],[114.14161,-22.483169],[114.709296,-21.823484],[116.70683,-20.653923],[117.406132,-20.721203],[119.104443,-19.995359],[120.998046,-19.604289],[122.345344,-18.111862],[122.160158,-17.313574],[122.91683,-16.43269],[123.563046,-17.520798],[123.593632,-17.030302],[123.874443,-16.918703],[123.490361,-16.490742],[123.607145,-16.224126],[124.77196,-16.402544],[124.404995,-16.298833],[124.64843,-15.87019],[124.439645,-15.493557],[124.692529,-15.27372],[125.062878,-15.442251],[124.83902,-15.160781],[125.35562,-15.119824],[125.178762,-14.714824],[125.597033,-14.278095],[125.890654,-14.618078],[126.05402,-13.977268],[126.569719,-14.160871],[126.903154,-13.744182],[128.18049,-14.711682],[128.069331,-15.329289],[128.477495,-14.787949],[129.00196,-14.870742],[129.00196,-25.999014]],[[129.00196,-25.999014],[129.00196,-14.870742],[129.21571,-15.160319],[129.267697,-14.871423],[129.634663,-15.139841],[129.848632,-14.828906],[129.378615,-14.392397],[130.622641,-12.431074],[130.867439,-12.557746],[131.291555,-12.067932],[131.438266,-12.276957],[132.712878,-12.1235],[132.674184,-11.648979],[131.822568,-11.30247],[131.961611,-11.180742],[135.029719,-12.193703],[135.922512,-11.825815],[135.704477,-12.209897],[136.081814,-12.422526],[136.540141,-11.957673],[136.947383,-12.349841],[136.46093,-13.2251],[135.927236,-13.304289],[135.883357,-14.153225],[135.405232,-14.758242],[138.002422,-16.555781],[138.00196,-25.999014],[129.00196,-25.999014]],[[137.064607,-15.662966],[137.064607,-15.662966]],[[136.586042,-15.533591],[136.586042,-15.533591]],[[136.845693,-15.54394],[136.845693,-15.54394]],[[136.933891,-14.179108],[136.335378,-14.211716],[136.655564,-13.676001],[136.933891,-14.179108]],[[136.215452,-13.664751],[136.215452,-13.664751]],[[136.449241,-11.487194],[136.180361,-11.676643],[136.449241,-11.487194]],[[130.579882,-11.737177],[130.043266,-11.787341],[130.294809,-11.336901],[130.579882,-11.737177]],[[131.473357,-11.382582],[130.950913,-11.926406],[130.368615,-11.214953],[131.473357,-11.382582]],[[136.731831,-11.024604],[136.526628,-11.438832],[136.731831,-11.024604]],[[132.593193,-10.9976],[132.573615,-11.318444],[132.593193,-10.9976]],[[129.00196,-31.692656],[129.00196,-25.999014],[141.002107,-25.999014],[140.966335,-38.071407],[140.390344,-37.89657],[139.784185,-37.245872],[139.729055,-36.371294],[138.969021,-35.580872],[139.289404,-35.611238],[139.282439,-35.37545],[138.184443,-35.6126],[138.511133,-35.024458],[138.089258,-34.169898],[137.691684,-35.143023],[136.883486,-35.239768],[137.014202,-34.915782],[137.391077,-34.913299],[137.493909,-34.161131],[137.931758,-33.579053],[137.783267,-32.578023],[137.237422,-33.629458],[135.891003,-34.660855],[135.969753,-34.981919],[135.123081,-34.585708],[135.450012,-34.580984],[135.218948,-33.959751],[134.718982,-33.255264],[134.301172,-33.165044],[134.234111,-32.548557],[133.665305,-32.207234],[132.214736,-32.007195],[131.143745,-31.495781],[129.00196,-31.692656]],[[137.928835,-35.726001],[138.123469,-35.852454],[137.448469,-36.074751],[136.540581,-35.890247],[137.334167,-35.592583],[137.928835,-35.726001]],[[138.00196,-25.999014],[138.001741,-16.556682],[139.009956,-16.899345],[139.248469,-17.328647],[140.035728,-17.7026],[140.830435,-17.414362],[141.625581,-15.056608],[141.472586,-13.797487],[141.613672,-12.943388],[141.929793,-12.739768],[141.688577,-12.350983],[142.168284,-10.946513],[142.544939,-10.707341],[142.872529,-11.821332],[143.178982,-11.954531],[143.756336,-14.348737],[144.472952,-14.231755],[145.287698,-14.943208],[145.42606,-16.406147],[145.912073,-16.912397],[146.296814,-18.841333],[148.759444,-20.289638],[148.683616,-20.580117],[149.454021,-21.578664],[149.703982,-22.440432],[149.974444,-22.550669],[150.076133,-22.164346],[150.541206,-22.558996],[150.672383,-22.418152],[150.843155,-23.458096],[151.831595,-24.122966],[152.913396,-25.432251],[153.164939,-25.964143],[153.116797,-27.194458],[153.515272,-28.144402],[152.493082,-28.262307],[151.966353,-28.534548],[152.024405,-28.87385],[151.392845,-29.139346],[150.982439,-28.710044],[150.149478,-28.558169],[149.511831,-28.579329],[148.974314,-28.998501],[141.002107,-28.998941],[141.002107,-25.999014],[138.00196,-25.999014]],[[153.538672,-27.436333],[153.426612,-27.706553],[153.538672,-27.436333]],[[153.432237,-27.029971],[153.420987,-27.331018],[153.432237,-27.029971]],[[153.282164,-24.738354],[153.051978,-25.778298],[153.282164,-24.738354]],[[151.228819,-23.594897],[151.238267,-23.775798],[151.060069,-23.460579],[151.228819,-23.594897]],[[150.48856,-22.210708],[150.48856,-22.210708]],[[149.912327,-22.048703],[149.912327,-22.048703]],[[148.98106,-20.153518],[148.98106,-20.153518]],[[148.931556,-20.068923],[148.931556,-20.068923]],[[146.278357,-18.23135],[146.298836,-18.484695],[146.098819,-18.251828],[146.278357,-18.23135]],[[139.492805,-16.990466],[139.492805,-16.990466]],[[139.587991,-16.395117],[139.15959,-16.741626],[139.587991,-16.395117]],[[142.131172,-10.640522],[142.131172,-10.640522]],[[142.218689,-10.149345],[142.218689,-10.149345]],[[142.148948,-10.051699],[142.148948,-10.051699]],[[147.312456,-43.280377],[147.153836,-43.500191],[147.312456,-43.280377]],[[147.352512,-43.08036],[147.434646,-43.240782],[147.352512,-43.08036]],[[148.072513,-42.593226],[148.072513,-42.593226]],[[148.340711,-42.111058],[148.213577,-41.969971],[148.022788,-42.259549],[147.945379,-43.181829],[147.298064,-42.791002],[146.873948,-43.612471],[146.043228,-43.547235],[146.207935,-43.316148],[145.802715,-43.244144],[145.26812,-42.544402],[145.198819,-42.230743],[145.52731,-42.388243],[144.777844,-41.418941],[144.718672,-40.672178],[146.317512,-41.163575],[148.032918,-40.781075],[148.292788,-40.947122],[148.340711,-42.111058]],[[148.218323,-40.504988],[148.218323,-40.504988]],[[144.783469,-40.434808],[144.783469,-40.434808]],[[148.420823,-40.367066],[148.010418,-40.380579],[148.420823,-40.367066]],[[148.250711,-40.099549],[148.105581,-40.261993],[147.76718,-39.870264],[148.000288,-39.757544],[148.250711,-40.099549]],[[144.12084,-39.78523],[143.898762,-40.120247],[143.948948,-39.583631],[144.12084,-39.78523]],[[140.966335,-38.071407],[140.968137,-34.005191],[142.157715,-34.173282],[142.571262,-34.775157],[142.773762,-34.587488],[143.325452,-34.787967],[143.404443,-35.167764],[144.668487,-36.088023],[145.432366,-35.834678],[147.931206,-36.018721],[148.132805,-36.777195],[149.942495,-37.500579],[147.876758,-37.934144],[146.856831,-38.663372],[146.217383,-38.727488],[146.466685,-38.84045],[146.400086,-39.14554],[145.397254,-38.535359],[145.475784,-38.243738],[144.959646,-38.500708],[144.717771,-38.340264],[145.119827,-38.091424],[144.891245,-37.899734],[143.538982,-38.820872],[140.966335,-38.071407]],[[145.314461,-38.490799],[145.128396,-38.527691],[145.314461,-38.490799]],[[145.426521,-38.314183],[145.426521,-38.314183]],[[149.403836,-35.329329],[148.948431,-35.887325],[148.828064,-35.311553],[149.403836,-35.329329]],[[150.611871,-35.190044],[150.611871,-35.190044]],[[141.025728,-34.043225],[141.002107,-28.998941],[148.974314,-28.998501],[149.511831,-28.579329],[150.149478,-28.558169],[150.982439,-28.710044],[151.392845,-29.139346],[152.024405,-28.87385],[151.966353,-28.534548],[152.493082,-28.262307],[153.575564,-28.240466],[152.943982,-31.434807],[152.470362,-32.43898],[151.292034,-33.581075],[150.804681,-35.012967],[150.195379,-35.833558],[149.942495,-37.500579],[148.132805,-36.777195],[147.931206,-36.018721],[145.432366,-35.834678],[144.799202,-36.125596],[143.404443,-35.167764],[143.325452,-34.787967],[142.773762,-34.587488],[142.571262,-34.775157],[142.157715,-34.173282],[141.025728,-34.043225]],[[149.403836,-35.329329],[148.828064,-35.311553],[148.948431,-35.887325],[149.403836,-35.329329]],[[-66.62767,-9.925466],[-68.622744,-11.109199],[-70.642349,-11.01019],[-70.541099,-9.437453],[-71.237918,-9.965983],[-72.142873,-10.005117],[-72.379123,-9.510117],[-73.209371,-9.411349],[-72.974022,-8.993078],[-73.964242,-7.378923],[-73.796843,-7.116789],[-70.37325,-8.155173],[-66.62767,-9.925466]],[[-66.62767,-9.925466],[-66.828599,-9.838168],[-66.395694,-9.405043],[-65.092045,-9.436332],[-64.779517,-8.985431],[-64.11892,-8.936367],[-63.538425,-7.998793],[-62.828774,-8.016789],[-62.132174,-8.766716],[-61.507349,-8.847048],[-61.52062,-10.954182],[-60.002771,-11.146332],[-59.908948,-12.619401],[-60.724793,-13.662949],[-61.78995,-13.525708],[-63.067496,-12.669125],[-64.420418,-12.439841],[-64.992597,-11.975229],[-65.38995,-11.24622],[-65.396246,-9.712397],[-66.62767,-9.925466]],[[-58.868773,0.224276],[-60.025041,0.224276],[-60.337569,-0.704289],[-60.734922,-0.851681],[-61.221595,-0.498866],[-61.534123,-0.726569],[-61.619849,-1.449491],[-61.88084,-1.389198],[-62.507248,-0.771129],[-62.310823,-0.641754],[-62.708166,1.947547],[-64.046696,2.502401],[-64.221071,3.587356],[-64.788746,4.276078],[-62.856899,3.593431],[-62.71222,4.017998],[-61.0362,4.519304],[-60.627597,4.892576],[-60.742118,5.201951],[-60.142045,5.238854],[-60.148571,4.533257],[-59.703295,4.381151],[-59.5512,3.933623],[-59.994444,2.690047],[-59.666623,1.746179],[-58.96642,1.302474],[-58.868773,0.224276]],[[-66.828599,-9.838168],[-70.37325,-8.155173],[-73.796843,-7.116789],[-73.137367,-6.465871],[-72.887175,-5.122858],[-70.799619,-4.173354],[-69.972073,-4.301147],[-69.400345,-1.195026],[-70.070621,-0.138866],[-70.053966,0.578651],[-69.153295,0.658752],[-69.311916,1.050481],[-69.852147,1.059479],[-69.848543,1.708826],[-68.176567,1.719856],[-68.193892,1.986922],[-67.936274,1.748431],[-67.400547,2.116748],[-67.082175,1.185481],[-66.301651,0.751905],[-65.68155,0.983431],[-65.473425,0.691151],[-63.975823,1.952953],[-63.150069,2.179754],[-62.708166,1.947547],[-62.444692,0.804783],[-62.578791,0.018854],[-62.310823,-0.641754],[-62.507248,-0.771129],[-61.88084,-1.389198],[-61.619849,-1.449491],[-61.534123,-0.726569],[-61.221595,-0.498866],[-60.734922,-0.851681],[-60.337569,-0.704289],[-60.025041,0.224276],[-58.868773,0.224276],[-58.855491,-0.351496],[-58.391099,-1.048095],[-56.498396,-2.159604],[-56.391071,-2.391789],[-58.436769,-6.675798],[-58.136623,-7.338207],[-58.547467,-8.74894],[-61.917974,-8.873832],[-62.721448,-8.061349],[-63.538425,-7.998793],[-64.11892,-8.936367],[-64.779517,-8.985431],[-65.092045,-9.436332],[-66.395694,-9.405043],[-66.828599,-9.838168]],[[-58.868773,0.224276],[-58.96642,1.302474],[-57.118948,2.013927],[-55.96334,1.857108],[-55.975491,2.515903],[-54.978745,2.597576],[-54.714821,2.425002],[-54.734849,1.773403],[-53.440198,1.259957],[-52.516116,-0.873939],[-51.888148,-1.160375],[-52.664168,-1.551642],[-51.94754,-1.586754],[-50.894995,-0.937616],[-50.403148,-2.015595],[-49.3137,-1.731642],[-49.636566,-2.656845],[-49.211099,-1.916608],[-48.349792,-1.482121],[-48.449691,-1.145522],[-48.068773,-0.713737],[-47.268672,-0.645358],[-46.044674,-1.103004],[-47.065271,-3.842599],[-48.730491,-5.338168],[-48.192743,-5.565431],[-48.254398,-5.945229],[-49.209747,-7.005651],[-49.282641,-8.301423],[-50.234849,-9.842673],[-56.489398,-9.467599],[-57.578616,-8.757949],[-58.436769,-6.675798],[-56.391071,-2.391789],[-58.391099,-1.048095],[-58.855491,-0.351496],[-58.868773,0.224276]],[[-51.424415,-0.565927],[-51.160721,-0.666715],[-51.276374,-1.021772],[-51.938323,-1.452655],[-51.424415,-0.565927]],[[-48.444516,-0.271845],[-48.928948,-1.48234],[-49.805096,-1.790155],[-50.602045,-1.697672],[-50.645474,-0.272746],[-48.444516,-0.271845]],[[-50.76517,-0.04078],[-51.018965,-0.263078],[-50.76517,-0.04078]],[[-49.503368,0.083651],[-49.443965,-0.112323],[-49.830068,-0.093866],[-49.503368,0.083651]],[[-49.878892,0.304608],[-49.839066,0.006922],[-50.339471,0.043375],[-49.878892,0.304608]],[[-50.350941,0.581804],[-50.443874,-0.0077],[-50.610372,0.204698],[-50.350941,0.581804]],[[-50.098717,0.625002],[-50.261392,0.359276],[-50.098717,0.625002]],[[-50.964297,-19.511367],[-50.993773,-20.101553],[-51.534224,-20.557617],[-52.122596,-21.718169],[-53.619967,-23.00113],[-54.24254,-24.046919],[-54.625491,-23.812471],[-55.415924,-23.951294],[-55.849269,-22.307673],[-57.985648,-22.04644],[-57.83017,-20.997949],[-58.159793,-20.164548],[-57.860767,-19.979604],[-58.131448,-19.744475],[-57.495592,-18.214695],[-57.753222,-17.734768],[-57.198599,-17.812397],[-56.745215,-17.316958],[-56.101043,-17.18644],[-55.181245,-17.686406],[-54.319719,-17.673112],[-53.681392,-17.257763],[-53.975924,-17.931862],[-53.051842,-18.016699],[-52.86892,-18.682031],[-50.964297,-19.511367]],[[-51.888148,-1.160375],[-52.516116,-0.873939],[-53.440198,1.259957],[-54.734849,1.773403],[-54.788396,2.130481],[-54.714821,2.425002],[-54.13004,2.121033],[-53.767799,2.3548],[-52.903571,2.211483],[-51.461549,4.313882],[-50.714325,2.134073],[-49.957191,1.659783],[-49.89892,1.162981],[-51.2829,-0.085099],[-51.888148,-1.160375]],[[-50.362642,2.154552],[-50.398874,1.892879],[-50.362642,2.154552]],[[-60.724793,-13.662949],[-59.824123,-12.387194],[-60.101099,-11.744362],[-59.908948,-11.382802],[-60.440401,-11.003444],[-61.52062,-10.954182],[-61.60995,-8.766716],[-58.547467,-8.74894],[-58.136623,-7.338207],[-57.578616,-8.757949],[-56.770648,-9.396276],[-50.234849,-9.842673],[-50.708019,-11.345668],[-50.48482,-12.8426],[-50.977568,-14.463281],[-51.847422,-15.747121],[-52.667991,-16.289143],[-53.202596,-17.304126],[-53.051842,-18.016699],[-53.975924,-17.931862],[-53.681392,-17.257763],[-54.145575,-17.628354],[-55.181245,-17.686406],[-56.101043,-17.18644],[-56.745215,-17.316958],[-57.471521,-17.900595],[-58.396043,-17.234362],[-58.345648,-16.284419],[-60.175575,-16.269345],[-60.242394,-15.479604],[-60.583267,-15.098225],[-60.273441,-15.088776],[-60.405069,-14.019126],[-60.724793,-13.662949]],[[-54.24254,-24.046919],[-53.619967,-23.00113],[-52.949241,-22.570466],[-49.971594,-22.914053],[-49.636797,-23.257859],[-49.297495,-24.664109],[-48.489297,-24.744419],[-48.565344,-25.056958],[-48.230547,-25.012397],[-48.07754,-25.290264],[-48.731842,-25.368794],[-48.401098,-25.597397],[-48.585372,-25.986204],[-49.489415,-26.222234],[-50.542872,-26.025798],[-51.422394,-26.699897],[-53.123396,-26.369605],[-53.669922,-26.258005],[-54.012366,-25.57782],[-54.615823,-25.576018],[-54.24254,-24.046919]],[[-47.301971,-16.039182],[-48.252816,-16.030173],[-48.181273,-15.489953],[-47.422348,-15.49894],[-47.301971,-16.039182]],[[-50.964297,-19.511367],[-52.86892,-18.682031],[-53.211375,-17.409199],[-52.667991,-16.289143],[-51.188616,-14.976496],[-50.392349,-12.617138],[-50.163745,-12.387656],[-50.239342,-12.931918],[-49.38232,-13.24894],[-49.016245,-12.655173],[-48.739269,-13.382819],[-48.226042,-13.092583],[-47.681318,-13.356057],[-47.641042,-13.115083],[-46.234792,-12.798039],[-46.261797,-13.869492],[-45.931273,-14.749013],[-46.190243,-14.93644],[-46.516042,-14.713242],[-46.54732,-15.039052],[-46.891116,-15.048039],[-46.864342,-15.882802],[-47.301971,-16.039182],[-47.422348,-15.49894],[-48.181273,-15.489953],[-48.27959,-15.838242],[-48.252816,-16.030173],[-47.301971,-16.039182],[-47.453616,-16.494345],[-47.150096,-16.976513],[-47.529443,-17.454199],[-47.288469,-17.548022],[-47.279471,-18.061479],[-47.928818,-18.44532],[-48.9537,-18.325854],[-50.246999,-18.690117],[-50.964297,-19.511367]],[[-50.234849,-9.842673],[-49.282641,-8.301423],[-49.209747,-7.005651],[-48.254398,-5.945229],[-48.192743,-5.565431],[-48.721943,-5.355043],[-47.884499,-5.285522],[-47.485795,-5.561147],[-47.397146,-6.072341],[-47.71709,-7.222104],[-47.016217,-8.043574],[-46.489269,-7.963241],[-46.502771,-8.396147],[-46.793019,-8.436423],[-47.083047,-9.034694],[-46.560823,-9.498867],[-46.346622,-10.168483],[-45.757118,-10.329345],[-46.56982,-11.315983],[-46.083148,-11.601496],[-46.337624,-12.128444],[-46.234792,-12.798039],[-47.641042,-13.115083],[-47.681318,-13.356057],[-48.226042,-13.092583],[-48.739269,-13.382819],[-49.016245,-12.655173],[-49.38232,-13.24894],[-50.239342,-12.931918],[-50.163745,-12.387656],[-50.566042,-12.819638],[-50.708019,-11.345668],[-50.234849,-9.842673]],[[-53.1162,-22.639988],[-52.122596,-21.718169],[-51.534224,-20.557617],[-50.488644,-19.790815],[-49.278368,-19.987031],[-48.918368,-20.429143],[-48.811943,-20.158923],[-47.459922,-20.000984],[-47.002715,-21.400708],[-46.507275,-21.458738],[-46.699195,-22.320264],[-46.359894,-22.842729],[-44.833047,-22.4051],[-44.167945,-22.699841],[-44.797495,-22.9901],[-44.782872,-23.353923],[-45.464398,-23.802583],[-46.867275,-24.236367],[-48.07754,-25.290264],[-48.230547,-25.012397],[-48.565344,-25.056958],[-48.489297,-24.744419],[-49.297495,-24.664109],[-49.636797,-23.257859],[-49.971594,-22.914053],[-50.784066,-22.94532],[-52.065215,-22.521203],[-53.1162,-22.639988]],[[-45.249066,-23.782544],[-45.451346,-23.895505],[-45.249066,-23.782544]],[[-48.721943,-5.355043],[-47.065271,-3.842599],[-46.00709,-1.146862],[-45.458542,-1.356349],[-45.329167,-1.71725],[-45.076273,-1.466366],[-44.651245,-1.745815],[-44.756318,-2.265578],[-44.381915,-2.365465],[-44.723019,-3.204733],[-44.2287,-2.47122],[-44.192697,-2.809621],[-43.379995,-2.376056],[-41.846171,-2.758776],[-42.989398,-4.239953],[-42.917844,-6.668591],[-44.03857,-6.766698],[-45.471594,-7.673005],[-45.980547,-8.927599],[-45.944775,-10.315854],[-46.346622,-10.168483],[-46.560823,-9.498867],[-47.083047,-9.034694],[-46.793019,-8.436423],[-46.502771,-8.396147],[-46.489269,-7.963241],[-47.016217,-8.043574],[-47.71709,-7.222104],[-47.405473,-6.421091],[-47.485795,-5.561147],[-48.378148,-5.169418],[-48.721943,-5.355043]],[[-44.565299,-2.923922],[-44.481374,-2.717599],[-44.565299,-2.923922]],[[-45.011245,-1.344638],[-45.011245,-1.344638]],[[-44.782872,-23.353923],[-44.797495,-22.9901],[-44.167945,-22.699841],[-44.833047,-22.4051],[-42.279516,-21.713225],[-41.864398,-20.775652],[-41.712523,-21.110449],[-40.96754,-21.275596],[-41.0004,-21.998979],[-41.705546,-22.309695],[-42.042365,-22.947121],[-42.958339,-22.967139],[-43.154325,-22.725264],[-43.224066,-22.991221],[-44.637292,-23.055579],[-44.782872,-23.353923]],[[-44.155794,-23.166496],[-44.360096,-23.172121],[-44.155794,-23.166496]],[[-45.757118,-10.329345],[-45.944775,-10.315854],[-45.980547,-8.927599],[-45.471594,-7.673005],[-44.03857,-6.766698],[-42.9804,-6.744418],[-42.989398,-4.239953],[-41.846171,-2.758776],[-41.268598,-2.916056],[-41.449268,-3.436479],[-41.074195,-4.324767],[-41.185794,-4.914052],[-40.70812,-6.659604],[-40.417872,-6.811479],[-40.690344,-7.427526],[-40.592016,-8.123906],[-41.850896,-9.253388],[-42.618818,-9.565927],[-43.810868,-9.427543],[-43.703542,-10.034604],[-44.118891,-10.588095],[-45.042973,-10.89635],[-45.757118,-10.329345]],[[-50.993773,-20.101553],[-50.964297,-19.511367],[-50.246999,-18.690117],[-48.9537,-18.325854],[-47.928818,-18.44532],[-47.279471,-18.061479],[-47.288469,-17.548022],[-47.529443,-17.454199],[-47.150096,-16.976513],[-47.453616,-16.494345],[-47.301971,-16.039182],[-46.833075,-15.842746],[-46.891116,-15.048039],[-46.54732,-15.039052],[-46.516042,-14.713242],[-46.025096,-14.869401],[-46.07415,-15.248979],[-44.31982,-14.244345],[-43.837641,-14.315888],[-43.82415,-14.695246],[-42.953615,-14.67747],[-41.801842,-15.110595],[-41.333165,-15.717656],[-40.23495,-15.820246],[-39.86437,-16.110505],[-40.57424,-17.132893],[-40.208165,-17.976643],[-40.909049,-17.972138],[-40.766171,-18.137307],[-41.141245,-18.297949],[-40.958092,-19.472234],[-41.364443,-20.186367],[-41.8554,-20.369531],[-42.279516,-21.713225],[-43.063424,-22.063557],[-43.815372,-22.065798],[-46.28857,-22.882764],[-46.699195,-22.320264],[-46.507275,-21.458738],[-47.002715,-21.400708],[-47.459922,-20.000984],[-48.811943,-20.158923],[-48.918368,-20.429143],[-49.278368,-19.987031],[-50.488644,-19.790815],[-50.993773,-20.101553]],[[-40.96754,-21.275596],[-41.712523,-21.110449],[-41.8554,-20.369531],[-41.364443,-20.186367],[-40.958092,-19.472234],[-41.141245,-18.297949],[-40.42687,-17.891828],[-39.667714,-18.325854],[-39.699893,-19.27782],[-40.96754,-21.275596]],[[-46.025096,-14.869401],[-45.922495,-14.351682],[-46.270575,-13.655083],[-46.07415,-12.976699],[-46.346622,-12.342656],[-46.083148,-11.601496],[-46.56982,-11.315983],[-45.757118,-10.329345],[-45.315215,-10.780246],[-44.783993,-10.856074],[-43.913469,-10.431957],[-43.810868,-9.427543],[-42.618818,-9.565927],[-41.368717,-8.713168],[-40.891042,-8.856056],[-40.685839,-9.472104],[-39.441824,-8.559272],[-38.294324,-9.043022],[-37.779516,-10.079362],[-37.78402,-10.628371],[-38.234921,-10.89635],[-37.797292,-11.525668],[-37.41187,-11.497324],[-38.239645,-12.844182],[-38.85187,-12.790173],[-39.08924,-13.588242],[-38.880665,-15.864345],[-39.154049,-17.70394],[-39.667714,-18.325854],[-40.609792,-17.391862],[-39.86437,-16.110505],[-40.23495,-15.820246],[-41.333165,-15.717656],[-41.801842,-15.110595],[-42.953615,-14.67747],[-43.82415,-14.695246],[-43.781391,-14.342893],[-44.212495,-14.240083],[-46.07415,-15.248979],[-46.025096,-14.869401]],[[-38.907219,-13.401057],[-38.907219,-13.401057]],[[-38.601217,-12.992673],[-38.783018,-13.118664],[-38.601217,-12.992673]],[[-40.538469,-7.391755],[-40.417872,-6.811479],[-40.770665,-6.494457],[-41.449268,-3.436479],[-41.268598,-2.916056],[-40.474572,-2.795668],[-38.475895,-3.717487],[-37.230749,-4.824272],[-37.721464,-5.061423],[-38.578717,-6.26225],[-38.730372,-7.003388],[-38.533947,-7.293647],[-38.967072,-7.847138],[-39.654443,-7.373979],[-40.538469,-7.391755]],[[-37.41187,-11.497324],[-37.797292,-11.525668],[-38.234921,-10.89635],[-37.78402,-10.628371],[-37.975721,-9.512138],[-36.414673,-10.49135],[-37.41187,-11.497324]],[[-37.975721,-9.512138],[-38.221199,-9.347673],[-37.748249,-8.860539],[-36.94027,-9.356],[-36.016199,-8.896332],[-35.15174,-8.913867],[-36.414673,-10.49135],[-37.975721,-9.512138]],[[-38.525169,-6.382858],[-37.721464,-5.061423],[-37.230749,-4.824272],[-35.481594,-5.166056],[-34.97174,-6.503906],[-36.382275,-6.302526],[-36.712568,-6.976625],[-37.516042,-6.681862],[-37.17674,-6.052543],[-38.13232,-6.52122],[-38.525169,-6.382858]],[[-41.368717,-8.713168],[-40.592016,-8.123906],[-40.645575,-7.400741],[-39.654443,-7.373979],[-39.074167,-7.856147],[-38.699094,-7.619457],[-38.257191,-7.851642],[-37.252799,-7.271147],[-37.016098,-7.507858],[-37.342117,-7.998793],[-36.96254,-8.284548],[-35.498249,-7.454289],[-34.85857,-7.549694],[-35.15174,-8.913867],[-36.016199,-8.896332],[-36.578699,-9.293444],[-36.94027,-9.356],[-37.748249,-8.860539],[-38.221199,-9.347673],[-38.504691,-8.834897],[-39.441824,-8.559272],[-40.685839,-9.472104],[-40.891042,-8.856056],[-41.368717,-8.713168]],[[-38.699094,-7.619457],[-38.525169,-6.382858],[-38.13232,-6.52122],[-37.261566,-6.02578],[-37.516042,-6.681862],[-37.217016,-6.82475],[-36.574195,-6.927582],[-36.292945,-6.30703],[-34.97174,-6.503906],[-34.833818,-7.024328],[-34.85857,-7.549694],[-35.498249,-7.454289],[-36.96254,-8.284548],[-37.342117,-7.998793],[-37.016098,-7.507858],[-37.252799,-7.271147],[-38.08754,-7.820375],[-38.699094,-7.619457]],[[-53.669922,-26.258005],[-51.422394,-26.699897],[-50.542872,-26.025798],[-49.489415,-26.222234],[-48.585372,-25.986204],[-48.799573,-28.575264],[-50.051915,-29.356018],[-49.736695,-28.511367],[-50.577523,-28.386277],[-52.139241,-27.283315],[-53.935418,-27.161148],[-53.669922,-26.258005]],[[-48.464775,-27.436333],[-48.554545,-27.812307],[-48.464775,-27.436333]],[[-48.603148,-26.413704],[-48.539691,-26.170247],[-48.603148,-26.413704]],[[-53.935418,-27.161148],[-52.139241,-27.283315],[-50.577523,-28.386277],[-49.699122,-28.597105],[-50.168019,-29.284695],[-49.712844,-29.324531],[-50.62004,-30.89773],[-52.039122,-32.114751],[-52.063193,-31.830359],[-51.27209,-31.476863],[-50.582017,-30.438941],[-51.297974,-30.034841],[-51.28312,-30.75148],[-51.972523,-31.383721],[-52.652247,-33.13782],[-53.370665,-33.742178],[-53.531318,-33.170889],[-53.125648,-32.736643],[-53.761724,-32.056919],[-55.60312,-30.850708],[-56.004747,-31.07929],[-56.832743,-30.107307],[-57.608993,-30.187859],[-55.725519,-28.204014],[-53.935418,-27.161148]],[[-109.999432,48.993083],[-114.062517,48.993083],[-114.734023,49.587201],[-114.651961,50.019612],[-114.992795,50.545033],[-116.674033,51.790685],[-118.221024,52.3861],[-118.803673,53.153397],[-119.89384,53.51555],[-120,60.001087],[-110.000025,60.001087],[-109.999432,48.993083]],[[-120,60.001087],[-119.89384,53.51555],[-118.803673,53.153397],[-118.221024,52.3861],[-116.674033,51.790685],[-114.992795,50.545033],[-114.651961,50.019612],[-114.734023,49.587201],[-114.062517,48.993083],[-123.086435,48.993028],[-123.229422,49.260512],[-122.879112,49.398951],[-123.276762,49.343964],[-123.187487,49.680332],[-123.530568,49.397292],[-124.0286,49.602868],[-123.582478,49.681255],[-123.874396,49.736813],[-123.825457,50.14423],[-124.281269,49.772101],[-124.782378,50.020096],[-125.056701,50.418625],[-124.859864,50.872404],[-125.058772,50.513865],[-126.094338,50.497594],[-126.447471,50.58777],[-125.90412,50.704917],[-126.514339,50.679385],[-126.517339,51.056832],[-127.057586,50.867537],[-127.708119,51.151193],[-127.419657,51.60806],[-126.691434,51.70341],[-127.668689,51.477586],[-127.850535,51.673176],[-127.795345,52.191027],[-127.437927,52.35613],[-126.713994,52.060696],[-127.193987,52.457676],[-127.008235,52.84256],[-128.102254,51.788411],[-128.357615,52.158881],[-127.940222,52.54516],[-128.271542,52.363007],[-128.053266,52.910676],[-128.365025,52.825773],[-129.17157,53.533578],[-128.854587,53.704548],[-127.927846,53.274708],[-128.675553,53.554617],[-128.532121,53.858104],[-128.959358,53.84147],[-129.563716,53.251483],[-130.335242,53.723906],[-129.626036,54.230255],[-130.430251,54.421021],[-129.560667,55.462536],[-129.79517,55.559556],[-130.091796,55.107744],[-130.055958,56.065235],[-131.824274,56.589986],[-133.401103,58.410882],[-135.05103,59.578663],[-135.475937,59.793281],[-136.321829,59.604832],[-136.578739,59.152251],[-137.438579,58.903125],[-137.593299,59.226254],[-139.056519,60.001582],[-120,60.001087]],[[-130.21409,55.025895],[-130.025081,55.888212],[-130.21409,55.025895]],[[-130.21409,55.025895],[-130.575331,54.769683],[-130.21409,55.025895]],[[-130.927169,54.479051],[-130.758007,54.613776],[-130.927169,54.479051]],[[-132.655516,54.127466],[-132.166086,53.955212],[-132.534644,53.651714],[-131.667642,54.141342],[-132.011316,53.265171],[-132.747526,53.31049],[-132.425012,53.336956],[-133.097941,54.005595],[-132.655516,54.127466]],[[-130.236282,53.958563],[-130.707261,53.921495],[-130.236282,53.958563]],[[-129.848608,53.167921],[-130.51756,53.544224],[-129.944749,53.436371],[-129.848608,53.167921]],[[-129.167741,53.1179],[-129.238202,53.330079],[-129.167741,53.1179]],[[-128.55243,52.939767],[-128.678937,52.289651],[-128.746322,52.763393],[-129.184303,52.990667],[-129.03323,53.279948],[-128.55243,52.939767]],[[-131.753736,53.195562],[-131.634672,52.922167],[-131.971782,52.879826],[-131.455226,52.701694],[-131.221547,52.153641],[-132.54679,53.137477],[-131.753736,53.195562]],[[-129.313705,52.992194],[-129.514722,53.17939],[-129.313705,52.992194]],[[-128.93688,52.510026],[-129.263525,52.800779],[-128.93688,52.510026]],[[-128.368777,52.400888],[-128.247284,52.784377],[-128.368777,52.400888]],[[-131.029308,51.961633],[-131.098116,52.150619],[-131.029308,51.961633]],[[-127.924643,51.473862],[-128.142403,51.646589],[-127.924643,51.473862]],[[-127.197321,50.640373],[-125.482075,50.31677],[-123.283788,48.455181],[-125.017221,48.711492],[-124.812634,49.212655],[-125.543131,48.952829],[-125.935409,49.401477],[-126.548551,49.418946],[-126.134081,49.672312],[-127.863894,50.12774],[-127.905884,50.44519],[-127.465937,50.583112],[-128.349886,50.696601],[-127.918079,50.860539],[-127.197321,50.640373]],[[-125.184137,50.097121],[-125.301158,50.414076],[-125.184137,50.097121]],[[-124.977742,50.02961],[-124.990816,50.217146],[-124.977742,50.02961]],[[-126.641231,49.605812],[-126.925838,49.837734],[-126.641231,49.605812]],[[-124.153685,49.53116],[-124.649855,49.758357],[-124.153685,49.53116]],[[-126.092063,49.353995],[-126.092063,49.353995]],[[-123.372359,48.886109],[-123.689238,49.095091],[-123.372359,48.886109]],[[-123.435382,48.754438],[-123.582346,48.925802],[-123.435382,48.754438]],[[-88.948495,56.851307],[-95.153826,52.822357],[-95.162044,48.991764],[-101.367271,48.993138],[-102.001105,55.817526],[-102.001649,60.001087],[-94.771886,60.001768],[-94.957352,59.068853],[-94.287054,58.716005],[-94.332219,58.297371],[-94.123188,58.736704],[-93.178753,58.725618],[-92.432804,57.320324],[-92.798154,56.921949],[-90.897448,57.256922],[-88.948495,56.851307]],[[-64.030942,46.012668],[-65.884478,45.222904],[-66.026586,45.417593],[-66.439837,45.095902],[-67.315294,45.153833],[-67.43265,45.603108],[-67.802241,45.727517],[-67.806789,47.082813],[-68.235497,47.345946],[-69.05366,47.294585],[-68.429637,47.528188],[-68.377913,47.929375],[-68.113516,47.998567],[-66.359615,48.060662],[-65.60726,47.67001],[-65.001683,47.846846],[-64.703228,47.724843],[-65.318902,47.101204],[-64.831417,47.060796],[-64.647857,46.355979],[-63.831913,46.107161],[-64.030942,46.012668]],[[-64.476086,47.958885],[-64.476086,47.958885]],[[-64.508561,47.886737],[-64.684573,47.753594],[-64.508561,47.886737]],[[-66.762483,44.681773],[-66.762483,44.681773]],[[-57.100128,51.443342],[-57.101029,52.001117],[-63.756899,52.010522],[-64.059418,52.48512],[-63.409687,52.688719],[-63.722544,53.109188],[-64.178477,52.815325],[-64.130676,52.186688],[-64.598012,51.600369],[-65.137133,52.154695],[-66.407438,52.183688],[-66.428038,53.010816],[-67.068024,52.754922],[-66.944439,53.355139],[-67.76147,54.060735],[-67.511323,54.236176],[-67.601421,54.552791],[-67.15018,54.616666],[-67.40815,55.071785],[-66.724449,54.747974],[-66.773986,55.32825],[-65.675804,54.744931],[-63.698825,54.615194],[-63.534019,55.140351],[-63.111825,55.33983],[-64.12148,56.299409],[-63.601255,57.723061],[-64.400379,58.121414],[-63.848008,58.459738],[-64.070811,58.641694],[-63.496709,58.753447],[-64.848313,58.949223],[-64.324364,59.019964],[-64.385295,59.514766],[-64.818024,59.540244],[-64.661469,59.921513],[-64.887271,60.035409],[-64.622303,60.141317],[-64.846688,60.250763],[-64.436348,60.228109],[-64.768443,60.012096],[-64.283517,60.064083],[-64.226312,59.741184],[-63.750186,59.512591],[-63.945446,59.380195],[-63.415147,59.194372],[-63.94103,59.027402],[-63.248407,59.068337],[-62.92608,58.765048],[-63.537051,58.329924],[-62.607882,58.496378],[-63.261503,58.014671],[-62.486253,58.154077],[-61.899056,57.861324],[-62.495558,57.489206],[-61.333743,57.010576],[-61.371624,56.680832],[-62.497261,56.801704],[-61.425292,56.360646],[-61.713079,56.230931],[-61.364703,56.216022],[-61.449528,55.995703],[-60.341018,55.784655],[-60.192362,55.480905],[-60.617127,55.060206],[-59.758798,55.309595],[-59.437865,55.175914],[-59.83779,54.813936],[-59.259579,55.199941],[-58.780158,54.838359],[-57.962456,54.875745],[-57.404505,54.590881],[-60.395401,53.653318],[-60.100308,53.486963],[-60.329461,53.266105],[-57.928267,54.103571],[-58.360777,54.154471],[-58.192104,54.228167],[-57.416073,54.162766],[-57.134977,53.791856],[-57.52408,53.611406],[-57.331764,53.469089],[-56.524291,53.766434],[-55.966087,53.471132],[-55.802819,52.64317],[-56.3249,52.544523],[-55.746459,52.474573],[-56.011713,52.394472],[-55.69523,52.137798],[-57.100128,51.443342]],[[-61.743621,57.554575],[-62.011226,57.548477],[-61.743621,57.554575]],[[-60.994485,56.039318],[-61.195843,56.063917],[-60.994485,56.039318]],[[-55.361245,51.88965],[-55.361245,51.88965]],[[-55.458727,51.53655],[-56.031093,51.328392],[-55.800028,51.033321],[-56.822185,49.613459],[-56.179408,50.114974],[-55.502914,49.983149],[-56.140187,49.619117],[-55.229541,49.508144],[-55.353181,49.079435],[-54.502202,49.527337],[-54.448248,49.32944],[-53.619462,49.32164],[-54.161285,48.787693],[-53.706331,48.655528],[-54.114473,48.393581],[-53.027584,48.634709],[-53.869576,48.019683],[-53.638215,48.01464],[-53.863655,47.787037],[-53.67235,47.648257],[-52.865997,48.112979],[-53.169824,47.512093],[-52.782402,47.769436],[-52.653654,47.549402],[-53.069783,46.68123],[-53.589799,46.638888],[-53.597368,47.146006],[-54.173744,46.88039],[-53.849526,47.440308],[-54.191827,47.859821],[-54.48814,47.403877],[-55.788526,46.867217],[-55.919219,47.016873],[-54.784606,47.664737],[-55.576138,47.465214],[-56.127267,47.502842],[-55.857926,47.819204],[-56.774098,47.565003],[-59.259733,47.634195],[-59.340867,47.93366],[-58.330235,48.522099],[-59.1677,48.558486],[-58.716459,48.598069],[-58.403667,49.084346],[-57.990515,48.987941],[-58.213395,49.386646],[-57.791322,49.490005],[-57.926146,49.700844],[-57.035913,51.010843],[-56.025567,51.568377],[-55.458727,51.53655]],[[-55.536137,50.719694],[-55.536137,50.719694]],[[-54.093698,49.74446],[-54.286134,49.595375],[-54.093698,49.74446]],[[-54.55442,49.58886],[-54.863576,49.576094],[-54.55442,49.58886]],[[-54.227127,47.441341],[-54.128162,47.646807],[-54.227127,47.441341]],[[-64.314653,45.835678],[-64.030942,46.012668],[-62.483056,45.621818],[-61.955514,45.868153],[-61.03152,45.291756],[-63.604024,44.683212],[-63.609759,44.479976],[-64.286066,44.550332],[-65.344302,43.549621],[-66.125727,43.813842],[-66.021697,44.561703],[-64.448158,45.337437],[-64.135509,45.023063],[-63.368016,45.364782],[-64.91288,45.374801],[-64.314653,45.835678]],[[-61.105183,45.944739],[-60.865242,45.983499],[-61.05903,45.703358],[-60.73791,45.751424],[-60.297941,46.311254],[-59.828023,45.965152],[-60.672959,45.590814],[-61.449781,45.716223],[-61.408648,46.170365],[-60.48907,47.00971],[-60.494541,46.270275],[-61.105183,45.944739]],[[-60.96157,45.489938],[-60.96157,45.489938]],[[-66.273779,44.292307],[-66.273779,44.292307]],[[-59.787582,43.939591],[-60.117458,43.953368],[-59.787582,43.939591]],[[-110.000025,60.001087],[-123.819157,60.001087],[-124.599444,60.662135],[-124.582597,60.952822],[-126.859277,60.769416],[-127.166598,61.464521],[-128.560829,62.116911],[-129.254714,62.152771],[-129.18945,62.490293],[-129.718667,62.831671],[-129.611775,63.058681],[-130.133604,63.276452],[-129.844938,63.485786],[-130.302607,63.703711],[-130.117916,63.79337],[-131.106718,64.400903],[-131.796808,64.387906],[-132.588104,64.794082],[-132.35259,65.057248],[-132.773234,65.20341],[-132.194689,65.597655],[-132.554848,65.857009],[-132.342746,65.978968],[-133.621632,65.974629],[-133.635194,66.565649],[-134.055581,67.004487],[-136.194553,67.036216],[-136.443756,68.895124],[-135.231222,68.694283],[-135.910199,69.111489],[-134.408945,69.68179],[-133.879805,69.507722],[-134.174337,69.252828],[-130.66548,70.127032],[-129.538442,70.105181],[-131.937779,69.534727],[-133.418313,68.844269],[-132.706031,68.814869],[-132.718923,69.079189],[-131.788387,69.43196],[-131.063415,69.450692],[-130.970658,69.209059],[-130.117635,69.720088],[-128.898949,69.966171],[-129.157897,69.800079],[-128.85301,69.751036],[-127.683779,70.260363],[-128.170105,70.418445],[-127.990995,70.573835],[-125.524966,69.351584],[-125.171865,69.427983],[-125.356919,69.625957],[-124.767909,69.990022],[-124.990404,70.026628],[-124.555027,70.151224],[-124.124615,69.690007],[-124.338091,69.364834],[-123.528398,69.389355],[-123.025768,69.81],[-121.531106,69.775789],[-120.681851,69.566938],[-120.677951,68.002848],[-112.503903,65.502337],[-110.669466,65.497141],[-108.97293,64.779195],[-101.999144,64.228429],[-102.001649,60.001087],[-110.000025,60.001087]],[[-110.004365,78.686723],[-110.003667,78.321702],[-113.292562,78.334391],[-110.004365,78.686723]],[[-110.003541,78.089649],[-110.865605,77.834118],[-110.152752,77.762959],[-110.198488,77.524523],[-110.893999,77.425976],[-112.372671,77.364112],[-113.164352,77.530258],[-113.283465,77.813024],[-110.003541,78.089649]],[[-113.832452,77.754632],[-115.029358,77.967536],[-114.33038,78.077564],[-113.617917,77.832404],[-113.832452,77.754632]],[[-115.551285,77.363288],[-116.3292,77.137046],[-115.810057,76.939127],[-116.252746,76.9014],[-115.946304,76.71126],[-117.233616,76.281519],[-117.992975,76.405829],[-117.88081,76.805083],[-118.791401,76.512979],[-118.624535,76.365883],[-118.993945,76.14486],[-119.580346,76.326508],[-119.739636,76.117735],[-119.526134,75.997226],[-119.91288,75.858831],[-120.408874,75.82563],[-120.848382,76.182686],[-122.400481,75.944249],[-122.902804,76.13473],[-119.090191,77.305104],[-116.511309,77.547616],[-115.551285,77.363288]],[[-113.560711,76.743274],[-114.835257,76.79469],[-113.560711,76.743274]],[[-110.002404,75.539063],[-110.002816,74.850989],[-112.519355,74.416853],[-114.37694,74.670846],[-111.033476,75.226776],[-113.711789,75.068617],[-113.853304,75.259384],[-113.467074,75.416126],[-114.016523,75.434264],[-114.51383,75.275512],[-114.451768,75.087876],[-115.728846,74.968136],[-117.600104,75.271688],[-115.141858,75.678534],[-117.163644,75.644894],[-114.991526,75.896349],[-116.664525,75.957587],[-116.20985,76.194419],[-114.778595,76.172611],[-115.831733,76.295779],[-114.766867,76.505695],[-112.697614,76.201703],[-111.163285,75.57022],[-110.002404,75.539063]],[[-110.003409,76.479668],[-110.002635,76.244231],[-110.314449,76.369398],[-110.003409,76.479668]],[[-118.328146,75.579679],[-119.394567,75.617318],[-117.512614,76.099442],[-118.328146,75.579679]],[[-121.076222,75.745276],[-120.887812,75.927979],[-121.076222,75.745276]],[[-119.736302,74.112631],[-117.514839,74.231745],[-115.392824,73.501978],[-118.961568,72.684144],[-120.179892,72.212644],[-120.619323,71.505762],[-122.83994,71.097466],[-124.007776,71.677434],[-125.84531,71.978657],[-123.797272,73.768154],[-124.696261,74.348178],[-121.504156,74.545119],[-119.562647,74.232832],[-119.736302,74.112631]],[[-110.001833,72.981852],[-110.000025,70.001151],[-117.055358,70.002184],[-116.650495,69.649808],[-116.856038,69.649677],[-117.162738,70.092491],[-111.632561,70.308834],[-113.757289,70.690719],[-117.587058,70.629536],[-118.376513,70.967706],[-115.303423,71.493721],[-117.935637,71.392075],[-118.226445,71.467112],[-117.742344,71.659351],[-118.993742,71.80303],[-118.213504,72.262874],[-118.48129,72.427669],[-118.133122,72.632827],[-114.638217,73.37268],[-114.05169,73.070995],[-114.521531,72.592936],[-113.578075,72.652108],[-113.073555,72.995288],[-111.269743,72.713731],[-111.895178,72.356104],[-111.675116,72.300139],[-110.205129,72.661304],[-110.660837,73.008208],[-110.001833,72.981852]],[[-94.771886,60.001768],[-102.001649,60.001087],[-101.999144,64.228429],[-108.97293,64.779195],[-110.669466,65.497141],[-112.503903,65.502337],[-120.677951,68.002848],[-120.681851,69.566938],[-117.226948,68.913417],[-115.442301,68.940905],[-113.964409,68.399081],[-115.434501,67.902367],[-115.133223,67.819167],[-112.503052,67.681937],[-110.073947,67.992927],[-107.988725,67.256415],[-108.496057,67.09229],[-107.259491,66.398536],[-107.746004,66.961498],[-107.156505,66.881759],[-107.958392,67.818596],[-105.750206,68.592297],[-107.734167,68.173718],[-108.718113,68.29749],[-108.313487,68.610776],[-106.164473,68.919877],[-104.486822,68.063185],[-103.474146,68.115018],[-102.320362,67.73566],[-98.412129,67.807181],[-98.631543,68.072534],[-97.454924,67.617008],[-97.139852,67.796228],[-98.192529,67.922988],[-98.650483,68.363529],[-97.828547,68.532773],[-96.430646,68.310608],[-96.722075,68.038795],[-95.970286,68.249139],[-96.369123,67.509759],[-95.418899,67.013243],[-96.422533,67.051772],[-95.787534,66.616813],[-96.036874,66.937493],[-95.399651,66.949457],[-95.258751,67.262556],[-95.650485,67.73744],[-95.460707,68.021382],[-93.448918,68.618917],[-93.852457,69.000341],[-94.600423,68.803246],[-94.083631,69.123091],[-94.254732,69.313759],[-93.619497,69.417008],[-93.748537,69.226132],[-93.532271,69.480926],[-95.964936,69.802771],[-96.551364,70.210287],[-95.878638,70.548973],[-96.548931,70.808723],[-96.44656,71.239893],[-95.564237,71.336781],[-95.406264,71.491655],[-95.872332,71.573152],[-94.734857,71.982975],[-93.746313,71.742803],[-92.948689,71.262107],[-92.98145,70.852262],[-91.564076,70.178251],[-92.320507,70.235347],[-92.511867,70.10384],[-91.976701,70.038669],[-92.887786,69.668199],[-90.415565,69.456998],[-91.237211,69.285535],[-90.479022,68.881172],[-90.573637,68.474689],[-90.24776,68.26741],[-89.279557,69.255465],[-88.041332,68.811716],[-87.827912,68.299962],[-88.34695,68.288284],[-88.313837,67.950322],[-87.359389,67.177247],[-86.560814,67.482107],[-85.689774,68.670948],[-84.867579,68.773319],[-85.106664,68.844071],[-84.862207,69.073971],[-85.386771,69.231899],[-85.507357,69.845244],[-82.618359,69.69104],[-82.374188,69.641799],[-82.754842,69.494363],[-82.227565,69.248895],[-81.321599,69.138933],[-81.957938,68.883655],[-81.281543,68.657205],[-82.552683,68.446465],[-81.294364,67.497433],[-81.387198,67.188563],[-82.641519,66.587512],[-83.523083,66.368763],[-84.845772,67.028723],[-85.111289,66.8909],[-84.63858,66.902325],[-83.797566,66.238465],[-86.708163,66.523066],[-85.958731,66.119066],[-87.452904,65.33896],[-89.749398,65.936023],[-91.41152,65.959358],[-87.002695,65.108587],[-88.105624,64.183319],[-89.131549,63.968503],[-90.041657,64.14089],[-89.855724,63.956979],[-90.168186,63.978753],[-90.013444,63.804269],[-90.245288,63.641902],[-93.696341,64.147141],[-93.559814,63.865298],[-92.156877,63.691692],[-92.465076,63.555088],[-91.841855,63.697558],[-90.970045,63.442796],[-90.698595,63.063856],[-92.361283,62.819366],[-91.935832,62.592411],[-92.551401,62.546729],[-92.767975,62.379968],[-92.527962,62.168426],[-93.205362,62.364928],[-92.90554,62.215118],[-93.581776,61.942064],[-93.312023,61.767293],[-93.912761,61.481462],[-94.761702,60.498219],[-94.771886,60.001768]],[[-110.003667,78.321702],[-110.004365,78.686723],[-109.342159,78.455988],[-110.003667,78.321702]],[[-110.00359,77.928941],[-109.622244,78.074773],[-110.00359,77.928941]],[[-110.002816,74.850989],[-110.002404,75.539063],[-108.912571,75.586963],[-109.796059,75.863017],[-109.430368,76.109154],[-110.002635,76.244231],[-110.003409,76.479668],[-109.219557,76.79201],[-108.467015,76.737594],[-108.62763,76.586697],[-108.123214,76.233432],[-108.40614,76.085072],[-107.723499,75.995413],[-108.02069,75.804778],[-106.913521,75.679622],[-106.396603,76.060111],[-105.480893,75.745661],[-106.092639,75.089447],[-110.002816,74.850989]],[[-116.856038,69.649677],[-116.650495,69.649808],[-117.055358,70.002184],[-110.000025,70.001151],[-110.001833,72.981852],[-108.754983,72.551078],[-108.188221,71.723785],[-107.785456,71.629688],[-107.306002,71.894678],[-108.238219,73.105822],[-108.029034,73.348751],[-105.624165,72.927514],[-104.385924,71.576953],[-104.514804,71.064265],[-101.090778,70.13569],[-100.905724,69.811736],[-103.434766,69.667683],[-103.048948,69.471786],[-103.120211,69.204609],[-102.151409,69.487694],[-101.789283,69.181615],[-102.895057,68.823658],[-105.10588,68.920393],[-105.019577,69.081266],[-106.659066,69.439585],[-107.439898,69.002142],[-109.472099,68.676683],[-112.864266,68.477117],[-113.554822,68.767584],[-113.69414,69.195029],[-116.101536,69.337159],[-116.856038,69.649677]],[[-86.595531,67.735913],[-86.959805,68.100242],[-86.702088,68.305598],[-86.421123,68.18343],[-86.595531,67.735913]],[[-109.323169,67.990884],[-109.497961,68.047013],[-109.323169,67.990884]],[[-73.621732,67.783824],[-74.749281,68.018437],[-73.435228,67.97001],[-73.621732,67.783824]],[[-109.166405,67.982358],[-108.886061,67.898544],[-109.166405,67.982358]],[[-107.899868,67.40183],[-108.127527,67.628588],[-107.899868,67.40183]],[[-62.681568,67.056321],[-62.871631,67.062572],[-62.396341,67.178324],[-62.681568,67.056321]],[[-108.092727,67.00519],[-107.805534,66.998599],[-108.092727,67.00519]],[[-83.1235,66.282828],[-82.931338,66.257296],[-83.1235,66.282828]],[[-83.72599,65.796705],[-83.233934,65.696554],[-84.118246,65.771799],[-84.467391,66.088271],[-83.72599,65.796705]],[[-84.674769,65.575012],[-85.149631,66.015399],[-84.674769,65.575012]],[[-84.919622,65.261078],[-84.501141,65.458436],[-82.050026,64.644294],[-81.676117,64.212641],[-81.887087,64.016404],[-80.828961,64.089935],[-80.261319,63.80195],[-81.04637,63.46155],[-83.30395,64.14379],[-85.392616,63.119666],[-85.76892,63.700327],[-87.177125,63.595133],[-86.252098,64.136858],[-86.374255,64.56583],[-85.813986,65.831949],[-85.241093,65.795519],[-84.919622,65.261078]],[[-77.64208,63.991904],[-77.96599,63.992937],[-77.64208,63.991904]],[[-76.67759,63.393962],[-77.364752,63.58831],[-76.67759,63.393962]],[[-77.876693,63.470548],[-77.532733,63.233661],[-77.942424,63.114393],[-78.536752,63.423724],[-77.876693,63.470548]],[[-82.000466,62.95419],[-83.015801,62.2099],[-83.698865,62.160263],[-83.912395,62.425517],[-83.376405,62.90495],[-82.000466,62.95419]],[[-70.337072,62.54874],[-71.220142,62.873913],[-70.337072,62.54874]],[[-74.000442,62.618426],[-74.626443,62.712766],[-74.000442,62.618426]],[[-64.823836,62.558738],[-64.418078,62.487403],[-64.823836,62.558738]],[[-79.545318,62.411696],[-79.272001,62.185993],[-79.668772,61.644455],[-80.265176,61.818193],[-80.021598,62.342966],[-79.545318,62.411696]],[[-65.030544,61.879035],[-64.847039,61.761504],[-65.23534,61.897723],[-65.030544,61.879035]],[[-93.043951,61.844077],[-93.043951,61.844077]],[[-64.832625,61.366051],[-65.432127,61.64952],[-64.789635,61.662231],[-64.832625,61.366051]],[[-78.531632,60.728547],[-78.241681,60.818668],[-78.531632,60.728547]],[[-68.233817,60.240919],[-68.141883,60.561983],[-67.818852,60.449494],[-68.233817,60.240919]],[[-64.407015,60.367064],[-64.836426,60.501009],[-64.407015,60.367064]],[[-80.064225,59.770825],[-79.898628,59.853145],[-80.064225,59.770825]],[[-80.285248,59.624113],[-80.285248,59.624113]],[[-69.160063,59.040223],[-69.352818,58.960748],[-69.160063,59.040223]],[[-79.716496,57.515507],[-79.716496,57.515507]],[[-79.867009,56.774567],[-79.867009,56.774567]],[[-79.518193,56.656695],[-79.518193,56.656695]],[[-78.935588,56.266076],[-79.175475,55.885059],[-79.182143,56.212177],[-79.495089,55.874754],[-79.764737,55.806771],[-79.544725,56.128363],[-80.008238,55.911053],[-79.458867,56.539724],[-79.536332,56.180086],[-79.272418,56.600423],[-78.935588,56.266076]],[[-79.977598,56.207014],[-79.579739,56.466346],[-79.977598,56.207014]],[[-78.826505,56.145303],[-78.66873,56.438627],[-78.826505,56.145303]],[[-79.938212,53.30414],[-79.938212,53.30414]],[[-80.731677,52.747276],[-82.039281,53.049883],[-81.135611,53.205801],[-80.731677,52.747276]],[[-79.384292,51.951976],[-79.643767,52.01006],[-79.384292,51.951976]],[[-69.488884,83.016797],[-66.422577,82.926874],[-68.469352,82.653359],[-64.904871,82.900837],[-63.498698,82.792566],[-63.085337,82.565248],[-63.246781,82.45021],[-61.207213,82.34105],[-68.688541,81.293328],[-64.780066,81.492851],[-69.550682,80.383265],[-70.712574,80.539578],[-70.264881,80.233609],[-72.055982,80.123218],[-70.559073,80.071],[-71.387838,79.761746],[-74.394466,79.874092],[-74.660214,79.835179],[-73.201109,79.596589],[-76.898844,79.512301],[-74.481181,79.22948],[-74.532323,79.052743],[-78.581653,79.075024],[-74.433127,78.724131],[-76.416126,78.511535],[-75.193436,78.327722],[-75.96962,77.993123],[-78.012594,77.946046],[-78.076161,77.519063],[-78.493213,77.369385],[-81.659088,77.525446],[-81.27772,77.365199],[-82.056793,77.296524],[-77.998751,76.851951],[-78.284308,76.571217],[-80.799715,76.173567],[-80.97453,76.470066],[-82.529842,76.723279],[-82.233168,76.465825],[-83.885698,76.453114],[-84.223792,76.675324],[-84.275339,76.356533],[-86.453709,76.584884],[-86.680236,76.376627],[-87.489796,76.585818],[-87.497553,76.386295],[-88.395993,76.405258],[-88.495858,76.772838],[-88.54578,76.420913],[-89.57008,76.491918],[-89.499745,76.826781],[-88.556217,77.072194],[-86.812236,77.184925],[-88.016975,77.784734],[-86.755064,77.863726],[-84.487035,77.36799],[-83.608074,77.442246],[-82.595288,77.992134],[-83.779373,77.532631],[-84.860548,77.499507],[-85.547534,77.927699],[-84.222704,78.176001],[-84.910371,78.239722],[-84.783193,78.527608],[-85.585931,78.109545],[-86.217777,78.081178],[-85.920048,78.342862],[-87.551726,78.176628],[-86.80793,78.774361],[-81.750099,78.975773],[-84.411998,78.99657],[-83.575873,79.053677],[-86.420739,79.845209],[-86.498544,80.258229],[-83.723617,80.228951],[-80.475937,79.606256],[-80.124485,79.669505],[-82.987028,80.322587],[-76.863006,80.864784],[-78.716224,80.951653],[-76.885122,81.430273],[-81.007016,80.654869],[-85.145852,80.521132],[-86.615405,80.630039],[-83.288833,81.147946],[-87.711665,80.656264],[-89.263253,80.914289],[-84.941221,81.286231],[-89.623056,81.032469],[-89.980935,81.12471],[-87.597023,81.525821],[-90.303527,81.401126],[-90.609035,81.429548],[-89.821688,81.63486],[-91.684069,81.635684],[-88.063195,82.096484],[-85.044833,81.982797],[-86.615636,82.218553],[-84.896825,82.449441],[-79.424864,81.854433],[-82.447544,82.395026],[-81.68116,82.518633],[-82.116844,82.62865],[-80.809691,82.586386],[-81.01017,82.779031],[-78.748777,82.679374],[-80.15495,82.91112],[-79.886334,82.938509],[-77.479581,82.88316],[-76.009358,82.535168],[-75.56562,82.608545],[-77.12492,83.008547],[-72.658714,82.721639],[-73.44071,82.945837],[-69.488884,83.016797]],[[-91.885547,81.132873],[-90.643015,80.593686],[-89.235579,80.51064],[-88.857331,80.166197],[-88.199909,80.111496],[-88.524818,80.418036],[-87.675004,80.372102],[-87.922328,80.097719],[-86.977196,79.894219],[-87.295184,79.580153],[-85.647872,79.61142],[-85.042141,79.284566],[-87.617381,78.67633],[-88.0402,78.995329],[-88.253786,78.67199],[-87.982841,78.537067],[-88.741579,78.584045],[-88.822427,78.185878],[-90.037086,78.60683],[-89.489835,78.171947],[-91.40963,78.187987],[-92.84823,78.460119],[-91.866892,78.542703],[-93.2666,78.60828],[-93.634406,78.750927],[-93.15984,78.775657],[-94.169671,78.972807],[-91.299899,79.372731],[-95.103179,79.289894],[-95.732987,79.418203],[-94.401883,79.736324],[-95.8575,79.673789],[-96.77326,80.135776],[-94.262588,80.194871],[-96.394111,80.315017],[-95.54907,80.36662],[-96.151824,80.553487],[-95.926956,80.720655],[-93.927906,80.559189],[-95.514732,80.838121],[-95.269759,81.000795],[-93.235646,81.128852],[-94.179361,81.339273],[-91.885547,81.132873]],[[-98.791614,79.98111],[-98.945197,79.724074],[-100.12603,80.00127],[-98.791614,79.98111]],[[-103.42601,79.315624],[-102.57619,78.879368],[-101.703655,79.078924],[-100.014766,78.728636],[-99.582135,78.563269],[-99.751346,78.30297],[-98.999634,77.996891],[-99.955906,77.793809],[-101.074133,78.193832],[-104.512634,78.294654],[-104.99555,78.518511],[-103.371567,78.736326],[-104.185006,78.781293],[-103.875642,78.902681],[-104.151931,78.989912],[-104.895503,78.808166],[-104.746781,79.027112],[-105.580192,79.11419],[-105.387668,79.323578],[-103.42601,79.315624]],[[-96.204509,78.531277],[-94.91539,78.390509],[-95.329239,78.225044],[-94.934303,78.075652],[-96.989631,77.806026],[-97.658165,78.090638],[-96.944669,78.151875],[-98.049487,78.325921],[-98.340812,78.751212],[-96.204509,78.531277]],[[-103.003371,78.146448],[-103.273585,78.165773],[-102.78827,78.218167],[-103.003371,78.146448]],[[-101.693581,77.696602],[-102.471545,77.873493],[-101.002047,77.735098],[-101.693581,77.696602]],[[-95.484372,77.791996],[-93.128727,77.660171],[-93.836181,77.452222],[-96.276596,77.630563],[-95.484372,77.791996]],[[-104.558134,77.141726],[-105.215073,77.182057],[-106.066129,77.725386],[-105.289665,77.642088],[-104.558134,77.141726]],[[-89.833246,77.267608],[-90.993205,77.329494],[-91.182653,77.557174],[-90.171933,77.594693],[-89.719472,77.442148],[-89.833246,77.267608]],[[-94.294964,76.912464],[-93.211877,76.7547],[-93.534568,76.447687],[-91.305041,76.680751],[-90.542611,76.495774],[-91.41508,76.45585],[-89.284523,76.301624],[-91.407334,76.22005],[-89.277602,75.795088],[-89.646039,75.565056],[-88.916679,75.453952],[-88.644965,75.658429],[-85.951491,75.39501],[-83.931973,75.818961],[-82.15366,75.831035],[-79.660191,75.449502],[-79.509097,75.259801],[-80.381982,75.034175],[-79.40143,74.917621],[-81.940184,74.472719],[-83.522084,74.901471],[-83.341315,74.764581],[-83.531895,74.58568],[-84.425533,74.508084],[-88.423041,74.494164],[-88.534948,74.831763],[-89.55872,74.554721],[-90.880243,74.817755],[-91.508365,74.650686],[-92.389237,75.263317],[-92.185117,75.846537],[-93.091731,76.353996],[-95.273896,76.264391],[-96.039714,76.486699],[-95.651001,76.584676],[-96.89801,76.753997],[-95.849519,77.066228],[-94.294964,76.912464]],[[-89.726459,76.50742],[-90.562475,76.754282],[-89.948767,76.83624],[-89.726459,76.50742]],[[-101.226118,76.579358],[-101.613068,76.604572],[-100.269143,76.734123],[-101.226118,76.579358]],[[-97.700929,76.466496],[-97.531042,76.109407],[-97.890504,75.760338],[-97.336019,75.419839],[-97.878232,75.416126],[-97.659923,75.151179],[-97.991814,75.04581],[-100.234393,75.00772],[-100.483497,75.188434],[-100.145717,75.246156],[-100.731157,75.346516],[-99.194559,75.698375],[-102.797493,75.599674],[-102.144718,75.875058],[-100.972795,75.798428],[-102.137742,76.284848],[-101.787531,76.45128],[-99.865472,75.924199],[-99.688895,75.959707],[-100.112852,76.117218],[-99.541052,76.146288],[-100.890788,76.475482],[-98.890342,76.465562],[-99.023612,76.614547],[-98.710815,76.693869],[-97.700929,76.466496]],[[-104.022842,76.583126],[-103.033551,76.431515],[-104.270661,76.326244],[-104.603041,76.58272],[-104.022842,76.583126]],[[-102.227346,76.014892],[-102.008032,75.939394],[-103.314746,75.764217],[-103.04151,75.918827],[-104.406051,76.108484],[-102.728015,76.307018],[-102.227346,76.014892]],[[-79.063107,75.925858],[-79.698743,75.883275],[-78.84516,76.106309],[-79.063107,75.925858]],[[-94.526551,75.74933],[-94.901206,75.930769],[-94.296305,75.788057],[-94.526551,75.74933]],[[-96.078573,75.510125],[-97.020662,75.468058],[-96.078573,75.510125]],[[-93.542604,75.027924],[-93.573097,74.668825],[-94.53451,74.636734],[-96.599599,75.031802],[-94.878185,75.630008],[-93.90907,75.422531],[-93.542604,75.027924]],[[-104.119945,75.03635],[-104.887389,75.147763],[-104.346208,75.429914],[-103.64349,75.186577],[-104.119945,75.03635]],[[-95.306657,74.505425],[-95.850733,74.582472],[-95.306657,74.505425]],[[-97.355497,74.526299],[-97.749994,74.510545],[-97.355497,74.526299]],[[-93.170871,74.161004],[-90.354613,73.868646],[-92.117941,72.753798],[-94.211325,72.756951],[-93.541621,72.437029],[-94.14376,72.000828],[-95.192943,72.027437],[-95.632918,73.695447],[-94.697597,73.663565],[-95.134139,73.881226],[-94.973524,74.041428],[-93.170871,74.161004]],[[-98.270378,73.868515],[-99.416999,73.895409],[-97.659148,74.07163],[-98.270378,73.868515]],[[-100.001901,73.945902],[-97.111744,73.790325],[-97.625898,73.502285],[-97.272507,73.386841],[-98.430911,72.958078],[-96.542114,72.698712],[-96.472867,72.434392],[-96.801451,72.322409],[-96.613426,71.833857],[-97.582283,71.629688],[-98.322701,71.852358],[-98.198627,71.440855],[-99.167121,71.367169],[-100.594476,72.15234],[-102.70874,72.764498],[-102.203989,73.077301],[-101.273195,72.721663],[-100.128145,72.906716],[-100.536391,73.197854],[-99.825142,73.21385],[-101.523205,73.486366],[-100.521664,73.44932],[-100.985095,73.76532],[-100.001901,73.945902]],[[-86.589357,71.010806],[-84.823711,71.028637],[-84.699401,71.631467],[-85.911599,71.986513],[-85.321864,72.233134],[-84.283744,72.044487],[-85.649905,72.722179],[-85.262131,72.954002],[-84.25663,72.796743],[-85.454755,73.105459],[-83.410353,73.631682],[-81.605354,73.696018],[-80.277261,72.770189],[-81.229347,72.311708],[-80.611454,72.450828],[-80.925135,71.907653],[-79.884368,72.177202],[-80.108928,72.332175],[-79.831293,72.446279],[-79.000232,72.272025],[-78.585091,71.880626],[-78.862749,72.100814],[-78.69925,72.351401],[-77.516506,72.177795],[-78.422417,72.571535],[-76.893493,72.720674],[-75.071455,72.322848],[-75.922807,71.717227],[-75.147656,72.062988],[-74.266344,72.037676],[-75.204807,71.709108],[-74.700754,71.675577],[-74.99622,71.218107],[-73.866595,71.771049],[-74.197273,71.404171],[-73.712863,71.587621],[-73.18062,71.282882],[-73.278211,71.538007],[-72.90193,71.677775],[-71.640688,71.516254],[-71.186557,71.278696],[-72.632721,70.830773],[-70.672628,71.052202],[-70.761727,70.792222],[-71.890177,70.431541],[-71.275854,70.500293],[-71.429432,70.127758],[-70.979794,70.581064],[-70.084705,70.829531],[-68.495764,70.610266],[-68.48258,70.414819],[-70.057734,70.042625],[-68.778222,70.203541],[-69.00832,69.978937],[-68.744066,69.941418],[-67.855338,70.281786],[-67.192763,69.756826],[-69.250777,69.51193],[-66.676285,69.258431],[-69.040609,69.098009],[-67.751703,69.038683],[-67.883188,68.783965],[-69.319101,68.856991],[-66.713902,68.445718],[-67.032956,68.326088],[-66.923093,68.065712],[-66.212387,68.280428],[-66.526475,67.85116],[-65.942376,68.070941],[-65.401277,67.67484],[-64.976908,68.043387],[-65.021117,67.787571],[-63.850184,67.566086],[-64.589234,67.315532],[-63.040129,67.235013],[-63.701528,66.822378],[-62.123594,67.046708],[-61.299718,66.64875],[-62.12333,66.643059],[-61.57642,66.412489],[-61.86268,66.312821],[-62.553127,66.406853],[-61.991615,66.035295],[-62.624131,66.016256],[-62.382004,65.83329],[-62.658914,65.639919],[-63.458752,65.853032],[-63.651045,65.661002],[-63.337452,65.616771],[-63.363357,65.229712],[-63.606606,64.928082],[-64.345733,65.172407],[-64.269664,65.400758],[-64.555077,65.116596],[-65.401607,65.763999],[-64.445368,66.317117],[-65.825745,65.996931],[-65.656347,66.204748],[-66.063709,66.132711],[-66.986341,66.627513],[-67.307306,66.569736],[-67.22537,66.310272],[-67.883397,66.467421],[-67.183227,66.034416],[-67.350461,65.92975],[-68.748922,66.200046],[-68.217172,66.078856],[-67.936757,65.564916],[-67.117968,65.440397],[-67.336508,65.346606],[-66.697422,64.815165],[-66.635514,65.000317],[-65.43194,64.726439],[-65.274825,64.631528],[-65.529323,64.504801],[-65.074632,64.436686],[-65.580333,64.293852],[-64.410948,63.706347],[-64.664655,63.245339],[-65.191856,63.764278],[-64.672378,62.921946],[-65.162786,62.932591],[-65.10847,62.626457],[-67.893262,63.733736],[-67.722579,63.422746],[-68.911091,63.703216],[-65.980202,62.208867],[-66.323744,61.870279],[-71.347265,63.06613],[-71.99224,63.416177],[-71.380828,63.580301],[-72.498468,63.823495],[-73.454553,64.399277],[-73.271279,64.582518],[-74.064799,64.424678],[-74.681407,64.830666],[-74.919448,64.765506],[-74.694712,64.496583],[-76.856151,64.237624],[-78.174554,64.61774],[-77.326695,65.453108],[-75.828336,65.227031],[-75.452109,64.84162],[-75.798673,65.297508],[-73.550804,65.485254],[-74.416384,66.167076],[-72.22003,67.254294],[-73.284484,68.35697],[-73.820496,68.362958],[-73.851555,68.701392],[-74.422426,68.579949],[-74.910406,68.823142],[-74.854859,69.065841],[-76.585085,68.698755],[-76.557235,69.009481],[-75.647732,69.212574],[-76.520365,69.516588],[-76.234105,69.662102],[-77.089918,69.635131],[-76.85859,69.775404],[-77.591642,69.845607],[-77.774004,70.2385],[-79.06638,70.603543],[-79.405221,70.400713],[-78.809839,70.178558],[-79.09289,69.925345],[-81.651936,70.094612],[-80.921719,69.730887],[-85.780027,70.036659],[-86.322015,70.145435],[-86.396865,70.465313],[-87.900707,70.251892],[-88.848421,70.522881],[-89.45591,71.061705],[-87.140101,71.011608],[-89.693324,71.423496],[-90.025177,71.948785],[-89.663793,72.157976],[-89.816832,72.467725],[-88.705203,73.403276],[-86.768753,73.833996],[-85.009325,73.778624],[-86.667777,72.762565],[-86.21848,71.899127],[-85.023409,71.353239],[-86.589357,71.010806]],[[-79.537287,73.654468],[-77.206549,73.49955],[-76.089997,72.881184],[-79.500516,72.755973],[-80.776402,73.334183],[-80.860723,73.670541],[-79.537287,73.654468]],[[-105.288917,72.919944],[-106.949666,73.510371],[-105.512313,73.765759],[-104.587512,73.578091],[-105.288917,72.919944]],[[-96.78233,72.936632],[-97.06921,73.130156],[-96.59849,73.073829],[-96.78233,72.936632]],[[-100.308342,70.4958],[-100.678296,70.64618],[-100.308342,70.4958]],[[-86.913036,70.113245],[-86.515232,70.017048],[-87.323244,70.080121],[-86.913036,70.113245]],[[-97.439471,69.6427],[-95.267771,68.826086],[-96.598825,68.460835],[-99.564046,69.034134],[-98.503541,69.308276],[-98.54602,69.572915],[-98.041346,69.456636],[-98.304513,69.669287],[-98.080754,69.833049],[-97.439471,69.6427]],[[-79.430654,69.787786],[-79.97785,69.509689],[-80.794783,69.689238],[-79.430654,69.787786]],[[-78.029084,69.714891],[-78.848203,69.482783],[-78.029084,69.714891]],[[-67.914708,69.540945],[-68.221413,69.616729],[-67.754615,69.631461],[-67.914708,69.540945]],[[-95.513672,69.57364],[-95.496232,69.350079],[-95.763606,69.559633],[-95.985947,69.391915],[-95.513672,69.57364]],[[-101.171725,69.397079],[-101.351302,69.559215],[-101.000624,69.461909],[-101.171725,69.397079]],[[-76.995348,69.143734],[-77.340912,69.403879],[-76.668856,69.366152],[-76.995348,69.143734]],[[-90.199816,69.419073],[-90.492041,69.369877],[-90.199816,69.419073]],[[-79.210664,68.845466],[-79.40577,68.923052],[-78.650207,69.351222],[-78.22897,69.303992],[-79.210664,68.845466]],[[-90.492558,69.2211],[-90.7657,69.335973],[-90.492558,69.2211]],[[-99.994694,69.013513],[-100.247363,69.052789],[-99.994694,69.013513]],[[-100.217238,68.806706],[-100.596541,68.766398],[-100.611581,68.990211],[-100.217238,68.806706]],[[-101.845923,68.58631],[-102.308167,68.681979],[-101.82835,68.79895],[-101.845923,68.58631]],[[-74.880853,68.348697],[-75.396167,68.588837],[-74.98363,68.647592],[-74.880853,68.348697]],[[-104.540694,68.405903],[-105.05136,68.55902],[-104.540694,68.405903]],[[-78.98272,68.192845],[-79.153458,68.335261],[-78.98272,68.192845]],[[-75.675868,68.322495],[-75.078145,68.173147],[-75.201972,67.459189],[-76.693949,67.235815],[-77.224193,67.508177],[-77.228565,67.850127],[-76.740245,68.231232],[-75.675868,68.322495]],[[-95.155298,49.369672],[-95.153826,52.822357],[-88.948495,56.851307],[-87.482402,56.021312],[-85.676679,55.601052],[-85.217999,55.34897],[-85.365271,55.079278],[-83.910604,55.31466],[-82.39326,55.067797],[-82.219391,54.813475],[-82.424165,54.244592],[-82.141443,53.817641],[-82.29156,53.030712],[-81.59941,52.432617],[-81.827893,52.224206],[-80.657937,51.758342],[-80.443297,51.388597],[-80.85123,51.125024],[-80.265659,51.316351],[-79.519555,50.918525],[-79.364945,47.02196],[-78.781,46.393443],[-76.823708,45.879678],[-76.553126,45.542079],[-74.577224,45.6322],[-74.340446,45.214445],[-76.151158,44.303942],[-76.819962,43.628788],[-78.845566,43.583338],[-79.171849,43.466575],[-79.036695,42.80232],[-82.690012,41.675177],[-83.149669,42.14192],[-82.545322,42.624682],[-82.13785,43.570879],[-82.551079,45.347357],[-83.592693,45.817155],[-83.615951,46.116829],[-83.977786,46.084914],[-84.14948,46.542769],[-84.561753,46.457372],[-84.875973,46.899901],[-88.378195,48.303097],[-89.455646,47.996216],[-91.518307,48.058311],[-92.996254,48.611813],[-94.620885,48.742605],[-94.854333,49.304589],[-95.155298,49.369672]],[[-79.520467,50.965986],[-79.737458,51.186283],[-79.521346,51.544712],[-79.520467,50.965986]],[[-63.81127,46.468688],[-62.023728,46.421557],[-62.804889,45.973216],[-62.978473,46.316352],[-63.568879,46.209224],[-64.403147,46.691623],[-63.993577,47.061576],[-63.81127,46.468688]],[[-66.704377,48.022441],[-68.113516,47.998567],[-68.496016,47.480309],[-69.242878,47.462995],[-70.00768,46.708937],[-70.689788,45.428338],[-71.51752,45.007561],[-74.708873,45.00387],[-73.558088,45.425086],[-73.159559,46.010031],[-72.109288,46.551217],[-70.519489,47.032528],[-68.238211,48.626436],[-65.52339,49.266137],[-64.216226,48.873661],[-64.513736,48.841098],[-64.246076,48.691112],[-64.348831,48.4232],[-65.259422,48.021254],[-66.704377,48.022441]],[[-64.614272,60.30598],[-64.846688,60.250763],[-64.622303,60.141317],[-64.887271,60.035409],[-64.661469,59.921513],[-64.818024,59.540244],[-64.385295,59.514766],[-64.324364,59.019964],[-64.848313,58.949223],[-63.496709,58.753447],[-64.070811,58.641694],[-63.848008,58.459738],[-64.394589,58.144332],[-63.601255,57.723061],[-64.12148,56.299409],[-63.111825,55.33983],[-63.534019,55.140351],[-63.698825,54.615194],[-65.675804,54.744931],[-66.773986,55.32825],[-66.724449,54.747974],[-67.40815,55.071785],[-67.15018,54.616666],[-67.601421,54.552791],[-67.511323,54.236176],[-67.76147,54.060735],[-66.944439,53.355139],[-67.068024,52.754922],[-66.428038,53.010816],[-66.407438,52.183688],[-65.137133,52.154695],[-64.598012,51.600369],[-64.130676,52.186688],[-64.178477,52.815325],[-63.722544,53.109188],[-63.409687,52.688719],[-64.059418,52.48512],[-63.756899,52.010522],[-57.101029,52.001117],[-57.100128,51.443342],[-58.510377,51.295059],[-60.080203,50.254577],[-66.495527,50.211873],[-67.372005,49.348457],[-68.281926,49.197154],[-69.673883,48.199178],[-71.018247,48.455599],[-69.77499,48.098103],[-70.705861,47.13981],[-74.315101,45.531071],[-73.973855,45.345138],[-74.340446,45.214445],[-74.577224,45.6322],[-76.413446,45.496343],[-76.823708,45.879678],[-78.903168,46.486464],[-79.559293,47.483045],[-79.519555,50.918525],[-79.347894,50.76264],[-79.521346,51.544712],[-78.903168,51.200291],[-78.731363,51.497482],[-78.981632,51.774568],[-78.448103,52.261362],[-79.100361,53.656625],[-78.996024,54.002497],[-79.712344,54.671806],[-77.775278,55.291248],[-76.761822,55.996428],[-76.529824,56.499964],[-76.890912,57.758129],[-78.515097,58.682365],[-77.726158,59.67587],[-77.349074,59.578949],[-77.28921,60.022016],[-77.585907,60.088165],[-77.503553,60.542713],[-77.790802,60.639865],[-77.603012,60.825172],[-78.181377,60.819129],[-77.514364,61.55629],[-78.021383,61.832091],[-78.108581,62.318104],[-77.372431,62.572514],[-74.632573,62.115692],[-73.705052,62.473143],[-72.686949,62.124558],[-72.771621,61.840407],[-72.226127,61.831574],[-72.215866,61.587271],[-71.638304,61.617165],[-71.854394,61.439813],[-71.422719,61.158958],[-69.992442,60.856494],[-69.503353,61.040405],[-69.673751,60.075871],[-70.65483,60.026235],[-69.733934,59.917998],[-69.681892,59.341732],[-69.344029,59.303104],[-69.531664,58.869221],[-70.154348,58.760599],[-68.381143,58.743493],[-68.356545,58.163217],[-69.040795,57.902512],[-68.413597,58.05175],[-68.021033,58.485315],[-68.063847,58.138981],[-67.755933,58.404598],[-67.678271,57.991138],[-66.362427,58.791163],[-66.002405,58.431218],[-66.043044,58.82065],[-65.383545,59.060218],[-65.700018,59.213313],[-65.475073,59.470327],[-65.038245,59.387896],[-65.433412,59.776505],[-65.054472,59.752785],[-64.931227,60.251982],[-64.614272,60.30598]],[[-61.801134,49.093904],[-63.041524,49.224949],[-64.485204,49.886985],[-62.858536,49.705491],[-61.801134,49.093904]],[[-61.914096,47.2845],[-61.395519,47.637666],[-61.914096,47.2845]],[[-71.025739,46.872952],[-70.825799,46.995373],[-71.025739,46.872952]],[[-73.566514,45.469108],[-73.960539,45.441411],[-73.476075,45.704754],[-73.566514,45.469108]],[[-73.69534,45.585486],[-73.69534,45.585486]],[[-109.999432,48.993083],[-110.000025,60.001087],[-102.001649,60.001087],[-102.001105,55.817526],[-101.367271,48.993138],[-109.999432,48.993083]],[[-123.819157,60.001087],[-139.056519,60.001582],[-139.079258,60.343707],[-141.002137,60.300245],[-141.002137,69.650786],[-136.443756,68.895124],[-136.169306,67.015243],[-134.055581,67.004487],[-133.635194,66.565649],[-133.621632,65.974629],[-132.342746,65.978968],[-132.554848,65.857009],[-132.194689,65.597655],[-132.773234,65.20341],[-132.35259,65.057248],[-132.588104,64.794082],[-131.796808,64.387906],[-131.106718,64.400903],[-130.117916,63.79337],[-130.302607,63.703711],[-129.844938,63.485786],[-130.133604,63.276452],[-129.611775,63.058681],[-129.718667,62.831671],[-129.18945,62.490293],[-129.254714,62.152771],[-128.560829,62.116911],[-127.166598,61.464521],[-126.859277,60.769416],[-124.582597,60.952822],[-124.599444,60.662135],[-123.819157,60.001087]],[[-139.043135,69.576892],[-139.29139,69.597876],[-139.043135,69.576892]],[[-139.056519,60.001582],[-137.593299,59.226254],[-137.438579,58.903125],[-136.578739,59.152251],[-136.321829,59.604832],[-135.260781,59.695008],[-133.401103,58.410882],[-131.824274,56.589986],[-130.097866,56.10929],[-130.036551,55.297917],[-130.849605,54.807608],[-131.032769,56.088098],[-132.119009,55.569785],[-132.207532,55.753388],[-131.551346,56.206805],[-132.824601,57.055795],[-133.465851,57.172174],[-133.648713,57.642301],[-133.117062,57.566198],[-133.535202,57.832957],[-133.194318,57.877705],[-134.031092,58.072163],[-133.876734,58.518186],[-134.208829,58.232959],[-134.776135,58.45385],[-135.363668,59.419427],[-135.502315,59.202304],[-135.090251,58.245845],[-135.897537,58.400203],[-136.043112,58.821628],[-135.826379,58.897961],[-136.150031,59.048078],[-136.225842,58.765455],[-136.988996,59.034488],[-136.061486,58.452707],[-136.607419,58.243989],[-139.799109,59.546264],[-139.512306,59.953549],[-139.286713,59.610941],[-138.988074,59.835007],[-139.431433,60.012249],[-140.419848,59.710719],[-141.408288,59.902804],[-141.408727,60.117674],[-144.147215,60.016391],[-144.901331,60.335182],[-144.691138,60.669111],[-145.248287,60.380138],[-145.898892,60.478169],[-145.674928,60.651126],[-146.570478,60.729162],[-146.391989,60.810868],[-146.599109,61.053534],[-146.284889,61.112651],[-147.990755,60.948274],[-147.751855,61.218955],[-148.556147,60.826985],[-148.256734,60.675318],[-148.640121,60.48943],[-147.964088,60.484892],[-148.430703,59.989134],[-149.395269,60.105732],[-149.598047,59.770462],[-149.713854,59.919602],[-150.934503,59.249095],[-151.949505,59.265069],[-151.046484,59.771803],[-151.853205,59.782086],[-151.321791,60.742906],[-150.44125,61.023563],[-149.075081,60.876412],[-150.053265,61.171098],[-149.433535,61.500798],[-150.945484,61.198224],[-152.368834,60.336346],[-153.02502,60.295653],[-152.660107,59.99722],[-154.178335,59.15559],[-153.418279,58.959968],[-153.437606,58.754842],[-154.247013,58.159427],[-156.435872,57.359963],[-156.628987,57.009982],[-158.414408,56.435837],[-158.47611,56.075496],[-161.178013,55.388873],[-161.516958,55.61841],[-162.073977,55.139318],[-162.630378,55.246655],[-162.674354,54.996595],[-163.335296,54.839183],[-163.278813,55.121828],[-161.697334,55.907208],[-160.291708,55.805068],[-160.539059,56.006293],[-160.302046,56.31413],[-158.675168,56.794881],[-158.320925,57.297901],[-157.46191,57.506202],[-157.697215,57.679423],[-157.610865,58.050827],[-157.193706,58.194177],[-157.523609,58.421341],[-156.808899,59.134277],[-158.190935,58.61425],[-158.503188,58.850357],[-158.080528,58.977436],[-158.809473,58.973866],[-158.950705,58.404554],[-160.363124,59.051176],[-162.14493,58.644221],[-161.644391,59.109679],[-161.981037,59.146153],[-161.828695,59.588617],[-162.421347,60.283974],[-161.946595,60.684821],[-162.684974,60.268956],[-162.570743,59.989727],[-163.906889,59.806794],[-165.353829,60.541219],[-164.805155,60.892046],[-163.73,60.589976],[-163.420949,60.75743],[-163.906527,60.853802],[-163.586909,60.902977],[-165.114825,60.932816],[-164.868975,61.11175],[-165.565883,61.102368],[-166.168094,61.650816],[-165.808918,61.69608],[-166.078823,61.803098],[-165.612805,61.869301],[-165.70727,62.100443],[-165.194511,62.473528],[-164.757871,62.496731],[-164.589432,62.709349],[-164.792701,62.623205],[-164.799651,62.918067],[-164.409055,63.215061],[-163.287857,63.046432],[-162.282803,63.529193],[-160.926709,63.660556],[-160.987532,64.251269],[-161.490706,64.433763],[-160.886969,64.795554],[-161.759371,64.816252],[-162.71107,64.377513],[-163.203883,64.652018],[-163.144352,64.423821],[-166.142774,64.582782],[-166.92841,65.157059],[-166.157037,65.28583],[-168.088364,65.65775],[-164.460499,66.588446],[-163.638223,66.574669],[-164.033754,66.215548],[-163.695378,66.083822],[-161.034301,66.188807],[-162.607433,66.894393],[-162.361609,66.947314],[-161.591036,66.45951],[-160.231711,66.420289],[-161.856679,66.70032],[-161.719943,67.02056],[-163.531822,67.102573],[-164.12517,67.606725],[-166.7863,68.359596],[-166.380537,68.425129],[-166.209075,68.885358],[-163.535671,69.17009],[-161.880967,70.331752],[-162.073874,70.161969],[-160.117146,70.591194],[-159.865688,70.278842],[-159.386753,70.524529],[-160.081594,70.634865],[-159.680895,70.786794],[-157.909374,70.860117],[-156.470237,71.407687],[-155.579438,71.121086],[-156.146588,70.927815],[-155.973523,70.841979],[-155.166855,71.099224],[-154.195235,70.80111],[-152.300414,70.846791],[-152.470584,70.653618],[-151.769025,70.560136],[-151.944674,70.452107],[-142.707872,70.033813],[-141.002137,69.650786],[-141.002137,60.300245],[-139.079258,60.343707],[-139.056519,60.001582]],[[-166.109856,66.227457],[-165.822198,66.328092],[-166.109856,66.227457]],[[-171.463043,63.640023],[-170.430419,63.698855],[-168.716001,63.310609],[-169.676356,62.956102],[-170.527104,63.379284],[-171.790982,63.424713],[-171.746385,63.703084],[-171.463043,63.640023]],[[-147.930706,60.826161],[-148.123797,60.844354],[-147.930706,60.826161]],[[-172.742214,60.457393],[-172.232066,60.299135],[-173.07403,60.493209],[-172.742214,60.457393]],[[-152.020741,60.361746],[-152.020741,60.361746]],[[-147.658268,60.450472],[-147.815831,60.185163],[-147.658268,60.450472]],[[-146.393928,60.449648],[-146.102238,60.411196],[-146.702874,60.395595],[-146.393928,60.449648]],[[-145.118528,60.337093],[-145.118528,60.337093]],[[-166.135435,60.383554],[-165.729697,60.314198],[-165.5918,59.913142],[-166.148716,59.764134],[-167.436415,60.206663],[-166.135435,60.383554]],[[-147.735886,59.813254],[-146.957873,60.288874],[-147.735886,59.813254]],[[-148.021761,60.065324],[-148.271873,60.053261],[-148.021761,60.065324]],[[-144.565641,59.818418],[-144.235738,60.015205],[-144.565641,59.818418]],[[-160.918983,58.577094],[-161.131503,58.668204],[-160.715145,58.795228],[-160.918983,58.577094]],[[-152.486089,58.485007],[-152.486089,58.485007]],[[-152.416944,58.360213],[-151.9825,58.244351],[-153.381329,58.087203],[-152.416944,58.360213]],[[-134.680274,58.161668],[-134.240096,58.143991],[-133.822731,57.628678],[-134.306887,58.034392],[-133.908825,57.368719],[-134.435301,57.056982],[-134.923489,58.354654],[-134.680274,58.161668]],[[-134.312727,58.228905],[-134.661597,58.290911],[-134.312727,58.228905]],[[-135.730369,58.244252],[-135.613244,57.991864],[-134.95468,58.015319],[-135.338476,57.768665],[-134.931499,57.481142],[-135.564223,57.666427],[-135.910765,57.446568],[-136.56861,57.972176],[-135.730369,58.244252]],[[-152.898051,57.823916],[-152.216234,57.576998],[-152.940788,57.498094],[-152.679047,57.345131],[-153.972715,56.774205],[-153.79319,56.989493],[-154.243758,57.143027],[-154.338947,56.920916],[-154.705951,57.335365],[-154.116169,57.65121],[-153.687718,57.30513],[-153.841535,57.862829],[-152.898051,57.823916]],[[-153.240641,57.850085],[-153.520081,57.955741],[-153.240641,57.850085]],[[-134.969764,57.351438],[-134.620717,56.718295],[-134.6819,56.216154],[-135.454931,57.249429],[-135.812327,57.009543],[-135.44868,57.534371],[-134.969764,57.351438]],[[-170.160565,57.183951],[-170.386622,57.203023],[-170.160565,57.183951]],[[-153.007088,57.124833],[-153.374586,57.051917],[-153.007088,57.124833]],[[-133.366221,57.0035],[-132.954152,56.880278],[-133.004123,56.623725],[-133.328961,56.83007],[-133.180805,56.47397],[-133.602795,56.464094],[-133.979467,57.009598],[-133.366221,57.0035]],[[-133.989597,56.844957],[-133.738367,56.650444],[-134.189581,56.076968],[-134.084398,56.456348],[-134.373679,56.838651],[-133.989597,56.844957]],[[-132.746878,56.525694],[-132.842531,56.794771],[-132.567977,56.575825],[-132.746878,56.525694]],[[-169.755214,56.635041],[-169.474327,56.594062],[-169.755214,56.635041]],[[-154.208643,56.514895],[-154.208643,56.514895]],[[-154.6828,56.435782],[-154.444882,56.573188],[-154.6828,56.435782]],[[-132.112346,56.109389],[-132.36858,55.939738],[-132.699027,56.19817],[-132.379847,56.498778],[-132.112346,56.109389]],[[-132.779897,56.247268],[-133.037664,56.364832],[-132.643343,56.435156],[-132.779897,56.247268]],[[-133.566107,56.339201],[-132.1727,55.480598],[-132.63128,55.473182],[-131.976434,55.208598],[-132.021703,54.72632],[-133.118535,55.327657],[-133.033402,55.589681],[-133.680183,55.785172],[-133.241527,55.92082],[-133.742531,55.964853],[-133.566107,56.339201]],[[-130.979134,55.489167],[-131.18788,55.206291],[-131.44758,55.408791],[-131.810991,55.223111],[-131.62496,55.831688],[-131.269217,55.955394],[-130.979134,55.489167]],[[-155.566002,55.821196],[-155.566002,55.821196]],[[-133.305088,55.543747],[-133.650185,55.269287],[-133.737131,55.496923],[-133.305088,55.543747]],[[-160.684914,55.314814],[-160.487539,55.184846],[-160.79509,55.145218],[-160.684914,55.314814]],[[-160.329278,55.337709],[-160.517482,55.333831],[-160.329278,55.337709]],[[-132.862273,54.894422],[-132.617223,54.892412],[-132.705822,54.684155],[-133.429036,55.303806],[-132.862273,54.894422]],[[-159.872975,55.128749],[-160.227061,54.92269],[-159.872975,55.128749]],[[-131.339727,55.079838],[-131.232034,54.903782],[-131.578477,55.248775],[-131.339727,55.079838]],[[-159.515117,55.151876],[-159.515117,55.151876]],[[-159.361998,54.972403],[-159.361998,54.972403]],[[-163.476037,54.980731],[-163.083271,54.669016],[-164.903935,54.544782],[-164.478637,54.906826],[-163.476037,54.980731]],[[-162.29815,54.847038],[-162.29815,54.847038]],[[-162.554413,54.401356],[-162.820548,54.494553],[-162.554413,54.401356]],[[-165.561155,54.136695],[-165.561155,54.136695]],[[-165.841552,54.070656],[-166.105825,54.144814],[-165.841552,54.070656]],[[-166.615355,53.90095],[-166.230881,53.932602],[-166.770409,53.47601],[-167.808769,53.323773],[-166.741263,53.712952],[-167.038067,53.942182],[-166.615355,53.90095]],[[-166.209746,53.723279],[-166.209746,53.723279]],[[-167.964367,53.345119],[-169.088898,52.832024],[-168.287707,53.500147],[-167.828097,53.507947],[-167.964367,53.345119]],[[-169.691962,52.847372],[-169.991841,52.829849],[-169.691962,52.847372]],[[-170.733397,52.581492],[-170.733397,52.581492]],[[-174.677394,52.03501],[-175.295548,52.022145],[-174.018339,52.331795],[-174.677394,52.03501]],[[-172.46479,52.272293],[-172.46479,52.272293]],[[-173.553303,52.136304],[-173.022896,52.079142],[-173.9925,52.123329],[-173.553303,52.136304]],[[-176.02155,52.002436],[-176.02155,52.002436]],[[-176.593298,51.8667],[-176.452351,51.73571],[-176.961622,51.603676],[-176.593298,51.8667]],[[-177.1482,51.716736],[-177.670235,51.701081],[-177.110037,51.928773],[-177.1482,51.716736]],[[-177.879034,51.64972],[-178.194518,51.882212],[-177.6445,51.826292],[-177.879034,51.64972]],[[-176.008967,51.812372],[-176.193659,51.886288],[-176.008967,51.812372]],[[-176.286702,51.791982],[-176.286702,51.791982]],[[-87.489511,30.377683],[-88.005934,30.230916],[-87.790294,30.291792],[-88.011317,30.694177],[-88.399585,30.370805],[-88.203139,35.024197],[-85.623604,35.000862],[-84.921533,32.285887],[-85.007282,31.001673],[-87.593694,31.000739],[-87.489511,30.377683]],[[-88.071336,30.25234],[-88.316254,30.240453],[-88.071336,30.25234]],[[-89.704772,36.001573],[-91.070175,33.9742],[-91.149958,33.015918],[-94.041307,33.011996],[-94.047327,33.554435],[-94.484149,33.648434],[-94.61838,36.500869],[-90.162243,36.500869],[-90.381068,35.99274],[-89.704772,36.001573]],[[-109.047807,31.327879],[-111.041974,31.32421],[-114.835955,32.508327],[-114.477531,32.842004],[-114.719428,33.330863],[-114.509051,33.903921],[-114.125612,34.286509],[-114.610933,34.907401],[-114.741362,36.013516],[-114.042879,36.181771],[-114.04027,37.004153],[-109.04667,37.000846],[-109.047807,31.327879]],[[-114.610543,34.991117],[-114.125068,34.317182],[-114.701702,33.417809],[-114.516467,32.772757],[-117.128274,32.533365],[-117.467422,33.295487],[-118.506196,34.01741],[-120.644696,34.579986],[-120.659088,35.122403],[-121.877411,36.331064],[-121.807445,36.851234],[-122.499237,37.542615],[-122.445624,37.798003],[-122.070529,37.478279],[-122.314233,38.007347],[-121.525343,38.055918],[-122.393351,38.144808],[-122.521325,37.826403],[-122.998791,37.988616],[-122.908154,38.196587],[-123.701125,38.907293],[-123.832928,39.775509],[-124.356537,40.371078],[-124.068519,41.384171],[-124.228409,42.000768],[-120.000809,42.000559],[-120.000062,39.000259],[-114.610543,34.991117]],[[-119.882393,34.07968],[-119.549287,34.028154],[-119.882393,34.07968]],[[-120.306602,34.024869],[-120.306602,34.024869]],[[-120.043573,33.918862],[-120.251907,34.013839],[-120.043573,33.918862]],[[-118.347965,33.385762],[-118.569422,33.464182],[-118.347965,33.385762]],[[-119.438029,33.217198],[-119.438029,33.217198]],[[-118.350393,32.827612],[-118.59017,33.011161],[-118.350393,32.827612]],[[-109.04667,37.000846],[-109.04639,41.000858],[-102.025006,41.000628],[-102.012783,37.000846],[-109.04667,37.000846]],[[-71.800836,42.011963],[-71.842353,41.335513],[-73.723015,41.104514],[-73.484139,41.218959],[-73.480568,42.055568],[-71.800836,42.011963]],[[-77.030361,38.889253],[-77.030361,38.889253]],[[-75.037661,38.45559],[-75.707025,38.455073],[-75.676823,39.827233],[-75.421029,39.815422],[-75.573882,39.476945],[-75.037661,38.45559]],[[-87.489511,30.377683],[-87.593694,31.000739],[-85.007282,31.001673],[-84.883938,30.72094],[-82.112274,30.371355],[-81.957081,30.81429],[-81.503939,30.731432],[-80.088647,26.99396],[-80.36692,25.331267],[-81.110497,25.13805],[-80.940406,25.264217],[-81.715503,25.983173],[-82.013254,26.961561],[-82.290066,26.870814],[-82.714589,27.499583],[-82.400544,27.83538],[-82.843513,27.846004],[-82.651483,28.887486],[-83.694371,29.92598],[-84.309683,30.064759],[-85.318942,29.680205],[-85.603532,30.286782],[-86.454434,30.399128],[-86.257394,30.493017],[-87.201152,30.339231],[-86.997576,30.570328],[-87.489511,30.377683]],[[-84.907888,29.642632],[-85.116738,29.632788],[-84.737172,29.732445],[-84.907888,29.642632]],[[-80.186755,27.27844],[-80.436892,27.850553],[-80.186755,27.27844]],[[-82.083765,26.552331],[-82.083765,26.552331]],[[-82.037183,26.45363],[-82.201384,26.548046],[-82.037183,26.45363]],[[-80.381828,25.142291],[-80.580582,24.954238],[-80.257057,25.347603],[-80.381828,25.142291]],[[-80.638304,24.903184],[-80.638304,24.903184]],[[-80.829401,24.803681],[-80.829401,24.803681]],[[-81.044194,24.716812],[-81.044194,24.716812]],[[-81.334794,24.650488],[-81.334794,24.650488]],[[-81.566693,24.599896],[-81.566693,24.599896]],[[-81.783838,24.54458],[-81.783838,24.54458]],[[-85.007282,31.001673],[-84.921533,32.285887],[-85.623604,35.000862],[-83.114821,35.001477],[-83.355575,34.708318],[-81.57824,33.068575],[-80.872346,32.029565],[-81.503939,30.731432],[-81.957081,30.81429],[-82.112274,30.371355],[-84.883938,30.72094],[-85.007282,31.001673]],[[-81.418982,30.971439],[-81.463498,30.727762],[-81.418982,30.971439]],[[-177.371467,28.2005],[-177.371467,28.2005]],[[-159.372773,21.93236],[-159.789182,22.041806],[-159.352052,22.219576],[-159.372773,21.93236]],[[-160.18001,21.841075],[-160.048728,22.00465],[-160.18001,21.841075]],[[-157.799355,21.456652],[-157.635411,21.307645],[-158.273124,21.585247],[-157.962496,21.701362],[-157.799355,21.456652]],[[-157.213602,21.215392],[-156.712161,21.155088],[-157.213602,21.215392]],[[-156.486826,20.932571],[-155.989854,20.757131],[-156.408793,20.605179],[-156.697769,20.949062],[-156.486826,20.932571]],[[-156.849595,20.772632],[-157.050565,20.912466],[-156.849595,20.772632]],[[-155.581325,19.012018],[-155.881306,19.070521],[-156.048686,19.749959],[-155.831621,20.27582],[-154.804188,19.524443],[-155.581325,19.012018]],[[-91.441952,40.37945],[-91.73153,40.624653],[-95.765029,40.601868],[-96.62177,42.729535],[-96.598622,43.497501],[-91.245253,43.502412],[-91.069582,42.788554],[-90.152443,41.98152],[-90.43667,41.560359],[-91.048114,41.369098],[-90.954005,41.01558],[-91.441952,40.37945]],[[-117.039054,48.993083],[-116.048494,48.993083],[-116.04901,48.00472],[-115.713317,47.446746],[-114.336868,46.659224],[-114.529233,45.575719],[-113.802273,45.601098],[-112.853856,44.398325],[-111.372525,44.74624],[-111.051434,44.498883],[-111.050296,42.000878],[-117.016675,42.000559],[-116.91242,44.199473],[-117.201701,44.436206],[-116.477043,45.641088],[-117.038999,46.396552],[-117.039054,48.993083]],[[-91.441952,40.37945],[-90.954005,41.01558],[-91.048114,41.369098],[-90.176613,41.883643],[-90.650585,42.512984],[-87.039126,42.492802],[-87.221257,41.760728],[-87.521085,41.760761],[-87.529457,38.742289],[-88.471666,37.088385],[-89.413942,37.102415],[-89.523421,37.644524],[-90.365775,38.254254],[-90.134206,38.84667],[-90.577075,38.909611],[-91.378737,39.749406],[-91.441952,40.37945]],[[-88.041991,37.788851],[-87.51768,38.811821],[-87.521085,41.760761],[-84.796399,41.759728],[-84.800739,38.819391],[-85.405426,38.729962],[-86.021331,37.984353],[-86.361445,38.178987],[-86.599233,37.874797],[-88.041991,37.788851]],[[-102.012783,37.000846],[-102.024489,40.001124],[-95.34668,40.001487],[-94.929936,39.861499],[-95.057937,39.508959],[-94.622384,39.124404],[-94.618067,37.000846],[-102.012783,37.000846]],[[-89.154313,36.992112],[-88.471666,37.088385],[-87.892116,37.912986],[-86.599233,37.874797],[-86.361445,38.178987],[-86.021331,37.984353],[-85.405426,38.729962],[-84.800739,38.819391],[-84.765901,39.124998],[-83.689878,38.649531],[-82.880438,38.710253],[-81.965277,37.539725],[-83.730385,36.586815],[-89.450329,36.500023],[-89.154313,36.992112]],[[-89.487221,36.503066],[-89.487221,36.503066]],[[-94.041307,33.011996],[-91.149958,33.015918],[-90.937647,32.277329],[-91.656449,31.001805],[-89.735314,31.001157],[-89.819997,30.611208],[-89.520861,30.192629],[-90.225282,30.379287],[-90.413061,30.140301],[-89.400736,30.04605],[-89.720878,29.619308],[-89.021378,29.142721],[-89.376149,28.981331],[-90.159068,29.537141],[-90.135864,29.136074],[-90.751022,29.130888],[-91.893172,29.836013],[-92.260824,29.55685],[-93.826463,29.725139],[-93.530591,31.04619],[-94.043301,31.999232],[-94.041307,33.011996]],[[-89.223955,30.084051],[-89.223955,30.084051]],[[-88.82747,29.80769],[-88.866867,30.056717],[-88.82747,29.80769]],[[-88.889301,29.712581],[-88.889301,29.712581]],[[-91.79369,29.500732],[-92.006649,29.610288],[-91.79369,29.500732]],[[-71.800836,42.011963],[-73.507287,42.080012],[-73.253327,42.752222],[-70.806112,42.876763],[-70.61295,42.623264],[-71.046174,42.331116],[-70.426677,41.7573],[-70.001407,41.826184],[-70.108941,42.078309],[-69.933841,41.710421],[-71.16854,41.489409],[-71.387135,42.016863],[-71.800836,42.011963]],[[-70.509898,41.376338],[-70.829183,41.359002],[-70.509898,41.376338]],[[-69.97794,41.265596],[-70.233076,41.286338],[-69.97794,41.265596]],[[-77.030361,38.889253],[-78.097782,39.677885],[-79.487981,39.210911],[-79.4775,39.722797],[-75.78472,39.722357],[-75.707025,38.455073],[-75.038748,38.426366],[-75.659256,37.953965],[-75.858702,38.362074],[-76.211671,38.361327],[-76.264175,38.599972],[-76.000942,38.60173],[-76.329598,38.952787],[-75.958919,39.58505],[-76.570407,39.269336],[-76.394088,38.368973],[-76.668548,38.537515],[-76.341178,38.087031],[-77.23252,38.407711],[-77.030361,38.889253]],[[-75.225791,38.040339],[-75.097888,38.298079],[-75.225791,38.040339]],[[-69.05366,47.294585],[-68.235497,47.345946],[-67.806789,47.082813],[-67.802241,45.727517],[-67.43265,45.603108],[-67.472541,45.275891],[-66.987022,44.827704],[-68.056618,44.384318],[-68.450599,44.507595],[-68.532535,44.258645],[-68.76272,44.570767],[-69.226058,43.986459],[-70.178814,43.76637],[-70.733096,43.070034],[-71.084549,45.294008],[-70.421096,45.73824],[-70.00768,46.708937],[-69.358882,47.350649],[-69.05366,47.294585]],[[-68.187256,44.332484],[-68.411707,44.294351],[-68.187256,44.332484]],[[-68.623194,44.196067],[-68.623194,44.196067]],[[-89.498383,47.997897],[-88.160665,48.225402],[-84.875973,46.899901],[-84.561753,46.457372],[-84.14948,46.542769],[-83.977786,46.084914],[-83.615951,46.116829],[-83.592693,45.817155],[-82.551079,45.347357],[-82.13785,43.570879],[-83.121665,41.95],[-83.464197,41.739447],[-87.221257,41.760728],[-87.03249,44.091466],[-86.264524,45.226903],[-87.115272,45.452365],[-87.653613,45.121797],[-88.151745,45.945409],[-90.39234,46.548965],[-89.498383,47.997897]],[[-97.225738,48.993182],[-95.162044,48.991764],[-95.155298,49.369672],[-94.93934,49.349413],[-94.620885,48.742605],[-92.996254,48.611813],[-91.518307,48.058311],[-89.498383,47.997897],[-89.957677,47.287137],[-90.654024,47.309098],[-92.291646,46.660718],[-92.292629,46.084375],[-92.89652,45.658578],[-92.682605,45.433095],[-92.769809,44.72585],[-91.382692,43.990799],[-91.245253,43.502412],[-96.453619,43.501171],[-96.453668,45.297337],[-96.85106,45.626004],[-96.560845,46.138241],[-97.225738,48.993182]],[[-89.704772,36.001573],[-90.381068,35.99274],[-90.162243,36.500869],[-94.61838,36.500869],[-94.622384,39.124404],[-95.057937,39.508959],[-94.929936,39.861499],[-95.765029,40.601868],[-91.73153,40.624653],[-91.378737,39.749406],[-90.577075,38.909611],[-90.134206,38.84667],[-90.365775,38.254254],[-89.523421,37.644524],[-89.486913,37.212739],[-89.154313,36.992112],[-89.704772,36.001573]],[[-88.173267,34.999005],[-88.399585,30.370805],[-89.520861,30.192629],[-89.819997,30.611208],[-89.735314,31.001157],[-91.656449,31.001805],[-90.937647,32.277329],[-91.207482,33.675669],[-90.53925,34.72817],[-90.293705,35.001114],[-88.173267,34.999005]],[[-88.558107,30.215909],[-88.558107,30.215909]],[[-114.062517,48.993083],[-104.033927,48.993138],[-104.005478,45.00097],[-111.050862,45.001057],[-111.051434,44.498883],[-111.372525,44.74624],[-112.910392,44.419331],[-113.802273,45.601098],[-114.529233,45.575719],[-114.336868,46.659224],[-115.702468,47.437594],[-116.04901,48.00472],[-116.048494,48.993083],[-114.062517,48.993083]],[[-83.114821,35.001477],[-84.32469,34.988096],[-83.871306,35.51489],[-82.051366,36.122862],[-81.65889,36.610579],[-75.966445,36.551362],[-75.820074,36.112832],[-76.147829,36.279286],[-76.559355,36.01535],[-76.733631,36.229155],[-76.726216,35.957595],[-75.744752,35.765466],[-76.173845,35.354149],[-77.039996,35.527392],[-76.512949,35.270433],[-76.974957,35.025174],[-76.362206,34.936504],[-77.412268,34.730796],[-78.013341,33.911809],[-78.564272,33.876664],[-79.653556,34.796791],[-80.784082,34.828629],[-81.087316,35.155714],[-83.114821,35.001477]],[[-75.889057,36.550505],[-75.534199,35.81908],[-75.889057,36.550505]],[[-75.635691,35.855895],[-75.635691,35.855895]],[[-75.54412,35.2401],[-75.503525,35.769158],[-75.54412,35.2401]],[[-75.781963,35.1902],[-75.984199,35.123074],[-75.781963,35.1902]],[[-76.503644,34.642949],[-76.207386,34.938899],[-76.503644,34.642949]],[[-76.546227,34.654858],[-76.546227,34.654858]],[[-101.367271,48.993138],[-97.225738,48.993182],[-96.556401,45.942773],[-104.011087,45.943058],[-104.033927,48.993138],[-101.367271,48.993138]],[[-102.024489,40.001124],[-102.025006,41.000628],[-104.021655,41.000858],[-104.028862,43.001403],[-97.23879,42.860536],[-96.383751,42.417776],[-95.34668,40.001487],[-102.024489,40.001124]],[[-71.51752,45.007561],[-71.084549,45.294008],[-70.777635,42.940582],[-72.46686,42.730315],[-72.362369,43.586645],[-71.51752,45.007561]],[[-75.074168,39.98348],[-74.734889,40.154504],[-75.189019,40.595814],[-74.812485,41.30151],[-73.910079,40.992256],[-74.26419,40.528633],[-73.972251,40.400324],[-74.079917,39.78811],[-74.064591,39.993115],[-74.923436,38.941141],[-75.524245,39.490172],[-75.074168,39.98348]],[[-74.133222,39.680785],[-74.250501,39.529371],[-74.133222,39.680785]],[[-109.047807,31.327879],[-109.04667,37.000846],[-103.000839,37.000846],[-103.065642,32.002748],[-106.668262,32.000946],[-106.445382,31.768398],[-108.211841,31.77933],[-108.21445,31.329428],[-109.047807,31.327879]],[[-114.04027,37.004153],[-114.042879,36.181771],[-114.741362,36.013516],[-114.610543,34.991117],[-120.000062,39.000259],[-120.000809,42.000559],[-114.042593,42.001109],[-114.04027,37.004153]],[[-79.762024,42.538977],[-78.939236,42.863744],[-79.171849,43.466575],[-76.819962,43.628788],[-75.179384,44.899379],[-73.352182,45.005419],[-73.253327,42.752222],[-73.484139,41.218959],[-73.987082,40.751392],[-73.925328,41.218058],[-73.910079,40.992256],[-74.935367,41.474369],[-75.351342,41.998417],[-79.762958,42.0009],[-79.762024,42.538977]],[[-72.509783,40.986027],[-71.903206,41.060701],[-74.032038,40.638683],[-72.274138,41.153041],[-72.509783,40.986027]],[[-74.188132,40.522854],[-74.188132,40.522854]],[[-83.121665,41.95],[-82.439073,41.67487],[-80.520762,42.324392],[-80.519081,40.646956],[-80.874313,39.664294],[-82.072273,38.962949],[-82.387064,38.43399],[-84.821711,39.091984],[-84.796113,41.701434],[-83.121665,41.95]],[[-94.61838,36.500869],[-94.484149,33.648434],[-95.21586,33.959039],[-96.315048,33.711122],[-96.934051,33.95348],[-97.119,33.734764],[-99.999341,34.586721],[-100.002444,36.500902],[-103.000295,36.501232],[-103.000839,37.000846],[-94.618067,37.000846],[-94.61838,36.500869]],[[-120.000809,42.000559],[-124.355273,42.122881],[-124.539629,42.812866],[-124.148719,43.691729],[-123.989302,46.219397],[-123.042275,46.160027],[-122.725913,45.67375],[-122.202535,45.591067],[-119.01968,46.000341],[-116.896479,46.002099],[-116.520917,45.721914],[-117.201701,44.436206],[-116.91242,44.199473],[-117.016675,42.000559],[-120.000809,42.000559]],[[-80.520762,42.324392],[-79.762024,42.538977],[-79.762958,42.0009],[-75.351342,41.998417],[-74.699051,41.357299],[-75.192282,40.689868],[-74.734889,40.154504],[-75.78472,39.722357],[-80.519443,39.722511],[-80.520762,42.324392]],[[-71.842353,41.335513],[-71.800836,42.011963],[-71.387135,42.016863],[-71.233765,41.706554],[-71.842353,41.335513]],[[-71.241379,41.491969],[-71.241379,41.491969]],[[-71.36536,41.485267],[-71.36536,41.485267]],[[-80.872346,32.029565],[-81.57824,33.068575],[-83.355575,34.708318],[-83.121357,35.000554],[-81.087316,35.155714],[-80.784082,34.828629],[-79.653556,34.796791],[-78.564272,33.876664],[-79.940727,32.667157],[-80.634195,32.511733],[-80.579341,32.287326],[-80.802561,32.448045],[-80.872346,32.029565]],[[-96.453619,43.501171],[-96.480953,42.511259],[-98.441765,43.001095],[-104.028862,43.001403],[-104.011087,45.943058],[-96.556401,45.942773],[-96.85106,45.626004],[-96.453668,45.297337],[-96.453619,43.501171]],[[-85.623604,35.000862],[-90.29376,35.004476],[-89.557313,36.501078],[-81.65889,36.610579],[-82.051366,36.122862],[-83.871306,35.51489],[-84.32469,34.988096],[-85.623604,35.000862]],[[-94.484149,33.648434],[-94.047327,33.554435],[-94.043301,31.999232],[-93.530591,31.04619],[-93.710629,30.112813],[-93.890464,29.689356],[-94.759609,29.384255],[-94.526265,29.547962],[-95.022875,29.70232],[-94.888287,29.370555],[-95.853419,28.640349],[-96.234535,28.48899],[-96.011034,28.631944],[-96.64004,28.708761],[-96.42111,28.457339],[-97.156491,28.14436],[-97.439109,27.328285],[-97.768446,27.457495],[-97.140187,26.029733],[-97.358162,25.87052],[-99.107767,26.446917],[-99.505319,27.548341],[-101.380344,29.742552],[-102.343076,29.864973],[-103.090009,29.041866],[-103.422933,29.070683],[-104.400623,29.573747],[-104.917854,30.583358],[-106.668262,32.000946],[-103.065642,32.002748],[-103.042153,36.500616],[-100.002444,36.500902],[-99.999341,34.586721],[-99.685615,34.415829],[-97.145071,33.737687],[-96.934051,33.95348],[-96.315048,33.711122],[-95.21586,33.959039],[-94.484149,33.648434]],[[-95.039695,29.145918],[-94.767618,29.339035],[-95.039695,29.145918]],[[-96.7644,28.152567],[-96.403565,28.381577],[-96.7644,28.152567]],[[-97.014355,27.901628],[-96.857416,28.132912],[-97.014355,27.901628]],[[-97.353613,27.300061],[-97.060558,27.822021],[-97.353613,27.300061]],[[-97.170702,26.159383],[-97.38599,27.196503],[-97.170702,26.159383]],[[-109.04667,37.000846],[-114.04027,37.004153],[-114.042593,42.001109],[-111.050296,42.000878],[-111.049989,41.000858],[-109.04639,41.000858],[-109.04667,37.000846]],[[-77.122053,38.943536],[-77.313698,38.396626],[-76.264284,37.893551],[-76.492481,37.682218],[-77.1111,38.165682],[-76.305571,37.571509],[-76.45393,37.273538],[-76.757691,37.505437],[-76.283302,37.052679],[-77.25089,37.329194],[-75.999415,36.912659],[-75.857428,36.550582],[-83.667521,36.60503],[-81.965277,37.539725],[-81.589017,37.20807],[-80.371183,37.472599],[-79.639603,38.572451],[-79.240272,38.476519],[-78.322221,39.451852],[-77.122053,38.943536]],[[-75.659256,37.953965],[-75.375963,38.024991],[-75.934376,37.151897],[-75.659256,37.953965]],[[-75.252476,38.03745],[-75.378545,37.872051],[-75.252476,38.03745]],[[-73.352182,45.005419],[-71.51752,45.007561],[-72.362369,43.586645],[-72.46686,42.730315],[-73.2802,42.813152],[-73.352182,45.005419]],[[-122.788777,48.993028],[-117.039054,48.993083],[-116.896479,46.002099],[-122.202535,45.591067],[-122.725913,45.67375],[-123.042275,46.160027],[-124.07276,46.279449],[-123.889151,46.660015],[-124.112547,46.862669],[-123.842876,46.963183],[-124.139238,46.954701],[-124.709978,48.380375],[-122.778598,48.137577],[-122.656644,47.881134],[-123.139043,47.386101],[-122.532801,47.919707],[-122.577888,47.29319],[-123.027575,47.138909],[-122.701935,47.110872],[-122.353817,47.371578],[-122.242014,48.010762],[-122.788777,48.993028]],[[-123.086435,48.993028],[-123.086435,48.993028]],[[-122.782141,48.672688],[-123.002851,48.652199],[-122.782141,48.672688]],[[-123.013134,48.500862],[-123.162141,48.606386],[-123.013134,48.500862]],[[-122.820923,48.431363],[-122.820923,48.431363]],[[-122.572769,48.15665],[-122.383145,47.923201],[-122.628634,48.384231],[-122.572769,48.15665]],[[-122.497271,47.594589],[-122.497271,47.594589]],[[-122.394126,47.395242],[-122.394126,47.395242]],[[-122.85309,47.204717],[-122.85309,47.204717]],[[-90.650585,42.512984],[-91.117592,42.881652],[-91.319916,43.936284],[-92.799214,44.790032],[-92.682605,45.433095],[-92.89652,45.658578],[-92.292629,46.084375],[-92.291646,46.660718],[-90.654024,47.309098],[-89.957677,47.287137],[-90.412588,46.585275],[-90.11855,46.341664],[-88.151745,45.945409],[-87.653613,45.121797],[-87.115272,45.452365],[-86.264524,45.226903],[-87.03249,44.091466],[-87.039126,42.492802],[-90.650585,42.512984]],[[-81.965277,37.539725],[-82.588773,38.099742],[-82.612778,38.448218],[-80.874313,39.664294],[-80.637524,40.603263],[-80.519443,39.722511],[-79.4775,39.722797],[-79.487981,39.210911],[-78.77777,39.626622],[-77.779585,39.488337],[-77.835791,39.145212],[-78.322221,39.451852],[-79.240272,38.476519],[-79.639603,38.572451],[-80.371183,37.472599],[-81.589017,37.20807],[-81.965277,37.539725]],[[-104.021655,41.000858],[-111.049989,41.000858],[-111.050862,45.001057],[-104.037212,45.001134],[-104.021655,41.000858]],[[96.372543,42.730677],[97.205674,42.789792],[97.846875,41.619269],[97.708486,41.349414],[98.326536,40.855672],[98.23481,40.541686],[100.075473,40.859005],[100.140017,40.518096],[99.430861,39.878806],[100.789538,39.407879],[101.31979,38.758151],[101.831077,38.689835],[102.022848,38.892717],[101.825496,39.064438],[102.39311,39.237192],[102.965374,39.11937],[104.023966,39.441107],[104.224781,39.090689],[103.471235,38.435897],[103.438162,37.842393],[105.180175,36.972136],[105.318099,35.933208],[105.829386,35.493648],[106.377776,35.260665],[106.429297,35.699449],[106.913402,35.788824],[106.94477,36.076946],[106.439994,36.514774],[106.790671,37.189668],[108.70368,36.35897],[108.617226,35.392827],[107.741672,35.318361],[107.710046,34.951407],[106.491206,35.03011],[106.317728,34.583342],[106.673623,34.384672],[106.55947,33.598621],[105.832435,33.497542],[105.886488,32.978013],[105.269988,32.641703],[104.288859,32.847892],[104.156309,33.62402],[103.271971,33.765174],[102.930596,34.295581],[102.171211,33.941753],[102.481838,33.465038],[101.863685,33.12263],[101.883993,33.546325],[101.160265,33.664147],[100.81548,34.2946],[102.011996,34.177604],[102.150282,34.495078],[101.755061,34.70367],[102.267122,35.055871],[102.289292,35.406935],[102.702186,35.524034],[102.700326,35.839466],[102.97602,35.833291],[103.040357,36.216498],[101.937065,37.730695],[101.765603,37.524971],[98.781909,39.067693],[98.068619,38.801844],[97.02646,39.196212],[96.845076,38.356419],[95.305325,39.182777],[92.935961,39.152856],[92.925884,40.422908],[93.577472,40.587962],[94.580925,41.585214],[95.863947,41.855017],[96.372543,42.730677]],[[101.77754,33.530047],[101.643646,33.127772],[101.164141,33.128082],[101.170807,32.688341],[100.697089,32.685731],[100.531208,32.403397],[100.399433,32.758388],[99.289371,32.88714],[98.457949,33.840105],[97.69567,34.005237],[97.383545,33.869871],[97.724299,33.406127],[97.360962,32.897036],[97.715721,32.54419],[96.754126,31.973837],[96.737382,31.679798],[96.182636,31.871156],[96.167288,31.548049],[95.497096,31.741655],[95.382116,32.170052],[94.582217,32.672192],[93.510396,32.516103],[92.221379,32.744978],[91.361587,33.336958],[90.3232,33.288718],[89.636731,34.093371],[89.825246,34.84609],[89.45483,35.212838],[89.788763,35.826857],[89.435141,35.987804],[90.013762,36.252775],[91.111318,36.073922],[90.688139,36.698484],[91.316318,37.118975],[90.436475,37.778573],[90.150911,38.432797],[93.722063,39.306748],[95.305325,39.182777],[96.845076,38.356419],[97.02646,39.196212],[98.068619,38.801844],[98.324314,39.023251],[99.094758,38.957777],[99.799883,38.365721],[100.140792,38.485842],[101.765603,37.524971],[101.937065,37.730695],[103.040357,36.216498],[102.97602,35.833291],[102.700326,35.839466],[102.702186,35.524034],[102.289292,35.406935],[102.267122,35.055871],[101.755061,34.70367],[102.150282,34.495078],[102.011996,34.177604],[100.81548,34.2946],[101.160265,33.664147],[101.77754,33.530047]],[[105.512147,23.152334],[106.128127,23.540656],[106.157428,23.973731],[105.253038,24.085507],[105.060802,24.43068],[104.667028,24.339755],[104.494635,24.698209],[105.205909,25.0039],[106.001158,24.64847],[107.244235,25.558595],[107.861871,25.145959],[108.29337,25.5387],[109.30044,25.743054],[109.456709,26.03885],[110.246997,25.978208],[110.935482,26.382473],[111.408322,25.90785],[111.006279,24.935455],[111.274376,25.147664],[111.428165,24.681026],[111.996554,24.735674],[111.351219,22.908214],[109.743359,21.527979],[109.521484,21.693408],[109.081543,21.440283],[108.59375,21.901025],[108.246289,21.558398],[107.351205,21.608914],[106.663547,21.978917],[106.550427,22.501392],[106.780284,22.778894],[105.512147,23.152334]],[[106.382427,28.572494],[107.436833,28.877256],[107.496106,29.246096],[108.286238,29.077166],[108.728485,28.24223],[109.094974,28.205204],[109.258375,28.505909],[109.418366,27.559507],[108.791324,27.083128],[109.499187,27.062483],[109.294032,26.727309],[109.456709,26.03885],[109.30044,25.743054],[108.29337,25.5387],[107.861871,25.145959],[107.244235,25.558595],[106.001158,24.64847],[105.205909,25.0039],[104.729349,24.631391],[104.539852,24.741772],[104.719738,25.210942],[104.306223,25.664765],[104.626513,26.497659],[104.429884,26.71253],[103.829249,26.547114],[103.596447,27.076074],[103.911311,27.39037],[104.870891,27.309755],[105.360784,27.760011],[106.247603,27.77523],[106.199337,28.124253],[105.620561,28.482422],[105.984415,28.753542],[106.382427,28.572494]],[[109.258375,28.505909],[109.094974,28.205204],[108.728485,28.24223],[108.286238,29.077166],[107.496106,29.246096],[107.436833,28.877256],[106.562416,28.510741],[106.562416,28.767133],[106.488725,28.540971],[105.795124,28.936529],[105.291072,29.584784],[105.709961,29.867505],[105.557206,30.147592],[105.791713,30.423363],[107.03293,30.057856],[108.516198,31.708272],[108.26779,31.972907],[108.518369,32.19757],[110.146745,31.331111],[110.066233,30.82848],[108.380599,30.399695],[108.446849,29.735782],[108.61304,29.858023],[109.274808,29.049261],[109.258375,28.505909]],[[116.793419,39.602312],[115.755911,39.508958],[115.437326,39.749305],[115.945202,40.293717],[115.728161,40.539593],[116.652653,41.03101],[117.428523,40.669042],[117.184145,40.49727],[117.310597,40.110472],[116.744223,39.959008],[116.793419,39.602312]],[[120.423805,27.202522],[119.967773,26.586377],[119.588184,26.784961],[119.881055,26.33418],[119.139453,26.121777],[119.61875,26.003564],[119.622461,25.391162],[119.180078,25.449805],[119.285547,25.232227],[118.977539,25.209277],[118.657031,24.621436],[117.842676,24.474316],[118.056055,24.246094],[117.367676,23.588623],[117.036505,23.738267],[116.745308,24.670923],[115.887531,24.916774],[116.135165,25.866328],[116.594465,26.395082],[116.545269,26.867869],[117.040123,27.109534],[117.284242,27.857034],[117.745557,27.81329],[118.735213,28.325972],[119.005274,27.480054],[119.615831,27.665573],[119.770085,27.315878],[120.423805,27.202522]],[[118.076758,24.501416],[118.076758,24.501416]],[[119.797461,25.623242],[119.74668,25.410693],[119.797461,25.623242]],[[116.147257,29.788776],[115.767849,30.688153],[116.035998,30.988884],[115.374023,31.41754],[115.901329,31.794494],[115.888462,32.393863],[115.199305,32.591473],[114.879841,32.993413],[115.63473,33.591826],[115.653644,34.048413],[116.182035,33.71833],[116.64118,33.953225],[116.156714,34.447303],[116.428119,34.639695],[117.752224,33.72435],[118.123674,33.766001],[117.931851,33.235129],[118.218035,33.179913],[118.299684,32.777405],[118.992975,32.962045],[119.199371,32.593721],[118.551813,32.574446],[118.684053,32.339241],[118.35198,31.946681],[118.860477,31.627372],[118.816086,31.226337],[119.629784,31.13288],[119.362875,30.404475],[118.881095,30.324351],[118.893963,29.982589],[118.373219,29.452828],[117.225538,29.906676],[116.748564,29.544864],[116.886799,29.920422],[116.650482,30.050673],[116.147257,29.788776]],[[113.464941,22.904541],[113.464941,22.904541]],[[112.782031,21.772266],[112.771094,21.581836],[112.782031,21.772266]],[[112.558984,21.674756],[112.558984,21.674756]],[[110.521582,21.083105],[110.264648,21.025195],[110.521582,21.083105]],[[109.759375,21.560059],[111.351219,22.908214],[112.213957,25.200374],[112.988897,24.963929],[112.917377,25.324863],[113.217462,25.505575],[114.569317,25.406873],[114.729307,25.118881],[114.192338,24.695263],[114.424882,24.49959],[115.420583,24.78456],[115.705785,24.545711],[115.887531,24.916774],[116.745308,24.670923],[117.175049,23.615667],[116.910645,23.64668],[116.470703,22.945898],[114.65166,22.755273],[114.554199,22.528906],[113.931152,22.531055],[113.519727,23.1021],[113.331055,22.912012],[113.548139,22.222623],[110.410937,21.338135],[110.154004,20.944629],[110.511523,20.518262],[110.344727,20.294824],[109.88252,20.364063],[109.759375,21.560059]],[[78.947317,34.335972],[79.793972,34.431025],[80.319211,35.509254],[81.711426,35.245653],[82.784591,35.684541],[83.09868,35.412774],[84.133191,35.377531],[85.929928,35.761693],[86.459405,36.219443],[88.828098,36.373672],[89.677813,36.081958],[89.435141,35.987804],[89.788763,35.826857],[89.45483,35.212838],[89.825246,34.84609],[89.636731,34.093371],[90.3232,33.288718],[91.361587,33.336958],[92.221379,32.744978],[93.510396,32.516103],[94.582217,32.672192],[95.382116,32.170052],[95.497096,31.741655],[96.167288,31.548049],[96.182636,31.871156],[96.737382,31.679798],[96.754126,31.973837],[97.25487,32.075794],[97.360859,32.500187],[98.205768,32.355648],[98.884952,31.354081],[98.611377,31.25618],[98.954301,30.747865],[99.108814,29.223772],[98.94562,28.842012],[98.66481,28.974175],[98.575823,28.317548],[98.099453,28.140021],[97.599242,28.517045],[97.322515,28.217994],[96.319837,28.386511],[96.580906,28.763671],[96.435695,29.050682],[96.137161,28.922602],[96.355804,29.249068],[96.035306,29.447143],[95.389248,29.037401],[94.62299,29.312423],[91.977673,27.730349],[89.981102,28.311192],[88.89135,27.316059],[88.621082,28.091826],[87.62259,27.815202],[86.614434,28.103014],[85.994576,27.910416],[82.043396,30.32678],[81.417129,30.337606],[81.110326,30.036797],[79.107141,31.402657],[78.757808,31.302482],[78.391732,32.544732],[78.99769,32.365157],[79.499106,32.73007],[79.355084,33.16981],[78.801836,33.499713],[78.947317,34.335972]],[[88.89135,27.316059],[88.118167,27.138499],[88.108969,27.933024],[88.803706,28.006921],[88.89135,27.316059]],[[78.947317,34.335972],[78.281971,34.653932],[78.04271,35.479798],[76.17781,35.810528],[75.84026,36.649701],[74.376163,37.137372],[75.118805,37.385677],[74.83598,38.404323],[73.801625,38.606894],[73.631661,39.448859],[73.991587,40.043138],[74.835102,40.482594],[75.555575,40.625195],[75.677169,40.305809],[76.318525,40.352266],[76.90774,41.024189],[78.123428,41.075633],[78.742615,41.560048],[80.235134,42.043481],[80.165009,42.66551],[80.785746,43.161552],[80.35523,44.097283],[80.481527,44.714635],[79.871849,44.883772],[81.692048,45.349377],[82.521454,45.125489],[82.61163,45.424256],[82.315214,45.594943],[83.029434,47.185957],[84.786174,46.830734],[85.484788,47.06351],[85.692217,48.311832],[86.549425,48.528614],[86.885994,49.09057],[87.814328,49.162354],[87.979726,48.555124],[90.31333,47.676186],[91.028894,46.566073],[90.661836,45.525232],[90.877275,45.196105],[93.516235,44.944466],[95.350284,44.278073],[96.342471,42.849323],[95.863947,41.855017],[94.580925,41.585214],[93.577472,40.587962],[92.925884,40.422908],[92.935961,39.152856],[90.150911,38.432797],[90.436475,37.778573],[91.316318,37.118975],[90.688139,36.698484],[91.111318,36.073922],[88.000086,36.428371],[86.459405,36.219443],[85.929928,35.761693],[84.133191,35.377531],[83.09868,35.412774],[82.784591,35.684541],[81.711426,35.245653],[80.319211,35.509254],[79.793972,34.431025],[78.947317,34.335972]],[[110.970703,19.883301],[110.45127,18.747949],[110.020215,18.41626],[109.519336,18.218262],[108.701563,18.535254],[108.665527,19.304102],[109.263477,19.882666],[110.651758,20.137744],[110.970703,19.883301]],[[107.657646,37.852935],[107.317202,37.590186],[107.285472,37.068461],[106.644065,37.181658],[106.439994,36.514774],[106.94477,36.076946],[106.913402,35.788824],[106.429297,35.699449],[106.377776,35.260665],[105.431839,35.756422],[105.321665,36.780727],[104.689507,37.411929],[104.358519,37.401232],[105.788096,37.805057],[105.896617,38.736189],[106.614092,39.358321],[106.977843,39.035602],[106.470122,38.290686],[107.657646,37.852935]],[[107.285472,37.068461],[107.509438,37.764284],[108.764349,37.681886],[108.986351,38.335206],[110.109176,39.428395],[110.684852,39.264374],[111.137072,39.56495],[110.899412,38.545451],[110.511219,38.20219],[110.788773,37.561429],[110.389469,37.021952],[110.619843,35.597259],[110.237437,34.80139],[111.015581,33.374449],[110.711258,33.108109],[109.515672,33.237067],[110.168294,32.62235],[109.579441,32.541218],[109.593962,31.737598],[108.479405,32.25028],[107.960057,32.158347],[107.065331,32.708314],[105.568265,32.730457],[105.910569,33.031731],[105.832435,33.497542],[106.55947,33.598621],[106.673623,34.384672],[106.317728,34.583342],[106.491206,35.03011],[107.710046,34.951407],[107.741672,35.318361],[108.617226,35.392827],[108.70368,36.35897],[107.285472,37.068461]],[[110.336036,34.615846],[110.619843,35.597259],[110.389469,37.021952],[110.788773,37.561429],[110.511219,38.20219],[110.899412,38.545451],[111.110045,39.385193],[111.921469,39.688844],[112.399217,40.288342],[113.518322,40.343739],[114.154097,40.742578],[114.450306,40.293768],[113.935919,40.015723],[114.540947,39.531231],[113.534497,38.537286],[114.100405,37.69819],[113.776032,36.890617],[113.453933,36.736621],[113.721049,36.355869],[113.609944,35.646067],[110.336036,34.615846]],[[113.902381,29.06634],[113.654903,29.124037],[113.519511,29.841667],[113.145683,29.472077],[112.886164,29.791774],[112.363095,29.572175],[110.741851,30.096174],[110.361667,29.650103],[109.472212,29.56817],[109.206595,29.104244],[108.61304,29.858023],[108.446849,29.735782],[108.433206,30.487287],[110.127676,30.906408],[110.146745,31.331111],[109.593962,31.737598],[109.487405,32.335934],[110.154961,32.729579],[109.515672,33.237067],[110.974601,33.266471],[111.531622,32.611085],[112.285787,32.350635],[113.729213,32.419262],[113.971989,31.746564],[115.12856,31.594532],[116.035998,30.988884],[115.767849,30.688153],[116.147257,29.788776],[115.486212,29.864276],[113.902381,29.06634]],[[109.206595,29.104244],[109.472212,29.56817],[110.361667,29.650103],[110.741851,30.096174],[112.363095,29.572175],[112.886164,29.791774],[113.145683,29.472077],[113.519511,29.841667],[113.654903,29.124037],[114.226858,28.408964],[113.562092,27.590564],[114.085057,26.577499],[113.939485,26.209434],[114.213525,26.169772],[113.927548,25.448111],[113.217462,25.505575],[112.917377,25.324863],[112.988897,24.963929],[112.213957,25.200374],[112.144762,24.793552],[111.516945,24.642656],[111.426925,25.106194],[110.954602,25.025346],[111.411267,25.802611],[111.251897,26.279714],[109.456709,26.03885],[109.294032,26.727309],[109.499187,27.062483],[108.791324,27.083128],[109.447253,27.650018],[109.206595,29.104244]],[[105.498553,32.907397],[105.633274,32.707461],[106.082342,32.873523],[106.228948,32.591964],[107.065331,32.708314],[107.960057,32.158347],[108.479405,32.25028],[108.26779,31.972907],[108.516198,31.708272],[107.03293,30.057856],[105.791713,30.423363],[105.557206,30.147592],[105.709961,29.867505],[105.314843,29.469597],[106.382427,28.572494],[105.984415,28.753542],[105.667225,28.318298],[106.345375,27.834942],[105.296963,27.721745],[105.055738,28.088131],[104.604758,27.845846],[104.333818,28.046738],[104.414227,28.640113],[103.836691,28.604921],[103.880306,28.325739],[102.889462,27.291487],[103.003253,26.400353],[101.849525,26.034845],[100.660916,27.875095],[100.349152,27.74673],[100.058833,28.066142],[100.143066,28.341578],[99.704747,28.844648],[99.38151,28.184533],[99.162557,28.438161],[98.954301,30.747865],[98.611377,31.25618],[98.884952,31.354081],[98.205768,32.355648],[97.430673,32.70033],[97.724299,33.406127],[97.383545,33.869871],[98.457949,33.840105],[98.852085,33.174875],[99.698545,32.744617],[100.046896,32.935484],[100.531208,32.403397],[100.697089,32.685731],[101.170807,32.688341],[101.164141,33.128082],[101.643646,33.127772],[101.77754,33.530047],[101.863685,33.12263],[102.481838,33.465038],[102.171211,33.941753],[102.930596,34.295581],[103.271971,33.765174],[104.156309,33.62402],[104.288859,32.847892],[104.558404,32.688341],[105.146792,32.608346],[105.498553,32.907397]],[[98.099453,28.140021],[98.575823,28.317548],[98.66481,28.974175],[98.94562,28.842012],[99.108814,29.223772],[99.274747,28.277318],[99.704747,28.844648],[100.143066,28.341578],[100.058833,28.066142],[100.349152,27.74673],[100.660916,27.875095],[101.849525,26.034845],[102.951422,26.345136],[102.889462,27.291487],[103.880306,28.325739],[103.836691,28.604921],[104.414227,28.640113],[104.375366,27.961679],[105.282391,28.000746],[105.197383,27.398638],[103.911311,27.39037],[103.596447,27.076074],[103.829249,26.547114],[104.429884,26.71253],[104.675503,26.379269],[104.306223,25.664765],[104.719738,25.210942],[104.599176,24.402516],[105.970772,24.087729],[106.128127,23.540656],[103.941491,22.540072],[103.620218,22.782046],[102.981963,22.448268],[102.470883,22.750911],[102.127441,22.379203],[101.707518,22.486586],[101.52448,22.253655],[101.728086,21.156383],[101.247908,21.197311],[101.079753,21.755856],[100.147614,21.480524],[99.917705,22.02801],[99.173409,22.153325],[99.507136,22.959142],[98.863764,23.191246],[98.835084,24.121215],[97.564567,23.911047],[97.819487,25.251844],[98.656283,25.863564],[98.651167,27.572452],[98.298838,27.550102],[98.099453,28.140021]],[[116.875636,39.686467],[116.744223,39.959008],[117.239077,40.092618],[117.152777,39.618409],[116.875636,39.686467]],[[117.557813,38.625146],[117.779819,38.164441],[115.97502,37.321702],[115.275734,36.474208],[115.349683,36.082191],[113.535117,36.483381],[113.453933,36.736621],[113.776032,36.890617],[114.100405,37.69819],[113.534497,38.537286],[114.540947,39.531231],[113.935919,40.015723],[114.450306,40.293768],[113.880677,41.0993],[114.255693,41.860081],[114.804858,42.178408],[114.888988,41.610044],[115.225866,41.585834],[116.858118,42.019503],[116.887109,42.395371],[117.742612,42.591096],[118.267851,42.073866],[118.370274,41.313964],[119.230997,41.273398],[118.854689,40.820609],[119.563689,40.540058],[119.849388,39.987123],[118.912305,39.166406],[118.009539,39.2204],[117.533116,39.750416],[117.749743,40.063472],[117.184145,40.49727],[117.428523,40.669042],[116.652653,41.03101],[115.728161,40.539593],[115.945202,40.293717],[115.427094,39.962574],[115.463423,39.643214],[116.793419,39.602312],[116.71084,38.820525],[117.557813,38.625146]],[[115.374023,31.41754],[113.971989,31.746564],[113.729213,32.419262],[112.285787,32.350635],[111.531622,32.611085],[110.336036,34.615846],[113.491295,35.52548],[113.721049,36.355869],[115.460322,36.157871],[115.317644,35.791511],[116.077287,36.10312],[114.834211,35.016183],[115.541713,34.577528],[116.151288,34.566728],[116.64118,33.953225],[116.182035,33.71833],[115.653644,34.048413],[115.63473,33.591826],[114.886559,33.083407],[115.199305,32.591473],[115.888462,32.393863],[115.901329,31.794494],[115.374023,31.41754]],[[125.708515,40.852873],[124.105762,39.841016],[123.032227,39.673535],[121.163574,38.731641],[121.818457,39.386523],[121.26748,39.544678],[122.263867,40.500195],[121.834863,40.974268],[121.174512,40.90127],[119.849388,39.987123],[119.563689,40.540058],[118.854689,40.820609],[119.361635,41.374994],[119.335745,42.289409],[119.821451,42.208613],[120.107584,41.706524],[121.368851,42.49999],[123.131275,42.826378],[123.748705,43.472282],[124.519563,42.871673],[124.888429,43.086724],[125.480538,42.151433],[125.306285,41.680376],[125.737679,41.245235],[125.708515,40.852873]],[[117.838935,38.274344],[118.940039,38.042773],[118.952637,37.331152],[119.287402,37.138281],[119.760547,37.155078],[120.75,37.833936],[122.666992,37.402832],[122.340918,36.832227],[120.81084,36.632812],[120.637891,36.129932],[120.183301,36.202441],[120.284766,35.984424],[118.391048,34.443738],[117.914694,34.676953],[117.181819,34.450146],[116.827629,34.958306],[116.266888,34.576701],[115.541713,34.577528],[114.834211,35.016183],[116.033672,35.965815],[115.317644,35.791511],[115.275734,36.474208],[115.97502,37.321702],[116.743913,37.799295],[117.420616,37.846682],[117.838935,38.274344]],[[118.009539,39.2204],[117.271323,38.559249],[116.68061,38.915945],[116.793419,39.602312],[117.152777,39.618409],[117.356796,40.257026],[117.749743,40.063472],[117.533116,39.750416],[118.009539,39.2204]],[[113.927548,25.448111],[114.213525,26.169772],[113.939485,26.209434],[114.085057,26.577499],[113.562092,27.590564],[114.226858,28.408964],[113.902381,29.06634],[115.486212,29.864276],[116.236192,29.781335],[116.650482,30.050673],[116.886799,29.920422],[116.748564,29.544864],[117.125182,29.910552],[118.113442,29.518664],[118.367793,28.099706],[117.284242,27.857034],[117.040123,27.109534],[116.545269,26.867869],[116.594465,26.395082],[116.027574,25.636368],[115.799216,24.572738],[115.420583,24.78456],[114.424882,24.49959],[114.192338,24.695263],[114.706932,25.289568],[113.927548,25.448111]],[[119.295127,35.070838],[119.200977,34.748437],[120.266699,34.274023],[120.853223,32.661377],[121.856348,31.816455],[120.520117,32.105859],[120.035937,31.936279],[120.715527,31.98374],[121.350977,31.485352],[120.490971,30.763704],[119.931936,31.150037],[118.755728,31.280804],[118.860477,31.627372],[118.35198,31.946681],[118.684053,32.339241],[118.551813,32.574446],[119.080515,32.446082],[119.109505,32.833888],[118.299684,32.777405],[118.218035,33.179913],[117.931851,33.235129],[118.123674,33.766001],[117.752224,33.72435],[116.377217,34.63954],[116.827629,34.958306],[117.181819,34.450146],[117.914694,34.676953],[118.165429,34.399244],[118.866781,35.036311],[119.295127,35.070838]],[[121.350977,31.485352],[121.87793,30.916992],[121.277609,30.685054],[120.882989,31.140038],[121.350977,31.485352]],[[121.576563,31.637305],[121.862695,31.492285],[121.211133,31.805371],[121.576563,31.637305]],[[121.205469,28.204395],[121.205469,28.204395]],[[121.277609,30.685054],[120.194629,30.241309],[121.258008,30.304102],[122.08291,29.870361],[121.50625,29.48457],[121.968359,29.490625],[121.917773,29.13501],[121.447656,29.131348],[121.679688,28.953125],[121.609961,28.292139],[120.747656,28.009961],[120.423805,27.202522],[119.770085,27.315878],[119.615831,27.665573],[119.005274,27.480054],[118.051999,29.275319],[118.723741,29.730201],[118.881095,30.324351],[119.362875,30.404475],[119.629784,31.13288],[120.490971,30.763704],[120.969185,31.009451],[121.277609,30.685054]],[[122.401563,29.950244],[122.401563,29.950244]],[[122.284473,30.068018],[121.969434,30.143115],[122.284473,30.068018]],[[122.119629,29.782227],[122.119629,29.782227]],[[131.245073,43.466681],[131.068569,42.902265],[130.452741,42.755427],[130.526948,42.535388],[129.898252,42.998151],[129.6978,42.448133],[128.923428,42.03821],[128.045239,41.987515],[128.149419,41.387732],[126.9035,41.781068],[125.708515,40.852873],[125.737679,41.245235],[125.306285,41.680376],[125.480538,42.151433],[124.888429,43.086724],[124.519563,42.871673],[124.281851,43.225992],[123.378134,43.453162],[123.522156,43.696971],[123.123782,44.49439],[122.254068,44.24593],[122.010775,45.118332],[122.234017,45.287055],[121.666403,45.715763],[121.773684,46.010344],[122.646964,45.725065],[122.798737,46.089332],[123.919393,46.272344],[124.395591,45.45149],[125.698715,45.510917],[126.150471,45.141173],[126.952696,45.134196],[127.04499,44.598234],[127.559274,44.573791],[127.744379,44.08563],[128.358708,44.501677],[128.882862,43.556153],[129.912929,44.021603],[131.245073,43.466681]],[[97.205674,42.789792],[101.495283,42.538747],[102.15669,42.158099],[103.711117,41.751302],[104.498252,41.876979],[104.498252,41.658698],[104.982047,41.595523],[106.770052,42.288737],[109.44317,42.455962],[111.933147,43.711441],[111.402224,44.367266],[111.898007,45.064046],[113.587,44.745719],[114.560171,45.389995],[115.681032,45.458259],[116.562581,46.28981],[117.438134,46.586252],[119.867237,46.67219],[119.711174,47.149991],[118.49838,47.983996],[117.768398,47.987872],[117.350801,47.652182],[116.760553,47.869792],[115.898228,47.686935],[115.525073,48.130861],[116.683297,49.823781],[117.873457,49.51349],[119.259832,50.066402],[119.163714,50.406019],[120.749819,52.09651],[120.656129,52.566663],[120.04428,52.718229],[120.704085,53.171845],[121.607182,53.24073],[121.800194,53.023586],[121.173927,52.594981],[122.730731,52.248904],[122.714453,51.701677],[123.088125,51.312475],[124.350787,51.278627],[125.127536,51.615739],[126.056265,50.980274],[125.264427,50.105727],[125.222879,49.220045],[124.863934,49.175397],[124.520493,48.12869],[124.23405,48.530836],[122.405221,47.331685],[122.996245,46.840294],[123.608714,46.774639],[123.019706,46.612349],[123.068902,46.108659],[122.646964,45.725065],[121.773684,46.010344],[121.666403,45.715763],[122.234017,45.287055],[122.010775,45.118332],[122.254068,44.24593],[123.123782,44.49439],[123.611969,43.08135],[121.368851,42.49999],[120.107584,41.706524],[119.821451,42.208613],[119.335745,42.289409],[119.230997,41.273398],[118.370274,41.313964],[118.267851,42.073866],[117.742612,42.591096],[116.887109,42.395371],[116.858118,42.019503],[115.225866,41.585834],[114.888988,41.610044],[114.804858,42.178408],[114.596344,42.141278],[113.927961,41.418351],[114.043768,40.487994],[112.399217,40.288342],[111.921469,39.688844],[110.684852,39.264374],[110.109176,39.428395],[108.986351,38.335206],[108.764349,37.681886],[108.038708,37.632509],[106.470122,38.290686],[106.977843,39.035602],[106.614092,39.358321],[105.896617,38.736189],[105.788096,37.805057],[104.262453,37.390328],[103.387467,37.999102],[103.471235,38.435897],[104.171554,38.959509],[104.023966,39.441107],[102.965374,39.11937],[102.39311,39.237192],[101.825496,39.064438],[102.022848,38.892717],[101.831077,38.689835],[101.31979,38.758151],[100.789538,39.407879],[99.430861,39.878806],[100.203786,40.616953],[100.011188,40.89629],[98.23481,40.541686],[98.326536,40.855672],[97.708486,41.349414],[97.846875,41.619269],[97.205674,42.789792]],[[121.405437,53.317056],[123.607784,53.546525],[125.649054,53.042267],[126.341674,52.362024],[127.59028,50.208977],[127.550799,49.801793],[129.498173,49.38882],[130.553148,48.861204],[131.002784,47.691456],[132.476286,47.714969],[134.293385,48.37343],[134.665197,48.253928],[134.752323,47.715408],[134.167656,47.302178],[133.861318,46.247772],[133.113457,45.130734],[131.851828,45.326846],[130.9817,44.844317],[131.245073,43.466681],[129.912929,44.021603],[128.882862,43.556153],[128.358708,44.501677],[127.744379,44.08563],[127.559274,44.573791],[127.04499,44.598234],[126.952696,45.134196],[126.150471,45.141173],[125.698715,45.510917],[124.395591,45.45149],[123.919393,46.272344],[122.988907,46.406573],[123.608714,46.774639],[122.996245,46.840294],[122.405221,47.331685],[124.23405,48.530836],[124.520493,48.12869],[124.863934,49.175397],[125.222879,49.220045],[125.264427,50.105727],[126.056265,50.980274],[125.127536,51.615739],[124.350787,51.278627],[123.088125,51.312475],[122.714453,51.701677],[122.730731,52.248904],[121.173927,52.594981],[121.800194,53.023586],[121.405437,53.317056]],[[95.241992,5.907031],[95.241992,5.907031]],[[97.291406,2.20083],[97.108301,2.216895],[97.291406,2.20083]],[[96.417285,2.515186],[95.717188,2.825977],[96.417285,2.515186]],[[98.086523,2.195068],[97.700781,2.358545],[96.893945,3.653711],[95.578613,4.661963],[95.227832,5.564795],[97.500195,5.22832],[97.908398,4.87998],[98.27334,4.322314],[97.783882,3.744785],[98.086523,2.195068]],[[117.547852,3.431982],[117.645801,3.247754],[117.547852,3.431982]],[[117.649102,4.168987],[117.922852,4.054297],[117.649102,4.168987]],[[114.210598,1.462906],[114.545908,1.467146],[114.78641,2.250509],[115.179047,2.523205],[115.08634,2.841119],[115.45438,3.034311],[115.67881,4.193026],[117.100636,4.337074],[117.574466,4.170581],[117.777246,3.689258],[117.055957,3.622656],[118.066602,2.317822],[117.789258,2.026855],[118.984961,0.982129],[118.534766,0.813525],[117.911621,1.098682],[117.522168,0.235889],[117.5625,-0.770898],[116.913965,-1.223633],[116.739844,-1.044238],[116.275488,-1.784863],[116.556824,-2.3587],[115.874044,-2.350657],[115.606877,-1.46668],[115.805107,-1.085256],[115.460012,-0.885992],[115.347358,0.002274],[114.967329,-0.097513],[115.057246,0.636861],[113.776394,0.558571],[114.210598,1.462906]],[[106.98882,-6.027009],[108.330176,-6.286035],[108.899414,-6.808398],[108.546894,-7.27878],[108.798983,-7.667482],[108.220508,-7.782324],[106.455273,-7.368652],[106.420771,-6.370412],[106.923892,-6.381522],[106.98882,-6.027009]],[[110.945339,-8.22118],[110.4413,-7.568943],[110.038672,-7.890527],[108.798983,-7.667482],[108.595418,-7.142096],[108.899414,-6.808398],[110.42627,-6.947266],[110.834766,-6.424219],[111.540332,-6.648242],[111.608309,-7.153982],[111.220271,-7.251392],[111.307914,-7.837816],[110.945339,-8.22118]],[[102.371777,-5.366406],[102.110742,-5.322559],[102.371777,-5.366406]],[[103.592478,-4.927274],[101.035918,-2.472667],[101.435752,-2.236246],[102.562608,-3.344085],[102.974883,-3.395606],[102.629891,-3.813669],[103.615774,-4.418025],[103.592478,-4.927274]],[[105.121387,-6.614941],[105.121387,-6.614941]],[[106.401056,-7.007245],[105.243164,-6.778027],[106.075,-5.91416],[106.729801,-6.059997],[106.739149,-6.386483],[106.420771,-6.370412],[106.401056,-7.007245]],[[106.729801,-6.059997],[106.98882,-6.027009],[106.923892,-6.381522],[106.729801,-6.059997]],[[108.877246,-1.539844],[108.877246,-1.539844]],[[109.699512,-1.007324],[109.463672,-1.277539],[109.475977,-0.985352],[109.699512,-1.007324]],[[114.210598,1.462906],[113.622915,0.310937],[113.324535,0.245205],[113.256426,-0.551387],[112.118511,-0.735355],[111.011602,-1.526108],[111.137589,-2.733011],[110.256055,-2.966113],[109.983301,-1.274805],[109.258789,-0.807422],[109.25752,0.031152],[108.944531,0.355664],[108.958594,1.134619],[109.378516,1.922705],[109.628895,2.027525],[109.65401,1.614889],[110.505741,0.861963],[111.809021,1.01167],[112.476163,1.559078],[113.622243,1.235946],[114.210598,1.462906]],[[105.831445,-4.162891],[105.74834,-5.818262],[104.639551,-5.52041],[104.601562,-5.90459],[103.592478,-4.927274],[104.297851,-4.892466],[104.309065,-4.440245],[105.309934,-3.755584],[105.831445,-4.162891]],[[104.517899,-1.728735],[104.845215,-2.092969],[104.650781,-2.595215],[105.396973,-2.380176],[106.058398,-3.217188],[105.831445,-4.162891],[105.309934,-3.755584],[104.309065,-4.440245],[104.297851,-4.892466],[103.889452,-4.9336],[103.615774,-4.418025],[102.629891,-3.813669],[102.974883,-3.395606],[102.562608,-3.344085],[102.066825,-2.782362],[103.215592,-2.185964],[103.41899,-2.393807],[103.886352,-1.794774],[104.517899,-1.728735]],[[107.432813,-2.925293],[107.432813,-2.925293]],[[106.796875,-2.898926],[106.796875,-2.898926]],[[108.215137,-2.696973],[108.167285,-3.142773],[107.614453,-3.209375],[107.666309,-2.566309],[108.215137,-2.696973]],[[106.365918,-2.464844],[106.818457,-2.57334],[106.667188,-3.071777],[105.99873,-2.824902],[105.78584,-2.181348],[105.137695,-1.972656],[105.910059,-1.50498],[106.365918,-2.464844]],[[115.480469,-8.71543],[115.480469,-8.71543]],[[115.549414,-8.208301],[115.704297,-8.407129],[115.144922,-8.849023],[114.467578,-8.166309],[115.549414,-8.208301]],[[112.586035,-5.803613],[112.586035,-5.803613]],[[113.067383,-6.87998],[114.083008,-6.989355],[112.76377,-7.139648],[113.067383,-6.87998]],[[114.298828,-7.097559],[114.298828,-7.097559]],[[111.676099,-6.730133],[112.539258,-6.926465],[113.013574,-7.657715],[114.382715,-7.771094],[114.583789,-8.769629],[113.25332,-8.286719],[110.945339,-8.22118],[111.676099,-6.730133]],[[116.326563,-3.539062],[116.326563,-3.539062]],[[116.282031,-3.534766],[116.093359,-4.054102],[116.269727,-3.251074],[116.282031,-3.534766]],[[116.556824,-2.3587],[115.956152,-3.59502],[114.652539,-4.151855],[114.525586,-3.37666],[114.315926,-3.419863],[114.904801,-2.262549],[115.330149,-2.037085],[115.426629,-1.434486],[115.68005,-1.360899],[115.874044,-2.350657],[116.556824,-2.3587]],[[123.010547,-8.44834],[122.887793,-8.587305],[123.010547,-8.44834]],[[123.21709,-8.235449],[123.025,-8.395508],[123.21709,-8.235449]],[[119.470508,-8.455664],[119.424902,-8.750488],[119.470508,-8.455664]],[[124.752246,-8.15957],[125.131738,-8.326465],[124.355566,-8.385938],[124.752246,-8.15957]],[[124.239551,-8.203418],[124.14668,-8.531445],[123.927734,-8.448926],[124.239551,-8.203418]],[[123.339648,-10.48623],[122.826172,-10.899121],[123.339648,-10.48623]],[[121.796289,-10.507422],[121.99834,-10.446973],[121.796289,-10.507422]],[[123.395312,-10.171387],[123.325977,-10.3375],[123.395312,-10.171387]],[[120.700391,-9.903125],[120.804199,-10.108496],[120.43916,-10.294043],[118.958789,-9.519336],[119.94209,-9.301465],[120.700391,-9.903125]],[[122.97832,-8.151953],[122.82002,-8.595703],[121.651367,-8.89873],[119.80791,-8.697656],[119.874805,-8.419824],[120.610254,-8.24043],[122.323242,-8.62832],[122.97832,-8.151953]],[[124.036404,-9.341633],[125.148982,-9.042549],[124.708398,-9.91416],[123.747266,-10.347168],[123.589258,-9.966797],[124.036404,-9.341633]],[[120.633398,-7.018262],[120.633398,-7.018262]],[[120.477344,-5.775293],[120.487305,-6.464844],[120.477344,-5.775293]],[[121.067795,-2.917628],[120.765039,-2.641602],[120.261035,-2.949316],[120.430371,-5.591016],[119.557422,-5.611035],[119.411916,-3.214687],[119.78564,-2.695029],[119.646268,-2.176404],[120.447615,-1.866242],[121.787378,-2.670121],[121.475252,-3.019764],[121.067795,-2.917628]],[[119.46748,-3.512988],[118.922168,-3.482715],[118.783301,-2.720801],[119.135352,-2.382324],[119.566263,-0.835295],[119.494495,-1.329324],[119.87349,-1.955384],[119.46748,-3.512988]],[[106.214551,3.128564],[106.214551,3.128564]],[[105.730664,3.036963],[105.730664,3.036963]],[[108.786523,2.885645],[108.786523,2.885645]],[[108.392871,3.986182],[108.100391,3.704541],[108.003516,4.042578],[108.24834,4.217139],[108.392871,3.986182]],[[104.843164,-0.140625],[105.005371,-0.282813],[104.44707,-0.18916],[104.542676,0.017725],[104.843164,-0.140625]],[[104.363574,-0.402832],[104.590137,-0.466602],[104.363184,-0.658594],[104.363574,-0.402832]],[[104.170508,0.896729],[104.170508,0.896729]],[[104.543848,0.223291],[104.698145,0.034668],[104.543848,0.223291]],[[103.751953,0.891357],[103.751953,0.891357]],[[104.024805,1.180566],[104.066113,0.989551],[104.024805,1.180566]],[[103.37998,1.133643],[103.37998,1.133643]],[[103.386133,0.86958],[103.429688,0.650879],[103.386133,0.86958]],[[122.197233,1.027605],[123.074745,0.941263],[123.457047,0.305854],[121.160439,0.686057],[122.197233,1.027605]],[[103.524649,-0.739343],[104.360547,-1.038379],[104.517899,-1.728735],[103.535004,-1.967942],[103.41899,-2.393807],[103.215592,-2.185964],[102.486851,-2.729911],[101.900426,-2.740143],[101.335603,-2.296965],[101.113911,-1.704909],[101.675324,-1.499856],[101.769788,-1.038231],[103.524649,-0.739343]],[[114.315926,-3.419863],[114.344336,-3.235156],[113.705078,-3.455273],[113.033984,-2.933496],[112.758008,-3.322168],[111.858105,-3.551855],[111.694727,-2.889453],[110.86875,-3.04873],[111.137589,-2.733011],[110.920341,-1.613235],[112.118511,-0.735355],[113.256426,-0.551387],[113.324535,0.245205],[113.776394,0.558571],[114.976476,0.735201],[114.967329,-0.097513],[115.347358,0.002274],[115.415157,-0.773906],[115.802007,-1.294443],[115.426629,-1.434486],[115.330149,-2.037085],[114.904801,-2.262549],[114.315926,-3.419863]],[[130.615918,-0.417285],[130.615918,-0.417285]],[[131.276855,-0.149805],[131.005371,-0.360742],[130.622168,-0.085938],[130.750195,-0.443848],[130.236621,-0.209668],[131.276855,-0.149805]],[[131.033008,-0.917578],[130.845117,-1.317285],[130.672949,-0.959766],[131.033008,-0.917578]],[[130.807031,-0.765039],[130.402441,-0.923926],[130.807031,-0.765039]],[[133.464355,-4.199805],[133.621875,-4.299316],[133.464355,-4.199805]],[[130.425,-1.80459],[130.133496,-2.063867],[129.737695,-1.866895],[130.425,-1.80459]],[[134.350781,-2.036914],[134.350781,-2.036914]],[[134.869251,-4.261947],[134.679688,-4.079102],[134.886523,-3.938477],[134.266211,-3.945801],[133.723047,-3.57793],[133.767383,-3.044336],[133.400879,-3.899023],[132.914453,-4.056934],[132.751367,-3.294629],[131.971191,-2.788574],[132.725,-2.789062],[133.191016,-2.437793],[133.700098,-2.624609],[133.921582,-2.102051],[132.307617,-2.242285],[131.930371,-1.559668],[130.995898,-1.424707],[131.257227,-0.855469],[132.508008,-0.347461],[134.111523,-0.846777],[134.155664,-2.195215],[134.679266,-2.835502],[134.258348,-3.399482],[135.265108,-3.759977],[134.869251,-4.261947]],[[97.786426,1.145898],[97.82041,0.564453],[97.079199,1.425488],[97.355957,1.539746],[97.786426,1.145898]],[[98.41543,-0.017529],[98.399707,-0.576855],[98.41543,-0.017529]],[[99.199298,0.30814],[98.702539,1.701953],[98.086523,2.195068],[97.783882,3.744785],[98.188405,4.294777],[100.299625,2.474247],[100.440877,1.598714],[100.070977,1.358729],[100.1734,0.757577],[99.710483,0.848889],[99.908197,0.503587],[99.199298,0.30814]],[[103.067578,1.014746],[103.137207,0.84165],[102.725586,1.158838],[103.067578,1.014746]],[[103.238184,0.698633],[103.238184,0.698633]],[[102.491895,1.45918],[102.024023,1.607959],[102.491895,1.45918]],[[102.780078,0.959375],[103.008789,0.708105],[102.453906,0.889502],[102.549219,1.130225],[102.780078,0.959375]],[[101.640723,2.126709],[101.719434,1.78916],[101.500781,1.733203],[101.409668,2.02168],[101.640723,2.126709]],[[102.276465,1.395264],[102.380859,0.959766],[102.276465,1.395264]],[[103.610938,-0.230566],[103.461328,-0.357617],[103.610938,-0.230566]],[[103.524649,-0.739343],[102.804351,-0.792975],[102.541214,-1.084946],[101.235971,-0.702592],[100.790003,-0.205724],[100.847157,0.185984],[100.162961,0.648385],[100.070977,1.358729],[100.440877,1.598714],[100.299625,2.474247],[100.887891,1.948242],[100.828223,2.242578],[101.046191,2.257471],[102.389941,0.841992],[103.031836,0.578906],[102.55,0.216455],[103.578711,0.387061],[103.786719,0.046973],[103.411621,-0.24043],[103.524649,-0.739343]],[[125.585645,3.571094],[125.468848,3.733252],[125.585645,3.571094]],[[125.39082,2.805371],[125.39082,2.805371]],[[126.6375,4.041943],[126.721777,3.83252],[126.6375,4.041943]],[[126.799609,3.783887],[126.799609,3.783887]],[[126.865137,4.479834],[126.71123,4.020264],[126.865137,4.479834]],[[123.074745,0.941263],[123.930762,0.850439],[124.989258,1.701025],[125.233789,1.502295],[124.216797,0.380371],[123.457047,0.305854],[123.074745,0.941263]],[[127.804297,-0.694434],[127.462695,-0.805957],[127.325098,-0.33584],[127.804297,-0.694434]],[[127.905078,-1.439063],[128.153027,-1.660547],[127.392188,-1.644824],[127.591797,-1.350781],[127.905078,-1.439063]],[[127.280566,-0.391016],[127.119141,-0.520508],[127.126465,-0.278613],[127.280566,-0.391016]],[[127.258203,-0.623438],[127.289062,-0.801563],[127.258203,-0.623438]],[[127.431348,0.142578],[127.448633,-0.036621],[127.431348,0.142578]],[[127.419727,0.64209],[127.419727,0.64209]],[[129.308789,0.04541],[129.548926,-0.187012],[129.308789,0.04541]],[[128.602148,2.597607],[128.623242,2.224414],[128.295898,2.034717],[128.217969,2.297461],[128.602148,2.597607]],[[125.187891,-1.712891],[125.314063,-1.877148],[124.329688,-1.858887],[124.483008,-1.644336],[125.187891,-1.712891]],[[125.975977,-2.168066],[126.037891,-2.469434],[125.922754,-1.974805],[125.975977,-2.168066]],[[126.024219,-1.789746],[126.331738,-1.822852],[125.387207,-1.843066],[126.024219,-1.789746]],[[127.372656,0.791309],[127.372656,0.791309]],[[127.687402,-0.079932],[127.420313,1.251953],[128.036426,2.199023],[128.011719,1.331738],[127.634375,0.936133],[127.881055,0.832129],[128.222461,1.400635],[128.688379,1.572559],[128.702637,1.106396],[128.260645,0.733789],[128.899609,0.21626],[127.924414,0.438086],[127.977832,-0.24834],[128.425488,-0.892676],[127.687402,-0.079932]],[[100.464258,-3.116895],[100.465137,-3.328516],[100.198535,-2.785547],[100.464258,-3.116895]],[[99.130664,-1.442383],[99.271484,-1.738477],[99.071777,-1.783496],[98.676074,-0.970508],[98.932617,-0.954004],[99.130664,-1.442383]],[[100.011914,-2.510254],[100.132715,-2.821387],[100.011914,-2.510254]],[[99.734766,-2.177734],[99.847852,-2.369727],[99.572168,-2.025781],[99.734766,-2.177734]],[[101.035918,-2.472667],[100.308203,-0.82666],[99.199298,0.30814],[99.908197,0.503587],[99.710483,0.848889],[100.847157,0.185984],[100.855839,-0.322254],[101.840999,-1.166233],[101.475698,-1.702118],[101.113911,-1.704909],[101.335603,-2.296965],[101.035918,-2.472667]],[[110.843016,-8.204097],[110.038672,-7.890527],[110.136513,-7.676792],[110.4413,-7.568943],[110.843016,-8.204097]],[[127.834277,-3.004395],[127.834277,-3.004395]],[[127.554492,-3.254297],[127.554492,-3.254297]],[[134.795313,-6.393066],[134.795313,-6.393066]],[[134.629102,-6.712793],[134.629102,-6.712793]],[[126.726367,-7.662207],[126.47207,-7.950391],[125.798242,-7.98457],[125.975293,-7.663379],[126.726367,-7.662207]],[[127.998438,-8.139063],[127.78623,-8.120313],[127.998438,-8.139063]],[[127.370703,-7.512793],[127.370703,-7.512793]],[[129.655469,-7.794824],[129.779785,-8.046484],[129.655469,-7.794824]],[[128.627734,-7.06875],[128.627734,-7.06875]],[[131.020117,-8.091309],[130.775195,-8.349902],[131.020117,-8.091309]],[[131.700781,-7.140234],[131.624414,-7.626172],[131.11377,-7.997363],[131.700781,-7.140234]],[[134.679102,-6.456055],[134.679102,-6.456055]],[[128.666504,-3.516699],[128.666504,-3.516699]],[[128.451563,-3.514746],[128.451563,-3.514746]],[[133.008789,-5.621387],[133.138477,-5.317871],[132.84502,-5.987988],[133.008789,-5.621387]],[[132.737793,-5.661719],[132.746289,-5.94707],[132.737793,-5.661719]],[[134.744434,-6.202344],[134.441113,-6.334863],[134.154883,-6.062891],[134.506445,-5.438477],[134.744434,-6.202344]],[[134.52041,-6.512695],[134.09082,-6.833789],[134.114648,-6.19082],[134.52041,-6.512695]],[[131.922266,-7.104492],[131.922266,-7.104492]],[[127.163477,-3.338086],[127.22959,-3.633008],[126.686328,-3.823633],[126.17832,-3.579395],[126.026465,-3.170508],[126.808301,-3.069141],[127.163477,-3.338086]],[[130.773438,-3.41875],[130.805078,-3.857715],[129.844141,-3.327148],[128.8625,-3.234961],[128.516602,-3.449121],[128.132031,-3.157422],[127.92041,-3.506055],[127.87793,-3.22207],[128.198535,-2.865918],[129.48418,-2.785742],[130.379102,-2.989355],[130.773438,-3.41875]],[[117.546094,-8.151953],[117.533594,-8.367969],[117.546094,-8.151953]],[[119.036621,-8.157813],[119.036621,-8.157813]],[[116.401563,-8.204199],[116.734082,-8.386914],[116.586523,-8.886133],[115.874609,-8.825586],[116.401563,-8.204199]],[[119.043848,-8.456738],[118.832617,-8.833398],[118.378906,-8.674609],[117.061328,-9.099023],[116.767969,-8.955469],[116.835059,-8.532422],[117.164844,-8.367188],[118.205957,-8.652148],[117.766406,-8.279004],[117.920996,-8.089063],[119.043848,-8.456738]],[[124.022949,-5.902148],[124.022949,-5.902148]],[[123.550098,-5.331836],[123.550098,-5.331836]],[[123.051465,-5.156445],[123.187305,-5.333008],[122.64502,-5.663379],[123.074609,-4.386914],[123.051465,-5.156445]],[[122.739746,-4.675],[122.619336,-5.33584],[122.307031,-5.380957],[122.368945,-4.767188],[122.739746,-4.675]],[[122.041016,-5.158789],[121.97959,-5.464746],[121.808496,-5.256152],[122.041016,-5.158789]],[[122.969043,-4.02998],[123.242383,-4.112988],[122.969043,-4.02998]],[[122.348931,-3.246363],[122.25293,-3.62041],[122.897363,-4.349121],[122.114258,-4.540234],[122.038086,-4.832422],[121.588672,-4.75957],[121.618066,-4.092676],[120.891797,-3.520605],[121.067795,-2.917628],[122.348931,-3.246363]],[[123.548535,-1.508203],[123.528613,-1.71084],[123.548535,-1.508203]],[[121.797363,-0.417676],[121.797363,-0.417676]],[[123.434766,-1.236816],[123.44873,-1.498828],[123.172949,-1.616016],[123.150391,-1.304492],[122.858496,-1.548242],[122.908008,-1.182227],[123.434766,-1.236816]],[[123.070898,-1.854883],[123.070898,-1.854883]],[[123.783496,-1.87832],[123.783496,-1.87832]],[[119.566263,-0.835295],[119.844336,-0.861914],[119.721875,-0.088477],[120.056445,0.692529],[121.081738,1.327637],[122.197233,1.027605],[121.30317,0.8261],[121.3334,0.482935],[120.459961,0.510303],[120.192285,0.268506],[120.062891,-0.555566],[120.667383,-1.370117],[121.148535,-1.339453],[121.575586,-0.828516],[123.171484,-0.570703],[123.43418,-0.778223],[121.355469,-1.878223],[122.348931,-3.246363],[121.598036,-2.972841],[121.742006,-2.610073],[120.447615,-1.866242],[119.87349,-1.955384],[119.494495,-1.329324],[119.566263,-0.835295]],[[138.796191,-8.173633],[138.895117,-8.388672],[138.594238,-8.371484],[138.796191,-8.173633]],[[136.718555,-1.733984],[136.892578,-1.799707],[136.228125,-1.893652],[135.469727,-1.616211],[136.718555,-1.733984]],[[134.956738,-1.030566],[134.956738,-1.030566]],[[136.282617,-1.064648],[135.915039,-1.178418],[135.383008,-0.651367],[136.282617,-1.064648]],[[138.769824,-7.39043],[138.989063,-7.696094],[138.785938,-8.059082],[138.296289,-8.405176],[137.650391,-8.386133],[138.081836,-7.566211],[138.769824,-7.39043]],[[134.869251,-4.261947],[135.265108,-3.759977],[134.258348,-3.399482],[134.445365,-3.023898],[134.679266,-2.835502],[135.037402,-3.333105],[135.486621,-3.345117],[136.389941,-2.27334],[137.07207,-2.105078],[137.80625,-1.483203],[140.973496,-2.609785],[140.976172,-9.118734],[140.00293,-8.195508],[140.116992,-7.92373],[138.890625,-8.237793],[139.087988,-7.587207],[138.747949,-7.251465],[139.176855,-7.19043],[138.601367,-6.936523],[138.864551,-6.858398],[138.199609,-5.807031],[138.339648,-5.675684],[137.279785,-4.94541],[134.869251,-4.261947]],[[77.446467,15.95298],[77.53318,16.361043],[77.257435,16.449358],[77.599326,17.486917],[77.502588,18.381591],[78.321762,19.863258],[79.197731,19.461883],[79.795781,19.594101],[80.001866,18.785624],[80.583433,18.541375],[81.044904,17.776073],[81.758969,17.908933],[81.408339,17.370643],[80.501756,17.10797],[80.506146,16.792487],[80.220451,17.033251],[78.839447,16.066718],[77.446467,15.95298]],[[77.799365,35.495922],[78.04271,35.479798],[78.32693,34.606389],[78.970095,34.302609],[78.731763,34.055544],[78.801836,33.499713],[79.355084,33.16981],[79.499106,32.73007],[79.06704,32.388178],[78.270396,32.504166],[78.366617,32.76521],[78.008913,32.61031],[77.721075,33.012636],[77.135788,32.92675],[75.374549,34.370981],[75.347547,34.572708],[76.594426,34.735865],[77.799365,35.495922]],[[76.814567,30.789129],[76.814567,30.789129]],[[77.327404,28.519707],[76.836892,28.587222],[77.200797,28.876791],[77.327404,28.519707]],[[78.39028,32.527268],[78.993349,31.163395],[77.941114,31.172904],[77.585063,30.382926],[76.373561,31.419245],[76.158484,31.338553],[75.601618,32.068947],[75.911677,32.431354],[75.826411,32.938067],[76.558562,33.23146],[77.348695,32.867245],[77.721075,33.012636],[78.008913,32.61031],[78.366617,32.76521],[78.39028,32.527268]],[[77.200797,28.876791],[76.836892,28.587222],[77.497006,28.393254],[77.47985,27.898039],[76.973007,27.679293],[76.856632,28.228975],[75.99994,27.842745],[76.026192,28.262229],[75.391502,29.252685],[74.612841,29.332809],[74.516517,29.94719],[75.187897,29.834743],[75.234612,29.561788],[75.445762,29.806191],[75.956945,29.738624],[76.904898,30.384089],[76.905725,30.899303],[77.585063,30.382926],[77.064681,29.569513],[77.200797,28.876791]],[[75.347547,34.572708],[76.739843,33.197406],[75.826411,32.938067],[75.922632,32.617338],[75.5024,32.300587],[74.305522,32.810427],[73.98983,33.221177],[74.246507,33.990174],[73.794493,34.378238],[74.300406,34.765398],[75.347547,34.572708]],[[80.231198,13.467614],[78.736207,13.06096],[78.352768,12.641503],[78.568362,13.274823],[78.032684,13.884734],[76.958538,13.781614],[76.872962,14.137354],[77.332365,13.908169],[77.467758,14.192442],[76.908205,14.257864],[76.752866,14.565597],[76.764338,15.094118],[77.12814,15.132255],[77.034089,15.873734],[78.839447,16.066718],[79.265636,16.569607],[79.9581,16.630439],[80.220451,17.033251],[80.506146,16.792487],[80.501756,17.10797],[81.408339,17.370643],[81.758969,17.908933],[82.32989,18.044041],[82.449056,18.5221],[82.586722,18.244391],[83.0392,18.390351],[83.341404,19.004577],[83.612809,19.129789],[84.153138,18.787717],[84.769629,19.120533],[84.104102,18.292676],[82.35957,17.096191],[82.258789,16.559863],[81.286133,16.337061],[80.978711,15.75835],[80.293457,15.710742],[80.053418,15.074023],[80.231198,13.467614]],[[74.893953,12.751445],[76.38927,11.744012],[76.256255,11.478447],[76.719173,11.138726],[76.841543,10.310663],[77.276968,10.210101],[77.187671,9.612773],[77.398615,9.499963],[77.109654,8.28424],[76.553418,8.902783],[76.346484,9.922119],[74.893953,12.751445]],[[73.05332,8.256689],[73.05332,8.256689]],[[72.787891,11.215918],[72.787891,11.215918]],[[87.478635,21.608108],[86.85957,21.236719],[86.975488,20.700146],[86.279492,19.919434],[85.575,19.69292],[85.459961,19.895898],[85.162793,19.620898],[85.441602,19.626562],[84.317779,18.80924],[83.612809,19.129789],[83.0392,18.390351],[82.586722,18.244391],[82.449056,18.5221],[82.32989,18.044041],[81.39403,17.806691],[82.22447,18.921946],[81.867799,20.046658],[82.682323,19.822666],[82.341982,20.86082],[83.361041,21.33676],[83.54625,22.101623],[83.970203,22.539348],[84.310957,22.324012],[85.065537,22.5032],[84.985232,22.112785],[85.834275,21.986126],[86.039844,22.556737],[87.478635,21.608108]],[[73.166315,20.114871],[72.896667,20.221505],[73.166315,20.114871]],[[74.893953,12.751445],[74.097044,14.890286],[74.30423,15.28917],[74.100625,15.640286],[74.469594,16.109792],[74.292448,16.528371],[74.960004,16.951136],[75.616708,16.974675],[75.61309,17.471595],[76.343795,17.351861],[76.322194,17.61771],[77.301876,18.460269],[77.62134,17.986835],[77.257435,16.449358],[77.53318,16.361043],[77.483674,16.002073],[77.034089,15.873734],[77.12814,15.132255],[76.764338,15.094118],[76.752866,14.565597],[76.908205,14.257864],[77.46104,14.290136],[77.332365,13.908169],[76.872962,14.137354],[76.958538,13.781614],[78.032684,13.884734],[78.516479,13.089098],[77.609351,12.672793],[77.670846,11.971311],[76.820769,11.625596],[75.846048,11.951105],[74.893953,12.751445]],[[73.678865,15.711175],[74.226818,15.629847],[74.241185,14.956038],[73.678865,15.711175]],[[93.016016,13.336182],[92.700781,11.512549],[92.533887,11.873389],[93.062305,13.545459],[93.016016,13.336182]],[[93.017383,12.036816],[93.017383,12.036816]],[[92.679688,12.939258],[92.679688,12.939258]],[[92.510352,10.897461],[92.472656,10.520752],[92.510352,10.897461]],[[92.690039,11.463428],[92.690039,11.463428]],[[93.375488,8.01792],[93.375488,8.01792]],[[92.713281,9.204883],[92.713281,9.204883]],[[93.654688,7.379932],[93.654688,7.379932]],[[93.096973,8.349365],[93.096973,8.349365]],[[93.858984,7.206836],[93.828809,6.748682],[93.656348,7.13623],[93.858984,7.206836]],[[89.860038,26.713565],[93.460683,26.947244],[94.243064,27.647977],[95.964096,27.993305],[95.775891,27.717327],[96.007194,27.365126],[94.207201,26.483707],[93.98923,25.94622],[93.335936,25.538028],[93.018436,24.399131],[92.746308,24.471091],[92.489476,24.132507],[92.220242,24.264333],[92.228304,24.881324],[92.805529,25.227711],[92.382403,25.764345],[92.167325,25.689543],[92.26148,26.055413],[91.250999,25.737602],[90.135615,25.959785],[89.80642,25.441048],[89.860038,26.713565]],[[94.654788,25.444758],[94.127671,23.876476],[92.995492,24.095274],[93.449211,25.302125],[94.564699,25.684221],[94.654788,25.444758]],[[95.246448,26.654794],[94.785874,25.519321],[94.564699,25.684221],[93.449211,25.302125],[93.335936,25.538028],[93.98923,25.94622],[94.207201,26.483707],[95.176444,27.033182],[95.246448,26.654794]],[[92.38605,25.005686],[89.80642,25.441048],[90.135615,25.959785],[91.250999,25.737602],[92.164122,26.088382],[92.167325,25.689543],[92.789613,25.348892],[92.38605,25.005686]],[[75.293437,32.325995],[75.847391,32.516749],[75.601618,32.068947],[76.158484,31.338553],[76.561146,31.276722],[76.904898,30.384089],[75.234612,29.561788],[74.823371,29.984992],[73.915933,29.979902],[73.882705,30.352153],[74.63284,31.034643],[74.555532,31.818575],[75.293437,32.325995]],[[71.047891,24.687744],[70.648484,25.666935],[70.100249,25.910047],[70.147688,26.506444],[69.481268,26.770976],[69.537027,27.122944],[70.403693,28.02506],[70.797932,27.709627],[71.87027,27.962505],[73.381599,29.934349],[73.9334,30.222083],[73.915933,29.979902],[74.516517,29.94719],[74.612841,29.332809],[75.391502,29.252685],[76.026192,28.262229],[75.99994,27.842745],[76.856632,28.228975],[76.900867,27.73438],[77.280689,27.80944],[77.606147,27.32363],[77.510546,26.833324],[78.22306,26.937064],[76.478361,25.7198],[76.780151,25.33202],[77.358617,25.407106],[77.341254,25.113997],[76.780564,24.837141],[77.037396,24.670303],[76.806196,24.555788],[76.870275,24.181651],[76.132749,24.329394],[75.597071,23.8179],[75.758818,24.777377],[75.20371,24.724951],[75.235129,25.040229],[74.81531,24.916516],[74.939023,23.687366],[74.476106,23.062365],[73.618794,23.451876],[73.095001,24.503647],[71.047891,24.687744]],[[80.070699,28.830179],[82.733379,27.518992],[83.828816,27.377812],[84.240781,26.8742],[84.382994,26.641656],[83.920077,26.53267],[84.177632,26.40428],[83.992734,26.241138],[84.600656,25.747008],[83.334273,25.172624],[83.523099,24.529666],[83.206322,23.944017],[82.679429,24.166768],[82.692245,24.719809],[82.302708,24.638135],[81.536967,25.199754],[81.09813,24.908609],[80.778667,24.971499],[80.806055,25.212156],[80.288257,25.016225],[80.283606,25.41447],[79.468152,25.103843],[78.885035,25.265538],[78.919142,25.504593],[78.597094,25.414005],[78.955005,24.392542],[78.330134,24.342029],[78.261921,25.411705],[78.753571,25.674273],[79.028076,26.497556],[78.22306,26.937064],[77.460833,26.904224],[77.657307,27.202707],[77.280689,27.80944],[77.528942,28.25347],[77.087832,29.6585],[77.661544,30.394915],[77.928918,30.24433],[77.831456,29.659895],[78.228331,29.947423],[78.950354,29.127008],[80.070699,28.830179]],[[81.010229,30.164516],[80.401842,29.730253],[80.000626,28.737316],[78.950354,29.127008],[78.228331,29.947423],[77.831456,29.659895],[77.928918,30.24433],[77.585063,30.382926],[77.941114,31.172904],[78.869533,31.121977],[79.043785,31.426222],[81.010229,30.164516]],[[83.970203,22.539348],[84.352195,22.88558],[83.991184,23.631762],[83.337063,24.140232],[83.401659,24.498298],[84.043894,24.623898],[84.471981,24.307354],[84.96146,24.348385],[85.830865,24.770917],[86.438683,24.340375],[87.050015,24.597026],[87.291861,25.174252],[87.783717,25.214094],[87.661554,24.186198],[85.828901,23.483063],[85.888432,23.163083],[86.450465,23.004203],[86.686523,22.218024],[86.039844,22.556737],[85.916234,22.022119],[85.232038,22.035322],[84.985232,22.112785],[85.065537,22.5032],[84.310957,22.324012],[83.970203,22.539348]],[[88.7562,27.148801],[89.888498,26.532903],[89.466922,25.983531],[88.369935,26.564115],[88.084629,25.888239],[88.951656,25.25926],[88.456286,25.188437],[88.023392,24.627851],[88.723505,24.274901],[88.567338,23.674421],[88.928092,23.186595],[89.05166,21.654102],[88.74502,21.584375],[88.641602,22.121973],[88.584668,21.659717],[88.12207,21.635791],[88.196289,22.139551],[87.941406,22.374316],[88.159277,22.121729],[87.478635,21.608108],[86.686523,22.218024],[86.450465,23.004203],[85.888432,23.163083],[85.828901,23.483063],[87.661554,24.186198],[87.895442,24.670303],[87.768007,25.436277],[88.043133,25.547097],[87.831363,26.010557],[88.297174,26.336222],[88.000898,27.248035],[88.7562,27.148801]],[[83.828816,27.377812],[84.610216,27.298696],[84.685405,27.041037],[85.794588,26.604165],[88.194958,26.501483],[87.805421,25.873666],[88.043133,25.547097],[86.438683,24.340375],[85.830865,24.770917],[84.96146,24.348385],[83.523099,24.529666],[83.384089,25.235928],[84.600656,25.747008],[83.992734,26.241138],[84.177632,26.40428],[83.920077,26.53267],[84.382994,26.641656],[83.828816,27.377812]],[[80.270377,18.71369],[80.397088,19.234175],[80.893905,19.484444],[80.425096,19.892817],[80.484524,21.167701],[81.178022,22.478422],[81.642283,22.550846],[82.189743,23.288734],[81.644144,23.482055],[81.622026,23.833791],[82.531738,23.775371],[83.442277,24.12181],[84.352195,22.88558],[83.605367,22.195984],[83.198261,21.172558],[82.341982,20.86082],[82.682323,19.822666],[81.867799,20.046658],[82.138894,18.747254],[81.39403,17.806691],[81.044904,17.776073],[80.270377,18.71369]],[[80.679034,21.351152],[79.240053,21.712758],[77.578035,21.384457],[77.332985,21.774459],[76.286641,21.074812],[76.082933,21.368076],[75.31192,21.38146],[74.512486,21.726917],[74.407686,22.023049],[74.12884,21.951761],[74.025694,22.47961],[74.939023,23.687366],[74.81531,24.916516],[75.235129,25.040229],[75.20371,24.724951],[75.758818,24.777377],[75.597071,23.8179],[76.132749,24.329394],[76.870275,24.181651],[76.860973,25.033795],[77.398925,25.212234],[77.255471,25.433512],[76.652304,25.379175],[76.545953,25.848293],[78.371475,26.851049],[78.935782,26.694443],[79.060839,26.355084],[78.714503,25.62593],[78.261921,25.411705],[78.385531,24.30123],[78.955005,24.392542],[78.515859,25.26621],[78.919142,25.504593],[79.024045,25.174639],[80.283606,25.41447],[80.288257,25.016225],[80.806055,25.212156],[80.778667,24.971499],[81.09813,24.908609],[81.536967,25.199754],[82.302708,24.638135],[82.692245,24.719809],[82.768106,23.928953],[81.622026,23.833791],[81.644144,23.482055],[82.098173,23.371726],[82.129385,23.096498],[81.642283,22.550846],[81.178022,22.478422],[80.679034,21.351152]],[[79.848488,11.954472],[79.848488,11.954472]],[[79.849425,10.979844],[79.850195,10.768848],[79.849425,10.979844]],[[79.850195,10.768848],[79.838184,10.322559],[79.314551,10.256689],[78.939941,9.565771],[79.411426,9.192383],[78.421484,9.105029],[78.060156,8.38457],[77.517578,8.07832],[77.109654,8.28424],[77.398615,9.499963],[77.187671,9.612773],[77.276968,10.210101],[76.841543,10.310663],[76.889705,10.78004],[76.240752,11.603969],[77.670846,11.971311],[77.471892,12.274238],[77.801277,12.856554],[78.419121,12.63264],[78.736207,13.06096],[80.231198,13.467614],[80.143066,12.452002],[79.68602,11.99994],[79.850195,10.768848]],[[71.047891,24.687744],[73.095001,24.503647],[73.618794,23.451876],[74.4266,22.871628],[73.751602,21.611033],[74.291517,21.513855],[73.800074,21.280949],[73.909008,20.775709],[73.404233,20.66985],[73.363822,20.178304],[73.049939,20.330258],[72.708984,20.078027],[72.89375,20.672754],[72.613281,21.461816],[73.1125,21.750439],[72.543066,21.696582],[72.553027,22.159961],[72.80918,22.233301],[72.182813,22.269727],[72.037207,21.823047],[72.254004,21.531006],[72.015234,21.155713],[70.719336,20.74043],[68.969922,22.290283],[70.177246,22.572754],[70.489258,23.089502],[69.235938,22.848535],[68.41748,23.571484],[68.776758,23.8521],[68.234961,23.596973],[68.165039,23.857324],[68.724105,23.964687],[68.758935,24.30725],[70.767288,24.245394],[71.047891,24.687744]],[[91.631906,27.75996],[92.546734,27.879177],[93.251962,28.629467],[94.62299,29.312423],[95.389248,29.037401],[96.035306,29.447143],[96.355804,29.249068],[96.137161,28.922602],[96.435695,29.050682],[96.580906,28.763671],[96.281493,28.412065],[97.075346,28.368966],[97.343547,27.982349],[96.876857,27.58674],[97.102063,27.115425],[96.190801,27.261282],[95.246448,26.654794],[95.176444,27.033182],[96.007194,27.365126],[95.775891,27.717327],[95.964096,27.993305],[94.243064,27.647977],[93.460683,26.947244],[92.072848,26.920914],[92.044956,27.364712],[91.631906,27.75996]],[[93.312122,24.032525],[93.151141,22.230633],[92.574897,21.97809],[92.29848,24.23772],[92.489476,24.132507],[92.746308,24.471091],[93.312122,24.032525]],[[92.24608,23.683619],[91.929614,23.685996],[91.6949,23.004849],[91.315233,23.104378],[91.231982,23.920478],[92.139065,24.545276],[92.24608,23.683619]],[[88.623976,56.832965],[87.77917,56.54797],[86.217404,56.624193],[85.687928,56.238841],[83.316083,55.692156],[83.096045,56.549313],[81.55743,56.258272],[78.444339,57.161317],[76.108667,57.250253],[75.092915,58.110148],[75.304272,58.451058],[75.105214,58.581024],[75.89514,59.426399],[76.645482,59.585097],[76.779634,60.451814],[77.136098,60.856131],[82.138997,60.531964],[83.503565,61.04723],[84.708349,60.458946],[84.691916,59.904819],[87.084122,59.882753],[87.936266,59.26615],[88.585942,59.298655],[88.825824,59.034536],[87.932235,58.526144],[88.014297,58.268278],[89.390647,57.877553],[88.529615,57.095843],[88.623976,56.832965]],[[39.751507,45.126548],[40.624528,44.767035],[40.327079,44.563999],[40.336381,43.769241],[39.729699,43.917991],[40.078205,44.244173],[39.792641,44.357112],[39.883798,45.007434],[39.495088,45.030688],[39.552656,44.806516],[38.72821,45.012498],[39.751507,45.126548]],[[42.362302,43.225792],[40.942028,43.418074],[40.723851,43.810479],[40.985437,44.11555],[41.449491,43.993904],[41.729371,44.458553],[42.499143,44.298898],[42.305976,44.057725],[42.671432,43.695628],[42.362302,43.225792]],[[45.077442,42.692902],[44.644335,42.73473],[44.915326,43.070911],[44.521965,43.564473],[45.046687,43.494348],[45.077442,42.692902]],[[43.38636,42.887111],[42.362302,43.225792],[42.459972,43.615426],[43.17476,43.947809],[44.258519,43.924606],[44.379751,43.490214],[43.38636,42.887111]],[[44.644335,42.73473],[43.825987,42.57151],[43.38636,42.887111],[44.379751,43.490214],[44.284873,43.81885],[44.693634,43.829883],[44.838535,43.58411],[44.498711,43.392132],[44.936617,42.920249],[44.644335,42.73473]],[[41.712627,45.996004],[42.905423,46.240279],[45.586189,45.158303],[45.613991,44.766002],[45.237373,44.460129],[45.404495,44.317502],[45.124099,44.202367],[45.509398,44.015195],[44.838741,43.661056],[43.906085,43.994214],[42.683214,43.807171],[42.305976,44.057725],[42.499143,44.298898],[41.56659,44.546015],[41.641521,44.980976],[40.840846,45.538823],[41.274411,45.754107],[41.162377,45.953552],[41.712627,45.996004]],[[162.408447,69.651012],[166.884375,69.499902],[167.856836,69.728223],[168.303027,69.271484],[170.065625,68.798682],[170.99541,69.045312],[170.582227,69.58335],[170.160938,69.626563],[170.486816,70.107568],[170.867969,70.096045],[175.921484,69.895313],[179.999783,68.983496],[179.999563,65.067153],[178.519531,64.602979],[176.880859,65.081934],[176.341016,65.047314],[177.222852,64.86167],[174.548828,64.683887],[177.427441,64.763379],[177.6875,64.304736],[178.381445,64.260889],[178.731445,63.66709],[178.44043,63.605566],[179.388574,63.147217],[179.570508,62.6875],[179.120703,62.320361],[177.091211,62.789551],[177.159473,62.560986],[174.514355,61.823633],[173.797588,62.51789],[170.261577,62.285397],[170.009913,62.677389],[168.510159,63.054084],[169.582238,63.643402],[168.498687,64.317366],[164.216364,64.9249],[162.735731,64.661221],[158.9217,65.743016],[159.16644,66.234045],[158.367522,66.459122],[158.905164,66.802744],[157.79257,67.357904],[157.805903,67.70548],[158.329179,67.753591],[158.093327,67.840407],[158.632623,68.141629],[162.417611,68.309061],[162.846939,68.869285],[162.55414,68.991293],[162.774179,69.203373],[162.408447,69.651012]],[[179.999897,70.993003],[178.792578,70.82207],[178.62832,71.047363],[180,71.537744],[179.999897,70.993003]],[[168.35791,70.015674],[169.433594,69.832178],[168.915723,69.571436],[167.788867,69.836865],[168.35791,70.015674]],[[-179.999951,68.983447],[-175.345215,67.678076],[-175.374707,67.357373],[-174.849854,67.348877],[-174.924902,66.623145],[-174.394092,66.344238],[-174.084766,66.473096],[-174.065039,66.22959],[-173.773975,66.434668],[-174.231592,66.631885],[-174.086426,66.942871],[-174.550098,67.090625],[-171.795557,66.931738],[-169.72915,66.058105],[-170.666309,65.621533],[-171.451172,65.794238],[-171.169971,65.5021],[-172.783301,65.681055],[-172.232812,65.455713],[-172.661914,65.248535],[-172.213184,65.048145],[-173.066211,64.847168],[-172.37876,64.431543],[-172.903174,64.526074],[-173.157422,64.279736],[-173.32749,64.539551],[-173.729736,64.364502],[-175.442139,64.816699],[-176.093262,65.471045],[-178.4125,65.495557],[-178.939063,66.032764],[-178.526563,66.401562],[-179.683301,66.184131],[-179.789697,65.900879],[-179.3521,65.516748],[-180,65.067236],[-179.999951,68.983447]],[[-180,71.537744],[-178.438965,71.541162],[-177.498486,71.219141],[-179.506689,70.923438],[-179.99993,70.993016],[-180,71.537744]],[[20.899789,55.286652],[20.594824,54.982373],[21.188867,54.935205],[21.389217,55.275541],[22.567284,55.05912],[22.824685,54.871276],[22.766239,54.356786],[19.604364,54.459157],[19.974512,54.921191],[20.899789,55.286652]],[[36.524238,63.976454],[36.374969,63.644953],[35.882286,63.573355],[36.500542,62.826036],[37.504926,62.645324],[37.429891,62.237183],[37.926605,61.968259],[37.77292,61.522137],[36.996429,61.594432],[35.392186,61.161668],[33.534935,61.220811],[33.867111,61.070536],[32.703358,60.645704],[29.27736,61.304507],[31.536504,62.921638],[29.991534,63.73518],[30.526075,64.077304],[29.986625,64.524279],[30.110235,64.732587],[29.604219,64.968386],[29.826945,65.145068],[29.607992,65.248679],[29.715944,65.624573],[30.087497,65.786527],[29.066268,66.891731],[29.988072,67.668273],[28.685206,68.189792],[28.470748,68.488378],[28.772849,68.840036],[28.414008,68.904167],[30.159741,69.629859],[30.860732,69.538417],[30.869727,69.783447],[31.546973,69.696924],[31.98457,69.953662],[33.007812,69.722119],[32.091504,69.632568],[32.377734,69.479102],[33.454297,69.428174],[33.141211,69.068701],[33.684375,69.310254],[35.85791,69.191748],[39.809277,68.15083],[40.966406,67.713477],[41.358789,67.209668],[40.521582,66.446631],[38.397559,66.064453],[31.895313,67.161426],[33.655957,66.442627],[33.360547,66.329541],[34.691797,65.951855],[34.406445,65.395752],[34.869531,64.56001],[36.524238,63.976454]],[[34.729901,59.103214],[36.173327,58.524955],[34.650733,58.081468],[33.7188,58.158001],[33.216195,57.453909],[31.545599,56.939781],[30.644776,56.981897],[30.529951,57.886596],[29.679357,58.077282],[30.100623,58.729594],[31.257865,58.980767],[31.563066,59.368418],[34.729901,59.103214]],[[27.66939,58.982474],[29.975049,58.44465],[29.679357,58.077282],[30.529951,57.886596],[30.644776,56.981897],[31.000103,56.965205],[30.816755,56.720259],[31.491546,56.301292],[31.467361,55.729002],[29.482263,55.68456],[29.375034,55.938705],[28.147926,56.14293],[28.103174,56.545722],[27.639481,56.845652],[27.828617,57.293299],[27.351954,57.528117],[27.776941,57.856727],[27.427039,58.733056],[27.66939,58.982474]],[[29.27736,61.304507],[32.703358,60.645704],[33.867111,61.070536],[33.534935,61.220811],[35.603853,61.188307],[35.154061,60.787298],[35.157059,60.067032],[35.495849,59.553523],[34.729901,59.103214],[31.563066,59.368418],[31.452478,59.092001],[30.100623,58.729594],[29.975049,58.44465],[27.66939,58.982474],[28.151078,59.374438],[28.058008,59.781543],[29.147266,59.999756],[30.259373,59.60985],[30.747715,59.725657],[30.390424,60.122739],[29.069141,60.191455],[28.512793,60.677295],[27.797656,60.536133],[29.27736,61.304507]],[[29.669727,59.955664],[30.172656,59.957129],[29.459169,60.187496],[30.390424,60.122739],[30.747715,59.725657],[30.259373,59.60985],[29.669727,59.955664]],[[32.706151,53.419852],[33.682317,54.026393],[35.313948,53.06565],[34.804935,52.868194],[35.091533,52.697972],[34.397828,51.780406],[33.735233,52.344764],[31.763364,52.101084],[31.258795,53.016713],[32.706151,53.419852]],[[32.706151,53.419852],[31.754217,53.810463],[31.825944,54.030708],[30.798875,54.783271],[31.047335,55.768534],[33.187876,55.652521],[34.200734,56.07451],[35.353532,55.779386],[35.369655,55.238799],[34.921001,54.771593],[34.326102,54.429598],[33.728722,54.561683],[33.474577,53.971848],[32.706151,53.419852]],[[35.858398,65.07793],[35.528906,65.151074],[35.858398,65.07793]],[[36.524238,63.976454],[37.442188,63.813379],[38.070801,64.02583],[37.953711,64.320117],[36.578711,64.790967],[36.882812,65.172363],[39.758008,64.577051],[40.444922,64.778711],[39.816504,65.597949],[42.210547,66.519678],[44.104395,66.008594],[44.220833,66.407181],[47.110437,65.821176],[49.006032,66.119117],[49.021329,65.238292],[49.567445,65.292087],[50.467442,64.791601],[50.273345,64.51291],[48.950015,64.490612],[48.408343,64.22422],[45.442219,64.187504],[46.819189,63.746962],[46.936598,63.351921],[47.554648,63.148497],[47.082636,62.839627],[47.413365,62.192793],[48.290831,62.321623],[48.366071,62.729298],[49.608993,62.770226],[49.051611,61.690963],[49.461405,61.586112],[49.302242,61.176163],[48.418988,60.853805],[45.332355,61.18934],[45.229105,60.90388],[44.158473,61.082422],[43.510864,60.767454],[38.632712,60.723219],[37.857359,61.28458],[37.926605,61.968259],[37.429891,62.237183],[37.504926,62.645324],[36.500542,62.826036],[35.882286,63.573355],[36.374969,63.644953],[36.524238,63.976454]],[[59.356445,81.758984],[57.909277,81.721924],[59.356445,81.758984]],[[53.141406,71.241895],[53.022656,70.968701],[52.239844,71.325049],[53.141406,71.241895]],[[58.049512,81.118457],[58.930566,80.831689],[57.210938,81.01709],[58.049512,81.118457]],[[62.884961,81.608887],[62.106445,81.679346],[63.782422,81.649805],[62.884961,81.608887]],[[54.633984,81.113184],[57.694141,80.792285],[54.066602,80.813623],[54.633984,81.113184]],[[50.753711,81.047412],[50.368457,81.12251],[50.946191,81.108154],[50.753711,81.047412]],[[51.242773,79.99126],[51.435156,79.931934],[50.091406,79.980566],[51.242773,79.99126]],[[57.456445,81.542871],[58.563867,81.418408],[57.450977,81.135547],[55.466016,81.311182],[57.456445,81.542871]],[[42.631445,66.782227],[42.631445,66.782227]],[[50.319141,80.172363],[49.556055,80.158936],[50.319141,80.172363]],[[53.901563,80.54248],[54.437305,80.498682],[53.901563,80.54248]],[[60.586621,81.087695],[61.567383,81.050293],[60.058203,80.984619],[60.586621,81.087695]],[[58.610156,81.337256],[59.374609,81.325049],[58.610156,81.337256]],[[55.240039,80.325391],[55.479688,80.273828],[54.979688,80.256445],[55.240039,80.325391]],[[58.617871,74.227393],[57.767383,74.013818],[57.755957,73.769189],[57.313086,73.838037],[57.542578,73.658203],[56.63418,73.304297],[54.299902,73.350977],[53.762891,73.766162],[56.137109,74.496094],[55.582227,74.627686],[56.49873,74.95708],[55.810059,75.124902],[57.606836,75.34126],[58.88125,75.854785],[61.20166,76.282031],[64.463477,76.378174],[67.534961,77.007764],[68.941699,76.707666],[68.16543,76.284863],[61.355957,75.314844],[59.674023,74.610156],[58.534668,74.498926],[58.617871,74.227393]],[[51.58252,72.071191],[52.62207,72.300977],[52.916602,72.668896],[52.550586,72.768555],[53.369824,72.916748],[53.357617,73.224561],[56.350488,73.225537],[56.12168,72.806592],[55.40332,72.549072],[55.297852,71.935352],[56.454395,71.107373],[57.625391,70.728809],[56.260059,70.714746],[56.43457,70.562988],[53.383594,70.873535],[54.155664,71.125488],[53.363867,71.54165],[51.691602,71.525146],[51.428613,71.825537],[51.58252,72.071191]],[[58.946094,80.042334],[59.911035,79.994287],[58.946094,80.042334]],[[52.343555,80.213232],[53.85166,80.268359],[52.343555,80.213232]],[[55.942285,80.163281],[57.122656,80.316992],[56.986914,80.071484],[55.724023,80.104736],[55.942285,80.163281]],[[63.11582,80.966797],[64.802051,81.197266],[65.437402,80.930713],[62.520313,80.821875],[63.11582,80.966797]],[[57.392285,80.13916],[57.011133,80.468311],[59.255469,80.343213],[57.392285,80.13916]],[[47.011035,80.562109],[44.90498,80.611279],[48.686523,80.717773],[47.011035,80.562109]],[[51.454785,80.744678],[51.703613,80.687646],[48.38623,80.095801],[46.644434,80.300342],[49.087793,80.515771],[49.244336,80.821387],[50.124316,80.923877],[51.454785,80.744678]],[[62.10293,80.866602],[62.075781,80.616943],[61.05127,80.418604],[59.288184,80.572656],[59.71582,80.836377],[62.10293,80.866602]],[[43.727388,57.465795],[43.669614,57.04272],[42.829975,56.80227],[42.881858,56.471592],[42.587923,56.420226],[40.155927,56.434282],[39.386775,56.835446],[39.841734,57.17682],[41.544059,57.458612],[41.630048,57.74986],[42.850956,57.667126],[42.853333,57.394326],[43.727388,57.465795]],[[47.113538,59.611297],[44.991084,59.121611],[42.058136,59.426993],[42.011937,59.118304],[40.292766,58.544153],[39.118781,58.953766],[37.626262,58.490229],[36.864241,58.842765],[36.323602,58.49984],[34.729901,59.103214],[35.495849,59.553523],[35.157059,60.067032],[35.154061,60.787298],[35.603853,61.188307],[36.996429,61.594432],[37.77292,61.522137],[38.212996,60.923982],[38.789498,60.71278],[43.510864,60.767454],[44.158473,61.082422],[45.229105,60.90388],[45.332355,61.18934],[46.527114,61.051313],[47.083772,60.818588],[47.048839,60.575166],[46.34914,60.214361],[47.036437,60.099536],[47.113538,59.611297]],[[47.113538,59.611297],[47.60219,58.906689],[46.554089,58.487696],[46.341285,58.074647],[44.862616,58.075422],[44.727741,57.703584],[43.995382,57.439518],[42.853333,57.394326],[42.850956,57.667126],[41.630048,57.74986],[41.544059,57.458612],[40.445211,57.276349],[40.626389,57.940391],[41.163927,58.360882],[40.926009,58.579112],[42.011937,59.118304],[42.058136,59.426993],[44.991084,59.121611],[47.113538,59.611297]],[[43.727388,57.465795],[44.727741,57.703584],[44.862616,58.075422],[47.762284,57.876003],[47.471036,57.52853],[46.750149,57.517265],[46.714906,56.966342],[45.650992,56.59081],[46.213955,56.049809],[45.920123,55.688048],[46.384074,55.463075],[45.954126,54.996566],[45.60469,55.163817],[45.041106,54.714387],[45.113557,54.493883],[41.783217,55.119117],[42.90594,56.151767],[42.587923,56.420226],[42.881858,56.471592],[42.829975,56.80227],[43.501252,56.906449],[43.727388,57.465795]],[[37.626262,58.490229],[37.34969,58.239004],[37.673494,58.082967],[37.390927,57.827995],[38.27046,57.371124],[38.256508,56.77023],[37.656441,56.943501],[37.055444,56.517558],[35.457919,56.448286],[35.174112,55.948265],[33.916617,56.073115],[33.187876,55.652521],[31.467361,55.729002],[31.491546,56.301292],[30.816755,56.720259],[31.000103,56.965205],[33.216195,57.453909],[33.7188,58.158001],[34.650733,58.081468],[37.12221,58.866045],[37.626262,58.490229]],[[37.626262,58.490229],[39.118781,58.953766],[41.163927,58.360882],[40.626389,57.940391],[40.445211,57.276349],[39.520203,57.026855],[39.271639,56.538306],[39.000028,56.542751],[38.154188,56.831906],[38.27046,57.371124],[37.390927,57.827995],[37.673494,58.082967],[37.34969,58.239004],[37.626262,58.490229]],[[37.259049,54.835826],[37.08862,54.548815],[36.80502,54.609949],[36.891423,54.283199],[36.237199,54.229093],[36.009616,53.618278],[35.355703,53.284241],[33.501242,54.015799],[33.728722,54.561683],[34.415812,54.450837],[35.578635,55.290476],[36.904342,55.229136],[37.259049,54.835826]],[[35.313343,50.959216],[34.21386,51.255373],[34.121153,51.679171],[34.896816,52.353239],[36.356985,52.365796],[37.353514,51.936158],[38.40978,51.92019],[38.291544,51.292451],[37.379145,51.385443],[35.313343,50.959216]],[[38.895435,53.565206],[40.160164,53.342171],[39.953148,52.654357],[40.696875,52.269626],[40.63197,52.066486],[37.820772,51.91218],[38.038433,52.344506],[37.727134,52.596893],[37.841029,53.008548],[38.594575,53.048545],[38.477269,53.310028],[38.895435,53.565206]],[[36.904342,55.229136],[35.369655,55.238799],[35.174112,55.948265],[35.457919,56.448286],[37.055444,56.517558],[37.656441,56.943501],[38.374123,56.696591],[38.605634,55.958859],[39.82313,55.83282],[40.206466,55.309337],[38.820401,54.601939],[38.675087,54.244674],[38.46218,54.640334],[37.120039,54.990824],[37.800507,55.837653],[37.431106,55.877723],[36.904342,55.229136]],[[37.120039,54.990824],[36.914019,55.425882],[37.431106,55.877723],[37.800507,55.837653],[37.120039,54.990824]],[[37.841029,53.008548],[37.727134,52.596893],[38.038433,52.344506],[37.65179,51.971143],[36.356985,52.365796],[34.832944,52.424036],[35.091533,52.697972],[34.804935,52.868194],[35.313948,53.06565],[35.103522,53.310777],[35.910604,53.644039],[37.568281,53.289047],[37.841029,53.008548]],[[40.080634,49.576845],[40.884771,49.690301],[41.362054,50.22634],[42.115083,49.750349],[42.09524,49.140567],[42.739748,48.786325],[42.074052,48.391879],[42.029817,48.028542],[43.802319,47.282541],[44.228443,47.574642],[44.327558,47.110768],[43.918384,46.415979],[43.355628,46.17235],[42.180919,46.577881],[42.2019,46.314486],[41.712627,45.996004],[41.162377,45.953552],[40.339481,46.279889],[40.023428,46.764846],[38.88448,46.634777],[38.66561,46.879821],[39.270703,47.044141],[39.195703,47.268848],[38.214355,47.091455],[38.368852,47.609962],[39.778689,47.887542],[39.957902,48.268914],[39.644743,48.591195],[40.003584,48.822085],[39.68655,49.007913],[40.108798,49.251542],[40.080634,49.576845]],[[38.895435,53.565206],[38.477269,53.310028],[38.594575,53.048545],[37.841029,53.008548],[35.931482,53.786071],[36.237199,54.229093],[36.891423,54.283199],[36.80502,54.609949],[37.938594,54.832261],[38.46218,54.640334],[38.895435,53.565206]],[[47.446631,50.368456],[46.889572,49.696967],[47.031373,49.150282],[46.643564,48.659068],[45.948338,48.835934],[45.04152,48.394566],[45.300625,48.097685],[44.305854,48.255065],[44.389053,47.868267],[43.262507,47.450179],[42.491908,48.013607],[42.029817,48.028542],[42.074052,48.391879],[42.739748,48.786325],[42.09524,49.140567],[42.178439,49.66839],[41.362054,50.22634],[41.525765,50.598669],[41.167544,50.780518],[41.977004,51.203283],[44.659631,51.172639],[45.20182,51.039624],[45.241094,50.586267],[46.707568,50.690886],[47.446631,50.368456]],[[39.174561,49.855899],[38.046908,49.920002],[37.422812,50.411497],[36.61945,50.209235],[35.591089,50.36876],[35.313343,50.959216],[38.046495,51.419652],[38.845826,51.036472],[38.724489,50.790078],[39.072375,50.636109],[39.174561,49.855899]],[[40.688726,43.519599],[39.978315,43.419831],[38.717285,44.288086],[36.619141,45.185498],[36.865918,45.427051],[37.647168,45.377197],[37.933105,46.001709],[38.492285,46.090527],[37.766504,46.636133],[38.66561,46.879821],[39.09904,46.601342],[40.131535,46.722265],[40.339481,46.279889],[41.125893,46.067886],[41.274411,45.754107],[40.840846,45.538823],[41.641521,44.980976],[41.417452,44.707762],[41.711491,44.24301],[41.449491,43.993904],[40.985437,44.11555],[40.688726,43.519599]],[[39.751507,45.126548],[38.72821,45.012498],[39.552656,44.806516],[39.495088,45.030688],[39.883798,45.007434],[39.792641,44.357112],[40.078205,44.244173],[39.729699,43.917991],[40.336381,43.769241],[40.327079,44.563999],[40.624528,44.767035],[39.751507,45.126548]],[[42.466793,54.871302],[43.36896,54.94967],[45.113557,54.493883],[45.041106,54.714387],[45.710316,55.176762],[46.414666,54.895358],[46.733716,54.384484],[45.646237,53.930223],[44.616533,53.891543],[44.533851,53.66427],[43.527814,54.014636],[42.512992,53.737237],[42.318585,54.09892],[42.595984,54.176538],[42.206344,54.230514],[42.625233,54.373426],[42.466793,54.871302]],[[45.791552,54.003887],[46.905902,53.335324],[46.830661,52.616272],[43.079572,52.402745],[43.236565,52.66123],[42.093896,53.539833],[42.13441,53.812168],[43.181582,54.001097],[44.533851,53.66427],[44.88277,53.969058],[45.791552,54.003887]],[[40.160164,53.342171],[38.895435,53.565206],[38.820401,54.601939],[40.345372,55.339982],[42.439715,55.012973],[42.699337,54.582353],[42.206344,54.230514],[42.595984,54.176538],[42.307733,53.847463],[40.160164,53.342171]],[[42.13441,53.812168],[42.093896,53.539833],[43.236565,52.66123],[42.489221,51.607703],[40.503812,51.953522],[40.696875,52.269626],[39.953148,52.654357],[40.160164,53.342171],[42.13441,53.812168]],[[40.206466,55.309337],[39.82313,55.83282],[38.605634,55.958859],[38.374123,56.696591],[39.271639,56.538306],[39.679366,56.821777],[40.155927,56.434282],[41.933906,56.516809],[42.90594,56.151767],[41.783217,55.119117],[40.206466,55.309337]],[[40.080634,49.576845],[39.174561,49.855899],[39.072375,50.636109],[38.724489,50.790078],[38.845826,51.036472],[38.291544,51.292451],[38.298779,51.961015],[40.734599,51.940396],[42.860878,51.381412],[41.167544,50.780518],[41.525765,50.598669],[41.341487,50.075342],[40.884771,49.690301],[40.080634,49.576845]],[[53.631693,55.906691],[54.531587,56.514897],[56.40248,56.387411],[56.864054,56.1081],[57.408414,56.32912],[57.537191,56.100194],[59.026299,56.169388],[59.564871,55.49961],[58.871993,55.32329],[58.619502,54.94967],[57.517968,55.334039],[57.165121,54.81898],[57.971377,54.392804],[59.974562,54.80141],[59.693855,54.129099],[58.906203,53.861571],[58.857007,52.263218],[58.576404,51.793066],[56.780131,51.5922],[56.627479,52.117775],[56.217168,52.132322],[56.36517,52.523099],[55.545581,52.384942],[54.926601,53.219543],[53.655774,53.75243],[53.347783,54.38159],[53.578673,54.822184],[53.146762,55.146557],[54.176776,55.707039],[53.631693,55.906691]],[[63.319128,54.17323],[61.143689,53.963838],[60.979462,53.62174],[61.534932,53.523297],[61.19919,53.287135],[62.082702,53.005421],[61.047468,52.972478],[60.774358,52.675803],[60.994551,52.336857],[60.064415,51.975119],[60.148608,52.420522],[59.248611,52.486848],[59.175024,52.277378],[58.723682,52.645056],[58.906203,53.861571],[59.693855,54.129099],[59.974562,54.80141],[57.971377,54.392804],[57.165121,54.81898],[57.136906,55.092141],[57.517968,55.334039],[58.815666,55.024859],[58.871993,55.32329],[59.564871,55.49961],[59.164999,55.789877],[59.194351,56.351806],[61.384915,56.366999],[62.516836,55.737787],[62.579261,55.51749],[62.049164,55.310552],[62.244191,55.079377],[61.989116,55.035246],[62.024773,54.716505],[63.192143,54.68643],[63.319128,54.17323]],[[68.771528,55.330969],[67.693419,54.872413],[63.319128,54.17323],[63.192143,54.68643],[62.147246,54.644417],[61.979917,54.933831],[62.244191,55.079377],[62.049164,55.310552],[62.579261,55.51749],[62.071798,56.133525],[62.332971,56.469163],[64.173272,56.468388],[64.825842,56.841079],[65.116884,56.325399],[68.189461,55.700166],[68.771528,55.330969]],[[44.220833,66.407181],[44.403906,67.004199],[43.782422,67.254492],[44.204688,68.25376],[43.333203,68.673389],[45.891992,68.479687],[46.69043,67.848828],[45.528711,67.757568],[44.902148,67.413135],[46.492383,66.800195],[47.655859,66.975928],[47.874707,67.58418],[48.833203,67.681494],[48.754297,67.895947],[51.994727,68.53877],[52.39668,68.351709],[52.722656,68.484033],[52.344043,68.608154],[53.801953,68.995898],[54.491211,68.992334],[53.797656,68.907471],[53.930859,68.435547],[53.260547,68.26748],[54.861328,68.201855],[55.418066,68.567822],[57.126855,68.554004],[59.057324,69.006055],[59.370508,68.738379],[59.099023,68.444336],[59.725684,68.351611],[59.895996,68.706348],[60.933594,68.986768],[60.170605,69.590918],[60.909082,69.847119],[64.592188,69.435645],[65.03624,69.268735],[64.554127,68.871404],[65.654318,68.556177],[64.522811,68.343787],[63.689684,67.762066],[61.431734,66.999683],[52.245525,67.089135],[47.660791,65.808076],[44.220833,66.407181]],[[49.225195,69.51123],[50.283008,69.088867],[48.910352,68.743066],[48.315918,68.942383],[48.413867,69.345654],[49.225195,69.51123]],[[60.392578,69.962402],[60.440234,69.725928],[59.724609,69.706201],[58.473047,70.266846],[59.048047,70.460498],[60.392578,69.962402]],[[70.057227,66.599463],[69.469336,66.715967],[70.057227,66.599463]],[[65.03624,69.268735],[68.504199,68.348438],[69.140527,68.950635],[68.542773,68.96709],[67.624121,69.584424],[66.89668,69.553809],[67.284766,70.738721],[66.702246,70.818506],[66.84707,71.063721],[66.639648,71.081396],[68.269238,71.682812],[69.391406,72.955518],[71.616992,72.9021],[72.812109,72.691406],[72.574121,72.012549],[71.867285,71.457373],[72.704492,70.963232],[72.469434,70.274951],[72.576758,68.968701],[73.591699,68.481885],[73.139453,68.181348],[73.066797,67.766943],[71.365234,66.961523],[71.539551,66.683105],[70.724902,66.519434],[70.382812,66.60249],[70.690723,66.745312],[69.013477,66.78833],[69.194336,66.578662],[72.321582,66.332129],[74.769531,67.766357],[74.391406,68.420605],[74.57959,68.751221],[76.10752,68.975732],[77.238477,68.46958],[77.174414,67.778516],[78.922461,67.589111],[77.588281,67.751904],[77.664844,68.190381],[77.995117,68.259473],[77.650684,68.903027],[76.000977,69.235059],[73.836035,69.143213],[73.578125,69.802979],[74.343359,70.578711],[73.08623,71.444922],[74.992188,72.144824],[75.060352,72.548779],[74.786816,72.811865],[75.152441,72.852734],[75.741406,72.29624],[75.273828,71.958936],[75.503223,71.654639],[75.332031,71.341748],[79.01543,70.950195],[76.433398,71.55249],[76.032422,71.9104],[78.186914,71.90708],[77.41084,72.107764],[78.482617,72.394971],[80.339107,71.889798],[79.143108,71.421687],[80.55005,71.044449],[80.752828,70.635224],[78.912941,69.860904],[79.854279,69.354527],[80.966872,69.209109],[81.783153,69.428734],[81.772198,69.232906],[82.496805,69.110511],[83.015429,68.68387],[82.535872,68.610748],[82.680566,68.282757],[82.353558,67.943502],[81.730547,67.907535],[82.386837,67.523605],[82.117293,67.243803],[83.16188,66.817989],[83.09098,66.459174],[83.524649,66.172964],[83.296136,66.05832],[83.518138,65.822494],[84.319432,65.684415],[84.585566,65.311104],[84.278918,64.940326],[85.858977,64.756358],[86.028062,64.279798],[85.096749,63.534158],[85.640592,63.374168],[85.518326,62.932567],[84.435704,62.177962],[83.798224,62.560264],[81.349174,62.821153],[81.074669,63.11744],[79.820069,62.603724],[77.966539,62.477996],[77.026234,62.975019],[74.507422,63.043232],[73.103786,63.436257],[71.60796,63.185239],[71.5691,63.551418],[70.637684,63.903232],[70.768942,64.19355],[69.244074,64.465833],[67.809329,64.032009],[66.818692,64.225615],[66.936307,64.487046],[66.681646,64.557455],[63.611446,64.268481],[62.532028,64.559987],[62.802813,64.726282],[62.816662,65.291571],[62.018468,65.717126],[62.838573,65.869261],[63.305728,66.400237],[65.11616,66.908319],[66.110001,67.488775],[65.836013,67.555153],[66.205913,67.693026],[66.08313,67.933631],[65.289793,68.012335],[65.654318,68.556177],[64.554127,68.871404],[65.03624,69.268735]],[[76.250684,73.555273],[76.756055,73.445801],[76.250684,73.555273]],[[77.748535,72.631201],[78.365137,72.482422],[76.871094,72.317041],[77.748535,72.631201]],[[74.408789,73.130469],[74.961523,73.0625],[74.638379,72.86377],[74.100195,73.021533],[74.408789,73.130469]],[[76.051562,73.549268],[75.344336,73.432275],[76.051562,73.549268]],[[66.457715,70.698779],[66.568555,70.501465],[66.457715,70.698779]],[[67.216113,69.575391],[67.025879,69.483203],[67.216113,69.575391]],[[71.444922,73.34209],[71.626172,73.173975],[69.920117,73.084521],[70.149609,73.444727],[71.444922,73.34209]],[[59.348657,61.682178],[56.70241,61.524772],[54.979518,60.86383],[52.876494,61.093842],[51.889784,60.875819],[51.774235,60.605603],[52.297821,60.241595],[49.998633,59.776765],[49.663667,59.208376],[48.507561,59.715115],[48.456092,60.115349],[48.754678,60.361225],[48.418988,60.853805],[49.302242,61.176163],[49.461405,61.586112],[49.051611,61.690963],[49.608993,62.770226],[48.366071,62.729298],[48.290831,62.321623],[47.413365,62.192793],[47.082636,62.839627],[47.554648,63.148497],[46.936598,63.351921],[46.819189,63.746962],[45.442219,64.187504],[50.348379,64.537663],[50.467442,64.791601],[49.66315,65.25457],[48.989393,65.268523],[49.006032,66.119117],[52.245525,67.089135],[61.431734,66.999683],[62.821313,67.388032],[64.745123,68.404455],[65.480479,68.430449],[65.289793,68.012335],[66.08313,67.933631],[66.205913,67.693026],[65.836013,67.555153],[66.110001,67.488775],[65.11616,66.908319],[63.305728,66.400237],[62.838573,65.869261],[61.881939,65.70183],[60.676534,64.912317],[60.147368,65.064789],[59.647553,64.772429],[59.484152,64.497252],[59.838136,64.080068],[59.231661,63.089069],[59.643729,62.510267],[59.348657,61.682178]],[[51.436478,56.144429],[50.072014,56.622746],[49.213048,57.29149],[47.174103,56.814129],[46.714906,56.966342],[46.750149,57.517265],[47.471036,57.52853],[47.762284,57.876003],[46.341285,58.074647],[46.554089,58.487696],[47.60219,58.906689],[47.056281,59.378546],[47.036437,60.099536],[46.34914,60.214361],[46.749529,60.261128],[47.244796,61.05617],[47.965476,60.999352],[48.754678,60.361225],[48.456092,60.115349],[48.507561,59.715115],[49.663667,59.208376],[49.998633,59.776765],[51.521331,59.946212],[52.060936,60.316913],[53.607612,60.142738],[53.657635,59.824359],[53.205776,59.364],[53.876536,59.092802],[53.784552,58.439896],[51.796146,58.361296],[51.862085,57.647334],[51.120425,57.265497],[51.540451,56.882988],[51.145333,56.51469],[51.436478,56.144429]],[[50.072014,56.622746],[49.037038,56.357852],[48.412373,55.829357],[47.384736,56.330076],[46.092205,56.056372],[45.650992,56.59081],[46.336014,56.95208],[47.174103,56.814129],[49.213048,57.29149],[50.072014,56.622746]],[[59.485393,61.993271],[62.620085,61.210734],[63.197311,60.242008],[63.589432,60.154985],[63.825076,59.477042],[65.001645,59.33767],[65.934508,58.614355],[66.196611,58.032505],[64.839278,57.64072],[65.227264,56.860354],[64.336983,56.752712],[64.173272,56.468388],[62.542157,56.577736],[62.071798,56.133525],[61.150097,56.375784],[57.537191,56.100194],[57.218658,56.853016],[58.029874,57.099357],[57.995148,57.477319],[58.829825,57.726244],[58.67831,58.1071],[59.45604,58.492761],[59.08273,58.769333],[59.175334,59.146519],[58.310891,59.46805],[59.385347,60.573512],[59.485393,61.993271]],[[53.631693,55.906691],[53.289078,55.85827],[53.550871,56.241012],[53.273059,56.084691],[52.934475,56.538126],[52.561991,56.259435],[52.839183,56.163084],[52.655319,56.017821],[51.441853,55.924649],[51.145333,56.51469],[51.540451,56.882988],[51.120425,57.265497],[51.862085,57.647334],[51.796146,58.361296],[53.130018,58.537125],[53.886045,58.319102],[54.341107,57.011869],[53.869095,56.713154],[54.345758,56.252587],[53.631693,55.906691]],[[47.987109,45.554053],[47.987109,45.554053]],[[46.643564,48.659068],[47.20206,47.792458],[48.167014,47.708768],[48.959317,46.774587],[48.541151,46.605631],[49.245898,46.291602],[48.72959,45.896826],[46.922232,45.577658],[47.169969,46.078376],[46.504376,46.273817],[47.21348,46.742315],[46.511301,47.406435],[46.788183,47.556632],[46.116286,47.502424],[45.741012,48.00012],[44.987363,48.268165],[46.057478,48.868904],[46.643564,48.659068]],[[48.412373,55.829357],[47.702546,55.327941],[48.016635,55.276265],[47.996275,54.968247],[46.869109,54.631704],[46.055721,55.042119],[46.384074,55.463075],[45.920123,55.688048],[46.213955,56.049809],[47.276629,56.335166],[48.412373,55.829357]],[[47.528354,45.545652],[46.891376,44.746021],[45.705975,44.975782],[42.905423,46.240279],[42.149707,45.948979],[41.655783,46.105274],[42.2019,46.314486],[42.180919,46.577881],[43.646049,46.215732],[44.327558,47.110768],[44.228443,47.574642],[43.802319,47.282541],[43.705167,47.683136],[44.389053,47.868267],[44.305854,48.255065],[44.962558,48.208686],[45.741012,48.00012],[46.29705,47.437001],[46.788183,47.556632],[46.511301,47.406435],[47.21348,46.742315],[46.504376,46.273817],[47.169969,46.078376],[46.922232,45.577658],[47.528354,45.545652]],[[48.436971,52.780448],[48.592518,52.919406],[48.148514,53.058674],[48.05684,53.476064],[48.37558,53.471181],[48.491128,53.770517],[49.957189,53.906787],[50.256189,54.304903],[50.077491,54.516466],[50.948033,54.347587],[51.513476,54.639301],[52.53853,54.37725],[52.271466,54.326555],[52.476415,54.077113],[52.060936,52.999659],[50.793934,51.729194],[48.436971,52.780448]],[[60.064415,51.975119],[61.554724,51.324594],[61.389411,50.86103],[60.637984,50.66373],[60.058588,50.850281],[59.523013,50.492861],[58.359157,51.063834],[56.491467,51.019522],[55.686245,50.582856],[54.641657,51.011564],[54.555254,50.535779],[53.338119,51.482362],[52.21917,51.70935],[51.344546,51.47536],[50.793934,51.729194],[52.060936,52.999659],[52.476415,54.077113],[52.271466,54.326555],[52.53853,54.37725],[54.926601,53.219543],[55.545581,52.384942],[56.36517,52.523099],[56.217168,52.132322],[56.627479,52.117775],[56.780131,51.5922],[57.652636,51.86332],[58.493722,51.762112],[58.827965,52.432717],[59.175024,52.277378],[59.248611,52.486848],[60.148608,52.420522],[60.064415,51.975119]],[[50.793934,51.729194],[48.625125,50.612673],[48.843252,50.013123],[48.434284,49.828535],[46.707568,50.690886],[45.241094,50.586267],[45.04245,51.126259],[43.32979,51.017661],[42.489221,51.607703],[43.19295,52.462328],[45.980584,52.407163],[46.288782,52.671876],[47.730761,52.586713],[48.252177,52.81011],[50.793934,51.729194]],[[50.072014,56.622746],[51.436478,56.144429],[51.441853,55.924649],[52.655319,56.017821],[52.839183,56.163084],[52.561991,56.259435],[52.934475,56.538126],[53.273059,56.084691],[53.550871,56.241012],[53.289078,55.85827],[54.174502,55.623582],[53.146762,55.146557],[53.606888,54.728133],[53.347783,54.38159],[53.470463,54.045745],[51.513476,54.639301],[50.519428,54.329759],[49.291183,54.883834],[48.827542,54.647827],[47.241902,54.677722],[47.996275,54.968247],[48.016635,55.276265],[47.702546,55.327941],[49.037038,56.357852],[50.072014,56.622746]],[[50.077491,54.516466],[50.256189,54.304903],[49.957189,53.906787],[48.491128,53.770517],[48.37558,53.471181],[48.05684,53.476064],[48.148514,53.058674],[48.592518,52.919406],[47.730761,52.586713],[46.830661,52.616272],[46.905902,53.335324],[45.791552,54.003887],[46.71904,54.329552],[46.441331,54.772161],[47.366132,54.526801],[49.291183,54.883834],[50.077491,54.516466]],[[84.259591,60.855511],[83.144207,61.028213],[82.138997,60.531964],[77.136098,60.856131],[76.779634,60.451814],[76.645482,59.585097],[75.89514,59.426399],[75.159475,58.650219],[73.032059,58.863126],[71.193412,59.905078],[69.306085,59.988897],[68.358133,59.282919],[65.934508,58.614355],[65.001645,59.33767],[63.825076,59.477042],[63.589432,60.154985],[63.197311,60.242008],[62.620085,61.210734],[59.485393,61.993271],[59.643729,62.510267],[59.231661,63.089069],[59.838136,64.080068],[59.484152,64.497252],[59.647553,64.772429],[60.147368,65.064789],[60.676534,64.912317],[62.018468,65.717126],[62.816662,65.291571],[62.802813,64.726282],[62.532028,64.559987],[63.611446,64.268481],[66.146071,64.585929],[67.809329,64.032009],[69.014837,64.471827],[70.306851,64.343566],[70.768942,64.19355],[70.569677,64.015421],[70.913842,63.692392],[71.5691,63.551418],[71.60796,63.185239],[73.103786,63.436257],[74.507422,63.043232],[77.026234,62.975019],[77.966539,62.477996],[79.820069,62.603724],[81.074669,63.11744],[81.83979,62.691936],[83.798224,62.560264],[84.681064,61.815297],[85.956232,61.550042],[84.259591,60.855511]],[[75.691204,54.114377],[74.351514,53.48764],[73.40692,53.447539],[73.305686,53.707213],[73.712431,54.042386],[72.446772,53.941824],[72.186013,54.325625],[71.09316,54.212221],[71.126284,54.715058],[70.470975,55.418013],[70.747134,55.590302],[70.549317,55.675517],[70.855448,56.455934],[71.673279,56.837771],[71.079827,57.344355],[70.728531,57.193564],[70.436249,57.409313],[70.675201,57.511322],[70.436145,57.933828],[70.864646,58.534619],[71.301622,58.385093],[71.26917,58.076352],[72.861217,58.010516],[75.302929,58.486921],[75.092915,58.110148],[75.54281,57.940856],[76.284161,56.726202],[76.009035,56.548383],[76.305245,56.183134],[75.13436,55.699391],[75.363287,54.908122],[75.830442,54.601525],[75.691204,54.114377]],[[70.472377,55.276491],[68.771528,55.330969],[68.189461,55.700166],[65.116884,56.325399],[64.995444,56.768267],[65.227264,56.860354],[64.839278,57.64072],[66.196611,58.032505],[65.934508,58.614355],[68.358133,59.282919],[69.306085,59.988897],[71.193412,59.905078],[73.032059,58.863126],[75.159475,58.650219],[74.206251,58.133558],[72.861217,58.010516],[71.26917,58.076352],[71.301622,58.385093],[70.864646,58.534619],[70.436145,57.933828],[70.675201,57.511322],[70.436249,57.409313],[70.728531,57.193564],[71.079827,57.344355],[71.673279,56.837771],[70.855448,56.455934],[70.472377,55.276491]],[[84.06674,50.628959],[83.357321,50.994562],[81.465911,50.739849],[80.735258,51.293407],[79.986209,50.774576],[77.784447,53.327117],[77.925301,53.564844],[79.571505,53.732741],[80.924808,54.39606],[82.485539,53.468623],[83.183171,54.062178],[85.160001,54.487165],[86.983456,53.407438],[86.70523,53.19634],[87.07699,53.07521],[87.173212,52.611621],[86.61769,52.371739],[86.814474,52.144724],[85.939592,52.074987],[85.427685,51.559747],[84.014438,51.137602],[84.599829,50.858395],[84.06674,50.628959]],[[89.643862,49.903052],[89.109476,49.501372],[87.322815,49.08579],[86.626475,49.562686],[86.675516,49.777298],[86.180869,49.49933],[85.232607,49.615809],[84.989469,50.061415],[84.257834,50.288223],[84.06674,50.628959],[84.599829,50.858395],[84.014438,51.137602],[85.427685,51.559747],[85.939592,52.074987],[86.754426,52.108706],[86.840726,52.648311],[88.413239,52.455145],[87.861542,51.54936],[88.955429,51.438359],[89.052373,51.064584],[89.869171,50.485084],[89.336387,50.209597],[89.643862,49.903052]],[[84.410383,56.044073],[85.687928,56.238841],[86.217404,56.624193],[87.77917,56.54797],[88.623976,56.832965],[88.592453,56.443635],[89.443357,55.876021],[88.396496,55.279003],[88.747586,54.890138],[88.560827,54.287746],[89.218565,54.242529],[88.981473,54.065227],[89.260423,53.834802],[88.833886,53.584611],[89.115109,52.6264],[88.364767,52.168005],[88.413239,52.455145],[87.173212,52.611621],[87.07699,53.07521],[86.70523,53.19634],[86.933536,53.45312],[84.948335,54.604109],[85.076079,54.868279],[84.410383,56.044073]],[[88.364767,52.168005],[89.235618,52.810033],[88.89507,52.98736],[89.050616,53.249437],[88.833886,53.584611],[89.260423,53.834802],[88.981473,54.065227],[89.218565,54.242529],[88.518556,54.416059],[88.753064,54.804562],[88.396496,55.279003],[88.608774,55.44559],[89.200788,54.990391],[90.129207,55.105216],[90.915309,54.791075],[91.463906,54.056546],[91.469694,53.513892],[91.846415,53.351938],[89.730368,51.582226],[88.131603,51.385908],[87.839114,51.810636],[88.364767,52.168005]],[[77.784447,53.327117],[76.484769,54.022543],[76.837305,54.442362],[75.691204,54.114377],[75.830442,54.601525],[75.097463,55.381788],[75.317605,55.895787],[76.305245,56.183134],[76.009035,56.548383],[76.284161,56.726202],[76.108667,57.250253],[78.444339,57.161317],[81.55743,56.258272],[83.096045,56.549313],[83.316083,55.692156],[84.528619,56.041903],[85.076079,54.868279],[85.079386,54.469389],[84.531926,54.169717],[83.183171,54.062178],[82.485539,53.468623],[80.924808,54.39606],[79.571505,53.732741],[77.925301,53.564844],[77.784447,53.327117]],[[45.727379,42.474439],[45.077442,42.692902],[45.169264,43.127368],[44.838741,43.661056],[45.083378,43.95277],[46.462312,43.961968],[46.533522,42.961176],[45.727379,42.474439]],[[45.727379,42.474439],[46.533522,42.961176],[46.337565,43.458175],[46.585922,43.872232],[45.130713,44.268306],[45.404495,44.317502],[45.27086,44.59056],[45.705975,44.975782],[46.433683,44.93656],[46.891376,44.746021],[46.720898,44.45166],[47.307031,44.103125],[47.462793,43.555029],[47.646484,43.884619],[47.463184,43.035059],[48.572852,41.844482],[47.861089,41.21273],[47.520593,41.22906],[45.638589,42.205073],[45.727379,42.474439]],[[96.684052,53.638535],[95.653108,54.281855],[96.49502,54.510523],[96.918043,55.329517],[96.76012,55.746081],[97.881809,56.426944],[97.354916,57.060548],[97.934002,57.811304],[98.961639,57.723299],[100.017286,58.081468],[100.715641,57.412878],[101.297621,58.219289],[102.519665,58.727888],[102.588498,59.203053],[103.239311,59.283617],[104.458151,58.602263],[105.353497,59.107917],[104.798803,59.690879],[105.377165,59.821672],[105.475764,60.253868],[104.676226,60.399879],[104.459702,60.838767],[105.004578,61.197557],[104.904016,61.367546],[106.403873,62.030736],[106.725713,62.587705],[106.125647,63.048245],[106.7253,63.374969],[106.516837,63.482999],[106.764367,63.995681],[107.550262,63.857007],[108.467519,64.28171],[108.766416,63.860443],[108.111985,63.616737],[109.215484,63.441813],[109.614426,62.873734],[109.305918,62.483628],[109.995695,62.277543],[109.597786,61.870436],[109.7924,61.325198],[110.516696,61.091207],[109.269434,59.449085],[109.63644,59.065956],[111.625259,59.207342],[112.217885,59.500399],[112.631089,59.310489],[112.612486,58.95449],[115.686303,60.526228],[117.296334,60.018921],[117.089318,59.588404],[118.733869,59.419784],[118.821202,58.574254],[119.132398,58.472349],[119.10811,58.2227],[117.470897,58.303987],[117.128283,57.84156],[117.426972,57.263688],[117.794288,57.287408],[117.570839,56.851207],[116.122039,56.812657],[115.710798,56.9635],[116.170305,57.14137],[115.852185,57.240072],[114.01023,56.545334],[111.462478,57.102458],[111.133713,56.814749],[109.988977,56.969029],[109.780411,56.711112],[108.69903,56.582903],[108.571182,56.293618],[109.180034,55.913022],[108.622238,55.455892],[108.640429,54.60106],[109.007331,54.424947],[108.060826,53.205125],[104.649871,51.622431],[104.609357,51.268292],[103.813746,51.131866],[103.818707,51.38782],[103.335016,51.434199],[102.542093,52.227613],[101.963213,52.222446],[100.260475,53.37483],[99.249787,52.953822],[96.684052,53.638535]],[[96.853906,76.19917],[97.053027,76.302588],[96.853906,76.19917]],[[100.068359,79.701025],[100.300293,79.670264],[99.91543,79.601611],[100.068359,79.701025]],[[78.482617,72.394971],[79.42207,72.380762],[81.661621,71.715967],[83.233594,71.668164],[82.322852,71.26001],[82.163184,70.598145],[82.221191,70.395703],[82.59248,70.889941],[83.010156,70.89541],[82.682324,70.217725],[83.080762,70.093018],[83.735938,70.546484],[83.15127,71.103613],[83.534375,71.683936],[80.827051,72.488281],[80.841602,72.94917],[80.424512,73.231152],[80.583203,73.568457],[86.892969,73.887109],[85.792578,73.43833],[86.677051,73.106787],[85.910059,73.39043],[87.571191,73.810742],[86.001367,74.316016],[87.229688,74.363867],[85.791016,74.645117],[87.467578,75.013232],[87.005957,75.169824],[94.156348,75.959229],[92.858594,75.979492],[93.259277,76.098779],[95.578711,76.137305],[96.075488,76.081982],[95.65332,75.892188],[96.49707,75.891211],[98.662012,76.242676],[99.77041,76.02876],[99.540723,75.798584],[99.825391,76.135937],[98.805664,76.480664],[101.597754,76.439209],[100.928027,76.556738],[101.099316,76.704004],[100.905859,76.900684],[104.014551,77.73042],[106.05957,77.390527],[104.202441,77.101807],[107.429785,76.926563],[106.413574,76.512256],[111.114844,76.723047],[112.619531,76.383545],[112.65625,76.053564],[113.272656,76.25166],[113.870996,75.856006],[113.485938,75.563965],[112.466113,75.843652],[113.726172,75.450635],[112.924902,75.015039],[107.271094,73.621045],[105.143945,72.777051],[110.827498,73.712893],[111.110562,73.641087],[110.523104,73.404124],[110.881222,73.022882],[110.610644,72.781036],[111.996089,72.132729],[111.996916,71.413574],[112.57931,71.113696],[110.102768,70.631916],[109.277392,70.206516],[109.509006,70.033452],[109.236981,69.775896],[108.290579,69.85677],[106.152932,69.391139],[106.885497,68.865461],[106.802401,67.348241],[105.540153,67.023403],[106.24688,66.702208],[106.103322,66.378326],[106.439529,65.661729],[106.939964,65.511247],[105.707791,64.652695],[108.320138,64.039037],[106.679928,63.93062],[106.516837,63.482999],[106.7253,63.374969],[106.125647,63.048245],[106.725713,62.587705],[106.403873,62.030736],[104.904016,61.367546],[105.004578,61.197557],[104.459702,60.838767],[104.676226,60.399879],[105.475764,60.253868],[105.377165,59.821672],[104.798803,59.690879],[105.353497,59.107917],[104.458151,58.602263],[103.239311,59.283617],[102.588498,59.203053],[102.519665,58.727888],[101.297621,58.219289],[100.715641,57.412878],[100.017286,58.081468],[98.961639,57.723299],[97.934002,57.811304],[97.354916,57.060548],[97.881809,56.426944],[96.76012,55.746081],[96.918043,55.329517],[96.49502,54.510523],[95.653108,54.281855],[96.642298,53.54805],[94.739882,53.382737],[93.678034,52.223841],[92.505393,51.781439],[90.839448,51.912439],[90.476589,52.183401],[91.841247,53.288272],[91.469694,53.513892],[91.463906,54.056546],[90.915309,54.791075],[90.129207,55.105216],[89.200788,54.990391],[88.608774,55.44559],[89.443357,55.876021],[88.516696,56.62657],[88.721128,56.731654],[88.529615,57.095843],[89.390647,57.877553],[88.155684,58.106531],[87.918179,58.499944],[88.825824,59.034536],[88.585942,59.298655],[87.936266,59.26615],[87.084122,59.882753],[84.531306,59.974996],[84.781213,60.355954],[84.259591,60.855511],[85.950444,61.464724],[84.681064,61.815297],[84.435704,62.177962],[85.518326,62.932567],[85.640592,63.374168],[85.096749,63.534158],[85.94817,64.053352],[85.858977,64.756358],[84.278918,64.940326],[84.585566,65.311104],[84.319432,65.684415],[83.518138,65.822494],[83.296136,66.05832],[83.524649,66.172964],[83.09098,66.459174],[83.16188,66.817989],[82.117293,67.243803],[82.386837,67.523605],[81.730547,67.907535],[82.353558,67.943502],[82.680566,68.282757],[82.535872,68.610748],[83.015429,68.68387],[82.496805,69.110511],[81.772198,69.232906],[81.783153,69.428734],[80.966872,69.209109],[79.854279,69.354527],[78.912941,69.860904],[80.752828,70.635224],[80.55005,71.044449],[79.143108,71.421687],[80.339107,71.889798],[78.482617,72.394971]],[[110.799219,73.759766],[109.665625,73.800244],[111.550586,74.028516],[110.799219,73.759766]],[[95.854102,77.097559],[96.561914,77.154053],[95.270312,77.018848],[95.854102,77.097559]],[[89.616211,77.311035],[89.141699,77.226807],[89.616211,77.311035]],[[96.270703,76.305371],[96.613965,76.263818],[95.311133,76.214746],[96.270703,76.305371]],[[97.310352,76.6896],[97.588379,76.599365],[97.310352,76.6896]],[[86.653125,74.981299],[87.124316,74.939893],[86.258594,74.893506],[86.653125,74.981299]],[[82.021875,75.513477],[82.221582,75.350537],[81.500586,75.36792],[82.021875,75.513477]],[[83.149805,74.151611],[83.618359,74.089453],[82.817773,74.091602],[83.149805,74.151611]],[[84.540332,74.49043],[84.872852,74.515527],[84.540332,74.49043]],[[79.4125,72.983105],[79.501465,72.721924],[78.633203,72.850732],[79.4125,72.983105]],[[82.382422,74.149268],[82.709961,74.090869],[82.382422,74.149268]],[[112.153809,76.549316],[111.968945,76.626172],[112.66084,76.50957],[112.153809,76.549316]],[[106.679102,78.26499],[106.023633,78.220117],[106.679102,78.26499]],[[107.366406,77.346631],[107.679492,77.268262],[107.366406,77.346631]],[[91.477832,81.183936],[89.901172,81.170703],[91.477832,81.183936]],[[106.583301,78.167578],[107.695508,78.130908],[106.583301,78.167578]],[[76.467383,79.643164],[77.588965,79.501904],[76.051562,79.644727],[76.467383,79.643164]],[[79.217383,80.960352],[80.42793,80.927686],[78.977637,80.848242],[79.217383,80.960352]],[[92.592773,79.996533],[93.803125,79.904541],[92.440625,79.675488],[91.070312,79.981494],[92.592773,79.996533]],[[99.517285,79.130176],[99.929297,78.961426],[97.555469,78.826562],[93.070801,79.495312],[94.987305,80.096826],[97.586816,80.168262],[98.017773,80.022852],[97.65166,79.760645],[98.596484,80.052197],[100.06123,79.7771],[99.680664,79.32334],[99.041797,79.293018],[99.517285,79.130176]],[[105.145996,78.818848],[105.312598,78.499902],[104.741797,78.339746],[99.287109,78.038086],[101.643359,79.361377],[103.097949,79.299121],[102.412305,78.835449],[103.800781,79.149268],[105.145996,78.818848]],[[97.869922,80.763281],[97.113086,80.614063],[97.416992,80.323145],[97.175195,80.241016],[93.872363,80.010107],[91.523828,80.358545],[93.2625,80.79126],[92.592578,80.780859],[93.065137,80.988477],[95.15957,81.270996],[97.869922,80.763281]],[[98.939563,52.106171],[97.946921,51.348416],[97.825275,50.98526],[98.292688,50.486944],[98.103397,50.077822],[97.208568,49.730789],[94.614721,50.023717],[94.251074,50.556398],[92.354808,50.864182],[89.643862,49.903052],[89.336387,50.209597],[89.869171,50.485084],[88.7357,51.559385],[89.730368,51.582226],[90.359374,52.191802],[90.839448,51.912439],[92.844287,51.832444],[94.512299,52.910828],[94.594464,53.315661],[96.874945,53.729072],[99.249787,52.953822],[98.92867,52.918476],[98.634424,52.41277],[98.939563,52.106171]],[[107.744446,49.966283],[105.383573,50.473715],[103.304372,50.200295],[102.288413,50.58513],[102.111525,51.353455],[99.921633,51.755523],[98.634424,52.41277],[98.92867,52.918476],[100.260475,53.37483],[101.963213,52.222446],[102.542093,52.227613],[103.335016,51.434199],[103.818707,51.38782],[103.813746,51.131866],[104.609357,51.268292],[104.649871,51.622431],[108.060826,53.205125],[109.007331,54.424947],[108.640429,54.60106],[108.622238,55.455892],[109.180034,55.913022],[108.571182,56.293618],[108.69903,56.582903],[109.780411,56.711112],[109.988977,56.969029],[111.133713,56.814749],[111.462478,57.102458],[113.86967,56.532622],[114.795298,56.709717],[115.085927,57.118581],[116.155732,57.228548],[115.434122,56.689796],[115.800508,56.466114],[115.895179,55.525397],[116.892741,54.976696],[116.777296,54.62664],[115.629356,54.442284],[113.792672,53.629698],[114.325146,53.067717],[113.572531,52.453491],[112.061822,52.277223],[110.676997,51.504453],[108.64911,51.500629],[108.067027,50.753492],[108.553612,50.465085],[107.990236,50.334757],[107.744446,49.966283]],[[130.553148,48.861204],[129.498173,49.38882],[127.550799,49.801793],[127.59028,50.208977],[126.341674,52.362024],[125.649054,53.042267],[123.607784,53.546525],[122.024346,53.438785],[121.643149,54.012104],[121.731309,54.425619],[122.114748,54.406705],[121.659065,54.727668],[121.983593,55.476433],[121.363373,55.507362],[121.216922,56.013222],[120.259668,55.916432],[120.061644,56.138202],[120.532623,56.284627],[119.669523,56.770695],[121.406884,56.975515],[122.589241,56.489576],[123.915362,56.377334],[124.448042,55.904598],[126.434174,55.555007],[132.538401,55.67562],[132.907888,55.359128],[131.199465,54.612791],[130.446539,53.882396],[131.420847,53.751345],[131.465289,53.212928],[131.894203,53.127972],[134.555229,53.620862],[134.923785,53.416585],[134.782399,52.647097],[134.605665,52.417576],[133.279545,52.663918],[133.321713,52.198261],[131.430872,51.688318],[131.48844,51.344567],[131.0649,51.24571],[130.64508,50.657296],[131.441517,50.186188],[131.494021,49.411351],[130.553148,48.861204]],[[116.683297,49.823781],[114.297034,50.274399],[112.806427,49.523592],[110.631108,49.137595],[108.522503,49.341485],[107.744446,49.966283],[107.990236,50.334757],[108.553612,50.465085],[108.067027,50.753492],[108.64911,51.500629],[110.676997,51.504453],[112.061822,52.277223],[113.572531,52.453491],[114.325146,53.067717],[113.792672,53.629698],[115.629356,54.442284],[116.67322,54.547834],[116.892741,54.976696],[115.895179,55.525397],[115.800508,56.466114],[115.434122,56.689796],[115.710798,56.9635],[117.570839,56.851207],[117.794288,57.287408],[117.426972,57.263688],[117.128283,57.84156],[117.683804,58.397986],[119.10811,58.2227],[119.14108,57.538917],[119.487208,57.591472],[119.898449,56.889396],[119.669523,56.770695],[120.532623,56.284627],[120.055339,56.078128],[120.466373,55.871525],[121.216922,56.013222],[121.363373,55.507362],[121.983593,55.476433],[121.659065,54.727668],[122.114748,54.406705],[121.731309,54.425619],[121.643149,54.012104],[122.024346,53.438785],[120.985463,53.284577],[120.09451,52.787218],[120.656129,52.566663],[120.749819,52.09651],[119.163714,50.406019],[119.259832,50.066402],[117.873457,49.51349],[116.683297,49.823781]],[[131.245073,43.466681],[131.032963,44.888888],[131.851828,45.326846],[132.936,45.029913],[133.972393,46.636823],[134.411982,46.677513],[134.653414,47.091803],[136.577225,46.777455],[137.093679,47.296597],[138.086797,47.516609],[137.448903,48.20158],[138.305595,48.444589],[138.709911,48.183261],[138.825563,47.860903],[138.516641,47.668512],[139.001367,47.383301],[135.131055,43.525732],[133.159961,42.696973],[132.303809,42.883301],[132.30957,43.313525],[131.866602,43.095166],[131.938965,43.301953],[131.158301,42.626025],[130.709375,42.656396],[130.687305,42.302539],[130.424784,42.727031],[131.068569,42.902265],[131.245073,43.466681]],[[161.520703,69.634033],[161.422461,68.899658],[161.082813,69.405664],[161.520703,69.634033]],[[111.302842,73.882977],[113.181543,73.837402],[113.487598,73.145117],[113.127832,72.830664],[113.664551,72.634521],[113.215527,72.805859],[113.88623,73.345801],[113.510352,73.50498],[115.337695,73.702588],[118.450195,73.589795],[118.936426,73.481201],[118.457031,73.464404],[118.430273,73.246533],[118.960352,73.117285],[122.260156,72.880566],[123.622266,73.193262],[123.322656,73.430811],[123.491113,73.666357],[124.541211,73.75127],[126.552539,73.334912],[127.740332,73.481543],[129.100586,73.112354],[128.599023,72.895166],[129.250391,72.705176],[128.418262,72.535156],[129.281348,72.437695],[129.410645,72.166309],[127.841406,72.308252],[128.911426,71.755322],[129.210254,71.916943],[129.46084,71.739307],[128.843262,71.663477],[131.021582,70.746094],[131.562012,70.901025],[132.653906,71.925977],[133.688867,71.434229],[136.090332,71.61958],[137.939648,71.133398],[138.314063,71.325537],[137.918359,71.384082],[138.23418,71.596338],[139.98418,71.491504],[139.359277,71.951367],[140.187695,72.191309],[139.14082,72.329736],[141.079297,72.586914],[140.708105,72.890039],[146.25293,72.442236],[144.169238,72.258789],[144.470703,72.174756],[146.831836,72.29541],[146.113281,71.944971],[146.230273,72.1375],[145.758594,72.225879],[145.756738,71.941309],[145.063965,71.926074],[145.188574,71.695801],[147.261816,72.327881],[148.402051,72.311963],[150.016895,71.895654],[148.968164,71.690479],[150.667773,71.455225],[150.097656,71.226562],[151.145313,71.37373],[152.508789,70.834473],[156.68457,71.09375],[159.350684,70.790723],[159.958594,70.423633],[159.83252,69.784961],[160.910742,69.606348],[161.340625,68.905176],[160.856055,68.53833],[161.565625,68.905176],[161.536914,69.379541],[162.375684,69.649072],[162.774179,69.203373],[162.55414,68.991293],[162.846939,68.869285],[162.417611,68.309061],[158.276572,68.076],[158.093327,67.840407],[158.329179,67.753591],[157.692008,67.54549],[158.905164,66.802744],[158.367522,66.459122],[158.484931,66.117515],[157.124394,65.91515],[156.659203,66.193066],[154.395258,66.20459],[154.249634,65.829987],[153.505287,65.841976],[153.521307,65.408049],[152.688179,65.233435],[152.502247,64.94539],[152.748227,64.685923],[152.168831,64.355349],[150.633421,64.170605],[149.816416,64.567274],[148.291032,64.549445],[147.955135,63.944288],[146.376523,64.196831],[145.572334,63.836104],[145.252147,63.179555],[145.479834,62.548017],[144.244974,61.760107],[143.126489,62.101068],[142.437539,61.869712],[140.704725,62.572718],[139.548206,61.481674],[138.205342,60.951784],[138.428894,60.702316],[138.252988,59.712531],[136.758712,59.354646],[135.791019,59.534299],[135.209143,59.122335],[133.125756,59.204397],[132.128607,58.48935],[132.03931,58.019611],[131.476864,58.167509],[132.034763,57.690949],[131.183342,57.235473],[131.797155,56.717365],[131.184375,56.467949],[130.922996,55.678566],[126.047325,55.588752],[121.406884,56.975515],[119.645338,57.002257],[119.487208,57.591472],[119.047028,57.727639],[119.132398,58.472349],[118.821202,58.574254],[118.733869,59.419784],[117.089318,59.588404],[117.296334,60.018921],[116.582373,60.359934],[115.112178,60.394557],[113.464734,59.266305],[112.451152,58.924001],[112.631089,59.310489],[112.217885,59.500399],[110.286633,58.985237],[109.26778,59.315966],[110.516696,61.091207],[109.7924,61.325198],[109.597786,61.870436],[109.995695,62.277543],[109.305918,62.483628],[109.614426,62.873734],[109.215484,63.441813],[108.111985,63.616737],[108.766416,63.860443],[108.467519,64.28171],[105.802876,64.530118],[105.972788,65.011794],[106.939964,65.511247],[106.439529,65.661729],[106.103322,66.378326],[106.24688,66.702208],[105.540153,67.023403],[106.802401,67.348241],[106.885497,68.865461],[106.152932,69.391139],[106.426817,69.56392],[109.236981,69.775896],[109.509006,70.033452],[109.277392,70.206516],[110.102768,70.631916],[112.57931,71.113696],[111.996916,71.413574],[111.996089,72.132729],[110.610644,72.781036],[110.881222,73.022882],[110.523104,73.404124],[111.302842,73.882977]],[[137.281836,71.579932],[137.959863,71.507666],[137.064063,71.529883],[137.281836,71.579932]],[[160.56582,70.923779],[160.718945,70.822705],[160.56582,70.923779]],[[149.406445,76.78208],[148.398633,76.648242],[149.406445,76.78208]],[[136.036816,74.090332],[136.25918,73.984961],[135.387012,74.253369],[136.036816,74.090332]],[[124.429688,73.943018],[124.65293,73.888037],[124.429688,73.943018]],[[136.168945,75.605566],[135.451953,75.389551],[135.698633,75.845264],[136.168945,75.605566]],[[120.078516,73.156738],[120.261328,73.089844],[119.64043,73.124316],[120.078516,73.156738]],[[152.799414,76.194824],[152.558594,76.143604],[152.799414,76.194824]],[[150.690332,75.155322],[150.580273,74.918945],[149.050195,74.772461],[146.148535,75.198291],[146.5375,75.581787],[146.795215,75.370752],[150.690332,75.155322]],[[143.68584,75.863672],[145.359961,75.530469],[144.019727,75.044678],[142.820117,75.267822],[142.941797,75.713281],[142.30791,75.691699],[142.08623,75.660645],[142.198828,75.392676],[143.12793,74.970313],[139.68125,74.964062],[139.099121,74.656543],[136.947656,75.325537],[137.289746,75.348633],[137.268848,75.749414],[137.706543,75.75957],[137.625391,75.988184],[138.813965,76.199707],[140.656738,75.634131],[141.485449,76.137158],[143.68584,75.863672]],[[143.34375,73.56875],[143.491309,73.246436],[139.685547,73.425732],[141.931836,73.914941],[143.34375,73.56875]],[[112.084473,74.548975],[113.387207,74.400439],[112.782422,74.095068],[111.503418,74.353076],[112.084473,74.548975]],[[141.038574,74.242725],[141.010254,73.999463],[140.507227,73.918652],[140.101562,74.184277],[141.038574,74.242725]],[[134.323151,48.370135],[132.476286,47.714969],[131.002784,47.691456],[130.553148,48.861204],[132.119822,49.485507],[133.201203,49.140773],[133.30869,48.826012],[134.986624,48.594812],[134.323151,48.370135]],[[137.940527,55.092627],[138.206152,55.033545],[137.721484,54.663232],[137.23291,54.790576],[137.577344,55.197021],[137.940527,55.092627]],[[133.972393,46.636823],[134.167656,47.302178],[134.752323,47.715408],[134.665197,48.253928],[134.323151,48.370135],[134.986624,48.594812],[133.30869,48.826012],[133.201203,49.140773],[132.119822,49.485507],[131.462705,49.205808],[131.441517,50.186188],[130.64508,50.657296],[131.0649,51.24571],[131.48844,51.344567],[131.430872,51.688318],[133.420415,52.251385],[133.279545,52.663918],[134.605665,52.417576],[134.956445,53.253856],[134.555229,53.620862],[131.894203,53.127972],[131.465289,53.212928],[131.420847,53.751345],[130.446539,53.882396],[131.199465,54.612791],[132.907888,55.359128],[132.538401,55.67562],[130.922996,55.678566],[131.184375,56.467949],[131.797155,56.717365],[131.183342,57.235473],[132.034763,57.690949],[131.476864,58.167509],[132.03931,58.019611],[132.128607,58.48935],[133.125756,59.204397],[135.209143,59.122335],[135.791019,59.534299],[136.758712,59.354646],[138.252988,59.712531],[138.428894,60.702316],[138.205342,60.951784],[139.548206,61.481674],[140.704725,62.572718],[142.437539,61.869712],[143.126489,62.101068],[143.954139,61.956813],[144.001991,61.726517],[144.967617,62.056781],[146.36071,61.820155],[146.76761,61.403281],[146.701154,60.958863],[145.510013,60.4637],[147.140921,59.848595],[147.075292,59.410948],[146.049512,59.170557],[145.55459,59.413525],[143.86875,59.411377],[142.330371,59.152637],[137.691504,56.139355],[135.2625,54.943311],[135.257715,54.731494],[135.851562,54.583936],[136.797266,54.620996],[136.718848,53.804102],[137.155371,53.82168],[137.141602,54.182227],[137.666016,54.283301],[137.339258,54.100537],[137.834766,53.946729],[137.253711,53.546143],[138.52793,53.959863],[138.249707,53.524023],[138.450684,53.537012],[138.695703,54.32002],[139.795508,54.256445],[141.37373,53.292773],[141.18125,53.015283],[140.839648,53.087891],[141.255859,52.840137],[141.132422,52.435693],[141.485254,52.178516],[140.520898,50.800195],[140.624512,50.082422],[140.170605,48.523682],[139.010211,47.396734],[138.628676,47.451419],[138.516641,47.668512],[138.825563,47.860903],[138.305595,48.444589],[137.314647,48.084223],[138.086797,47.516609],[137.093679,47.296597],[136.577225,46.777455],[135.419569,46.910884],[135.078195,47.192649],[133.972393,46.636823]],[[162.501868,61.669795],[160.173633,60.638428],[160.378906,61.025488],[159.79043,60.956641],[160.309375,61.894385],[157.469336,61.798926],[154.293066,59.83335],[154.149805,59.528516],[154.971289,59.449609],[155.160449,59.190137],[151.326758,58.875098],[151.121094,59.08252],[152.260645,59.223584],[149.642578,59.77041],[148.79707,59.532324],[148.914062,59.282715],[146.907199,59.369785],[147.140921,59.848595],[145.510013,60.4637],[146.701154,60.958863],[146.583435,61.635515],[145.891281,62.025362],[144.71864,62.081689],[145.479834,62.548017],[145.252147,63.179555],[145.572334,63.836104],[146.376523,64.196831],[147.955135,63.944288],[148.291032,64.549445],[149.816416,64.567274],[150.633421,64.170605],[152.168831,64.355349],[152.748227,64.685923],[152.502247,64.94539],[152.688179,65.233435],[153.521307,65.408049],[153.505287,65.841976],[154.249634,65.829987],[154.395258,66.20459],[156.659203,66.193066],[157.124394,65.91515],[158.484931,66.117515],[158.52896,66.359387],[159.16644,66.234045],[158.9217,65.743016],[160.536589,65.161966],[163.246088,64.726799],[163.434293,64.373125],[162.794229,64.148023],[162.95701,63.491112],[162.2693,62.935022],[162.818724,62.697104],[162.736145,62.297386],[162.265372,62.128611],[162.511972,62.103393],[162.311158,61.934204],[162.501868,61.669795]],[[150.666211,59.160156],[150.471777,59.034766],[150.666211,59.160156]],[[145.943555,43.426465],[145.943555,43.426465]],[[146.333301,43.647461],[146.333301,43.647461]],[[146.088574,43.449023],[146.088574,43.449023]],[[146.621973,43.812988],[146.899023,43.80415],[146.621973,43.812988]],[[146.355957,44.424609],[146.567773,44.44043],[145.439258,43.737061],[146.112109,44.500146],[146.355957,44.424609]],[[149.962305,46.021924],[150.553125,46.208545],[149.44707,45.593359],[149.962305,46.021924]],[[148.812207,45.51001],[146.897461,44.404297],[147.924023,45.383301],[148.812207,45.51001]],[[152.984277,47.72793],[152.984277,47.72793]],[[151.864355,46.868994],[152.288867,47.142187],[151.864355,46.868994]],[[154.126367,48.904443],[154.000684,48.755713],[154.126367,48.904443]],[[155.644824,50.821924],[155.467383,50.913574],[155.644824,50.821924]],[[156.376465,50.862109],[156.405078,50.657617],[156.167969,50.731885],[156.376465,50.862109]],[[156.096875,50.771875],[155.921094,50.302197],[155.243066,50.094629],[156.096875,50.771875]],[[154.612988,49.380615],[154.899609,49.630371],[154.810449,49.312012],[154.612988,49.380615]],[[142.334961,54.280713],[142.692773,54.416113],[142.976172,54.140967],[143.324707,52.963086],[143.190625,51.944482],[144.71377,48.640283],[144.04873,49.24917],[143.10498,49.198828],[142.556934,47.737891],[143.580664,46.360693],[143.431641,46.028662],[143.282324,46.558984],[142.578027,46.700781],[142.077148,45.917041],[141.830371,46.451074],[142.181738,48.013379],[141.866309,48.750098],[142.206738,51.222559],[141.722363,51.736328],[141.66084,52.272949],[141.852441,53.389453],[142.67959,53.674365],[142.334961,54.280713]],[[33.745771,44.402323],[33.555176,45.097656],[32.508008,45.403809],[33.664844,45.94707],[33.659965,46.219573],[34.686878,45.97695],[35.45752,45.316309],[36.575,45.393555],[36.393359,45.065381],[35.472559,45.098486],[33.745771,44.402323]],[[54.352476,56.358524],[53.869095,56.713154],[54.341107,57.011869],[53.70466,58.594977],[53.876536,59.092802],[53.205776,59.364],[53.706521,60.001196],[52.297821,60.241595],[51.774235,60.605603],[51.889784,60.875819],[52.876494,61.093842],[54.979518,60.86383],[56.70241,61.524772],[59.348657,61.682178],[59.385347,60.573512],[58.310891,59.46805],[59.175334,59.146519],[59.08273,58.769333],[59.45604,58.492761],[58.67831,58.1071],[58.829825,57.726244],[58.268103,57.669788],[58.029874,57.099357],[57.218658,56.853016],[57.408414,56.32912],[57.21349,56.182049],[54.352476,56.358524]],[[174.454226,61.822033],[172.856543,61.469189],[170.608203,60.434912],[170.350977,59.965527],[169.226758,60.595947],[168.462793,60.592236],[167.226758,60.406299],[166.273047,59.85625],[166.352148,60.484814],[164.953711,59.843604],[164.440039,60.072705],[163.49375,59.886768],[163.272852,59.302588],[161.960059,58.076904],[162.391406,57.717236],[162.654297,57.948242],[163.225781,57.790381],[162.761523,57.243945],[163.335547,56.23252],[162.840332,56.065625],[162.628125,56.232275],[163.038379,56.521875],[162.671484,56.490088],[162.084961,56.089648],[161.723926,55.496143],[162.105566,54.752148],[160.074414,54.18916],[159.84375,53.783643],[160.025098,53.12959],[158.47207,53.032373],[158.493164,52.383154],[158.103516,51.809619],[156.747754,50.969287],[155.563867,55.199121],[155.98252,56.695215],[156.848828,57.290186],[156.871973,57.803662],[158.275195,58.008984],[162.068164,60.466406],[163.709961,60.916797],[163.553516,61.025635],[164.005469,61.343799],[163.804395,61.461377],[164.2875,62.346631],[165.417383,62.44707],[164.418359,62.704639],[163.331738,62.550928],[163.017676,61.891064],[163.257812,61.699463],[162.501868,61.669795],[162.311158,61.934204],[162.511972,62.103393],[162.265372,62.128611],[162.736145,62.297386],[162.818724,62.697104],[162.2693,62.935022],[162.95701,63.491112],[162.794229,64.148023],[163.434293,64.373125],[163.136947,64.770207],[165.262709,64.850616],[168.498687,64.317366],[169.582238,63.643402],[168.510159,63.054084],[170.009913,62.677389],[170.261577,62.285397],[173.797588,62.51789],[174.454226,61.822033]],[[164.572656,59.221143],[164.615723,58.885596],[163.431836,58.546143],[163.760938,59.015039],[164.572656,59.221143]],[[167.710645,54.770166],[168.081348,54.512744],[167.441504,54.855859],[167.710645,54.770166]],[[166.577344,54.907715],[166.645117,54.694092],[165.751074,55.294531],[166.275781,55.311963],[166.577344,54.907715]],[[33.588429,44.842005],[33.852069,44.431632],[33.450684,44.553662],[33.588429,44.842005]],[[22.615068,-26.10752],[22.815131,-26.447657],[23.099464,-25.986772],[23.374104,-26.015812],[23.27071,-26.479475],[23.988005,-26.912469],[23.894304,-27.257674],[24.519723,-28.099577],[24.671342,-27.671747],[25.026669,-27.707714],[24.34082,-29.649043],[25.467469,-30.613118],[25.445507,-31.095156],[24.558687,-31.401804],[24.49957,-31.704834],[23.400929,-31.68127],[23.069838,-31.976549],[22.291487,-31.570166],[21.971352,-32.195761],[20.705124,-32.918145],[20.20934,-32.764305],[20.139216,-32.189611],[19.533568,-32.637594],[19.470729,-32.078248],[19.028637,-31.893247],[18.938669,-30.724016],[18.410587,-30.499947],[17.770804,-31.149241],[16.447555,-28.617529],[17.056251,-28.031002],[17.447959,-28.698145],[18.102699,-28.871674],[19.161756,-28.93875],[19.980414,-28.451286],[19.980466,-24.776782],[20.793181,-25.915575],[20.685022,-26.822445],[21.694728,-26.840945],[22.615068,-26.10752]],[[23.634909,-33.988504],[22.245508,-34.069141],[20.020605,-34.785742],[18.831348,-34.364063],[18.752148,-34.082617],[18.461621,-34.346875],[18.433008,-33.717285],[17.851074,-32.827441],[18.250879,-32.652148],[18.310742,-32.122461],[17.770804,-31.149241],[18.410587,-30.499947],[18.735219,-30.576996],[19.4729,-32.583489],[20.139216,-32.189611],[20.421162,-32.936852],[21.971352,-32.195761],[22.291487,-31.570166],[23.069838,-31.976549],[23.400929,-31.68127],[24.147033,-31.789894],[24.028797,-32.174573],[23.24254,-32.424532],[23.370388,-32.768232],[22.745206,-33.327888],[23.563399,-33.495991],[23.366512,-33.780728],[23.634909,-33.988504]],[[37.590039,-46.908008],[37.887695,-46.90166],[37.590039,-46.908008]],[[22.615068,-26.10752],[22.878842,-25.457929],[23.266001,-25.266623],[24.330588,-25.742873],[25.443646,-25.714451],[25.912093,-24.747481],[26.397168,-24.613574],[27.366526,-25.059039],[28.098161,-25.009378],[28.293705,-25.317111],[27.290496,-26.145986],[27.480266,-26.873967],[26.644917,-26.999334],[26.450148,-27.352904],[24.93236,-28.096631],[25.026669,-27.707714],[24.671342,-27.671747],[24.519723,-28.099577],[24.407534,-27.684356],[24.1124,-27.742738],[23.988005,-26.912469],[23.27071,-26.479475],[23.374104,-26.015812],[23.099464,-25.986772],[22.815131,-26.447657],[22.615068,-26.10752]],[[28.856255,-28.776073],[28.625829,-28.581718],[27.735599,-28.940094],[27.056933,-29.625633],[27.383487,-30.308481],[26.921799,-30.655338],[25.467469,-30.613118],[24.34082,-29.649043],[25.24061,-27.822901],[27.582534,-26.737644],[27.969694,-26.671292],[29.771237,-27.452329],[29.588923,-28.250162],[28.856255,-28.776073]],[[28.255826,-26.893604],[27.243404,-26.640021],[27.191265,-26.381919],[27.459337,-25.885293],[27.942822,-25.806848],[28.004209,-25.36068],[28.751765,-25.114901],[28.627803,-25.526987],[28.920214,-25.551768],[28.941216,-25.869812],[28.500979,-26.08001],[28.86367,-26.400638],[28.255826,-26.893604]],[[31.828014,-23.963832],[31.948262,-25.957588],[31.335173,-25.755585],[30.789056,-26.455439],[31.273988,-27.238389],[29.615278,-27.501835],[29.057431,-27.030339],[28.255826,-26.893604],[28.86367,-26.400638],[28.500979,-26.08001],[28.870133,-26.004923],[28.975989,-25.673678],[28.669807,-25.663944],[28.751765,-25.114901],[28.354528,-25.188643],[28.897597,-24.956363],[29.211009,-25.408116],[30.004234,-25.33221],[30.765148,-24.464721],[31.220727,-24.556592],[31.110871,-24.097303],[31.828014,-23.963832]],[[31.828014,-23.963832],[31.110871,-24.097303],[31.220727,-24.556592],[30.765148,-24.464721],[30.658523,-24.818606],[30.183557,-24.855259],[29.769982,-25.394982],[29.211009,-25.408116],[28.897597,-24.956363],[28.293705,-25.317111],[28.098161,-25.009378],[26.410357,-24.741487],[27.08551,-23.57794],[29.129881,-22.213269],[31.287837,-22.402043],[31.828014,-23.963832]],[[31.273988,-27.238389],[31.958391,-27.305878],[31.994668,-26.817484],[32.886133,-26.849316],[32.375195,-28.498242],[31.335156,-29.378125],[30.194383,-31.074644],[29.162977,-30.554784],[29.297719,-30.317836],[29.014395,-29.976241],[29.390692,-29.269686],[28.856255,-28.776073],[29.588923,-28.250162],[29.771237,-27.452329],[31.273988,-27.238389]],[[29.014395,-29.976241],[29.220342,-30.61795],[30.194383,-31.074644],[27.077441,-33.521191],[24.595508,-34.174512],[23.634909,-33.988504],[23.366512,-33.780728],[23.618176,-33.644044],[23.437412,-33.432636],[22.749547,-33.401578],[23.370388,-32.768232],[23.325378,-32.354562],[24.028797,-32.174573],[24.558687,-31.401804],[25.35006,-31.227706],[25.467469,-30.613118],[26.921799,-30.655338],[27.383487,-30.308481],[28.018166,-30.642315],[28.392097,-30.147565],[29.014395,-29.976241]],[[74.103545,15.644573],[73.476074,16.054248],[72.875488,18.642822],[73.005566,19.021094],[72.803027,19.079297],[72.987207,19.277441],[72.667773,19.830957],[72.708984,20.078027],[73.363822,20.178304],[73.404233,20.66985],[73.909008,20.775709],[73.695171,21.122639],[74.291517,21.513855],[73.820848,21.508326],[73.809376,21.836471],[74.407686,22.023049],[74.708133,21.611162],[76.082933,21.368076],[76.286641,21.074812],[77.332985,21.774459],[77.578035,21.384457],[79.240053,21.712758],[80.679034,21.351152],[80.425096,19.892817],[80.893905,19.484444],[80.397088,19.234175],[80.270377,18.71369],[80.001866,18.785624],[79.795781,19.594101],[79.197731,19.461883],[78.321762,19.863258],[77.551163,18.307875],[77.301876,18.460269],[76.892909,18.144293],[76.343795,17.351861],[75.61309,17.471595],[75.616708,16.974675],[74.43001,16.644333],[74.469594,16.109792],[74.103545,15.644573]]]}}]}