{"type":"FeatureCollection", "features": [
{"type":"Feature","geometry":{"type":"Polygon","coordinates":[[[129.00196,-25.999014],[129.00196,-14.870742],[128.199387,-14.751716],[126.903154,-13.744182],[125.178762,-14.714824],[124.381594,-15.758151],[124.576887,-16.113647],[123.490361,-16.490742],[122.970619,-16.436755],[122.160158,-17.313574],[122.237326,-17.968557],[121.493486,-19.106367],[120.878339,-19.665044],[119.585929,-20.038315],[119.104443,-19.995359],[117.406132,-20.721203],[116.70683,-20.653923],[114.859127,-21.735945],[114.377641,-22.341423],[113.682843,-22.637746],[113.757089,-23.418281],[113.417787,-24.435725],[114.214296,-25.851643],[113.539516,-25.625303],[113.581593,-26.558152],[114.028209,-27.347234],[114.165231,-28.080725],[114.959037,-29.433648],[115.17683,-30.807949],[115.698395,-31.694458],[115.68308,-33.192949],[115.008761,-34.255855],[116.517162,-34.988006],[118.13558,-34.986643],[119.854128,-33.974825],[121.405068,-33.826773],[123.650344,-33.836221],[124.125986,-33.129273],[125.917219,-32.296992],[127.319865,-32.264143],[129.00196,-31.692656],[129.00196,-25.999014]]]},"properties":{"featurecla":"Admin-1 scale rank","scalerank":2,"adm1_code":"AUS-2651","diss_me":2651,"iso_3166_2":"AU-WA","wikipedia":null,"iso_a2":"AU","adm0_sr":6,"name":"Western Australia","name_alt":null,"name_local":null,"type":"State","type_en":"State","code_local":null,"code_hasc":"AU.WA","note":null,"hasc_maybe":null,"region":null,"region_cod":null,"provnum_ne":5,"gadm_level":1,"check_me":20,"datarank":3,"abbrev":"W.A.","postal":"WA","area_sqkm":0,"sameascity":-99,"labelrank":2,"name_len":17,"mapcolor9":2,"mapcolor13":7,"fips":"AS08","fips_alt":null,"woe_id":2344706,"woe_label":"Western Australia, AU, Australia","woe_name":"Western Australia","latitude":-25.8483,"longitude":121.646,"sov_a3":"AU1","adm0_a3":"AUS","adm0_label":2,"admin":"Australia","geonunit":"Australia","gu_a3":"AUS","gn_id":2058645,"gn_name":"State of Western Australia","gns_id":-1608952,"gns_name":"Western Australia","gn_level":1,"gn_region":null,"gn_a1_code":"AU.08","region_sub":null,"sub_code":null,"gns_level":1,"gns_lang":"zho","gns_adm1":"AS08","gns_region":null,"min_label":3.5,"max_label":7.5,"min_zoom":2,"wikidataid":"Q3206","name_ar":"أستراليا الغربية","name_bn":"পশ্চিম অস্ট্রেলিয়া","name_de":"Western Australia","name_en":"Western Australia","name_es":"Australia Occidental","name_fr":"Australie-Occidentale","name_el":"Δυτική Αυστραλία","name_hi":"पश्चिमी ऑस्ट्रेलिया","name_hu":"Nyugat-Ausztrália","name_id":"Australia Barat","name_it":"Australia Occidentale","name_ja":"西オーストラリア州","name_ko":"웨스턴오스트레일리아","name_nl":"West-Australië","name_pl":"Australia Zachodnia","name_pt":"Austrália Ocidental","name_ru":"Западная Австралия","name_sv":"Western Australia","name_tr":"Batı Avustralya","name_vi":"Tây Úc","name_zh":"西澳大利亚州","ne_id":1159315805,"name_he":"אוסטרליה המערבית","name_uk":"Західна Австралія","name_ur":"مغربی آسٹریلیا","name_fa":"استرالیای غربی","name_zht":"西澳州","FCLASS_ISO":null,"FCLASS_US":null,"FCLASS_FR":null,"FCLASS_RU":null,"FCLASS_ES":null,"FCLASS_CN":null,"FCLASS_TW":null,"FCLASS_IN":null,"FCLASS_NP":null,"FCLASS_PK":null,"FCLASS_DE":null,"FCLASS_GB":null,"FCLASS_BR":null,"FCLASS_IL":null,"FCLASS_PS":null,"FCLASS_SA":null,"FCLASS_EG":null,"FCLASS_MA":null,"FCLASS_PT":null,"FCLASS_AR":null,"FCLASS_JP":null,"FCLASS_KO":null,"FCLASS_VN":null,"FCLASS_TR":null,"FCLASS_ID":null,"FCLASS_PL":null,"FCLASS_GR":null,"FCLASS_IT":null,"FCLASS_NL":null,"FCLASS_SE":null,"FCLASS_BD":null,"FCLASS_UA":null,"FCLASS_TLC":null}},
{"type":"Feature","geometry":{"type":"Polygon","coordinates":[[[129.00196,-25.999014],[138.00196,-25.999014],[138.002422,-16.555781],[136.784719,-15.894272],[135.530784,-15.000358],[135.883357,-14.153225],[135.927236,-13.304289],[136.59437,-13.003923],[136.947383,-12.349841],[136.540141,-11.957673],[135.788413,-11.907048],[135.218047,-12.221608],[134.730232,-11.984457],[132.682732,-11.505651],[132.372016,-12.239143],[131.045637,-12.189638],[130.399882,-12.687802],[130.259719,-13.302268],[129.838964,-13.572949],[129.00196,-14.870742],[129.00196,-25.999014]]]},"properties":{"featurecla":"Admin-1 scale rank","scalerank":2,"adm1_code":"AUS-2650","diss_me":2650,"iso_3166_2":"AU-NT","wikipedia":null,"iso_a2":"AU","adm0_sr":6,"name":"Northern Territory","name_alt":null,"name_local":null,"type":"Territory","type_en":"Territory","code_local":null,"code_hasc":"AU.NT","note":null,"hasc_maybe":null,"region":null,"region_cod":null,"provnum_ne":7,"gadm_level":1,"check_me":20,"datarank":3,"abbrev":"N.T.","postal":"NT","area_sqkm":0,"sameascity":-99,"labelrank":2,"name_len":18,"mapcolor9":2,"mapcolor13":7,"fips":"AS03","fips_alt":null,"woe_id":2344701,"woe_label":"Northern Territory, AU, Australia","woe_name":"Northern Territory","latitude":-20.1026,"longitude":133.78,"sov_a3":"AU1","adm0_a3":"AUS","adm0_label":2,"admin":"Australia","geonunit":"Australia","gu_a3":"AUS","gn_id":2064513,"gn_name":"Northern Territory","gns_id":-1592100,"gns_name":"Northern Territory","gn_level":1,"gn_region":null,"gn_a1_code":"AU.03","region_sub":null,"sub_code":null,"gns_level":1,"gns_lang":"zho","gns_adm1":"AS03","gns_region":null,"min_label":3.5,"max_label":7.5,"min_zoom":2,"wikidataid":"Q3235","name_ar":"إقليم شمالي","name_bn":"উত্তর অঞ্চল","name_de":"Northern Territory","name_en":"Northern Territory","name_es":"Territorio del Norte","name_fr":"Territoire du Nord","name_el":"Βόρεια Επικράτεια","name_hi":"नॉर्थर्न टेरिटरी","name_hu":"Északi terület","name_id":"Wilayah Utara","name_it":"Territorio del Nord","name_ja":"ノーザンテリトリー","name_ko":"노던 준","name_nl":"Noordelijk Territorium","name_pl":"Terytorium Północne","name_pt":"Território do Norte","name_ru":"Северная территория","name_sv":"Northern Territory","name_tr":"Kuzey Toprakları","name_vi":"Lãnh thổ Bắc Úc","name_zh":"北领地","ne_id":1159315809,"name_he":"הטריטוריה הצפונית","name_uk":"Північна територія","name_ur":"شمالی علاقہ","name_fa":"قلمرو شمالی","name_zht":"北領地","FCLASS_ISO":null,"FCLASS_US":null,"FCLASS_FR":null,"FCLASS_RU":null,"FCLASS_ES":null,"FCLASS_CN":null,"FCLASS_TW":null,"FCLASS_IN":null,"FCLASS_NP":null,"FCLASS_PK":null,"FCLASS_DE":null,"FCLASS_GB":null,"FCLASS_BR":null,"FCLASS_IL":null,"FCLASS_PS":null,"FCLASS_SA":null,"FCLASS_EG":null,"FCLASS_MA":null,"FCLASS_PT":null,"FCLASS_AR":null,"FCLASS_JP":null,"FCLASS_KO":null,"FCLASS_VN":null,"FCLASS_TR":null,"FCLASS_ID":null,"FCLASS_PL":null,"FCLASS_GR":null,"FCLASS_IT":null,"FCLASS_NL":null,"FCLASS_SE":null,"FCLASS_BD":null,"FCLASS_UA":null,"FCLASS_TLC":null}},
{"type":"Feature","geometry":{"type":"Polygon","coordinates":[[[129.00196,-31.692656],[131.143745,-31.495781],[132.214736,-32.007195],[132.757439,-31.95635],[134.234111,-32.548557],[134.790986,-33.328389],[135.647568,-34.939622],[136.430564,-34.029954],[137.237422,-33.629458],[137.493909,-34.161131],[138.089258,-34.169898],[138.511133,-35.024458],[138.184443,-35.6126],[139.037642,-35.689329],[139.85731,-36.661993],[139.784185,-37.245872],[140.390344,-37.89657],[140.966335,-38.071407],[141.025728,-34.043225],[141.002107,-28.998941],[141.002107,-25.999014],[138.00196,-25.999014],[129.00196,-25.999014],[129.00196,-31.692656]]]},"properties":{"featurecla":"Admin-1 scale rank","scalerank":2,"adm1_code":"AUS-2655","diss_me":2655,"iso_3166_2":"AU-SA","wikipedia":null,"iso_a2":"AU","adm0_sr":3,"name":"South Australia","name_alt":null,"name_local":null,"type":"State","type_en":"State","code_local":null,"code_hasc":"AU.SA","note":null,"hasc_maybe":null,"region":null,"region_cod":null,"provnum_ne":6,"gadm_level":1,"check_me":20,"datarank":3,"abbrev":"S.A.","postal":"SA","area_sqkm":0,"sameascity":-99,"labelrank":2,"name_len":15,"mapcolor9":2,"mapcolor13":7,"fips":"AS05","fips_alt":null,"woe_id":2344703,"woe_label":"South Australia, AU, Australia","woe_name":"South Australia","latitude":-29.6504,"longitude":135.783,"sov_a3":"AU1","adm0_a3":"AUS","adm0_label":2,"admin":"Australia","geonunit":"Australia","gu_a3":"AUS","gn_id":2061327,"gn_name":"State of South Australia","gns_id":-1601186,"gns_name":"South Australia","gn_level":1,"gn_region":null,"gn_a1_code":"AU.05","region_sub":null,"sub_code":null,"gns_level":1,"gns_lang":"zho","gns_adm1":"AS05","gns_region":null,"min_label":3.5,"max_label":7.5,"min_zoom":2,"wikidataid":"Q35715","name_ar":"جنوب أستراليا","name_bn":"দক্ষিণ অস্ট্রেলিয়া","name_de":"South Australia","name_en":"South Australia","name_es":"Australia Meridional","name_fr":"Australie-Méridionale","name_el":"Νότια Αυστραλία","name_hi":"दक्षिण ऑस्ट्रेलिया","name_hu":"Dél-Ausztrália","name_id":"Australia Selatan","name_it":"Australia Meridionale","name_ja":"南オーストラリア州","name_ko":"사우스오스트레일리아","name_nl":"Zuid-Australië","name_pl":"Australia Południowa","name_pt":"Austrália Meridional","name_ru":"Южная Австралия","name_sv":"South Australia","name_tr":"Güney Avustralya","name_vi":"Nam Úc","name_zh":"南澳大利亚州","ne_id":1159313267,"name_he":"אוסטרליה הדרומית","name_uk":"Південна Австралія","name_ur":"جنوبی آسٹریلیا","name_fa":"استرالیای جنوبی","name_zht":"南澳州","FCLASS_ISO":null,"FCLASS_US":null,"FCLASS_FR":null,"FCLASS_RU":null,"FCLASS_ES":null,"FCLASS_CN":null,"FCLASS_TW":null,"FCLASS_IN":null,"FCLASS_NP":null,"FCLASS_PK":null,"FCLASS_DE":null,"FCLASS_GB":null,"FCLASS_BR":null,"FCLASS_IL":null,"FCLASS_PS":null,"FCLASS_SA":null,"FCLASS_EG":null,"FCLASS_MA":null,"FCLASS_PT":null,"FCLASS_AR":null,"FCLASS_JP":null,"FCLASS_KO":null,"FCLASS_VN":null,"FCLASS_TR":null,"FCLASS_ID":null,"FCLASS_PL":null,"FCLASS_GR":null,"FCLASS_IT":null,"FCLASS_NL":null,"FCLASS_SE":null,"FCLASS_BD":null,"FCLASS_UA":null,"FCLASS_TLC":null}},
{"type":"Feature","geometry":{"type":"Polygon","coordinates":[[[138.00196,-25.999014],[141.002107,-25.999014],[141.002107,-28.998941],[148.974314,-28.998501],[149.511831,-28.579329],[150.340728,-28.563794],[151.23084,-28.897691],[152.024405,-28.87385],[152.493082,-28.262307],[153.515272,-28.144402],[153.116797,-27.194458],[153.164939,-25.964143],[152.913396,-25.432251],[151.902698,-24.201057],[150.843155,-23.458096],[150.763965,-22.576091],[150.076133,-22.164346],[149.703982,-22.440432],[148.759444,-20.289638],[147.418672,-19.378169],[146.481077,-19.078703],[146.032219,-18.272746],[146.125823,-17.63532],[145.42606,-16.406147],[145.287698,-14.943208],[144.472952,-14.231755],[143.756336,-14.348737],[143.401521,-12.63988],[142.872529,-11.821332],[142.836758,-11.306975],[142.168284,-10.946513],[141.677788,-12.491367],[141.472586,-13.797487],[141.625581,-15.056608],[141.219241,-16.64622],[140.830435,-17.414362],[140.035728,-17.7026],[139.248469,-17.328647],[139.009956,-16.899345],[138.002422,-16.555781],[138.00196,-25.999014]]]},"properties":{"featurecla":"Admin-1 scale rank","scalerank":2,"adm1_code":"AUS-2657","diss_me":2657,"iso_3166_2":"AU-QLD","wikipedia":null,"iso_a2":"AU","adm0_sr":5,"name":"Queensland","name_alt":null,"name_local":null,"type":"State","type_en":"State","code_local":null,"code_hasc":"AU.QL","note":null,"hasc_maybe":null,"region":null,"region_cod":null,"provnum_ne":8,"gadm_level":1,"check_me":20,"datarank":3,"abbrev":"Qld.","postal":"QL","area_sqkm":0,"sameascity":-99,"labelrank":2,"name_len":10,"mapcolor9":2,"mapcolor13":7,"fips":"AS04","fips_alt":null,"woe_id":2344702,"woe_label":"Queensland, AU, Australia","woe_name":"Queensland","latitude":-23.1364,"longitude":144.778,"sov_a3":"AU1","adm0_a3":"AUS","adm0_label":2,"admin":"Australia","geonunit":"Australia","gu_a3":"AUS","gn_id":2152274,"gn_name":"State of Queensland","gns_id":-1596531,"gns_name":"Queensland","gn_level":1,"gn_region":null,"gn_a1_code":"AU.04","region_sub":null,"sub_code":null,"gns_level":1,"gns_lang":"zho","gns_adm1":"AS04","gns_region":null,"min_label":3.5,"max_label":7.5,"min_zoom":2,"wikidataid":"Q36074","name_ar":"كوينزلاند","name_bn":"কুইন্সল্যান্ড","name_de":"Queensland","name_en":"Queensland","name_es":"Queensland","name_fr":"Queensland","name_el":"Κουίνσλαντ","name_hi":"क्वीन्सलैण्ड","name_hu":"Queensland","name_id":"Queensland","name_it":"Queensland","name_ja":"クイーンズランド州","name_ko":"퀸즐랜드","name_nl":"Queensland","name_pl":"Queensland","name_pt":"Queensland","name_ru":"Квинсленд","name_sv":"Queensland","name_tr":"Queensland","name_vi":"Queensland","name_zh":"昆士兰州","ne_id":1159315807,"name_he":"קווינסלנד","name_uk":"Квінсленд","name_ur":"کوئنزلینڈ","name_fa":"کوئینزلند","name_zht":"昆士蘭州","FCLASS_ISO":null,"FCLASS_US":null,"FCLASS_FR":null,"FCLASS_RU":null,"FCLASS_ES":null,"FCLASS_CN":null,"FCLASS_TW":null,"FCLASS_IN":null,"FCLASS_NP":null,"FCLASS_PK":null,"FCLASS_DE":null,"FCLASS_GB":null,"FCLASS_BR":null,"FCLASS_IL":null,"FCLASS_PS":null,"FCLASS_SA":null,"FCLASS_EG":null,"FCLASS_MA":null,"FCLASS_PT":null,"FCLASS_AR":null,"FCLASS_JP":null,"FCLASS_KO":null,"FCLASS_VN":null,"FCLASS_TR":null,"FCLASS_ID":null,"FCLASS_PL":null,"FCLASS_GR":null,"FCLASS_IT":null,"FCLASS_NL":null,"FCLASS_SE":null,"FCLASS_BD":null,"FCLASS_UA":null,"FCLASS_TLC":null}},
{"type":"Feature","geometry":{"type":"Polygon","coordinates":[[[148.340711,-42.111058],[148.292788,-40.947122],[146.317512,-41.163575],[145.282952,-40.769825],[144.645987,-40.980872],[145.238194,-42.019695],[145.26812,-42.544402],[146.043228,-43.547235],[146.873948,-43.612471],[147.408081,-42.893834],[148.340711,-42.111058]]]},"properties":{"featurecla":"Admin-1 scale rank","scalerank":2,"adm1_code":"AUS-2660","diss_me":2660,"iso_3166_2":"AU-TAS","wikipedia":null,"iso_a2":"AU","adm0_sr":5,"name":"Tasmania","name_alt":null,"name_local":null,"type":"State","type_en":"State","code_local":null,"code_hasc":"AU.TS","note":null,"hasc_maybe":null,"region":null,"region_cod":null,"provnum_ne":4,"gadm_level":1,"check_me":20,"datarank":3,"abbrev":"Tas.","postal":"TS","area_sqkm":0,"sameascity":-99,"labelrank":2,"name_len":8,"mapcolor9":2,"mapcolor13":7,"fips":"AS06","fips_alt":null,"woe_id":2344704,"woe_label":null,"woe_name":null,"latitude":-42.1383,"longitude":146.603,"sov_a3":"AU1","adm0_a3":"AUS","adm0_label":2,"admin":"Australia","geonunit":"Australia","gu_a3":"AUS","gn_id":2147291,"gn_name":"State of Tasmania","gns_id":-1603760,"gns_name":"Tasmania","gn_level":1,"gn_region":null,"gn_a1_code":"AU.06","region_sub":null,"sub_code":null,"gns_level":1,"gns_lang":"zho","gns_adm1":"AS06","gns_region":null,"min_label":3.5,"max_label":7.5,"min_zoom":2,"wikidataid":"Q34366","name_ar":"تاسمانيا","name_bn":"তাসমানিয়া","name_de":"Tasmanien","name_en":"Tasmania","name_es":"Tasmania","name_fr":"Tasmanie","name_el":"Τασμανία","name_hi":"टासमानिया","name_hu":"Tasmania","name_id":"Tasmania","name_it":"Tasmania","name_ja":"タスマニア州","name_ko":"태즈메이니아","name_nl":"Tasmanië","name_pl":"Tasmania","name_pt":"Tasmânia","name_ru":"Тасмания","name_sv":"Tasmanien","name_tr":"Tasmanya","name_vi":"Tasmania","name_zh":"塔斯马尼亚州","ne_id":1159313261,"name_he":"טסמניה","name_uk":"Тасманія","name_ur":"تسمانیا","name_fa":"تاسمانی","name_zht":"塔斯馬尼亞州","FCLASS_ISO":null,"FCLASS_US":null,"FCLASS_FR":null,"FCLASS_RU":null,"FCLASS_ES":null,"FCLASS_CN":null,"FCLASS_TW":null,"FCLASS_IN":null,"FCLASS_NP":null,"FCLASS_PK":null,"FCLASS_DE":null,"FCLASS_GB":null,"FCLASS_BR":null,"FCLASS_IL":null,"FCLASS_PS":null,"FCLASS_SA":null,"FCLASS_EG":null,"FCLASS_MA":null,"FCLASS_PT":null,"FCLASS_AR":null,"FCLASS_JP":null,"FCLASS_KO":null,"FCLASS_VN":null,"FCLASS_TR":null,"FCLASS_ID":null,"FCLASS_PL":null,"FCLASS_GR":null,"FCLASS_IT":null,"FCLASS_NL":null,"FCLASS_SE":null,"FCLASS_BD":null,"FCLASS_UA":null,"FCLASS_TLC":null}},
{"type":"Feature","geometry":{"type":"Polygon","coordinates":[[[140.966335,-38.071407],[142.612219,-38.451644],[143.538982,-38.820872],[144.665344,-38.209988],[145.790784,-38.666976],[146.856831,-38.663372],[148.262422,-37.830652],[149.298543,-37.802066],[149.942495,-37.500579],[148.21628,-36.802618],[147.974866,-36.045725],[146.216262,-36.056975],[145.432366,-35.834678],[144.668487,-36.088023],[143.584663,-35.327066],[143.22106,-34.733079],[142.425913,-34.592674],[142.157715,-34.173282],[141.025728,-34.043225],[140.966335,-38.071407]]]},"properties":{"featurecla":"Admin-1 scale rank","scalerank":2,"adm1_code":"AUS-2656","diss_me":2656,"iso_3166_2":"AU-VIC","wikipedia":null,"iso_a2":"AU","adm0_sr":5,"name":"Victoria","name_alt":null,"name_local":null,"type":"State","type_en":"State","code_local":null,"code_hasc":"AU.VI","note":null,"hasc_maybe":null,"region":null,"region_cod":null,"provnum_ne":3,"gadm_level":1,"check_me":20,"datarank":3,"abbrev":"Vic.","postal":"VI","area_sqkm":0,"sameascity":-99,"labelrank":2,"name_len":8,"mapcolor9":2,"mapcolor13":7,"fips":"AS07","fips_alt":null,"woe_id":2344705,"woe_label":"Victoria, AU, Australia","woe_name":"Victoria","latitude":-37.0082,"longitude":144.75,"sov_a3":"AU1","adm0_a3":"AUS","adm0_label":2,"admin":"Australia","geonunit":"Australia","gu_a3":"AUS","gn_id":2145234,"gn_name":"State of Victoria","gns_id":-1606920,"gns_name":"Victoria","gn_level":1,"gn_region":null,"gn_a1_code":"AU.07","region_sub":null,"sub_code":null,"gns_level":1,"gns_lang":"zho","gns_adm1":"AS07","gns_region":null,"min_label":3.5,"max_label":7.5,"min_zoom":2,"wikidataid":"Q36687","name_ar":"ولاية فيكتوريا","name_bn":"ভিক্টোরিয়া","name_de":"Victoria","name_en":"Victoria","name_es":"Victoria","name_fr":"Victoria","name_el":"Βικτώρια","name_hi":"विक्टोरिया","name_hu":"Victoria","name_id":"Victoria","name_it":"Victoria","name_ja":"ビクトリア州","name_ko":"빅토리아","name_nl":"Victoria","name_pl":"Wiktoria","name_pt":"Vitória","name_ru":"Виктория","name_sv":"Victoria","name_tr":"Victoria","name_vi":"Victoria","name_zh":"维多利亚州","ne_id":1159313263,"name_he":"ויקטוריה","name_uk":"Вікторія","name_ur":"وکٹوریہ","name_fa":"ویکتوریا","name_zht":"維多利亞省","FCLASS_ISO":null,"FCLASS_US":null,"FCLASS_FR":null,"FCLASS_RU":null,"FCLASS_ES":null,"FCLASS_CN":null,"FCLASS_TW":null,"FCLASS_IN":null,"FCLASS_NP":null,"FCLASS_PK":null,"FCLASS_DE":null,"FCLASS_GB":null,"FCLASS_BR":null,"FCLASS_IL":null,"FCLASS_PS":null,"FCLASS_SA":null,"FCLASS_EG":null,"FCLASS_MA":null,"FCLASS_PT":null,"FCLASS_AR":null,"FCLASS_JP":null,"FCLASS_KO":null,"FCLASS_VN":null,"FCLASS_TR":null,"FCLASS_ID":null,"FCLASS_PL":null,"FCLASS_GR":null,"FCLASS_IT":null,"FCLASS_NL":null,"FCLASS_SE":null,"FCLASS_BD":null,"FCLASS_UA":null,"FCLASS_TLC":null}},
{"type":"Feature","geometry":null,"properties":{"featurecla":"Admin-1 scale rank","scalerank":2,"adm1_code":"AUS-2653","diss_me":2653,"iso_3166_2":"AU-ACT","wikipedia":null,"iso_a2":"AU","adm0_sr":1,"name":"Australian Capital Territory","name_alt":null,"name_local":null,"type":"Territory","type_en":"Territory","code_local":null,"code_hasc":"AU.AC","note":null,"hasc_maybe":null,"region":null,"region_cod":null,"provnum_ne":1,"gadm_level":1,"check_me":20,"datarank":3,"abbrev":"A.C.T.","postal":"CT","area_sqkm":0,"sameascity":9,"labelrank":9,"name_len":28,"mapcolor9":2,"mapcolor13":7,"fips":"AS01","fips_alt":null,"woe_id":1100968,"woe_label":null,"woe_name":"Canberra","latitude":-35.4618,"longitude":148.983,"sov_a3":"AU1","adm0_a3":"AUS","adm0_label":2,"admin":"Australia","geonunit":"Australia","gu_a3":"AUS","gn_id":2177478,"gn_name":"Australian Capital Territory","gns_id":-1556567,"gns_name":"Australian Capital Territory","gn_level":1,"gn_region":null,"gn_a1_code":"AU.01","region_sub":null,"sub_code":null,"gns_level":1,"gns_lang":"zho","gns_adm1":"AS01","gns_region":null,"min_label":3.5,"max_label":7.5,"min_zoom":2,"wikidataid":"Q3258","name_ar":"مقاطعة العاصمة الأسترالية","name_bn":"অস্ট্রেলীয় রাজধানী অঞ্চল","name_de":"Australian Capital Territory","name_en":"Australian Capital Territory","name_es":"Territorio de la Capital Australiana","name_fr":"Territoire de la capitale australienne","name_el":"Επικράτεια Αυστραλιανής Πρωτεύουσας","name_hi":"ऑस्ट्रेलियाई राजधानी क्षेत्र","name_hu":"Ausztráliai fővárosi terület","name_id":"Wilayah Ibu Kota Australia","name_it":"Territorio della Capitale Australiana","name_ja":"オーストラリア首都特別地域","name_ko":"오스트레일리아 수도 준","name_nl":"Australian Capital Territory","name_pl":"Australijskie Terytorium Stołeczne","name_pt":"Território da Capital Australiana","name_ru":"Австралийская столичная территория","name_sv":"Australian Capital Territory","name_tr":"Avustralya Başkent Bölgesi","name_vi":"Lãnh thổ Thủ đô Úc","name_zh":"澳大利亚首都特区","ne_id":1159313297,"name_he":"טריטוריית הבירה האוסטרלית","name_uk":"Австралійська столична територія","name_ur":"آسٹریلوی دارالحکومت علاقہ","name_fa":"قلمرو پایتختی استرالیا","name_zht":"澳大利亞首都特區","FCLASS_ISO":null,"FCLASS_US":null,"FCLASS_FR":null,"FCLASS_RU":null,"FCLASS_ES":null,"FCLASS_CN":null,"FCLASS_TW":null,"FCLASS_IN":null,"FCLASS_NP":null,"FCLASS_PK":null,"FCLASS_DE":null,"FCLASS_GB":null,"FCLASS_BR":null,"FCLASS_IL":null,"FCLASS_PS":null,"FCLASS_SA":null,"FCLASS_EG":null,"FCLASS_MA":null,"FCLASS_PT":null,"FCLASS_AR":null,"FCLASS_JP":null,"FCLASS_KO":null,"FCLASS_VN":null,"FCLASS_TR":null,"FCLASS_ID":null,"FCLASS_PL":null,"FCLASS_GR":null,"FCLASS_IT":null,"FCLASS_NL":null,"FCLASS_SE":null,"FCLASS_BD":null,"FCLASS_UA":null,"FCLASS_TLC":null}},
{"type":"Feature","geometry":null,"properties":{"featurecla":"Admin-1 scale rank","scalerank":2,"adm1_code":"AUS-1932","diss_me":1932,"iso_3166_2":"AU-X02~","wikipedia":null,"iso_a2":"AU","adm0_sr":1,"name":"Jervis Bay Territory","name_alt":null,"name_local":null,"type":"Territory","type_en":"Territory","code_local":null,"code_hasc":"AU.JB","note":null,"hasc_maybe":null,"region":null,"region_cod":null,"provnum_ne":2,"gadm_level":1,"check_me":20,"datarank":3,"abbrev":"J.B.T.","postal":"JB","area_sqkm":0,"sameascity":-99,"labelrank":2,"name_len":20,"mapcolor9":2,"mapcolor13":7,"fips":null,"fips_alt":null,"woe_id":1102841,"woe_label":null,"woe_name":"Jervis Bay","latitude":-35.1532,"longitude":150.692,"sov_a3":"AU1","adm0_a3":"AUS","adm0_label":2,"admin":"Australia","geonunit":"Australia","gu_a3":"AUS","gn_id":-2177478,"gn_name":"Australian Capital Territory","gns_id":0,"gns_name":null,"gn_level":-1,"gn_region":null,"gn_a1_code":"AU.","region_sub":null,"sub_code":null,"gns_level":0,"gns_lang":null,"gns_adm1":null,"gns_region":null,"min_label":3.5,"max_label":7.5,"min_zoom":2,"wikidataid":"Q15577","name_ar":"إقليم خليج جرفيس","name_bn":"জার্ভিস বে টেরিটোরি","name_de":"Jervis Bay Territory","name_en":"Jervis Bay Territory","name_es":"Territorio de Jervis Bay","name_fr":"Territoire de la baie de Jervis","name_el":"Επικράτεια Όρμου Τζέρβις","name_hi":"जर्विस बे टेरिटरी","name_hu":"Jervis Bay Territory","name_id":"Wilayah Teluk Jervis","name_it":"Territorio della Baia di Jervis","name_ja":"ジャービス湾特別地域","name_ko":"저비스베이 준","name_nl":"Jervis Bay Territorium","name_pl":"Jervis Bay Territory","name_pt":"Território da Baía Jervis","name_ru":"Территория Джервис-Бей","name_sv":"Jervis Bay Territory","name_tr":"Jervis Bay Toprağı","name_vi":"Lãnh thổ Vịnh Jervis","name_zh":"傑維斯灣地區","ne_id":1159311169,"name_he":"טריטוריית מפרץ ג'רביס","name_uk":"Територія Джервіс-Бей","name_ur":"خلیج جروس علاقہ","name_fa":"قلمروی خلیج جرویس","name_zht":"傑維斯灣地區","FCLASS_ISO":null,"FCLASS_US":null,"FCLASS_FR":null,"FCLASS_RU":null,"FCLASS_ES":null,"FCLASS_CN":null,"FCLASS_TW":null,"FCLASS_IN":null,"FCLASS_NP":null,"FCLASS_PK":null,"FCLASS_DE":null,"FCLASS_GB":null,"FCLASS_BR":null,"FCLASS_IL":null,"FCLASS_PS":null,"FCLASS_SA":null,"FCLASS_EG":null,"FCLASS_MA":null,"FCLASS_PT":null,"FCLASS_AR":null,"FCLASS_JP":null,"FCLASS_KO":null,"FCLASS_VN":null,"FCLASS_TR":null,"FCLASS_ID":null,"FCLASS_PL":null,"FCLASS_GR":null,"FCLASS_IT":null,"FCLASS_NL":null,"FCLASS_SE":null,"FCLASS_BD":null,"FCLASS_UA":null,"FCLASS_TLC":null}},
{"type":"Feature","geometry":{"type":"Polygon","coordinates":[[[141.025728,-34.043225],[142.157715,-34.173282],[142.425913,-34.592674],[143.22106,-34.733079],[143.584663,-35.327066],[144.668487,-36.088023],[145.432366,-35.834678],[146.216262,-36.056975],[147.974866,-36.045725],[148.21628,-36.802618],[149.942495,-37.500579],[150.195379,-35.833558],[150.611871,-35.190044],[150.705694,-35.119622],[150.960379,-34.297032],[151.812918,-32.901131],[152.470362,-32.43898],[152.943982,-31.434807],[153.515272,-28.144402],[152.493082,-28.262307],[152.024405,-28.87385],[151.23084,-28.897691],[150.340728,-28.563794],[149.511831,-28.579329],[148.974314,-28.998501],[141.002107,-28.998941],[141.025728,-34.043225]]]},"properties":{"featurecla":"Admin-1 scale rank","scalerank":2,"adm1_code":"AUS-2654","diss_me":2654,"iso_3166_2":"AU-NSW","wikipedia":null,"iso_a2":"AU","adm0_sr":1,"name":"New South Wales","name_alt":null,"name_local":null,"type":"State","type_en":"State","code_local":null,"code_hasc":"AU.NS","note":null,"hasc_maybe":null,"region":null,"region_cod":null,"provnum_ne":9,"gadm_level":1,"check_me":20,"datarank":3,"abbrev":"N.S.W.","postal":"NS","area_sqkm":0,"sameascity":-99,"labelrank":2,"name_len":15,"mapcolor9":2,"mapcolor13":7,"fips":"AS02","fips_alt":null,"woe_id":2344700,"woe_label":"New South Wales, AU, Australia","woe_name":"New South Wales","latitude":-32.4751,"longitude":146.781,"sov_a3":"AU1","adm0_a3":"AUS","adm0_label":2,"admin":"Australia","geonunit":"Australia","gu_a3":"AUS","gn_id":2155400,"gn_name":"State of New South Wales","gns_id":-1591422,"gns_name":"New South Wales","gn_level":1,"gn_region":null,"gn_a1_code":"AU.02","region_sub":null,"sub_code":null,"gns_level":1,"gns_lang":"zho","gns_adm1":"AS02","gns_region":null,"min_label":3.5,"max_label":7.5,"min_zoom":2,"wikidataid":"Q3224","name_ar":"نيوساوث ويلز","name_bn":"নিউ সাউথ ওয়েল্স","name_de":"New South Wales","name_en":"New South Wales","name_es":"Nueva Gales del Sur","name_fr":"Nouvelle-Galles du Sud","name_el":"Νέα Νότια Ουαλία","name_hi":"न्यू साउथ वेल्स","name_hu":"Új-Dél-Wales","name_id":"New South Wales","name_it":"Nuovo Galles del Sud","name_ja":"ニューサウスウェールズ州","name_ko":"뉴사우스웨일스","name_nl":"Nieuw-Zuid-Wales","name_pl":"Nowa Południowa Walia","name_pt":"Nova Gales do Sul","name_ru":"Новый Южный Уэльс","name_sv":"New South Wales","name_tr":"Yeni Güney Galler","name_vi":"New South Wales","name_zh":"新南威尔士州","ne_id":1159313299,"name_he":"ניו סאות' ויילס","name_uk":"Новий Південний Уельс","name_ur":"نیو ساؤتھ ویلز","name_fa":"نیو ساوت ولز","name_zht":"新南威爾斯州","FCLASS_ISO":null,"FCLASS_US":null,"FCLASS_FR":null,"FCLASS_RU":null,"FCLASS_ES":null,"FCLASS_CN":null,"FCLASS_TW":null,"FCLASS_IN":null,"FCLASS_NP":null,"FCLASS_PK":null,"FCLASS_DE":null,"FCLASS_GB":null,"FCLASS_BR":null,"FCLASS_IL":null,"FCLASS_PS":null,"FCLASS_SA":null,"FCLASS_EG":null,"FCLASS_MA":null,"FCLASS_PT":null,"FCLASS_AR":null,"FCLASS_JP":null,"FCLASS_KO":null,"FCLASS_VN":null,"FCLASS_TR":null,"FCLASS_ID":null,"FCLASS_PL":null,"FCLASS_GR":null,"FCLASS_IT":null,"FCLASS_NL":null,"FCLASS_SE":null,"FCLASS_BD":null,"FCLASS_UA":null,"FCLASS_TLC":null}},
{"type":"Feature","geometry":{"type":"Polygon","coordinates":[[[-66.62767,-9.925466],[-66.828599,-9.838168],[-70.37325,-8.155173],[-72.663526,-7.592673],[-73.796843,-7.116789],[-74.002046,-7.556],[-72.181567,-10.003776],[-71.237918,-9.965983],[-70.636944,-9.478168],[-70.642349,-11.01019],[-68.397974,-11.018737],[-66.62767,-9.925466]]]},"properties":{"featurecla":"Admin-1 scale rank","scalerank":2,"adm1_code":"BRA-576","diss_me":576,"iso_3166_2":"BR-AC","wikipedia":null,"iso_a2":"BR","adm0_sr":1,"name":"Acre","name_alt":null,"name_local":null,"type":"Estado","type_en":"State","code_local":null,"code_hasc":"BR.AC","note":null,"hasc_maybe":"BR.AC|BRA-ACR","region":null,"region_cod":null,"provnum_ne":24,"gadm_level":1,"check_me":20,"datarank":1,"abbrev":"Acre","postal":"AC","area_sqkm":0,"sameascity":-99,"labelrank":2,"name_len":4,"mapcolor9":5,"mapcolor13":7,"fips":"BR01","fips_alt":null,"woe_id":2344844,"woe_label":"Acre, BR, Brazil","woe_name":"Acre","latitude":-8.9285,"longitude":-70.2976,"sov_a3":"BRA","adm0_a3":"BRA","adm0_label":2,"admin":"Brazil","geonunit":"Brazil","gu_a3":"BRA","gn_id":3665474,"gn_name":"Estado do Acre","gns_id":-623025,"gns_name":"Acre, Estado do","gn_level":1,"gn_region":null,"gn_a1_code":"BR.01","region_sub":null,"sub_code":null,"gns_level":1,"gns_lang":"por","gns_adm1":"BR01","gns_region":null,"min_label":3.7,"max_label":8.5,"min_zoom":3,"wikidataid":"Q40780","name_ar":"أكري","name_bn":"একর","name_de":"Acre","name_en":"Acre","name_es":"Estado de Acre","name_fr":"Acre","name_el":"Άκρε","name_hi":"आक्री","name_hu":"Acre","name_id":"Acre","name_it":"Acre","name_ja":"アクレ州","name_ko":"아크리","name_nl":"Acre","name_pl":"Acre","name_pt":"Acre","name_ru":"Акри","name_sv":"Acre","name_tr":"Acre","name_vi":"Acre","name_zh":"阿克里州","ne_id":1159310053,"name_he":"אקרי","name_uk":"Акрі","name_ur":"اکری","name_fa":"اکری","name_zht":"阿克里州","FCLASS_ISO":null,"FCLASS_US":null,"FCLASS_FR":null,"FCLASS_RU":null,"FCLASS_ES":null,"FCLASS_CN":null,"FCLASS_TW":null,"FCLASS_IN":null,"FCLASS_NP":null,"FCLASS_PK":null,"FCLASS_DE":null,"FCLASS_GB":null,"FCLASS_BR":null,"FCLASS_IL":null,"FCLASS_PS":null,"FCLASS_SA":null,"FCLASS_EG":null,"FCLASS_MA":null,"FCLASS_PT":null,"FCLASS_AR":null,"FCLASS_JP":null,"FCLASS_KO":null,"FCLASS_VN":null,"FCLASS_TR":null,"FCLASS_ID":null,"FCLASS_PL":null,"FCLASS_GR":null,"FCLASS_IT":null,"FCLASS_NL":null,"FCLASS_SE":null,"FCLASS_BD":null,"FCLASS_UA":null,"FCLASS_TLC":null}},
{"type":"Feature","geometry":{"type":"Polygon","coordinates":[[[-66.62767,-9.925466],[-65.396246,-9.712397],[-65.38995,-11.24622],[-64.992597,-11.975229],[-64.420418,-12.439841],[-63.067496,-12.669125],[-61.78995,-13.525708],[-60.724793,-13.662949],[-60.382349,-13.418591],[-59.824123,-12.387194],[-60.440401,-11.003444],[-61.471567,-10.99894],[-61.60995,-8.766716],[-62.132174,-8.766716],[-62.721448,-8.061349],[-63.538425,-7.998793],[-64.11892,-8.936367],[-64.779517,-8.985431],[-65.766144,-9.565927],[-66.395694,-9.405043],[-66.828599,-9.838168],[-66.62767,-9.925466]]]},"properties":{"featurecla":"Admin-1 scale rank","scalerank":2,"adm1_code":"BRA-595","diss_me":595,"iso_3166_2":"BR-RO","wikipedia":null,"iso_a2":"BR","adm0_sr":1,"name":"Rondônia","name_alt":"Guaporé","name_local":null,"type":"Estado","type_en":"State","code_local":null,"code_hasc":"BR.RO","note":null,"hasc_maybe":"BR.RO|BRA-RND","region":null,"region_cod":null,"provnum_ne":24,"gadm_level":1,"check_me":20,"datarank":1,"abbrev":"Rond.","postal":"RO","area_sqkm":0,"sameascity":-99,"labelrank":2,"name_len":8,"mapcolor9":5,"mapcolor13":7,"fips":"BR24","fips_alt":null,"woe_id":2344865,"woe_label":"Rondonia, BR, Brazil","woe_name":"Rondônia","latitude":-10.9712,"longitude":-63.1439,"sov_a3":"BRA","adm0_a3":"BRA","adm0_label":2,"admin":"Brazil","geonunit":"Brazil","gu_a3":"BRA","gn_id":3924825,"gn_name":"Estado de Rondonia","gns_id":-667025,"gns_name":"Rondonia, Estado de","gn_level":1,"gn_region":null,"gn_a1_code":"BR.24","region_sub":"Guaporé","sub_code":null,"gns_level":1,"gns_lang":"kor","gns_adm1":"BR24","gns_region":null,"min_label":3.7,"max_label":8.5,"min_zoom":3,"wikidataid":"Q43235","name_ar":"روندونيا","name_bn":"রন্ডোনিয়া","name_de":"Rondônia","name_en":"Rondônia","name_es":"Rondônia","name_fr":"Rondônia","name_el":"Ροντόνια","name_hi":"रोन्डोनिया","name_hu":"Rondônia","name_id":"Rondônia","name_it":"Rondônia","name_ja":"ロンドニア州","name_ko":"혼도니아","name_nl":"Rondônia","name_pl":"Rondônia","name_pt":"Rondônia","name_ru":"Рондония","name_sv":"Rondônia","name_tr":"Rondônia","name_vi":"Rondônia","name_zh":"朗多尼亚州","ne_id":1159307983,"name_he":"רונדוניה","name_uk":"Рондонія","name_ur":"روندونیا","name_fa":"روندونیا","name_zht":"朗多尼亚州","FCLASS_ISO":null,"FCLASS_US":null,"FCLASS_FR":null,"FCLASS_RU":null,"FCLASS_ES":null,"FCLASS_CN":null,"FCLASS_TW":null,"FCLASS_IN":null,"FCLASS_NP":null,"FCLASS_PK":null,"FCLASS_DE":null,"FCLASS_GB":null,"FCLASS_BR":null,"FCLASS_IL":null,"FCLASS_PS":null,"FCLASS_SA":null,"FCLASS_EG":null,"FCLASS_MA":null,"FCLASS_PT":null,"FCLASS_AR":null,"FCLASS_JP":null,"FCLASS_KO":null,"FCLASS_VN":null,"FCLASS_TR":null,"FCLASS_ID":null,"FCLASS_PL":null,"FCLASS_GR":null,"FCLASS_IT":null,"FCLASS_NL":null,"FCLASS_SE":null,"FCLASS_BD":null,"FCLASS_UA":null,"FCLASS_TLC":null}},
{"type":"Feature","geometry":{"type":"Polygon","coordinates":[[[-58.868773,0.224276],[-58.96642,1.302474],[-59.756172,1.900526],[-59.994444,2.690047],[-59.8545,3.587576],[-59.5512,3.933623],[-59.99062,5.082925],[-60.604416,4.994507],[-61.002901,4.535278],[-62.153092,4.09833],[-63.294748,3.922153],[-64.221071,3.587356],[-63.924067,2.452457],[-63.393746,2.224073],[-62.708166,1.947547],[-62.444692,0.804783],[-62.569793,-0.047965],[-62.417918,-0.829181],[-61.619849,-1.449491],[-61.534123,-0.726569],[-61.105491,-0.494362],[-60.337569,-0.704289],[-60.025041,0.224276],[-58.868773,0.224276]]]},"properties":{"featurecla":"Admin-1 scale rank","scalerank":2,"adm1_code":"BRA-670","diss_me":670,"iso_3166_2":"BR-RR","wikipedia":null,"iso_a2":"BR","adm0_sr":1,"name":"Roraima","name_alt":"Rio Branco","name_local":null,"type":"Estado","type_en":"State","code_local":null,"code_hasc":"BR.RR","note":null,"hasc_maybe":null,"region":null,"region_cod":null,"provnum_ne":26,"gadm_level":1,"check_me":20,"datarank":1,"abbrev":"Rora.","postal":"RR","area_sqkm":0,"sameascity":-99,"labelrank":2,"name_len":7,"mapcolor9":5,"mapcolor13":7,"fips":"BR25","fips_alt":null,"woe_id":2344866,"woe_label":"Roraima, BR, Brazil","woe_name":"Roraima","latitude":1.93803,"longitude":-61.3325,"sov_a3":"BRA","adm0_a3":"BRA","adm0_label":2,"admin":"Brazil","geonunit":"Brazil","gu_a3":"BRA","gn_id":3662560,"gn_name":"Estado de Roraima","gns_id":-667043,"gns_name":"Roraima, Estado de","gn_level":1,"gn_region":null,"gn_a1_code":"BR.25","region_sub":null,"sub_code":null,"gns_level":1,"gns_lang":"kor","gns_adm1":"BR25","gns_region":null,"min_label":3.7,"max_label":8.5,"min_zoom":3,"wikidataid":"Q42508","name_ar":"رورايما","name_bn":"রোরাইমা প্রদেশ","name_de":"Roraima","name_en":"Roraima","name_es":"Roraima","name_fr":"Roraima","name_el":"Ροράιμα","name_hi":"रोरैमा","name_hu":"Roraima","name_id":"Roraima","name_it":"Roraima","name_ja":"ロライマ州","name_ko":"호라이마","name_nl":"Roraima","name_pl":"Roraima","name_pt":"Roraima","name_ru":"Рорайма","name_sv":"Roraima","name_tr":"Roraima","name_vi":"Roraima","name_zh":"罗赖马州","ne_id":1159308883,"name_he":"רוריימה","name_uk":"Рорайма","name_ur":"رورائیما","name_fa":"رورایما","name_zht":"羅賴馬州","FCLASS_ISO":null,"FCLASS_US":null,"FCLASS_FR":null,"FCLASS_RU":null,"FCLASS_ES":null,"FCLASS_CN":null,"FCLASS_TW":null,"FCLASS_IN":null,"FCLASS_NP":null,"FCLASS_PK":null,"FCLASS_DE":null,"FCLASS_GB":null,"FCLASS_BR":null,"FCLASS_IL":null,"FCLASS_PS":null,"FCLASS_SA":null,"FCLASS_EG":null,"FCLASS_MA":null,"FCLASS_PT":null,"FCLASS_AR":null,"FCLASS_JP":null,"FCLASS_KO":null,"FCLASS_VN":null,"FCLASS_TR":null,"FCLASS_ID":null,"FCLASS_PL":null,"FCLASS_GR":null,"FCLASS_IT":null,"FCLASS_NL":null,"FCLASS_SE":null,"FCLASS_BD":null,"FCLASS_UA":null,"FCLASS_TLC":null}},
{"type":"Feature","geometry":{"type":"Polygon","coordinates":[[[-66.828599,-9.838168],[-66.395694,-9.405043],[-65.766144,-9.565927],[-64.779517,-8.985431],[-64.11892,-8.936367],[-63.538425,-7.998793],[-62.721448,-8.061349],[-62.132174,-8.766716],[-61.60995,-8.766716],[-58.547467,-8.74894],[-58.136623,-7.338207],[-58.292991,-6.49894],[-56.391071,-2.391789],[-58.391099,-1.048095],[-58.855491,-0.351496],[-58.868773,0.224276],[-60.025041,0.224276],[-60.337569,-0.704289],[-61.105491,-0.494362],[-61.534123,-0.726569],[-61.619849,-1.449491],[-62.417918,-0.829181],[-62.569793,-0.047965],[-62.444692,0.804783],[-62.708166,1.947547],[-63.393746,2.224073],[-64.114866,1.619276],[-65.103746,1.108082],[-66.429224,0.821658],[-66.876071,1.223054],[-67.351944,2.085931],[-68.176567,1.719856],[-69.848543,1.708826],[-70.070621,-0.138866],[-69.400345,-1.195026],[-69.972073,-4.301147],[-70.404748,-4.150173],[-71.844748,-4.504328],[-72.887175,-5.122858],[-73.235474,-6.098444],[-73.137367,-6.465871],[-73.796843,-7.116789],[-72.663526,-7.592673],[-70.37325,-8.155173],[-66.828599,-9.838168]]]},"properties":{"featurecla":"Admin-1 scale rank","scalerank":2,"adm1_code":"BRA-592","diss_me":592,"iso_3166_2":"BR-AM","wikipedia":null,"iso_a2":"BR","adm0_sr":1,"name":"Amazonas","name_alt":"Amazone","name_local":null,"type":"Estado","type_en":"State","code_local":null,"code_hasc":"BR.AM","note":null,"hasc_maybe":null,"region":null,"region_cod":null,"provnum_ne":25,"gadm_level":1,"check_me":20,"datarank":6,"abbrev":"Amaz.","postal":"AM","area_sqkm":0,"sameascity":-99,"labelrank":2,"name_len":8,"mapcolor9":5,"mapcolor13":7,"fips":"BR04","fips_alt":null,"woe_id":2344847,"woe_label":"Amazonas, BR, Brazil","woe_name":"Amazonas","latitude":-4.21774,"longitude":-63.7853,"sov_a3":"BRA","adm0_a3":"BRA","adm0_label":2,"admin":"Brazil","geonunit":"Brazil","gu_a3":"BRA","gn_id":3665361,"gn_name":"Estado do Amazonas","gns_id":-624593,"gns_name":"Amazonas, Estado do","gn_level":1,"gn_region":null,"gn_a1_code":"BR.04","region_sub":null,"sub_code":null,"gns_level":1,"gns_lang":"por","gns_adm1":"BR04","gns_region":null,"min_label":3.7,"max_label":8.5,"min_zoom":3,"wikidataid":"Q40040","name_ar":"الأمازون","name_bn":"আমাজোনাস","name_de":"Amazonas","name_en":"Amazonas","name_es":"Amazonas","name_fr":"Amazonas","name_el":"Αμαζόνας","name_hi":"आमेज़ोनास","name_hu":"Amazonas","name_id":"Amazonas","name_it":"Amazonas","name_ja":"アマゾナス州","name_ko":"아마조나스","name_nl":"Amazonas","name_pl":"Amazonas","name_pt":"Amazonas","name_ru":"Амазонас","name_sv":"Amazonas","name_tr":"Amazonas","name_vi":"Amazonas","name_zh":"亚马孙州","ne_id":1159307981,"name_he":"אמזונאס","name_uk":"Амазонас","name_ur":"ایمازوناس","name_fa":"آمازوناس","name_zht":"亚马孙州","FCLASS_ISO":null,"FCLASS_US":null,"FCLASS_FR":null,"FCLASS_RU":null,"FCLASS_ES":null,"FCLASS_CN":null,"FCLASS_TW":null,"FCLASS_IN":null,"FCLASS_NP":null,"FCLASS_PK":null,"FCLASS_DE":null,"FCLASS_GB":null,"FCLASS_BR":null,"FCLASS_IL":null,"FCLASS_PS":null,"FCLASS_SA":null,"FCLASS_EG":null,"FCLASS_MA":null,"FCLASS_PT":null,"FCLASS_AR":null,"FCLASS_JP":null,"FCLASS_KO":null,"FCLASS_VN":null,"FCLASS_TR":null,"FCLASS_ID":null,"FCLASS_PL":null,"FCLASS_GR":null,"FCLASS_IT":null,"FCLASS_NL":null,"FCLASS_SE":null,"FCLASS_BD":null,"FCLASS_UA":null,"FCLASS_TLC":null}},
{"type":"Feature","geometry":{"type":"MultiPolygon","coordinates":[[[[-58.868773,0.224276],[-58.855491,-0.351496],[-58.391099,-1.048095],[-56.391071,-2.391789],[-58.292991,-6.49894],[-58.136623,-7.338207],[-57.641172,-8.231],[-57.578616,-8.757949],[-56.462625,-9.467599],[-55.092146,-9.565927],[-50.234849,-9.842673],[-49.502698,-8.708664],[-49.172394,-7.867397],[-49.079471,-6.856237],[-48.652872,-6.595707],[-48.192743,-5.565431],[-48.721943,-5.355043],[-47.065271,-3.842599],[-46.426943,-2.512397],[-46.00709,-1.146862],[-47.398047,-0.626681],[-48.115124,-0.737599],[-48.991273,-1.82975],[-50.403148,-2.015595],[-50.917946,-1.115155],[-51.888148,-1.160375],[-52.516116,-0.873939],[-52.913469,-0.190854],[-53.114398,0.719957],[-53.55629,1.367283],[-54.734849,1.773403],[-54.714821,2.425002],[-55.00575,2.593082],[-56.129398,2.299451],[-56.019821,1.842254],[-57.118948,2.013927],[-57.59437,1.704101],[-58.96642,1.302474],[-58.868773,0.224276]]],[[[-48.444516,-0.271845],[-50.24834,-0.116366],[-50.645474,-0.272746],[-50.759775,-1.240246],[-50.50754,-1.787892],[-48.928948,-1.48234],[-48.444516,-0.271845]]]]},"properties":{"featurecla":"Admin-1 scale rank","scalerank":2,"adm1_code":"BRA-594","diss_me":594,"iso_3166_2":"BR-PA","wikipedia":null,"iso_a2":"BR","adm0_sr":5,"name":"Pará","name_alt":null,"name_local":null,"type":"Estado","type_en":"State","code_local":null,"code_hasc":"BR.PA","note":null,"hasc_maybe":null,"region":null,"region_cod":null,"provnum_ne":7,"gadm_level":1,"check_me":20,"datarank":1,"abbrev":"M.Ger.","postal":"PA","area_sqkm":0,"sameascity":-99,"labelrank":2,"name_len":4,"mapcolor9":5,"mapcolor13":7,"fips":"BR16","fips_alt":null,"woe_id":2344857,"woe_label":"Para, BR, Brazil","woe_name":"Pará","latitude":-4.44313,"longitude":-52.6491,"sov_a3":"BRA","adm0_a3":"BRA","adm0_label":2,"admin":"Brazil","geonunit":"Brazil","gu_a3":"BRA","gn_id":3393129,"gn_name":"Estado do Para","gns_id":-659233,"gns_name":"Para, Estado do","gn_level":1,"gn_region":null,"gn_a1_code":"BR.16","region_sub":null,"sub_code":null,"gns_level":1,"gns_lang":"por","gns_adm1":"BR16","gns_region":null,"min_label":3.7,"max_label":8.5,"min_zoom":3,"wikidataid":"Q39517","name_ar":"بارا","name_bn":"প্যাারা","name_de":"Pará","name_en":"Pará","name_es":"Pará","name_fr":"Pará","name_el":"Παρά","name_hi":"पारा","name_hu":"Pará","name_id":"Pará","name_it":"Pará","name_ja":"パラー州","name_ko":"파라","name_nl":"Pará","name_pl":"Pará","name_pt":"Pará","name_ru":"Пара","name_sv":"Pará","name_tr":"Pará","name_vi":"Pará","name_zh":"帕拉","ne_id":1159307941,"name_he":"פארה","name_uk":"Пара","name_ur":"پارا","name_fa":"پارا","name_zht":"帕拉","FCLASS_ISO":null,"FCLASS_US":null,"FCLASS_FR":null,"FCLASS_RU":null,"FCLASS_ES":null,"FCLASS_CN":null,"FCLASS_TW":null,"FCLASS_IN":null,"FCLASS_NP":null,"FCLASS_PK":null,"FCLASS_DE":null,"FCLASS_GB":null,"FCLASS_BR":null,"FCLASS_IL":null,"FCLASS_PS":null,"FCLASS_SA":null,"FCLASS_EG":null,"FCLASS_MA":null,"FCLASS_PT":null,"FCLASS_AR":null,"FCLASS_JP":null,"FCLASS_KO":null,"FCLASS_VN":null,"FCLASS_TR":null,"FCLASS_ID":null,"FCLASS_PL":null,"FCLASS_GR":null,"FCLASS_IT":null,"FCLASS_NL":null,"FCLASS_SE":null,"FCLASS_BD":null,"FCLASS_UA":null,"FCLASS_TLC":null}},
{"type":"Feature","geometry":{"type":"Polygon","coordinates":[[[-50.964297,-19.511367],[-51.13665,-19.284565],[-52.8912,-18.637251],[-53.051842,-18.016699],[-53.725941,-18.007932],[-54.525142,-17.512251],[-55.181245,-17.686406],[-56.101043,-17.18644],[-56.745215,-17.316958],[-57.079793,-17.734328],[-57.753222,-17.734768],[-57.574123,-18.279272],[-58.131448,-19.744475],[-57.83017,-20.997949],[-57.985648,-22.04644],[-55.849269,-22.307673],[-55.36642,-23.99113],[-54.625491,-23.812471],[-54.24254,-24.046919],[-53.480693,-22.852397],[-53.1162,-22.639988],[-52.402495,-22.069182],[-51.534224,-20.557617],[-50.993773,-20.101553],[-50.964297,-19.511367]]]},"properties":{"featurecla":"Admin-1 scale rank","scalerank":2,"adm1_code":"BRA-600","diss_me":600,"iso_3166_2":"BR-MS","wikipedia":null,"iso_a2":"BR","adm0_sr":1,"name":"Mato Grosso do Sul","name_alt":null,"name_local":null,"type":"Estado","type_en":"State","code_local":null,"code_hasc":"BR.MS","note":null,"hasc_maybe":null,"region":null,"region_cod":null,"provnum_ne":20,"gadm_level":1,"check_me":20,"datarank":1,"abbrev":"M.Gro.","postal":"MS","area_sqkm":0,"sameascity":-99,"labelrank":2,"name_len":18,"mapcolor9":5,"mapcolor13":7,"fips":"BR11","fips_alt":null,"woe_id":2344853,"woe_label":"Mato Grosso do Sul, BR, Brazil","woe_name":"Mato Grosso do Sul","latitude":-20.6756,"longitude":-54.5502,"sov_a3":"BRA","adm0_a3":"BRA","adm0_label":2,"admin":"Brazil","geonunit":"Brazil","gu_a3":"BRA","gn_id":3457415,"gn_name":"Estado de Mato Grosso do Sul","gns_id":-654593,"gns_name":"Mato Grosso do Sul, Estado de","gn_level":1,"gn_region":null,"gn_a1_code":"BR.11","region_sub":null,"sub_code":null,"gns_level":1,"gns_lang":"por","gns_adm1":"BR11","gns_region":null,"min_label":3.7,"max_label":8.5,"min_zoom":3,"wikidataid":"Q43319","name_ar":"ماتو غروسو دو سول","name_bn":"মাতো গ্রোস দো সৌল","name_de":"Mato Grosso do Sul","name_en":"Mato Grosso do Sul","name_es":"Mato Grosso do Sul","name_fr":"Mato Grosso do Sul","name_el":"Μάτο Γκρόσο ντο Σουλ","name_hi":"मातो ग्रोसो दो सुल","name_hu":"Mato Grosso do Sul","name_id":"Mato Grosso do Sul","name_it":"Mato Grosso do Sul","name_ja":"マットグロッソ・ド・スル州","name_ko":"마투그로수두술","name_nl":"Mato Grosso do Sul","name_pl":"Mato Grosso do Sul","name_pt":"Mato Grosso do Sul","name_ru":"Мату-Гросу-ду-Сул","name_sv":"Mato Grosso do Sul","name_tr":"Mato Grosso do Sul","name_vi":"Mato Grosso do Sul","name_zh":"南马托格罗索州","ne_id":1159307905,"name_he":"מאטו גרוסו דו סול","name_uk":"Мату-Гросу-ду-Сул","name_ur":"جنوبی ماتو گروسو","name_fa":"ماتوگروسو جنوبی","name_zht":"南马托格罗索州","FCLASS_ISO":null,"FCLASS_US":null,"FCLASS_FR":null,"FCLASS_RU":null,"FCLASS_ES":null,"FCLASS_CN":null,"FCLASS_TW":null,"FCLASS_IN":null,"FCLASS_NP":null,"FCLASS_PK":null,"FCLASS_DE":null,"FCLASS_GB":null,"FCLASS_BR":null,"FCLASS_IL":null,"FCLASS_PS":null,"FCLASS_SA":null,"FCLASS_EG":null,"FCLASS_MA":null,"FCLASS_PT":null,"FCLASS_AR":null,"FCLASS_JP":null,"FCLASS_KO":null,"FCLASS_VN":null,"FCLASS_TR":null,"FCLASS_ID":null,"FCLASS_PL":null,"FCLASS_GR":null,"FCLASS_IT":null,"FCLASS_NL":null,"FCLASS_SE":null,"FCLASS_BD":null,"FCLASS_UA":null,"FCLASS_TLC":null}},
{"type":"Feature","geometry":{"type":"Polygon","coordinates":[[[-51.888148,-1.160375],[-51.2829,-0.085099],[-50.816245,0.17253],[-49.89892,1.162981],[-49.957191,1.659783],[-50.658965,2.130931],[-51.219894,4.093606],[-51.990519,3.702108],[-52.70062,2.363578],[-53.767799,2.3548],[-54.13004,2.121033],[-54.714821,2.425002],[-54.734849,1.773403],[-53.55629,1.367283],[-53.114398,0.719957],[-52.913469,-0.190854],[-52.516116,-0.873939],[-51.888148,-1.160375]]]},"properties":{"featurecla":"Admin-1 scale rank","scalerank":2,"adm1_code":"BRA-681","diss_me":681,"iso_3166_2":"BR-AP","wikipedia":null,"iso_a2":"BR","adm0_sr":5,"name":"Amapá","name_alt":null,"name_local":null,"type":"Estado","type_en":"State","code_local":null,"code_hasc":"BR.AP","note":null,"hasc_maybe":null,"region":null,"region_cod":null,"provnum_ne":9,"gadm_level":1,"check_me":20,"datarank":1,"abbrev":"Amapá","postal":"AP","area_sqkm":0,"sameascity":-99,"labelrank":2,"name_len":5,"mapcolor9":5,"mapcolor13":7,"fips":"BR03","fips_alt":null,"woe_id":2344846,"woe_label":"Amapa, BR, Brazil","woe_name":"Amapá","latitude":1.41157,"longitude":-51.6842,"sov_a3":"BRA","adm0_a3":"BRA","adm0_label":2,"admin":"Brazil","geonunit":"Brazil","gu_a3":"BRA","gn_id":3407762,"gn_name":"Estado do Amapa","gns_id":-624535,"gns_name":"Amapa, Estado do","gn_level":1,"gn_region":null,"gn_a1_code":"BR.03","region_sub":null,"sub_code":null,"gns_level":1,"gns_lang":"por","gns_adm1":"BR03","gns_region":null,"min_label":3.7,"max_label":8.5,"min_zoom":3,"wikidataid":"Q40130","name_ar":"أمابا","name_bn":"আমাপা","name_de":"Amapá","name_en":"Amapá","name_es":"Amapá","name_fr":"Amapá","name_el":"Αμαπά","name_hi":"अमापा","name_hu":"Amapá","name_id":"Amapá","name_it":"Amapá","name_ja":"アマパー州","name_ko":"아마파","name_nl":"Amapá","name_pl":"Amapá","name_pt":"Amapá","name_ru":"Амапа","name_sv":"Amapá","name_tr":"Amapá","name_vi":"Amapá","name_zh":"阿马帕","ne_id":1159308867,"name_he":"אמאפה","name_uk":"Амапа","name_ur":"اماپا","name_fa":"آماپا","name_zht":"阿马帕","FCLASS_ISO":null,"FCLASS_US":null,"FCLASS_FR":null,"FCLASS_RU":null,"FCLASS_ES":null,"FCLASS_CN":null,"FCLASS_TW":null,"FCLASS_IN":null,"FCLASS_NP":null,"FCLASS_PK":null,"FCLASS_DE":null,"FCLASS_GB":null,"FCLASS_BR":null,"FCLASS_IL":null,"FCLASS_PS":null,"FCLASS_SA":null,"FCLASS_EG":null,"FCLASS_MA":null,"FCLASS_PT":null,"FCLASS_AR":null,"FCLASS_JP":null,"FCLASS_KO":null,"FCLASS_VN":null,"FCLASS_TR":null,"FCLASS_ID":null,"FCLASS_PL":null,"FCLASS_GR":null,"FCLASS_IT":null,"FCLASS_NL":null,"FCLASS_SE":null,"FCLASS_BD":null,"FCLASS_UA":null,"FCLASS_TLC":null}},
{"type":"Feature","geometry":{"type":"Polygon","coordinates":[[[-60.724793,-13.662949],[-60.298875,-14.618518],[-60.175575,-16.269345],[-58.538019,-16.328298],[-58.396043,-17.234362],[-57.753222,-17.734768],[-57.079793,-17.734328],[-56.745215,-17.316958],[-56.101043,-17.18644],[-55.181245,-17.686406],[-54.525142,-17.512251],[-53.725941,-18.007932],[-53.051842,-18.016699],[-53.024168,-16.910376],[-52.256696,-15.935669],[-51.188616,-14.976496],[-50.48482,-12.8426],[-50.708019,-11.345668],[-50.234849,-9.842673],[-55.092146,-9.565927],[-56.462625,-9.467599],[-57.578616,-8.757949],[-57.641172,-8.231],[-58.136623,-7.338207],[-58.547467,-8.74894],[-61.60995,-8.766716],[-61.471567,-10.99894],[-60.440401,-11.003444],[-59.824123,-12.387194],[-60.382349,-13.418591],[-60.724793,-13.662949]]]},"properties":{"featurecla":"Admin-1 scale rank","scalerank":2,"adm1_code":"BRA-602","diss_me":602,"iso_3166_2":"BR-MT","wikipedia":null,"iso_a2":"BR","adm0_sr":1,"name":"Mato Grosso","name_alt":"Matto Grosso","name_local":null,"type":"Estado","type_en":"State","code_local":null,"code_hasc":"BR.MT","note":null,"hasc_maybe":null,"region":null,"region_cod":null,"provnum_ne":23,"gadm_level":1,"check_me":20,"datarank":1,"abbrev":"M.Gro.","postal":"MT","area_sqkm":0,"sameascity":-99,"labelrank":2,"name_len":11,"mapcolor9":5,"mapcolor13":7,"fips":"BR14","fips_alt":null,"woe_id":2344855,"woe_label":"Mato Grosso, BR, Brazil","woe_name":"Mato Grosso","latitude":-13.3926,"longitude":-55.9235,"sov_a3":"BRA","adm0_a3":"BRA","adm0_label":2,"admin":"Brazil","geonunit":"Brazil","gu_a3":"BRA","gn_id":3457419,"gn_name":"Estado de Mato Grosso","gns_id":-654585,"gns_name":"Mato Grosso, Estado de","gn_level":1,"gn_region":null,"gn_a1_code":"BR.14","region_sub":null,"sub_code":null,"gns_level":1,"gns_lang":"por","gns_adm1":"BR14","gns_region":null,"min_label":3.7,"max_label":8.5,"min_zoom":3,"wikidataid":"Q42824","name_ar":"ماتو غروسو","name_bn":"মাতো গ্রসো","name_de":"Mato Grosso","name_en":"Mato Grosso","name_es":"Mato Grosso","name_fr":"Mato Grosso","name_el":"Μάτο Γκρόσο","name_hi":"मातो ग्रोसो","name_hu":"Mato Grosso","name_id":"Mato Grosso","name_it":"Mato Grosso","name_ja":"マットグロッソ州","name_ko":"마투그로수","name_nl":"Mato Grosso","name_pl":"Mato Grosso","name_pt":"Mato Grosso","name_ru":"Мату-Гросу","name_sv":"Mato Grosso","name_tr":"Mato Grosso","name_vi":"Mato Grosso","name_zh":"马托格罗索州","ne_id":1159307909,"name_he":"מאטו גרוסו","name_uk":"Мату-Гросу","name_ur":"ماتو گروسو","name_fa":"ماتو گروسو","name_zht":"马托格罗索州","FCLASS_ISO":null,"FCLASS_US":null,"FCLASS_FR":null,"FCLASS_RU":null,"FCLASS_ES":null,"FCLASS_CN":null,"FCLASS_TW":null,"FCLASS_IN":null,"FCLASS_NP":null,"FCLASS_PK":null,"FCLASS_DE":null,"FCLASS_GB":null,"FCLASS_BR":null,"FCLASS_IL":null,"FCLASS_PS":null,"FCLASS_SA":null,"FCLASS_EG":null,"FCLASS_MA":null,"FCLASS_PT":null,"FCLASS_AR":null,"FCLASS_JP":null,"FCLASS_KO":null,"FCLASS_VN":null,"FCLASS_TR":null,"FCLASS_ID":null,"FCLASS_PL":null,"FCLASS_GR":null,"FCLASS_IT":null,"FCLASS_NL":null,"FCLASS_SE":null,"FCLASS_BD":null,"FCLASS_UA":null,"FCLASS_TLC":null}},
{"type":"Feature","geometry":{"type":"Polygon","coordinates":[[[-54.24254,-24.046919],[-54.473165,-25.220303],[-53.891099,-25.66894],[-53.669922,-26.258005],[-51.239471,-26.606074],[-51.074094,-26.235505],[-49.949094,-26.012307],[-49.596521,-26.222234],[-48.585372,-25.986204],[-48.07754,-25.290264],[-48.614398,-24.681863],[-49.216943,-24.690872],[-49.971594,-22.914053],[-50.784066,-22.94532],[-52.065215,-22.521203],[-53.1162,-22.639988],[-53.480693,-22.852397],[-54.24254,-24.046919]]]},"properties":{"featurecla":"Admin-1 scale rank","scalerank":2,"adm1_code":"BRA-613","diss_me":613,"iso_3166_2":"BR-PR","wikipedia":null,"iso_a2":"BR","adm0_sr":1,"name":"Paraná","name_alt":null,"name_local":null,"type":"Estado","type_en":"State","code_local":null,"code_hasc":"BR.PR","note":null,"hasc_maybe":null,"region":null,"region_cod":null,"provnum_ne":13,"gadm_level":1,"check_me":20,"datarank":1,"abbrev":"Paraná","postal":"PR","area_sqkm":0,"sameascity":-99,"labelrank":2,"name_len":6,"mapcolor9":5,"mapcolor13":7,"fips":"BR18","fips_alt":null,"woe_id":2344859,"woe_label":"Parana, BR, Brazil","woe_name":"Paraná","latitude":-24.6618,"longitude":-51.3228,"sov_a3":"BRA","adm0_a3":"BRA","adm0_label":2,"admin":"Brazil","geonunit":"Brazil","gu_a3":"BRA","gn_id":3455077,"gn_name":"Estado do Parana","gns_id":-659430,"gns_name":"Parana, Estado do","gn_level":1,"gn_region":null,"gn_a1_code":"BR.18","region_sub":null,"sub_code":null,"gns_level":1,"gns_lang":"por","gns_adm1":"BR18","gns_region":null,"min_label":3.7,"max_label":8.5,"min_zoom":3,"wikidataid":"Q15499","name_ar":"بارانا","name_bn":"পারানা","name_de":"Paraná","name_en":"Paraná","name_es":"Paraná","name_fr":"Paraná","name_el":"Παρανά","name_hi":"पाराना","name_hu":"Paraná","name_id":"Paraná","name_it":"Paraná","name_ja":"パラナ州","name_ko":"파라나","name_nl":"Paraná","name_pl":"Parana","name_pt":"Paraná","name_ru":"Парана","name_sv":"Paraná","name_tr":"Paraná","name_vi":"Paraná","name_zh":"巴拉那州","ne_id":1159307913,"name_he":"פרנה","name_uk":"Парана","name_ur":"پارانا","name_fa":"پارانا، برزیل","name_zht":"巴拉那","FCLASS_ISO":null,"FCLASS_US":null,"FCLASS_FR":null,"FCLASS_RU":null,"FCLASS_ES":null,"FCLASS_CN":null,"FCLASS_TW":null,"FCLASS_IN":null,"FCLASS_NP":null,"FCLASS_PK":null,"FCLASS_DE":null,"FCLASS_GB":null,"FCLASS_BR":null,"FCLASS_IL":null,"FCLASS_PS":null,"FCLASS_SA":null,"FCLASS_EG":null,"FCLASS_MA":null,"FCLASS_PT":null,"FCLASS_AR":null,"FCLASS_JP":null,"FCLASS_KO":null,"FCLASS_VN":null,"FCLASS_TR":null,"FCLASS_ID":null,"FCLASS_PL":null,"FCLASS_GR":null,"FCLASS_IT":null,"FCLASS_NL":null,"FCLASS_SE":null,"FCLASS_BD":null,"FCLASS_UA":null,"FCLASS_TLC":null}},
{"type":"Feature","geometry":{"type":"Polygon","coordinates":[[[-47.301971,-16.039182],[-47.422348,-15.49894],[-48.181273,-15.489953],[-48.252816,-16.030173],[-47.301971,-16.039182]]]},"properties":{"featurecla":"Admin-1 scale rank","scalerank":2,"adm1_code":"BRA-599","diss_me":599,"iso_3166_2":"BR-DF","wikipedia":null,"iso_a2":"BR","adm0_sr":1,"name":"Distrito Federal","name_alt":null,"name_local":null,"type":"Distrito Federal","type_en":"Federal District","code_local":null,"code_hasc":"BR.DF","note":null,"hasc_maybe":null,"region":null,"region_cod":null,"provnum_ne":11,"gadm_level":1,"check_me":20,"datarank":1,"abbrev":"D.F.","postal":"DF","area_sqkm":0,"sameascity":7,"labelrank":7,"name_len":16,"mapcolor9":5,"mapcolor13":7,"fips":"BR07","fips_alt":null,"woe_id":2344850,"woe_label":"Distrito Federal, BR, Brazil","woe_name":"Distrito Federal","latitude":-15.7665,"longitude":-47.7902,"sov_a3":"BRA","adm0_a3":"BRA","adm0_label":2,"admin":"Brazil","geonunit":"Brazil","gu_a3":"BRA","gn_id":3463504,"gn_name":"Distrito Federal","gns_id":-642823,"gns_name":"Federal, Distrito","gn_level":1,"gn_region":null,"gn_a1_code":"BR.07","region_sub":null,"sub_code":null,"gns_level":1,"gns_lang":"por","gns_adm1":"BR07","gns_region":null,"min_label":3.7,"max_label":8.5,"min_zoom":3,"wikidataid":"Q119158","name_ar":"القطاع الفدرالي البرازيلي","name_bn":"ফেডারেল জেলা","name_de":"Bundesdistrikt","name_en":"Federal","name_es":"Federal","name_fr":"fédéral","name_el":"Ομοσπονδιακό Διαμέρισμα","name_hi":"फेडरल डिस्ट्रिक्ट","name_hu":"Szövetségi kerület","name_id":"Federal Brasil","name_it":"Federale","name_ja":"ブラジリア連邦直轄区","name_ko":"연방구","name_nl":"Federaal","name_pl":"Federalny","name_pt":"Federal","name_ru":"Федеральный округ","name_sv":"Brasiliens federala","name_tr":"Federal Bölge","name_vi":"Quận liên bang Brasil","name_zh":"联邦区","ne_id":1159307927,"name_he":"המחוז הפדרלי של ברזיל","name_uk":"Федеральний округ","name_ur":"وفاقی ضلع","name_fa":"ناحیه فدرال","name_zht":"聯邦區","FCLASS_ISO":null,"FCLASS_US":null,"FCLASS_FR":null,"FCLASS_RU":null,"FCLASS_ES":null,"FCLASS_CN":null,"FCLASS_TW":null,"FCLASS_IN":null,"FCLASS_NP":null,"FCLASS_PK":null,"FCLASS_DE":null,"FCLASS_GB":null,"FCLASS_BR":null,"FCLASS_IL":null,"FCLASS_PS":null,"FCLASS_SA":null,"FCLASS_EG":null,"FCLASS_MA":null,"FCLASS_PT":null,"FCLASS_AR":null,"FCLASS_JP":null,"FCLASS_KO":null,"FCLASS_VN":null,"FCLASS_TR":null,"FCLASS_ID":null,"FCLASS_PL":null,"FCLASS_GR":null,"FCLASS_IT":null,"FCLASS_NL":null,"FCLASS_SE":null,"FCLASS_BD":null,"FCLASS_UA":null,"FCLASS_TLC":null}},
{"type":"Feature","geometry":{"type":"Polygon","coordinates":[[[-50.964297,-19.511367],[-50.368267,-18.768647],[-48.9537,-18.325854],[-47.928818,-18.44532],[-47.279471,-18.061479],[-47.150096,-16.976513],[-47.301971,-16.039182],[-48.252816,-16.030173],[-48.181273,-15.489953],[-47.422348,-15.49894],[-47.301971,-16.039182],[-46.864342,-15.882802],[-46.891116,-15.048039],[-46.025096,-14.869401],[-45.922495,-14.351682],[-46.270575,-13.655083],[-46.234792,-12.798039],[-47.681318,-13.356057],[-48.654443,-13.177397],[-49.38232,-13.24894],[-50.48482,-12.8426],[-51.188616,-14.976496],[-52.256696,-15.935669],[-53.024168,-16.910376],[-53.051842,-18.016699],[-52.8912,-18.637251],[-51.13665,-19.284565],[-50.964297,-19.511367]]]},"properties":{"featurecla":"Admin-1 scale rank","scalerank":2,"adm1_code":"BRA-1294","diss_me":1294,"iso_3166_2":"BR-GO","wikipedia":null,"iso_a2":"BR","adm0_sr":1,"name":"Goiás","name_alt":"Goiáz|Goyáz","name_local":null,"type":"Estado","type_en":"State","code_local":null,"code_hasc":"BR.GO","note":null,"hasc_maybe":null,"region":null,"region_cod":null,"provnum_ne":19,"gadm_level":1,"check_me":20,"datarank":1,"abbrev":"Goiás","postal":"GO","area_sqkm":0,"sameascity":-99,"labelrank":2,"name_len":5,"mapcolor9":5,"mapcolor13":7,"fips":"BR29","fips_alt":null,"woe_id":2344852,"woe_label":"Goias, BR, Brazil","woe_name":"Goiás","latitude":-15.863,"longitude":-49.5786,"sov_a3":"BRA","adm0_a3":"BRA","adm0_label":2,"admin":"Brazil","geonunit":"Brazil","gu_a3":"BRA","gn_id":3462372,"gn_name":"Estado de Goias","gns_id":-644908,"gns_name":"Goias, Estado de","gn_level":1,"gn_region":null,"gn_a1_code":"BR.29","region_sub":null,"sub_code":null,"gns_level":1,"gns_lang":"por","gns_adm1":"BR29","gns_region":null,"min_label":3.7,"max_label":8.5,"min_zoom":3,"wikidataid":"Q41587","name_ar":"غوياس","name_bn":"গৌয়াস","name_de":"Goiás","name_en":"Goiás","name_es":"Goiás","name_fr":"Goiás","name_el":"Γκοϊάς","name_hi":"गोइयास","name_hu":"Goiás","name_id":"Goiás","name_it":"Goiás","name_ja":"ゴイアス州","name_ko":"고이아스","name_nl":"Goiás","name_pl":"Goiás","name_pt":"Goiás","name_ru":"Гояс","name_sv":"Goiás","name_tr":"Goiás","name_vi":"Goiás","name_zh":"戈亚斯","ne_id":1159309897,"name_he":"גויאס","name_uk":"Гояс","name_ur":"گوئیاس","name_fa":"گوییاس","name_zht":"戈亚斯","FCLASS_ISO":null,"FCLASS_US":null,"FCLASS_FR":null,"FCLASS_RU":null,"FCLASS_ES":null,"FCLASS_CN":null,"FCLASS_TW":null,"FCLASS_IN":null,"FCLASS_NP":null,"FCLASS_PK":null,"FCLASS_DE":null,"FCLASS_GB":null,"FCLASS_BR":null,"FCLASS_IL":null,"FCLASS_PS":null,"FCLASS_SA":null,"FCLASS_EG":null,"FCLASS_MA":null,"FCLASS_PT":null,"FCLASS_AR":null,"FCLASS_JP":null,"FCLASS_KO":null,"FCLASS_VN":null,"FCLASS_TR":null,"FCLASS_ID":null,"FCLASS_PL":null,"FCLASS_GR":null,"FCLASS_IT":null,"FCLASS_NL":null,"FCLASS_SE":null,"FCLASS_BD":null,"FCLASS_UA":null,"FCLASS_TLC":null}},
{"type":"Feature","geometry":{"type":"Polygon","coordinates":[[[-50.234849,-9.842673],[-50.708019,-11.345668],[-50.48482,-12.8426],[-49.38232,-13.24894],[-48.654443,-13.177397],[-47.681318,-13.356057],[-46.234792,-12.798039],[-46.56982,-11.315983],[-45.757118,-10.329345],[-45.944775,-10.315854],[-47.065271,-8.976642],[-47.016217,-8.043574],[-47.71709,-7.222104],[-47.405473,-6.421091],[-47.485795,-5.561147],[-48.378148,-5.169418],[-48.721943,-5.355043],[-48.192743,-5.565431],[-48.652872,-6.595707],[-49.079471,-6.856237],[-49.172394,-7.867397],[-49.502698,-8.708664],[-50.234849,-9.842673]]]},"properties":{"featurecla":"Admin-1 scale rank","scalerank":2,"adm1_code":"BRA-596","diss_me":596,"iso_3166_2":"BR-TO","wikipedia":null,"iso_a2":"BR","adm0_sr":1,"name":"Tocantins","name_alt":null,"name_local":null,"type":"Estado","type_en":"State","code_local":null,"code_hasc":"BR.TO","note":null,"hasc_maybe":null,"region":null,"region_cod":null,"provnum_ne":21,"gadm_level":1,"check_me":20,"datarank":1,"abbrev":"Toc.","postal":"TO","area_sqkm":0,"sameascity":-99,"labelrank":2,"name_len":9,"mapcolor9":5,"mapcolor13":7,"fips":"BR31","fips_alt":null,"woe_id":2344870,"woe_label":"Tocantins, BR, Brazil","woe_name":"Tocantins","latitude":-10.223,"longitude":-48.2502,"sov_a3":"BRA","adm0_a3":"BRA","adm0_label":2,"admin":"Brazil","geonunit":"Brazil","gu_a3":"BRA","gn_id":3474575,"gn_name":"Estado de Tocantins","gns_id":418317,"gns_name":"Tocantins, Estado de","gn_level":1,"gn_region":null,"gn_a1_code":"BR.31","region_sub":null,"sub_code":null,"gns_level":1,"gns_lang":"sqi","gns_adm1":"BR31","gns_region":null,"min_label":3.7,"max_label":8.5,"min_zoom":3,"wikidataid":"Q43695","name_ar":"توكانتينس","name_bn":"টোক্যান্টিন","name_de":"Tocantins","name_en":"Tocantins","name_es":"Tocantins","name_fr":"Tocantins","name_el":"Τοκαντίνς","name_hi":"टोकाचिस","name_hu":"Tocatins","name_id":"Tocantins","name_it":"Tocantins","name_ja":"トカンティンス州","name_ko":"토칸칭스","name_nl":"Tocantins","name_pl":"Tocantins","name_pt":"Tocantins","name_ru":"Токантинс","name_sv":"Tocantins","name_tr":"Tocantins","name_vi":"Tocantins","name_zh":"托坎廷斯","ne_id":1159307925,"name_he":"טוקנטינס","name_uk":"Токантінс","name_ur":"توکانتینس","name_fa":"توکانتینس","name_zht":"托坎廷斯","FCLASS_ISO":null,"FCLASS_US":null,"FCLASS_FR":null,"FCLASS_RU":null,"FCLASS_ES":null,"FCLASS_CN":null,"FCLASS_TW":null,"FCLASS_IN":null,"FCLASS_NP":null,"FCLASS_PK":null,"FCLASS_DE":null,"FCLASS_GB":null,"FCLASS_BR":null,"FCLASS_IL":null,"FCLASS_PS":null,"FCLASS_SA":null,"FCLASS_EG":null,"FCLASS_MA":null,"FCLASS_PT":null,"FCLASS_AR":null,"FCLASS_JP":null,"FCLASS_KO":null,"FCLASS_VN":null,"FCLASS_TR":null,"FCLASS_ID":null,"FCLASS_PL":null,"FCLASS_GR":null,"FCLASS_IT":null,"FCLASS_NL":null,"FCLASS_SE":null,"FCLASS_BD":null,"FCLASS_UA":null,"FCLASS_TLC":null}},
{"type":"Feature","geometry":{"type":"Polygon","coordinates":[[[-53.1162,-22.639988],[-52.065215,-22.521203],[-50.784066,-22.94532],[-49.971594,-22.914053],[-49.216943,-24.690872],[-48.614398,-24.681863],[-48.07754,-25.290264],[-46.867275,-24.236367],[-44.782872,-23.353923],[-44.833047,-22.4051],[-46.28857,-22.882764],[-46.699195,-22.320264],[-46.507275,-21.458738],[-46.993948,-21.342656],[-47.459922,-20.000984],[-48.811943,-20.158923],[-50.584049,-19.821203],[-50.993773,-20.101553],[-51.534224,-20.557617],[-52.402495,-22.069182],[-53.1162,-22.639988]]]},"properties":{"featurecla":"Admin-1 scale rank","scalerank":2,"adm1_code":"BRA-1311","diss_me":1311,"iso_3166_2":"BR-SP","wikipedia":null,"iso_a2":"BR","adm0_sr":6,"name":"São Paulo","name_alt":null,"name_local":null,"type":"Estado","type_en":"State","code_local":null,"code_hasc":"BR.SP","note":null,"hasc_maybe":null,"region":null,"region_cod":null,"provnum_ne":6,"gadm_level":1,"check_me":20,"datarank":1,"abbrev":"S.P.","postal":"SP","area_sqkm":0,"sameascity":-99,"labelrank":2,"name_len":9,"mapcolor9":5,"mapcolor13":7,"fips":"BR27","fips_alt":"BR27","woe_id":2344868,"woe_label":"Sao Paulo, BR, Brazil","woe_name":"São Paulo","latitude":-22.2267,"longitude":-48.5206,"sov_a3":"BRA","adm0_a3":"BRA","adm0_label":2,"admin":"Brazil","geonunit":"Brazil","gu_a3":"BRA","gn_id":3448433,"gn_name":"Estado de Sao Paulo","gns_id":-671832,"gns_name":"Sao Paulo, Estado de","gn_level":1,"gn_region":null,"gn_a1_code":"BR.27","region_sub":null,"sub_code":null,"gns_level":1,"gns_lang":"kor","gns_adm1":"BR27","gns_region":null,"min_label":3.7,"max_label":8.5,"min_zoom":3,"wikidataid":"Q175","name_ar":"ساو باولو","name_bn":"সাঁও পাওলো","name_de":"São Paulo","name_en":"São Paulo","name_es":"Estado de São Paulo","name_fr":"São Paulo","name_el":"Σάο Πάολο","name_hi":"साओ पाउलो","name_hu":"São Paulo","name_id":"São Paulo","name_it":"San Paolo","name_ja":"サンパウロ州","name_ko":"상파울루","name_nl":"São Paulo","name_pl":"São Paulo","name_pt":"São Paulo","name_ru":"Сан-Паулу","name_sv":"São Paulo","name_tr":"São Paulo","name_vi":"São Paulo","name_zh":"圣保罗州","ne_id":1159309727,"name_he":"סאו פאולו","name_uk":"Сан-Паулу","name_ur":"ساؤ پاؤلو","name_fa":"ایالت سائوپائولو","name_zht":"圣保罗州","FCLASS_ISO":null,"FCLASS_US":null,"FCLASS_FR":null,"FCLASS_RU":null,"FCLASS_ES":null,"FCLASS_CN":null,"FCLASS_TW":null,"FCLASS_IN":null,"FCLASS_NP":null,"FCLASS_PK":null,"FCLASS_DE":null,"FCLASS_GB":null,"FCLASS_BR":null,"FCLASS_IL":null,"FCLASS_PS":null,"FCLASS_SA":null,"FCLASS_EG":null,"FCLASS_MA":null,"FCLASS_PT":null,"FCLASS_AR":null,"FCLASS_JP":null,"FCLASS_KO":null,"FCLASS_VN":null,"FCLASS_TR":null,"FCLASS_ID":null,"FCLASS_PL":null,"FCLASS_GR":null,"FCLASS_IT":null,"FCLASS_NL":null,"FCLASS_SE":null,"FCLASS_BD":null,"FCLASS_UA":null,"FCLASS_TLC":null}},
{"type":"Feature","geometry":{"type":"Polygon","coordinates":[[[-48.721943,-5.355043],[-48.378148,-5.169418],[-47.485795,-5.561147],[-47.405473,-6.421091],[-47.71709,-7.222104],[-47.016217,-8.043574],[-47.065271,-8.976642],[-45.944775,-10.315854],[-45.980547,-8.927599],[-45.471594,-7.673005],[-44.712669,-7.396237],[-44.03857,-6.766698],[-42.9804,-6.744418],[-43.109995,-5.771293],[-42.833018,-5.311405],[-42.989398,-4.239953],[-41.846171,-2.758776],[-42.93674,-2.465155],[-44.30812,-2.535116],[-44.651245,-1.745815],[-46.00709,-1.146862],[-46.426943,-2.512397],[-47.065271,-3.842599],[-48.721943,-5.355043]]]},"properties":{"featurecla":"Admin-1 scale rank","scalerank":2,"adm1_code":"BRA-593","diss_me":593,"iso_3166_2":"BR-MA","wikipedia":null,"iso_a2":"BR","adm0_sr":5,"name":"Maranhão","name_alt":"São Luíz de Maranhão","name_local":null,"type":"Estado","type_en":"State","code_local":null,"code_hasc":"BR.MA","note":null,"hasc_maybe":"BR.TO|BRA-MRN","region":null,"region_cod":null,"provnum_ne":8,"gadm_level":1,"check_me":20,"datarank":1,"abbrev":"Mara.","postal":"MA","area_sqkm":0,"sameascity":-99,"labelrank":2,"name_len":8,"mapcolor9":5,"mapcolor13":7,"fips":"BR13","fips_alt":"BR31","woe_id":2344854,"woe_label":"Maranhao, BR, Brazil","woe_name":"Maranhão","latitude":-5.01897,"longitude":-45.389,"sov_a3":"BRA","adm0_a3":"BRA","adm0_label":2,"admin":"Brazil","geonunit":"Brazil","gu_a3":"BRA","gn_id":3395443,"gn_name":"Estado do Maranhao","gns_id":-653716,"gns_name":"Maranhao, Estado do","gn_level":1,"gn_region":null,"gn_a1_code":"BR.13","region_sub":null,"sub_code":null,"gns_level":1,"gns_lang":"por","gns_adm1":"BR13","gns_region":null,"min_label":3.7,"max_label":8.5,"min_zoom":3,"wikidataid":"Q42362","name_ar":"مارانهاو","name_bn":"মহানহো","name_de":"Maranhão","name_en":"Maranhão","name_es":"Maranhão","name_fr":"Maranhão","name_el":"Μαρανιάο","name_hi":"मरान्हाओ","name_hu":"Maranhão","name_id":"Maranhão","name_it":"Maranhão","name_ja":"マラニョン州","name_ko":"마라냥","name_nl":"Maranhão","name_pl":"Maranhão","name_pt":"Maranhão","name_ru":"Мараньян","name_sv":"Maranhão","name_tr":"Maranhão","name_vi":"Maranhão","name_zh":"马拉尼昂州","ne_id":1159307935,"name_he":"מרניאו","name_uk":"Мараньян","name_ur":"مارانہاؤ","name_fa":"مارانیائو","name_zht":"马拉尼昂州","FCLASS_ISO":null,"FCLASS_US":null,"FCLASS_FR":null,"FCLASS_RU":null,"FCLASS_ES":null,"FCLASS_CN":null,"FCLASS_TW":null,"FCLASS_IN":null,"FCLASS_NP":null,"FCLASS_PK":null,"FCLASS_DE":null,"FCLASS_GB":null,"FCLASS_BR":null,"FCLASS_IL":null,"FCLASS_PS":null,"FCLASS_SA":null,"FCLASS_EG":null,"FCLASS_MA":null,"FCLASS_PT":null,"FCLASS_AR":null,"FCLASS_JP":null,"FCLASS_KO":null,"FCLASS_VN":null,"FCLASS_TR":null,"FCLASS_ID":null,"FCLASS_PL":null,"FCLASS_GR":null,"FCLASS_IT":null,"FCLASS_NL":null,"FCLASS_SE":null,"FCLASS_BD":null,"FCLASS_UA":null,"FCLASS_TLC":null}},
{"type":"Feature","geometry":{"type":"Polygon","coordinates":[[[-44.782872,-23.353923],[-44.637292,-23.055579],[-42.042365,-22.947121],[-41.705546,-22.309695],[-40.987799,-21.920229],[-40.96754,-21.275596],[-41.864398,-20.775652],[-42.368846,-21.632893],[-43.063424,-22.063557],[-43.815372,-22.065798],[-44.833047,-22.4051],[-44.782872,-23.353923]]]},"properties":{"featurecla":"Admin-1 scale rank","scalerank":2,"adm1_code":"BRA-627","diss_me":627,"iso_3166_2":"BR-RJ","wikipedia":null,"iso_a2":"BR","adm0_sr":5,"name":"Rio de Janeiro","name_alt":null,"name_local":null,"type":"Estado","type_en":"State","code_local":null,"code_hasc":"BR.RJ","note":null,"hasc_maybe":null,"region":null,"region_cod":null,"provnum_ne":4,"gadm_level":1,"check_me":20,"datarank":1,"abbrev":"Rio","postal":"RJ","area_sqkm":0,"sameascity":-99,"labelrank":2,"name_len":14,"mapcolor9":5,"mapcolor13":7,"fips":"BR21","fips_alt":null,"woe_id":2344862,"woe_label":"Rio de Janeiro, BR, Brazil","woe_name":"Rio de Janeiro","latitude":-22.4049,"longitude":-43.1152,"sov_a3":"BRA","adm0_a3":"BRA","adm0_label":2,"admin":"Brazil","geonunit":"Brazil","gu_a3":"BRA","gn_id":3451189,"gn_name":"Estado do Rio de Janeiro","gns_id":-666611,"gns_name":"Rio de Janeiro, Estado do","gn_level":1,"gn_region":null,"gn_a1_code":"BR.21","region_sub":null,"sub_code":null,"gns_level":1,"gns_lang":"por","gns_adm1":"BR21","gns_region":null,"min_label":3.7,"max_label":8.5,"min_zoom":3,"wikidataid":"Q41428","name_ar":"ريو دي جانيرو","name_bn":"রিও ডি জেনিরো","name_de":"Rio de Janeiro","name_en":"Rio de Janeiro","name_es":"Estado de Río de Janeiro","name_fr":"Rio de Janeiro","name_el":"Ρίο ντε Τζανέιρο","name_hi":"रियो डि जेनेरो","name_hu":"Rio de Janeiro","name_id":"Rio de Janeiro","name_it":"Rio de Janeiro","name_ja":"リオデジャネイロ州","name_ko":"리우데자네이루","name_nl":"Rio de Janeiro","name_pl":"Rio de Janeiro","name_pt":"Rio de Janeiro","name_ru":"Рио-де-Жанейро","name_sv":"Rio de Janeiro","name_tr":"Rio de Janeiro","name_vi":"Rio de Janeiro","name_zh":"里约热内卢州","ne_id":1159307777,"name_he":"ריו דה ז'ניירו","name_uk":"Ріо-де-Жанейро","name_ur":"ریو دے جینیرو","name_fa":"ایالت ریو د ژانیرو","name_zht":"里約熱內盧州","FCLASS_ISO":null,"FCLASS_US":null,"FCLASS_FR":null,"FCLASS_RU":null,"FCLASS_ES":null,"FCLASS_CN":null,"FCLASS_TW":null,"FCLASS_IN":null,"FCLASS_NP":null,"FCLASS_PK":null,"FCLASS_DE":null,"FCLASS_GB":null,"FCLASS_BR":null,"FCLASS_IL":null,"FCLASS_PS":null,"FCLASS_SA":null,"FCLASS_EG":null,"FCLASS_MA":null,"FCLASS_PT":null,"FCLASS_AR":null,"FCLASS_JP":null,"FCLASS_KO":null,"FCLASS_VN":null,"FCLASS_TR":null,"FCLASS_ID":null,"FCLASS_PL":null,"FCLASS_GR":null,"FCLASS_IT":null,"FCLASS_NL":null,"FCLASS_SE":null,"FCLASS_BD":null,"FCLASS_UA":null,"FCLASS_TLC":null}},
{"type":"Feature","geometry":{"type":"Polygon","coordinates":[[[-45.757118,-10.329345],[-44.783993,-10.856074],[-43.913469,-10.431957],[-43.449297,-9.302453],[-42.618818,-9.565927],[-41.850896,-9.253388],[-41.368717,-8.713168],[-40.592016,-8.123906],[-40.538469,-7.391755],[-40.949094,-5.4185],[-41.074195,-4.324767],[-41.449268,-3.436479],[-41.268598,-2.916056],[-41.846171,-2.758776],[-42.989398,-4.239953],[-42.833018,-5.311405],[-43.109995,-5.771293],[-42.9804,-6.744418],[-44.03857,-6.766698],[-44.712669,-7.396237],[-45.471594,-7.673005],[-45.980547,-8.927599],[-45.944775,-10.315854],[-45.757118,-10.329345]]]},"properties":{"featurecla":"Admin-1 scale rank","scalerank":2,"adm1_code":"BRA-622","diss_me":622,"iso_3166_2":"BR-PI","wikipedia":null,"iso_a2":"BR","adm0_sr":1,"name":"Piauí","name_alt":"Piauhy","name_local":null,"type":"Estado","type_en":"State","code_local":null,"code_hasc":"BR.PI","note":null,"hasc_maybe":null,"region":null,"region_cod":null,"provnum_ne":18,"gadm_level":1,"check_me":20,"datarank":1,"abbrev":"Piauí","postal":"PI","area_sqkm":0,"sameascity":-99,"labelrank":2,"name_len":5,"mapcolor9":5,"mapcolor13":7,"fips":"BR20","fips_alt":null,"woe_id":2344861,"woe_label":"Piaui, BR, Brazil","woe_name":"Piauí","latitude":-8.08698,"longitude":-43.1974,"sov_a3":"BRA","adm0_a3":"BRA","adm0_label":2,"admin":"Brazil","geonunit":"Brazil","gu_a3":"BRA","gn_id":3392213,"gn_name":"Estado do Piaui","gns_id":-661542,"gns_name":"Piaui, Estado do","gn_level":1,"gn_region":null,"gn_a1_code":"BR.20","region_sub":null,"sub_code":null,"gns_level":1,"gns_lang":"por","gns_adm1":"BR20","gns_region":null,"min_label":3.7,"max_label":8.5,"min_zoom":3,"wikidataid":"Q42722","name_ar":"بياوي","name_bn":"পিয়াউই","name_de":"Piauí","name_en":"Piauí","name_es":"Piauí","name_fr":"Piauí","name_el":"Πιοΐ","name_hi":"पियाउई","name_hu":"Piauí","name_id":"Piauí","name_it":"Piauí","name_ja":"ピアウイ州","name_ko":"피아우이","name_nl":"Piauí","name_pl":"Piauí","name_pt":"Piauí","name_ru":"Пиауи","name_sv":"Piauí","name_tr":"Piauí","name_vi":"Piauí","name_zh":"皮奥伊州","ne_id":1159307921,"name_he":"פיאאוי","name_uk":"Піауї","name_ur":"پیاوی","name_fa":"پیاوی","name_zht":"皮奧伊州","FCLASS_ISO":null,"FCLASS_US":null,"FCLASS_FR":null,"FCLASS_RU":null,"FCLASS_ES":null,"FCLASS_CN":null,"FCLASS_TW":null,"FCLASS_IN":null,"FCLASS_NP":null,"FCLASS_PK":null,"FCLASS_DE":null,"FCLASS_GB":null,"FCLASS_BR":null,"FCLASS_IL":null,"FCLASS_PS":null,"FCLASS_SA":null,"FCLASS_EG":null,"FCLASS_MA":null,"FCLASS_PT":null,"FCLASS_AR":null,"FCLASS_JP":null,"FCLASS_KO":null,"FCLASS_VN":null,"FCLASS_TR":null,"FCLASS_ID":null,"FCLASS_PL":null,"FCLASS_GR":null,"FCLASS_IT":null,"FCLASS_NL":null,"FCLASS_SE":null,"FCLASS_BD":null,"FCLASS_UA":null,"FCLASS_TLC":null}},
{"type":"Feature","geometry":{"type":"Polygon","coordinates":[[[-50.993773,-20.101553],[-50.584049,-19.821203],[-48.811943,-20.158923],[-47.459922,-20.000984],[-46.993948,-21.342656],[-46.507275,-21.458738],[-46.699195,-22.320264],[-46.28857,-22.882764],[-44.833047,-22.4051],[-43.815372,-22.065798],[-43.063424,-22.063557],[-42.368846,-21.632893],[-41.864398,-20.775652],[-40.958092,-19.472234],[-41.141245,-18.297949],[-40.208165,-17.976643],[-40.609792,-17.391862],[-40.524967,-16.931975],[-39.86437,-16.110505],[-40.23495,-15.820246],[-41.35995,-15.494458],[-42.953615,-14.67747],[-43.493846,-14.789069],[-44.31982,-14.244345],[-45.926769,-15.128371],[-46.025096,-14.869401],[-46.891116,-15.048039],[-46.864342,-15.882802],[-47.301971,-16.039182],[-47.150096,-16.976513],[-47.279471,-18.061479],[-47.928818,-18.44532],[-48.9537,-18.325854],[-50.368267,-18.768647],[-50.964297,-19.511367],[-50.993773,-20.101553]]]},"properties":{"featurecla":"Admin-1 scale rank","scalerank":2,"adm1_code":"BRA-601","diss_me":601,"iso_3166_2":"BR-MG","wikipedia":null,"iso_a2":"BR","adm0_sr":1,"name":"Minas Gerais","name_alt":"Minas|Minas Geraes","name_local":null,"type":"Estado","type_en":"State","code_local":null,"code_hasc":"BR.MG","note":null,"hasc_maybe":null,"region":null,"region_cod":null,"provnum_ne":22,"gadm_level":1,"check_me":20,"datarank":1,"abbrev":"M.G.S.","postal":"MG","area_sqkm":0,"sameascity":-99,"labelrank":2,"name_len":12,"mapcolor9":5,"mapcolor13":7,"fips":"BR15","fips_alt":null,"woe_id":2344856,"woe_label":"Minas Gerais, BR, Brazil","woe_name":"Minas Gerais","latitude":-18.5895,"longitude":-44.4808,"sov_a3":"BRA","adm0_a3":"BRA","adm0_label":2,"admin":"Brazil","geonunit":"Brazil","gu_a3":"BRA","gn_id":3457153,"gn_name":"Estado de Minas Gerais","gns_id":-655151,"gns_name":"Minas Gerais, Estado de","gn_level":1,"gn_region":null,"gn_a1_code":"BR.15","region_sub":null,"sub_code":null,"gns_level":1,"gns_lang":"por","gns_adm1":"BR15","gns_region":null,"min_label":3.7,"max_label":8.5,"min_zoom":3,"wikidataid":"Q39109","name_ar":"ميناس جرايس","name_bn":"মিনাস জেরাইস","name_de":"Minas Gerais","name_en":"Minas Gerais","name_es":"Minas Gerais","name_fr":"Minas Gerais","name_el":"Μίνας Ζεράις","name_hi":"मिनास जेरायज़","name_hu":"Minas Gerais","name_id":"Minas Gerais","name_it":"Minas Gerais","name_ja":"ミナスジェライス州","name_ko":"미나스제라이스","name_nl":"Minas Gerais","name_pl":"Minas Gerais","name_pt":"Minas Gerais","name_ru":"Минас-Жерайс","name_sv":"Minas Gerais","name_tr":"Minas Gerais","name_vi":"Minas Gerais","name_zh":"米纳斯吉拉斯","ne_id":1159307907,"name_he":"מינאס ז'ראיס","name_uk":"Мінас-Жерайс","name_ur":"میناس گیرائس","name_fa":"میناس گرایس","name_zht":"米納斯吉拉斯","FCLASS_ISO":null,"FCLASS_US":null,"FCLASS_FR":null,"FCLASS_RU":null,"FCLASS_ES":null,"FCLASS_CN":null,"FCLASS_TW":null,"FCLASS_IN":null,"FCLASS_NP":null,"FCLASS_PK":null,"FCLASS_DE":null,"FCLASS_GB":null,"FCLASS_BR":null,"FCLASS_IL":null,"FCLASS_PS":null,"FCLASS_SA":null,"FCLASS_EG":null,"FCLASS_MA":null,"FCLASS_PT":null,"FCLASS_AR":null,"FCLASS_JP":null,"FCLASS_KO":null,"FCLASS_VN":null,"FCLASS_TR":null,"FCLASS_ID":null,"FCLASS_PL":null,"FCLASS_GR":null,"FCLASS_IT":null,"FCLASS_NL":null,"FCLASS_SE":null,"FCLASS_BD":null,"FCLASS_UA":null,"FCLASS_TLC":null}},
{"type":"Feature","geometry":{"type":"Polygon","coordinates":[[[-40.96754,-21.275596],[-40.396042,-20.569548],[-39.699893,-19.27782],[-39.667714,-18.325854],[-40.208165,-17.976643],[-41.141245,-18.297949],[-40.958092,-19.472234],[-41.864398,-20.775652],[-40.96754,-21.275596]]]},"properties":{"featurecla":"Admin-1 scale rank","scalerank":2,"adm1_code":"BRA-625","diss_me":625,"iso_3166_2":"BR-ES","wikipedia":null,"iso_a2":"BR","adm0_sr":1,"name":"Espírito Santo","name_alt":"Espiritu Santo","name_local":null,"type":"Estado","type_en":"State","code_local":null,"code_hasc":"BR.ES","note":null,"hasc_maybe":null,"region":null,"region_cod":null,"provnum_ne":1,"gadm_level":1,"check_me":20,"datarank":1,"abbrev":"E.S.","postal":"ES","area_sqkm":0,"sameascity":-99,"labelrank":2,"name_len":14,"mapcolor9":5,"mapcolor13":7,"fips":"BR08","fips_alt":null,"woe_id":2344851,"woe_label":"Espirito Santo, BR, Brazil","woe_name":"Espírito Santo","latitude":-19.6916,"longitude":-40.5436,"sov_a3":"BRA","adm0_a3":"BRA","adm0_label":2,"admin":"Brazil","geonunit":"Brazil","gu_a3":"BRA","gn_id":3463930,"gn_name":"Estado do Espirito Santo","gns_id":-641383,"gns_name":"Espirito Santo, Estado de","gn_level":1,"gn_region":null,"gn_a1_code":"BR.08","region_sub":null,"sub_code":null,"gns_level":1,"gns_lang":"por","gns_adm1":"BR08","gns_region":null,"min_label":3.7,"max_label":8.5,"min_zoom":3,"wikidataid":"Q43233","name_ar":"إسبيريتو سانتو","name_bn":"এস্পিরিতো স্যান্টো","name_de":"Espírito Santo","name_en":"Espírito Santo","name_es":"Espírito Santo","name_fr":"Espírito Santo","name_el":"Εσπίριτο Σάντο","name_hi":"एस्पिरितो सान्तो","name_hu":"Espírito Santo","name_id":"Espírito Santo","name_it":"Espírito Santo","name_ja":"エスピリトサント州","name_ko":"이스피리투산투","name_nl":"Espírito Santo","name_pl":"Espírito Santo","name_pt":"Espírito Santo","name_ru":"Эспириту-Санту","name_sv":"Espírito Santo","name_tr":"Espírito Santo","name_vi":"Espírito Santo","name_zh":"聖埃斯皮里圖州","ne_id":1159307929,"name_he":"אספיריטו סאנטו","name_uk":"Еспіриту-Санту","name_ur":"اسپیریتو سانتو","name_fa":"اسپیریتو سانتو","name_zht":"聖埃斯皮里圖州","FCLASS_ISO":null,"FCLASS_US":null,"FCLASS_FR":null,"FCLASS_RU":null,"FCLASS_ES":null,"FCLASS_CN":null,"FCLASS_TW":null,"FCLASS_IN":null,"FCLASS_NP":null,"FCLASS_PK":null,"FCLASS_DE":null,"FCLASS_GB":null,"FCLASS_BR":null,"FCLASS_IL":null,"FCLASS_PS":null,"FCLASS_SA":null,"FCLASS_EG":null,"FCLASS_MA":null,"FCLASS_PT":null,"FCLASS_AR":null,"FCLASS_JP":null,"FCLASS_KO":null,"FCLASS_VN":null,"FCLASS_TR":null,"FCLASS_ID":null,"FCLASS_PL":null,"FCLASS_GR":null,"FCLASS_IT":null,"FCLASS_NL":null,"FCLASS_SE":null,"FCLASS_BD":null,"FCLASS_UA":null,"FCLASS_TLC":null}},
{"type":"Feature","geometry":{"type":"Polygon","coordinates":[[[-46.025096,-14.869401],[-45.926769,-15.128371],[-44.31982,-14.244345],[-43.493846,-14.789069],[-42.953615,-14.67747],[-41.35995,-15.494458],[-40.23495,-15.820246],[-39.86437,-16.110505],[-40.524967,-16.931975],[-40.609792,-17.391862],[-40.208165,-17.976643],[-39.667714,-18.325854],[-39.154049,-17.70394],[-39.215242,-17.315815],[-38.880665,-15.864345],[-39.08924,-13.588242],[-38.787973,-12.782746],[-38.239645,-12.844182],[-37.41187,-11.497324],[-37.797292,-11.525668],[-38.234921,-10.89635],[-37.815299,-10.677414],[-37.975721,-9.512138],[-38.221199,-9.347673],[-38.335941,-9.010173],[-39.441824,-8.559272],[-40.685839,-9.472104],[-40.891042,-8.856056],[-41.368717,-8.713168],[-41.850896,-9.253388],[-42.618818,-9.565927],[-43.449297,-9.302453],[-43.913469,-10.431957],[-44.783993,-10.856074],[-45.757118,-10.329345],[-46.56982,-11.315983],[-46.234792,-12.798039],[-46.270575,-13.655083],[-45.922495,-14.351682],[-46.025096,-14.869401]]]},"properties":{"featurecla":"Admin-1 scale rank","scalerank":2,"adm1_code":"BRA-624","diss_me":624,"iso_3166_2":"BR-BA","wikipedia":null,"iso_a2":"BR","adm0_sr":5,"name":"Bahia","name_alt":"Ba¡a","name_local":null,"type":"Estado","type_en":"State","code_local":null,"code_hasc":"BR.BA","note":null,"hasc_maybe":null,"region":null,"region_cod":null,"provnum_ne":10,"gadm_level":1,"check_me":20,"datarank":1,"abbrev":"Bahia","postal":"BA","area_sqkm":0,"sameascity":-99,"labelrank":2,"name_len":5,"mapcolor9":5,"mapcolor13":7,"fips":"BR05","fips_alt":null,"woe_id":2344848,"woe_label":"Bahia, BR, Brazil","woe_name":"Bahia","latitude":-12.3651,"longitude":-41.8027,"sov_a3":"BRA","adm0_a3":"BRA","adm0_label":2,"admin":"Brazil","geonunit":"Brazil","gu_a3":"BRA","gn_id":3471168,"gn_name":"Estado da Bahia","gns_id":-626942,"gns_name":"Bahia, Estado da","gn_level":1,"gn_region":null,"gn_a1_code":"BR.05","region_sub":null,"sub_code":null,"gns_level":1,"gns_lang":"por","gns_adm1":"BR05","gns_region":null,"min_label":3.7,"max_label":8.5,"min_zoom":3,"wikidataid":"Q40430","name_ar":"باهيا","name_bn":"বাহিয়া","name_de":"Bahia","name_en":"Bahia","name_es":"Bahía","name_fr":"Bahia","name_el":"Μπαΐα","name_hi":"बाहिया","name_hu":"Bahia","name_id":"Bahia","name_it":"Bahia","name_ja":"バイーア州","name_ko":"바이아","name_nl":"Bahia","name_pl":"Bahia","name_pt":"Bahia","name_ru":"Баия","name_sv":"Bahia","name_tr":"Bahia","name_vi":"Bahia","name_zh":"巴伊亚","ne_id":1159307841,"name_he":"באהיה","name_uk":"Баїя","name_ur":"باہیا","name_fa":"باهیا","name_zht":"巴伊亞州","FCLASS_ISO":null,"FCLASS_US":null,"FCLASS_FR":null,"FCLASS_RU":null,"FCLASS_ES":null,"FCLASS_CN":null,"FCLASS_TW":null,"FCLASS_IN":null,"FCLASS_NP":null,"FCLASS_PK":null,"FCLASS_DE":null,"FCLASS_GB":null,"FCLASS_BR":null,"FCLASS_IL":null,"FCLASS_PS":null,"FCLASS_SA":null,"FCLASS_EG":null,"FCLASS_MA":null,"FCLASS_PT":null,"FCLASS_AR":null,"FCLASS_JP":null,"FCLASS_KO":null,"FCLASS_VN":null,"FCLASS_TR":null,"FCLASS_ID":null,"FCLASS_PL":null,"FCLASS_GR":null,"FCLASS_IT":null,"FCLASS_NL":null,"FCLASS_SE":null,"FCLASS_BD":null,"FCLASS_UA":null,"FCLASS_TLC":null}},
{"type":"Feature","geometry":{"type":"Polygon","coordinates":[[[-40.538469,-7.391755],[-39.654443,-7.373979],[-38.967072,-7.847138],[-38.699094,-7.619457],[-38.525169,-6.382858],[-37.721464,-5.061423],[-37.230749,-4.824272],[-38.475895,-3.717487],[-39.964719,-2.861608],[-41.268598,-2.916056],[-41.449268,-3.436479],[-41.074195,-4.324767],[-40.949094,-5.4185],[-40.538469,-7.391755]]]},"properties":{"featurecla":"Admin-1 scale rank","scalerank":2,"adm1_code":"BRA-621","diss_me":621,"iso_3166_2":"BR-CE","wikipedia":null,"iso_a2":"BR","adm0_sr":1,"name":"Ceará","name_alt":null,"name_local":null,"type":"Estado","type_en":"State","code_local":null,"code_hasc":"BR.CE","note":null,"hasc_maybe":null,"region":null,"region_cod":null,"provnum_ne":17,"gadm_level":1,"check_me":20,"datarank":1,"abbrev":"Ceará","postal":"CE","area_sqkm":0,"sameascity":-99,"labelrank":2,"name_len":5,"mapcolor9":5,"mapcolor13":7,"fips":"BR06","fips_alt":null,"woe_id":2344849,"woe_label":"Ceara, BR, Brazil","woe_name":"Ceará","latitude":-5.37602,"longitude":-39.3429,"sov_a3":"BRA","adm0_a3":"BRA","adm0_label":2,"admin":"Brazil","geonunit":"Brazil","gu_a3":"BRA","gn_id":3402362,"gn_name":"Estado do Ceara","gns_id":-636727,"gns_name":"Ceara, Estado do","gn_level":1,"gn_region":null,"gn_a1_code":"BR.06","region_sub":null,"sub_code":null,"gns_level":1,"gns_lang":"por","gns_adm1":"BR06","gns_region":null,"min_label":3.7,"max_label":8.5,"min_zoom":3,"wikidataid":"Q40123","name_ar":"سيارا","name_bn":"সিয়ারা","name_de":"Ceará","name_en":"Ceará","name_es":"Ceará","name_fr":"Ceará","name_el":"Σεαρά","name_hi":"सियारा","name_hu":"Ceará","name_id":"Ceará","name_it":"Ceará","name_ja":"セアラー州","name_ko":"세아라","name_nl":"Ceará","name_pl":"Ceará","name_pt":"Ceará","name_ru":"Сеара","name_sv":"Ceará","name_tr":"Ceará","name_vi":"Ceará","name_zh":"塞阿腊","ne_id":1159307917,"name_he":"סיארה","name_uk":"Сеара","name_ur":"سئیرا","name_fa":"سئارا","name_zht":"塞阿腊","FCLASS_ISO":null,"FCLASS_US":null,"FCLASS_FR":null,"FCLASS_RU":null,"FCLASS_ES":null,"FCLASS_CN":null,"FCLASS_TW":null,"FCLASS_IN":null,"FCLASS_NP":null,"FCLASS_PK":null,"FCLASS_DE":null,"FCLASS_GB":null,"FCLASS_BR":null,"FCLASS_IL":null,"FCLASS_PS":null,"FCLASS_SA":null,"FCLASS_EG":null,"FCLASS_MA":null,"FCLASS_PT":null,"FCLASS_AR":null,"FCLASS_JP":null,"FCLASS_KO":null,"FCLASS_VN":null,"FCLASS_TR":null,"FCLASS_ID":null,"FCLASS_PL":null,"FCLASS_GR":null,"FCLASS_IT":null,"FCLASS_NL":null,"FCLASS_SE":null,"FCLASS_BD":null,"FCLASS_UA":null,"FCLASS_TLC":null}},
{"type":"Feature","geometry":{"type":"Polygon","coordinates":[[[-37.41187,-11.497324],[-36.414673,-10.49135],[-37.01924,-9.956974],[-37.975721,-9.512138],[-37.815299,-10.677414],[-38.234921,-10.89635],[-37.797292,-11.525668],[-37.41187,-11.497324]]]},"properties":{"featurecla":"Admin-1 scale rank","scalerank":2,"adm1_code":"BRA-629","diss_me":629,"iso_3166_2":"BR-SE","wikipedia":null,"iso_a2":"BR","adm0_sr":1,"name":"Sergipe","name_alt":null,"name_local":null,"type":"Estado","type_en":"State","code_local":null,"code_hasc":"BR.SE","note":null,"hasc_maybe":null,"region":null,"region_cod":null,"provnum_ne":15,"gadm_level":1,"check_me":20,"datarank":1,"abbrev":"Serg.","postal":"SE","area_sqkm":0,"sameascity":-99,"labelrank":2,"name_len":7,"mapcolor9":5,"mapcolor13":7,"fips":"BR28","fips_alt":null,"woe_id":2344869,"woe_label":"Sergipe, BR, Brazil","woe_name":"Sergipe","latitude":-10.5918,"longitude":-37.3836,"sov_a3":"BRA","adm0_a3":"BRA","adm0_label":2,"admin":"Brazil","geonunit":"Brazil","gu_a3":"BRA","gn_id":3447799,"gn_name":"Estado de Sergipe","gns_id":-672916,"gns_name":"Sergipe, Estado de","gn_level":1,"gn_region":null,"gn_a1_code":"BR.28","region_sub":null,"sub_code":null,"gns_level":1,"gns_lang":"kor","gns_adm1":"BR28","gns_region":null,"min_label":3.7,"max_label":8.5,"min_zoom":3,"wikidataid":"Q43783","name_ar":"سيرجيبي","name_bn":"সারজিপে","name_de":"Sergipe","name_en":"Sergipe","name_es":"Sergipe","name_fr":"Sergipe","name_el":"Σερζίπε","name_hi":"सर्जिपे","name_hu":"Sergipe","name_id":"Sergipe","name_it":"Sergipe","name_ja":"セルジペ州","name_ko":"세르지피","name_nl":"Sergipe","name_pl":"Sergipe","name_pt":"Sergipe","name_ru":"Сержипи","name_sv":"Sergipe","name_tr":"Sergipe","name_vi":"Sergipe","name_zh":"塞尔希培州","ne_id":1159307933,"name_he":"סרז'יפה","name_uk":"Сержипі","name_ur":"سرژیپی","name_fa":"سرژیپه","name_zht":"塞尔希培州","FCLASS_ISO":null,"FCLASS_US":null,"FCLASS_FR":null,"FCLASS_RU":null,"FCLASS_ES":null,"FCLASS_CN":null,"FCLASS_TW":null,"FCLASS_IN":null,"FCLASS_NP":null,"FCLASS_PK":null,"FCLASS_DE":null,"FCLASS_GB":null,"FCLASS_BR":null,"FCLASS_IL":null,"FCLASS_PS":null,"FCLASS_SA":null,"FCLASS_EG":null,"FCLASS_MA":null,"FCLASS_PT":null,"FCLASS_AR":null,"FCLASS_JP":null,"FCLASS_KO":null,"FCLASS_VN":null,"FCLASS_TR":null,"FCLASS_ID":null,"FCLASS_PL":null,"FCLASS_GR":null,"FCLASS_IT":null,"FCLASS_NL":null,"FCLASS_SE":null,"FCLASS_BD":null,"FCLASS_UA":null,"FCLASS_TLC":null}},
{"type":"Feature","geometry":{"type":"Polygon","coordinates":[[[-37.975721,-9.512138],[-37.01924,-9.956974],[-36.414673,-10.49135],[-35.15174,-8.913867],[-36.016199,-8.896332],[-36.578699,-9.293444],[-37.815299,-8.976642],[-38.221199,-9.347673],[-37.975721,-9.512138]]]},"properties":{"featurecla":"Admin-1 scale rank","scalerank":2,"adm1_code":"BRA-623","diss_me":623,"iso_3166_2":"BR-AL","wikipedia":null,"iso_a2":"BR","adm0_sr":1,"name":"Alagoas","name_alt":null,"name_local":null,"type":"Estado","type_en":"State","code_local":null,"code_hasc":"BR.AL","note":null,"hasc_maybe":null,"region":null,"region_cod":null,"provnum_ne":16,"gadm_level":1,"check_me":20,"datarank":1,"abbrev":"Ala.","postal":"AL","area_sqkm":0,"sameascity":-99,"labelrank":2,"name_len":7,"mapcolor9":5,"mapcolor13":7,"fips":"BR02","fips_alt":null,"woe_id":2344845,"woe_label":"Alagoas, BR, Brazil","woe_name":"Alagoas","latitude":-9.77391,"longitude":-36.6917,"sov_a3":"BRA","adm0_a3":"BRA","adm0_label":2,"admin":"Brazil","geonunit":"Brazil","gu_a3":"BRA","gn_id":3408096,"gn_name":"Estado de Alagoas","gns_id":-623760,"gns_name":"Alagoas, Estado de","gn_level":1,"gn_region":null,"gn_a1_code":"BR.02","region_sub":null,"sub_code":null,"gns_level":1,"gns_lang":"por","gns_adm1":"BR02","gns_region":null,"min_label":3.7,"max_label":8.5,"min_zoom":3,"wikidataid":"Q40885","name_ar":"ألاغواس","name_bn":"আলাগোয়াস","name_de":"Alagoas","name_en":"Alagoas","name_es":"Alagoas","name_fr":"Alagoas","name_el":"Αλαγκόας","name_hi":"अलागोआस","name_hu":"Alagoas","name_id":"Alagoas","name_it":"Alagoas","name_ja":"アラゴアス州","name_ko":"알라고아스","name_nl":"Alagoas","name_pl":"Alagoas","name_pt":"Alagoas","name_ru":"Алагоас","name_sv":"Alagoas","name_tr":"Alagoas","name_vi":"Alagoas","name_zh":"阿拉戈斯州","ne_id":1159307923,"name_he":"אלגואס","name_uk":"Алагоас","name_ur":"الاگواس","name_fa":"آلاگواس","name_zht":"阿拉戈斯州","FCLASS_ISO":null,"FCLASS_US":null,"FCLASS_FR":null,"FCLASS_RU":null,"FCLASS_ES":null,"FCLASS_CN":null,"FCLASS_TW":null,"FCLASS_IN":null,"FCLASS_NP":null,"FCLASS_PK":null,"FCLASS_DE":null,"FCLASS_GB":null,"FCLASS_BR":null,"FCLASS_IL":null,"FCLASS_PS":null,"FCLASS_SA":null,"FCLASS_EG":null,"FCLASS_MA":null,"FCLASS_PT":null,"FCLASS_AR":null,"FCLASS_JP":null,"FCLASS_KO":null,"FCLASS_VN":null,"FCLASS_TR":null,"FCLASS_ID":null,"FCLASS_PL":null,"FCLASS_GR":null,"FCLASS_IT":null,"FCLASS_NL":null,"FCLASS_SE":null,"FCLASS_BD":null,"FCLASS_UA":null,"FCLASS_TLC":null}},
{"type":"Feature","geometry":{"type":"Polygon","coordinates":[[[-38.525169,-6.382858],[-37.757247,-6.177414],[-37.217016,-6.82475],[-36.493874,-6.378354],[-34.97174,-6.503906],[-35.549324,-5.129362],[-36.59062,-5.097655],[-37.230749,-4.824272],[-37.721464,-5.061423],[-38.525169,-6.382858]]]},"properties":{"featurecla":"Admin-1 scale rank","scalerank":2,"adm1_code":"BRA-628","diss_me":628,"iso_3166_2":"BR-RN","wikipedia":null,"iso_a2":"BR","adm0_sr":5,"name":"Rio Grande do Norte","name_alt":null,"name_local":null,"type":"Estado","type_en":"State","code_local":null,"code_hasc":"BR.RN","note":null,"hasc_maybe":null,"region":null,"region_cod":null,"provnum_ne":3,"gadm_level":1,"check_me":20,"datarank":1,"abbrev":"Rio","postal":"RN","area_sqkm":0,"sameascity":-99,"labelrank":2,"name_len":19,"mapcolor9":5,"mapcolor13":7,"fips":"BR22","fips_alt":null,"woe_id":2344863,"woe_label":"Rio Grande do Norte, BR, Brazil","woe_name":"Rio Grande do Norte","latitude":-5.66157,"longitude":-36.5472,"sov_a3":"BRA","adm0_a3":"BRA","adm0_label":2,"admin":"Brazil","geonunit":"Brazil","gu_a3":"BRA","gn_id":3390290,"gn_name":"Estado do Rio Grande do Norte","gns_id":-666685,"gns_name":"Rio Grande do Norte, Estado do","gn_level":1,"gn_region":null,"gn_a1_code":"BR.22","region_sub":null,"sub_code":null,"gns_level":1,"gns_lang":"kor","gns_adm1":"BR22","gns_region":null,"min_label":3.7,"max_label":8.5,"min_zoom":3,"wikidataid":"Q43255","name_ar":"ريو غراندي دو نورتي","name_bn":"রিও গ্রান্ডে ডু নর্টে","name_de":"Rio Grande do Norte","name_en":"Rio Grande do Norte","name_es":"Río Grande del Norte","name_fr":"Rio Grande do Norte","name_el":"Ρίο Γκράντε ντο Νόρτε","name_hi":"रियो ग्रांडे दो नोर्टे","name_hu":"Rio Grande do Norte","name_id":"Rio Grande do Norte","name_it":"Rio Grande do Norte","name_ja":"リオグランデ・ド・ノルテ州","name_ko":"히우그란지두노르치","name_nl":"Rio Grande do Norte","name_pl":"Rio Grande do Norte","name_pt":"Rio Grande do Norte","name_ru":"Риу-Гранди-ду-Норти","name_sv":"Rio Grande do Norte","name_tr":"Rio Grande do Norte","name_vi":"Rio Grande do Norte","name_zh":"北里约格朗德","ne_id":1159307975,"name_he":"ריו גראנדה דו נורטה","name_uk":"Ріу-Гранді-ду-Норті","name_ur":"شمالی ریو گرانڈی","name_fa":"ریوگرانده دو نورتی","name_zht":"北里约格朗德","FCLASS_ISO":null,"FCLASS_US":null,"FCLASS_FR":null,"FCLASS_RU":null,"FCLASS_ES":null,"FCLASS_CN":null,"FCLASS_TW":null,"FCLASS_IN":null,"FCLASS_NP":null,"FCLASS_PK":null,"FCLASS_DE":null,"FCLASS_GB":null,"FCLASS_BR":null,"FCLASS_IL":null,"FCLASS_PS":null,"FCLASS_SA":null,"FCLASS_EG":null,"FCLASS_MA":null,"FCLASS_PT":null,"FCLASS_AR":null,"FCLASS_JP":null,"FCLASS_KO":null,"FCLASS_VN":null,"FCLASS_TR":null,"FCLASS_ID":null,"FCLASS_PL":null,"FCLASS_GR":null,"FCLASS_IT":null,"FCLASS_NL":null,"FCLASS_SE":null,"FCLASS_BD":null,"FCLASS_UA":null,"FCLASS_TLC":null}},
{"type":"Feature","geometry":{"type":"Polygon","coordinates":[[[-41.368717,-8.713168],[-40.891042,-8.856056],[-40.685839,-9.472104],[-39.441824,-8.559272],[-38.335941,-9.010173],[-38.221199,-9.347673],[-37.815299,-8.976642],[-36.578699,-9.293444],[-36.016199,-8.896332],[-35.15174,-8.913867],[-34.85857,-7.549694],[-35.498249,-7.454289],[-35.966915,-7.815871],[-37.127697,-8.164181],[-37.252799,-7.271147],[-37.975941,-7.771332],[-38.699094,-7.619457],[-38.967072,-7.847138],[-39.654443,-7.373979],[-40.538469,-7.391755],[-40.592016,-8.123906],[-41.368717,-8.713168]]]},"properties":{"featurecla":"Admin-1 scale rank","scalerank":2,"adm1_code":"BRA-1313","diss_me":1313,"iso_3166_2":"BR-PE","wikipedia":null,"iso_a2":"BR","adm0_sr":1,"name":"Pernambuco","name_alt":"Pernambouc","name_local":null,"type":"Estado","type_en":"State","code_local":null,"code_hasc":"BR.PE","note":null,"hasc_maybe":null,"region":null,"region_cod":null,"provnum_ne":2,"gadm_level":1,"check_me":20,"datarank":1,"abbrev":"Perna.","postal":"PE","area_sqkm":0,"sameascity":-99,"labelrank":2,"name_len":10,"mapcolor9":5,"mapcolor13":7,"fips":"BR30","fips_alt":null,"woe_id":2344860,"woe_label":"Pernambuco, BR, Brazil","woe_name":"Pernambuco","latitude":-8.47283,"longitude":-37.2958,"sov_a3":"BRA","adm0_a3":"BRA","adm0_label":2,"admin":"Brazil","geonunit":"Brazil","gu_a3":"BRA","gn_id":3392268,"gn_name":"Estado de Pernambuco","gns_id":-661351,"gns_name":"Pernambuco, Estado de","gn_level":1,"gn_region":null,"gn_a1_code":"BR.30","region_sub":null,"sub_code":null,"gns_level":1,"gns_lang":"por","gns_adm1":"BR30","gns_region":null,"min_label":3.7,"max_label":8.5,"min_zoom":3,"wikidataid":"Q40942","name_ar":"بيرنامبوكو","name_bn":"পেরনাবুকু","name_de":"Pernambuco","name_en":"Pernambuco","name_es":"Pernambuco","name_fr":"Pernambouc","name_el":"Περναμπούκο","name_hi":"पेरनाम्बुको","name_hu":"Pernambuco","name_id":"Pernambuco","name_it":"Pernambuco","name_ja":"ペルナンブーコ州","name_ko":"페르남부쿠","name_nl":"Pernambuco","name_pl":"Pernambuco","name_pt":"Pernambuco","name_ru":"Пернамбуку","name_sv":"Pernambuco","name_tr":"Pernambuco","name_vi":"Pernambuco","name_zh":"伯南布哥","ne_id":1159309901,"name_he":"פרנמבוקו","name_uk":"Пернамбуку","name_ur":"پرنامبوکو","name_fa":"پرنامبوکو","name_zht":"伯南布哥","FCLASS_ISO":null,"FCLASS_US":null,"FCLASS_FR":null,"FCLASS_RU":null,"FCLASS_ES":null,"FCLASS_CN":null,"FCLASS_TW":null,"FCLASS_IN":null,"FCLASS_NP":null,"FCLASS_PK":null,"FCLASS_DE":null,"FCLASS_GB":null,"FCLASS_BR":null,"FCLASS_IL":null,"FCLASS_PS":null,"FCLASS_SA":null,"FCLASS_EG":null,"FCLASS_MA":null,"FCLASS_PT":null,"FCLASS_AR":null,"FCLASS_JP":null,"FCLASS_KO":null,"FCLASS_VN":null,"FCLASS_TR":null,"FCLASS_ID":null,"FCLASS_PL":null,"FCLASS_GR":null,"FCLASS_IT":null,"FCLASS_NL":null,"FCLASS_SE":null,"FCLASS_BD":null,"FCLASS_UA":null,"FCLASS_TLC":null}},
{"type":"Feature","geometry":{"type":"Polygon","coordinates":[[[-38.699094,-7.619457],[-37.975941,-7.771332],[-37.252799,-7.271147],[-37.127697,-8.164181],[-35.966915,-7.815871],[-35.498249,-7.454289],[-34.85857,-7.549694],[-34.97174,-6.503906],[-36.493874,-6.378354],[-37.217016,-6.82475],[-37.757247,-6.177414],[-38.525169,-6.382858],[-38.699094,-7.619457]]]},"properties":{"featurecla":"Admin-1 scale rank","scalerank":2,"adm1_code":"BRA-626","diss_me":626,"iso_3166_2":"BR-PB","wikipedia":null,"iso_a2":"BR","adm0_sr":1,"name":"Paraíba","name_alt":"Parahyba","name_local":null,"type":"Estado","type_en":"State","code_local":null,"code_hasc":"BR.PB","note":null,"hasc_maybe":null,"region":null,"region_cod":null,"provnum_ne":14,"gadm_level":1,"check_me":20,"datarank":1,"abbrev":"Paraíba","postal":"PB","area_sqkm":0,"sameascity":-99,"labelrank":2,"name_len":7,"mapcolor9":5,"mapcolor13":7,"fips":"BR17","fips_alt":null,"woe_id":2344858,"woe_label":"Paraiba, BR, Brazil","woe_name":"Paraíba","latitude":-7.34234,"longitude":-36.2726,"sov_a3":"BRA","adm0_a3":"BRA","adm0_label":2,"admin":"Brazil","geonunit":"Brazil","gu_a3":"BRA","gn_id":3393098,"gn_name":"Estado da Paraiba","gns_id":-659305,"gns_name":"Paraiba, Estado da","gn_level":1,"gn_region":null,"gn_a1_code":"BR.17","region_sub":null,"sub_code":null,"gns_level":1,"gns_lang":"por","gns_adm1":"BR17","gns_region":null,"min_label":3.7,"max_label":8.5,"min_zoom":3,"wikidataid":"Q38088","name_ar":"بارايبا","name_bn":"পারায়বা","name_de":"Paraíba","name_en":"Paraíba","name_es":"Paraíba","name_fr":"Paraíba","name_el":"Παραΐμπα","name_hi":"परेबा","name_hu":"Paraíba","name_id":"Paraíba","name_it":"Paraíba","name_ja":"パライバ州","name_ko":"파라이바","name_nl":"Paraíba","name_pl":"Paraíba","name_pt":"Paraíba","name_ru":"Параиба","name_sv":"Paraíba","name_tr":"Paraíba","name_vi":"Paraíba","name_zh":"帕拉伊巴","ne_id":1159307931,"name_he":"פאראיבה","name_uk":"Параїба","name_ur":"پارائیبا","name_fa":"پارائیبا","name_zht":"帕拉伊巴","FCLASS_ISO":null,"FCLASS_US":null,"FCLASS_FR":null,"FCLASS_RU":null,"FCLASS_ES":null,"FCLASS_CN":null,"FCLASS_TW":null,"FCLASS_IN":null,"FCLASS_NP":null,"FCLASS_PK":null,"FCLASS_DE":null,"FCLASS_GB":null,"FCLASS_BR":null,"FCLASS_IL":null,"FCLASS_PS":null,"FCLASS_SA":null,"FCLASS_EG":null,"FCLASS_MA":null,"FCLASS_PT":null,"FCLASS_AR":null,"FCLASS_JP":null,"FCLASS_KO":null,"FCLASS_VN":null,"FCLASS_TR":null,"FCLASS_ID":null,"FCLASS_PL":null,"FCLASS_GR":null,"FCLASS_IT":null,"FCLASS_NL":null,"FCLASS_SE":null,"FCLASS_BD":null,"FCLASS_UA":null,"FCLASS_TLC":null}},
{"type":"Feature","geometry":{"type":"Polygon","coordinates":[[[-53.669922,-26.258005],[-53.935418,-27.161148],[-52.139241,-27.283315],[-51.487642,-27.564126],[-50.577523,-28.386277],[-49.70812,-28.530264],[-49.712844,-29.324531],[-48.799573,-28.575264],[-48.554094,-27.196018],[-48.585372,-25.986204],[-49.596521,-26.222234],[-49.949094,-26.012307],[-51.074094,-26.235505],[-51.239471,-26.606074],[-53.669922,-26.258005]]]},"properties":{"featurecla":"Admin-1 scale rank","scalerank":2,"adm1_code":"BRA-614","diss_me":614,"iso_3166_2":"BR-SC","wikipedia":null,"iso_a2":"BR","adm0_sr":1,"name":"Santa Catarina","name_alt":"Santa Catharina","name_local":null,"type":"Estado","type_en":"State","code_local":null,"code_hasc":"BR.SC","note":null,"hasc_maybe":null,"region":null,"region_cod":null,"provnum_ne":5,"gadm_level":1,"check_me":20,"datarank":1,"abbrev":"S.C.","postal":"SC","area_sqkm":0,"sameascity":-99,"labelrank":2,"name_len":14,"mapcolor9":5,"mapcolor13":7,"fips":"BR26","fips_alt":null,"woe_id":2344867,"woe_label":"Santa Catarina, BR, Brazil","woe_name":"Santa Catarina","latitude":-27.0392,"longitude":-51.1586,"sov_a3":"BRA","adm0_a3":"BRA","adm0_label":2,"admin":"Brazil","geonunit":"Brazil","gu_a3":"BRA","gn_id":3450387,"gn_name":"Estado de Santa Catarina","gns_id":-668106,"gns_name":"Santa Catarina, Estado de","gn_level":1,"gn_region":null,"gn_a1_code":"BR.26","region_sub":null,"sub_code":null,"gns_level":1,"gns_lang":"kor","gns_adm1":"BR26","gns_region":null,"min_label":3.7,"max_label":8.5,"min_zoom":3,"wikidataid":"Q41115","name_ar":"سانتا كاتارينا","name_bn":"স্যান্টা ক্যাটারিনা","name_de":"Santa Catarina","name_en":"Santa Catarina","name_es":"Santa Catarina","name_fr":"Santa Catarina","name_el":"Σάντα Καταρίνα","name_hi":"सांता कातारीना","name_hu":"Santa Catarina","name_id":"Santa Catarina","name_it":"Santa Catarina","name_ja":"サンタカタリーナ州","name_ko":"산타카타리나","name_nl":"Santa Catarina","name_pl":"Santa Catarina","name_pt":"Santa Catarina","name_ru":"Санта-Катарина","name_sv":"Santa Catarina","name_tr":"Santa Catarina","name_vi":"Santa Catarina","name_zh":"圣卡塔琳娜州","ne_id":1159307915,"name_he":"סנטה קטרינה","name_uk":"Санта-Катаріна","name_ur":"سانتا کاتارینا","name_fa":"سانتا کاتارینا","name_zht":"聖塔卡塔林那","FCLASS_ISO":null,"FCLASS_US":null,"FCLASS_FR":null,"FCLASS_RU":null,"FCLASS_ES":null,"FCLASS_CN":null,"FCLASS_TW":null,"FCLASS_IN":null,"FCLASS_NP":null,"FCLASS_PK":null,"FCLASS_DE":null,"FCLASS_GB":null,"FCLASS_BR":null,"FCLASS_IL":null,"FCLASS_PS":null,"FCLASS_SA":null,"FCLASS_EG":null,"FCLASS_MA":null,"FCLASS_PT":null,"FCLASS_AR":null,"FCLASS_JP":null,"FCLASS_KO":null,"FCLASS_VN":null,"FCLASS_TR":null,"FCLASS_ID":null,"FCLASS_PL":null,"FCLASS_GR":null,"FCLASS_IT":null,"FCLASS_NL":null,"FCLASS_SE":null,"FCLASS_BD":null,"FCLASS_UA":null,"FCLASS_TLC":null}},
{"type":"Feature","geometry":{"type":"Polygon","coordinates":[[[-53.935418,-27.161148],[-54.829122,-27.550613],[-55.725519,-28.204014],[-57.224691,-29.782178],[-55.873571,-31.069622],[-54.587698,-31.485191],[-53.761724,-32.056919],[-52.652247,-33.13782],[-52.127321,-32.167859],[-51.972523,-31.383721],[-51.463571,-31.052747],[-51.157349,-30.364256],[-50.299415,-30.425669],[-49.712844,-29.324531],[-49.70812,-28.530264],[-50.577523,-28.386277],[-51.487642,-27.564126],[-52.139241,-27.283315],[-53.935418,-27.161148]]]},"properties":{"featurecla":"Admin-1 scale rank","scalerank":2,"adm1_code":"BRA-612","diss_me":612,"iso_3166_2":"BR-RS","wikipedia":null,"iso_a2":"BR","adm0_sr":1,"name":"Rio Grande do Sul","name_alt":null,"name_local":null,"type":"Estado","type_en":"State","code_local":null,"code_hasc":"BR.RS","note":null,"hasc_maybe":null,"region":null,"region_cod":null,"provnum_ne":12,"gadm_level":1,"check_me":20,"datarank":1,"abbrev":"Rio","postal":"RS","area_sqkm":0,"sameascity":-99,"labelrank":2,"name_len":17,"mapcolor9":5,"mapcolor13":7,"fips":"BR23","fips_alt":null,"woe_id":2344864,"woe_label":"Rio Grande do Sul, BR, Brazil","woe_name":"Rio Grande do Sul","latitude":-29.7277,"longitude":-53.656,"sov_a3":"BRA","adm0_a3":"BRA","adm0_label":2,"admin":"Brazil","geonunit":"Brazil","gu_a3":"BRA","gn_id":3451133,"gn_name":"Estado do Rio Grande do Sul","gns_id":-666687,"gns_name":"Rio Grande do Sul, Estado do","gn_level":1,"gn_region":null,"gn_a1_code":"BR.23","region_sub":null,"sub_code":null,"gns_level":1,"gns_lang":"kor","gns_adm1":"BR23","gns_region":null,"min_label":3.7,"max_label":8.5,"min_zoom":3,"wikidataid":"Q40030","name_ar":"ريو غراندي دو سول","name_bn":"রিও গ্রান্ডে দু সোল","name_de":"Rio Grande do Sul","name_en":"Rio Grande do Sul","name_es":"Río Grande del Sur","name_fr":"Rio Grande do Sul","name_el":"Ρίο Γκράντε ντο Σουλ","name_hi":"रियो ग्रांडे दो सुल","name_hu":"Río Grande del Sur","name_id":"Rio Grande do Sul","name_it":"Rio Grande do Sul","name_ja":"リオグランデ・ド・スル州","name_ko":"히우그란지두술","name_nl":"Rio Grande do Sul","name_pl":"Rio Grande do Sul","name_pt":"Rio Grande do Sul","name_ru":"Риу-Гранди-ду-Сул","name_sv":"Rio Grande do Sul","name_tr":"Rio Grande do Sul","name_vi":"Rio Grande do Sul","name_zh":"南里奥格兰德州","ne_id":1159307911,"name_he":"ריו גראנדה דו סול","name_uk":"Ріу-Гранді-ду-Сул","name_ur":"جنوبی ریو گرانڈی","name_fa":"ریو گرانده دو سول","name_zht":"南大河州","FCLASS_ISO":null,"FCLASS_US":null,"FCLASS_FR":null,"FCLASS_RU":null,"FCLASS_ES":null,"FCLASS_CN":null,"FCLASS_TW":null,"FCLASS_IN":null,"FCLASS_NP":null,"FCLASS_PK":null,"FCLASS_DE":null,"FCLASS_GB":null,"FCLASS_BR":null,"FCLASS_IL":null,"FCLASS_PS":null,"FCLASS_SA":null,"FCLASS_EG":null,"FCLASS_MA":null,"FCLASS_PT":null,"FCLASS_AR":null,"FCLASS_JP":null,"FCLASS_KO":null,"FCLASS_VN":null,"FCLASS_TR":null,"FCLASS_ID":null,"FCLASS_PL":null,"FCLASS_GR":null,"FCLASS_IT":null,"FCLASS_NL":null,"FCLASS_SE":null,"FCLASS_BD":null,"FCLASS_UA":null,"FCLASS_TLC":null}},
{"type":"Feature","geometry":{"type":"Polygon","coordinates":[[[-109.999432,48.993083],[-109.999531,51.401824],[-109.999712,54.497552],[-109.999872,57.24932],[-110.000025,60.001087],[-113.750027,60.001087],[-120,60.001087],[-120.000446,57.30725],[-120.001018,53.843788],[-118.803673,53.153397],[-117.587316,52.141731],[-116.674033,51.790685],[-115.997643,51.129539],[-114.789136,50.359145],[-114.716714,49.568503],[-114.062517,48.993083],[-109.999432,48.993083]]]},"properties":{"featurecla":"Admin-1 scale rank","scalerank":2,"adm1_code":"CAN-632","diss_me":632,"iso_3166_2":"CA-AB","wikipedia":"http://en.wikipedia.org/wiki/Alberta","iso_a2":"CA","adm0_sr":1,"name":"Alberta","name_alt":null,"name_local":null,"type":"Province","type_en":"Province","code_local":null,"code_hasc":"CA.AB","note":null,"hasc_maybe":null,"region":"Western Canada","region_cod":null,"provnum_ne":12,"gadm_level":1,"check_me":20,"datarank":2,"abbrev":"Alta.","postal":"AB","area_sqkm":0,"sameascity":-99,"labelrank":2,"name_len":7,"mapcolor9":2,"mapcolor13":2,"fips":"CA01","fips_alt":null,"woe_id":2344915,"woe_label":"Alberta, CA, Canada","woe_name":"Alberta","latitude":55.2816,"longitude":-115,"sov_a3":"CAN","adm0_a3":"CAN","adm0_label":2,"admin":"Canada","geonunit":"Canada","gu_a3":"CAN","gn_id":5883102,"gn_name":"Alberta","gns_id":-559990,"gns_name":"Alberta, Province d'","gn_level":1,"gn_region":null,"gn_a1_code":"CA.01","region_sub":"Prairies","sub_code":null,"gns_level":1,"gns_lang":"fra","gns_adm1":"CA01","gns_region":null,"min_label":3.5,"max_label":7.5,"min_zoom":2,"wikidataid":"Q1951","name_ar":"ألبرتا","name_bn":"অ্যালবার্টা","name_de":"Alberta","name_en":"Alberta","name_es":"Alberta","name_fr":"Alberta","name_el":"Αλμπέρτα","name_hi":"अल्बर्टा","name_hu":"Alberta","name_id":"Alberta","name_it":"Alberta","name_ja":"アルバータ州","name_ko":"앨버타","name_nl":"Alberta","name_pl":"Alberta","name_pt":"Alberta","name_ru":"Альберта","name_sv":"Alberta","name_tr":"Alberta","name_vi":"Alberta","name_zh":"阿尔伯塔省","ne_id":1159308775,"name_he":"אלברטה","name_uk":"Альберта","name_ur":"البرٹا","name_fa":"آلبرتا","name_zht":"亞伯達省","FCLASS_ISO":null,"FCLASS_US":null,"FCLASS_FR":null,"FCLASS_RU":null,"FCLASS_ES":null,"FCLASS_CN":null,"FCLASS_TW":null,"FCLASS_IN":null,"FCLASS_NP":null,"FCLASS_PK":null,"FCLASS_DE":null,"FCLASS_GB":null,"FCLASS_BR":null,"FCLASS_IL":null,"FCLASS_PS":null,"FCLASS_SA":null,"FCLASS_EG":null,"FCLASS_MA":null,"FCLASS_PT":null,"FCLASS_AR":null,"FCLASS_JP":null,"FCLASS_KO":null,"FCLASS_VN":null,"FCLASS_TR":null,"FCLASS_ID":null,"FCLASS_PL":null,"FCLASS_GR":null,"FCLASS_IT":null,"FCLASS_NL":null,"FCLASS_SE":null,"FCLASS_BD":null,"FCLASS_UA":null,"FCLASS_TLC":null}},
{"type":"Feature","geometry":{"type":"MultiPolygon","coordinates":[[[[-120,60.001087],[-123.819157,60.001087],[-128.577934,60.001087],[-132.384939,60.001087],[-139.056519,60.001582],[-137.593299,59.226254],[-136.578739,59.152251],[-135.475937,59.793281],[-133.820742,58.705052],[-131.866159,56.792838],[-130.025081,55.888212],[-129.890153,55.164642],[-130.430251,54.421021],[-130.335242,53.723906],[-129.563716,53.251483],[-128.108818,52.85804],[-128.357615,52.158881],[-127.708119,51.151193],[-126.404476,50.529883],[-125.056701,50.418625],[-124.782378,50.020096],[-123.086435,48.993028],[-123.049202,48.993028],[-122.788777,48.993028],[-117.039054,48.993083],[-116.048494,48.993083],[-114.062517,48.993083],[-114.716714,49.568503],[-114.789136,50.359145],[-115.997643,51.129539],[-116.674033,51.790685],[-117.587316,52.141731],[-118.803673,53.153397],[-120.001018,53.843788],[-120.000446,57.30725],[-120,60.001087]]],[[[-132.655516,54.127466],[-132.747526,53.31049],[-132.011316,53.265171],[-131.702551,53.986391],[-132.655516,54.127466]]],[[[-127.197321,50.640373],[-128.267439,50.60926],[-126.548551,49.418946],[-124.689384,48.597289],[-123.497032,48.582095],[-124.642851,49.428658],[-125.482075,50.31677],[-127.197321,50.640373]]]]},"properties":{"featurecla":"Admin-1 scale rank","scalerank":2,"adm1_code":"CAN-633","diss_me":633,"iso_3166_2":"CA-BC","wikipedia":"http://en.wikipedia.org/wiki/British_Columbia","iso_a2":"CA","adm0_sr":3,"name":"British Columbia","name_alt":"Colombie britannique|New Caledonia","name_local":null,"type":"Province","type_en":"Province","code_local":null,"code_hasc":"CA.BC","note":null,"hasc_maybe":null,"region":"Western Canada","region_cod":null,"provnum_ne":2,"gadm_level":1,"check_me":20,"datarank":2,"abbrev":"B.C.","postal":"BC","area_sqkm":0,"sameascity":-99,"labelrank":2,"name_len":16,"mapcolor9":2,"mapcolor13":2,"fips":"CA02","fips_alt":null,"woe_id":2344916,"woe_label":"British Columbia, CA, Canada","woe_name":"British Columbia","latitude":54.6943,"longitude":-124.662,"sov_a3":"CAN","adm0_a3":"CAN","adm0_label":2,"admin":"Canada","geonunit":"Canada","gu_a3":"CAN","gn_id":5909050,"gn_name":"British Columbia","gns_id":-561661,"gns_name":"British Columbia, Province of","gn_level":1,"gn_region":null,"gn_a1_code":"CA.02","region_sub":"British Columbia","sub_code":null,"gns_level":1,"gns_lang":"eng","gns_adm1":"CA02","gns_region":null,"min_label":3.5,"max_label":7.5,"min_zoom":2,"wikidataid":"Q1974","name_ar":"كولومبيا البريطانية","name_bn":"ব্রিটিশ কলাম্বিয়া","name_de":"British Columbia","name_en":"British Columbia","name_es":"Columbia Británica","name_fr":"Colombie-Britannique","name_el":"Βρετανική Κολομβία","name_hi":"ब्रिटिश कोलम्बिया","name_hu":"Brit Columbia","name_id":"British Columbia","name_it":"Columbia Britannica","name_ja":"ブリティッシュコロンビア州","name_ko":"브리티시컬럼비아","name_nl":"Brits-Columbia","name_pl":"Kolumbia Brytyjska","name_pt":"Colúmbia Britânica","name_ru":"Британская Колумбия","name_sv":"British Columbia","name_tr":"Britanya Kolumbiyası","name_vi":"British Columbia","name_zh":"不列颠哥伦比亚","ne_id":1159307717,"name_he":"קולומביה הבריטית","name_uk":"Британська Колумбія","name_ur":"برٹش کولمبیا","name_fa":"بریتیش کلمبیا","name_zht":"不列顛哥倫比亞省","FCLASS_ISO":null,"FCLASS_US":null,"FCLASS_FR":null,"FCLASS_RU":null,"FCLASS_ES":null,"FCLASS_CN":null,"FCLASS_TW":null,"FCLASS_IN":null,"FCLASS_NP":null,"FCLASS_PK":null,"FCLASS_DE":null,"FCLASS_GB":null,"FCLASS_BR":null,"FCLASS_IL":null,"FCLASS_PS":null,"FCLASS_SA":null,"FCLASS_EG":null,"FCLASS_MA":null,"FCLASS_PT":null,"FCLASS_AR":null,"FCLASS_JP":null,"FCLASS_KO":null,"FCLASS_VN":null,"FCLASS_TR":null,"FCLASS_ID":null,"FCLASS_PL":null,"FCLASS_GR":null,"FCLASS_IT":null,"FCLASS_NL":null,"FCLASS_SE":null,"FCLASS_BD":null,"FCLASS_UA":null,"FCLASS_TLC":null}},
{"type":"Feature","geometry":{"type":"Polygon","coordinates":[[[-88.948495,56.851307],[-90.592193,57.224469],[-92.249041,57.008972],[-93.278125,58.756413],[-94.713384,58.903333],[-94.771886,60.001768],[-97.50239,60.001087],[-102.001649,60.001087],[-102.001341,57.647849],[-101.881711,54.538113],[-101.603174,51.552875],[-101.367271,48.993138],[-97.225738,48.993182],[-95.162044,48.991764],[-95.155298,49.369672],[-95.153826,52.822357],[-93.620223,53.747933],[-88.948495,56.851307]]]},"properties":{"featurecla":"Admin-1 scale rank","scalerank":2,"adm1_code":"CAN-630","diss_me":630,"iso_3166_2":"CA-MB","wikipedia":"http://en.wikipedia.org/wiki/Manitoba","iso_a2":"CA","adm0_sr":1,"name":"Manitoba","name_alt":null,"name_local":null,"type":"Province","type_en":"Province","code_local":null,"code_hasc":"CA.MB","note":null,"hasc_maybe":null,"region":"Western Canada","region_cod":null,"provnum_ne":11,"gadm_level":1,"check_me":20,"datarank":2,"abbrev":"Man.","postal":"MB","area_sqkm":0,"sameascity":-99,"labelrank":2,"name_len":8,"mapcolor9":2,"mapcolor13":2,"fips":"CA03","fips_alt":null,"woe_id":2344917,"woe_label":"Manitoba, CA, Canada","woe_name":"Manitoba","latitude":54.85,"longitude":-97.3828,"sov_a3":"CAN","adm0_a3":"CAN","adm0_label":2,"admin":"Canada","geonunit":"Canada","gu_a3":"CAN","gn_id":6065171,"gn_name":"Manitoba","gns_id":-568643,"gns_name":"Manitoba, Province de","gn_level":1,"gn_region":null,"gn_a1_code":"CA.03","region_sub":"Prairies","sub_code":null,"gns_level":1,"gns_lang":"fra","gns_adm1":"CA03","gns_region":null,"min_label":3.5,"max_label":7.5,"min_zoom":2,"wikidataid":"Q1948","name_ar":"مانيتوبا","name_bn":"ম্যানিটোবা","name_de":"Manitoba","name_en":"Manitoba","name_es":"Manitoba","name_fr":"Manitoba","name_el":"Μανιτόμπα","name_hi":"मानिटोबा","name_hu":"Manitoba","name_id":"Manitoba","name_it":"Manitoba","name_ja":"マニトバ州","name_ko":"매니토바","name_nl":"Manitoba","name_pl":"Manitoba","name_pt":"Manitoba","name_ru":"Манитоба","name_sv":"Manitoba","name_tr":"Manitoba","name_vi":"Manitoba","name_zh":"曼尼托巴","ne_id":1159308777,"name_he":"מניטובה","name_uk":"Манітоба","name_ur":"مانیٹوبا","name_fa":"مانیتوبا","name_zht":"曼尼托巴省","FCLASS_ISO":null,"FCLASS_US":null,"FCLASS_FR":null,"FCLASS_RU":null,"FCLASS_ES":null,"FCLASS_CN":null,"FCLASS_TW":null,"FCLASS_IN":null,"FCLASS_NP":null,"FCLASS_PK":null,"FCLASS_DE":null,"FCLASS_GB":null,"FCLASS_BR":null,"FCLASS_IL":null,"FCLASS_PS":null,"FCLASS_SA":null,"FCLASS_EG":null,"FCLASS_MA":null,"FCLASS_PT":null,"FCLASS_AR":null,"FCLASS_JP":null,"FCLASS_KO":null,"FCLASS_VN":null,"FCLASS_TR":null,"FCLASS_ID":null,"FCLASS_PL":null,"FCLASS_GR":null,"FCLASS_IT":null,"FCLASS_NL":null,"FCLASS_SE":null,"FCLASS_BD":null,"FCLASS_UA":null,"FCLASS_TLC":null}},
{"type":"Feature","geometry":{"type":"Polygon","coordinates":[[[-64.030942,46.012668],[-65.318902,47.101204],[-64.703228,47.724843],[-66.704377,48.022441],[-68.377913,47.929375],[-69.05366,47.294585],[-67.806789,47.082813],[-67.78464,45.70171],[-67.124835,45.169445],[-65.884478,45.222904],[-64.314653,45.835678],[-64.030942,46.012668]]]},"properties":{"featurecla":"Admin-1 scale rank","scalerank":2,"adm1_code":"CAN-684","diss_me":684,"iso_3166_2":"CA-NB","wikipedia":"http://en.wikipedia.org/wiki/New_Brunswick","iso_a2":"CA","adm0_sr":5,"name":"New Brunswick","name_alt":"Nouveau-Brunswick|Acadia","name_local":null,"type":"Province","type_en":"Province","code_local":null,"code_hasc":"CA.NB","note":null,"hasc_maybe":null,"region":"Eastern Canada","region_cod":null,"provnum_ne":10,"gadm_level":1,"check_me":20,"datarank":2,"abbrev":"N.B.","postal":"NB","area_sqkm":0,"sameascity":-99,"labelrank":2,"name_len":13,"mapcolor9":2,"mapcolor13":2,"fips":"CA04","fips_alt":null,"woe_id":2344918,"woe_label":"New Brunswick, CA, Canada","woe_name":"New Brunswick","latitude":46.5822,"longitude":-66.4558,"sov_a3":"CAN","adm0_a3":"CAN","adm0_label":2,"admin":"Canada","geonunit":"Canada","gu_a3":"CAN","gn_id":6087430,"gn_name":"New Brunswick","gns_id":-570089,"gns_name":"New Brunswick, Province of","gn_level":1,"gn_region":null,"gn_a1_code":"CA.04","region_sub":"Atlantic Canada","sub_code":null,"gns_level":1,"gns_lang":"eng","gns_adm1":"CA04","gns_region":null,"min_label":3.5,"max_label":7.5,"min_zoom":2,"wikidataid":"Q1965","name_ar":"نيو برونزويك","name_bn":"নিউ ব্রান্সউইক","name_de":"New Brunswick","name_en":"New Brunswick","name_es":"Nuevo Brunswick","name_fr":"Nouveau-Brunswick","name_el":"Νιου Μπράνσγουικ","name_hi":"न्यू ब्रंसविक","name_hu":"Új-Brunswick","name_id":"New Brunswick","name_it":"Nuovo Brunswick","name_ja":"ニュー・ブランズウィック州","name_ko":"뉴브런즈윅","name_nl":"New Brunswick","name_pl":"Nowy Brunszwik","name_pt":"Novo Brunswick","name_ru":"Нью-Брансуик","name_sv":"New Brunswick","name_tr":"New Brunswick","name_vi":"New Brunswick","name_zh":"新不伦瑞克","ne_id":1159308785,"name_he":"ניו ברנזוויק","name_uk":"Нью-Брансвік","name_ur":"نیو برنزویک","name_fa":"نیوبرانزویک","name_zht":"新不倫瑞克","FCLASS_ISO":null,"FCLASS_US":null,"FCLASS_FR":null,"FCLASS_RU":null,"FCLASS_ES":null,"FCLASS_CN":null,"FCLASS_TW":null,"FCLASS_IN":null,"FCLASS_NP":null,"FCLASS_PK":null,"FCLASS_DE":null,"FCLASS_GB":null,"FCLASS_BR":null,"FCLASS_IL":null,"FCLASS_PS":null,"FCLASS_SA":null,"FCLASS_EG":null,"FCLASS_MA":null,"FCLASS_PT":null,"FCLASS_AR":null,"FCLASS_JP":null,"FCLASS_KO":null,"FCLASS_VN":null,"FCLASS_TR":null,"FCLASS_ID":null,"FCLASS_PL":null,"FCLASS_GR":null,"FCLASS_IT":null,"FCLASS_NL":null,"FCLASS_SE":null,"FCLASS_BD":null,"FCLASS_UA":null,"FCLASS_TLC":null}},
{"type":"Feature","geometry":{"type":"MultiPolygon","coordinates":[[[[-57.100128,51.443342],[-56.017503,51.929289],[-55.79793,53.211943],[-57.148963,53.847722],[-57.40445,54.570413],[-58.997116,55.149448],[-59.930316,55.259421],[-61.514589,56.390332],[-61.333743,57.010576],[-62.593853,58.473999],[-64.614272,60.30598],[-64.818024,59.540244],[-63.848008,58.459738],[-63.743726,57.580876],[-64.136103,56.394572],[-63.161385,55.307475],[-63.751241,54.612172],[-66.650785,54.798566],[-67.620131,54.506539],[-67.757252,54.033654],[-66.937902,53.328837],[-66.035782,52.109245],[-65.137133,52.154695],[-64.290516,51.728777],[-63.606573,52.000832],[-59.134038,52.001008],[-57.101029,52.001117],[-57.100128,51.443342]]],[[[-55.458727,51.53655],[-56.750225,51.27491],[-58.716459,48.598069],[-59.362422,47.865688],[-56.952483,47.574462],[-56.221266,47.671405],[-54.856643,47.385014],[-54.173744,46.88039],[-53.069783,46.68123],[-52.653654,47.549402],[-53.531198,48.231884],[-53.957731,49.441841],[-55.026173,49.305358],[-56.693997,50.059679],[-55.458727,51.53655]]]]},"properties":{"featurecla":"Admin-1 scale rank","scalerank":2,"adm1_code":"CAN-686","diss_me":686,"iso_3166_2":"CA-NL","wikipedia":"http://en.wikipedia.org/wiki/Newfoundland_and_Labrador","iso_a2":"CA","adm0_sr":6,"name":"Newfoundland and Labrador","name_alt":"Newfoundland|Terre-Neuve|Terre-Neuve-et-Labrador","name_local":null,"type":"Province","type_en":"Province","code_local":null,"code_hasc":"CA.NF","note":null,"hasc_maybe":null,"region":"Eastern Canada","region_cod":null,"provnum_ne":6,"gadm_level":1,"check_me":20,"datarank":2,"abbrev":"N.L.","postal":"NL","area_sqkm":0,"sameascity":-99,"labelrank":2,"name_len":25,"mapcolor9":2,"mapcolor13":2,"fips":"CA05","fips_alt":null,"woe_id":2344919,"woe_label":"Newfoundland and Labrador, CA, Canada","woe_name":"Newfoundland and Labrador","latitude":48.6598,"longitude":-56.2169,"sov_a3":"CAN","adm0_a3":"CAN","adm0_label":2,"admin":"Canada","geonunit":"Canada","gu_a3":"CAN","gn_id":6354959,"gn_name":"Newfoundland and Labrador","gns_id":-570103,"gns_name":"Newfoundland and Labrador, Province of","gn_level":1,"gn_region":null,"gn_a1_code":"CA.05","region_sub":"Atlantic Canada","sub_code":null,"gns_level":1,"gns_lang":"eng","gns_adm1":"CA05","gns_region":null,"min_label":3.5,"max_label":7.5,"min_zoom":2,"wikidataid":"Q2003","name_ar":"نيوفندلاند ولابرادور","name_bn":"নিউফাউন্ডল্যান্ড ও লাব্রাডর","name_de":"Neufundland und Labrador","name_en":"Newfoundland and Labrador","name_es":"Terranova y Labrador","name_fr":"Terre-Neuve-et-Labrador","name_el":"Νέα Γη και Λαμπραντόρ","name_hi":"न्यूफाउंडलैंड और लैब्राडोर","name_hu":"Új-Fundland és Labrador","name_id":"Newfoundland dan Labrador","name_it":"Terranova e Labrador","name_ja":"ニューファンドランド・ラブラドール州","name_ko":"뉴펀들랜드래브라도","name_nl":"Newfoundland en Labrador","name_pl":"Nowa Fundlandia i Labrador","name_pt":"Terra Nova e Labrador","name_ru":"Ньюфаундленд и Лабрадор","name_sv":"Newfoundland och Labrador","name_tr":"Newfoundland ve Labrador","name_vi":"Newfoundland và Labrador","name_zh":"纽芬兰-拉布拉多","ne_id":1159308713,"name_he":"ניופאונדלנד ולברדור","name_uk":"Ньюфаундленд і Лабрадор","name_ur":"نیو فاؤنڈ لینڈ اور لیبراڈور","name_fa":"نیوفاندلند و لابرادور","name_zht":"紐芬蘭-拉布拉多","FCLASS_ISO":null,"FCLASS_US":null,"FCLASS_FR":null,"FCLASS_RU":null,"FCLASS_ES":null,"FCLASS_CN":null,"FCLASS_TW":null,"FCLASS_IN":null,"FCLASS_NP":null,"FCLASS_PK":null,"FCLASS_DE":null,"FCLASS_GB":null,"FCLASS_BR":null,"FCLASS_IL":null,"FCLASS_PS":null,"FCLASS_SA":null,"FCLASS_EG":null,"FCLASS_MA":null,"FCLASS_PT":null,"FCLASS_AR":null,"FCLASS_JP":null,"FCLASS_KO":null,"FCLASS_VN":null,"FCLASS_TR":null,"FCLASS_ID":null,"FCLASS_PL":null,"FCLASS_GR":null,"FCLASS_IT":null,"FCLASS_NL":null,"FCLASS_SE":null,"FCLASS_BD":null,"FCLASS_UA":null,"FCLASS_TLC":null}},
{"type":"Feature","geometry":{"type":"Polygon","coordinates":[[[-64.314653,45.835678],[-64.902938,45.120808],[-66.099579,44.367498],[-65.738151,43.560728],[-64.862343,43.867862],[-64.286066,44.550332],[-63.761139,44.486403],[-61.283799,45.235484],[-61.955514,45.868153],[-62.483056,45.621818],[-64.030942,46.012668],[-64.314653,45.835678]]]},"properties":{"featurecla":"Admin-1 scale rank","scalerank":2,"adm1_code":"CAN-685","diss_me":685,"iso_3166_2":"CA-NS","wikipedia":"http://en.wikipedia.org/wiki/Nova_Scotia","iso_a2":"CA","adm0_sr":1,"name":"Nova Scotia","name_alt":"Acadia|Nouvelle-Écosse","name_local":null,"type":"Province","type_en":"Province","code_local":null,"code_hasc":"CA.NS","note":null,"hasc_maybe":null,"region":"Eastern Canada","region_cod":null,"provnum_ne":3,"gadm_level":1,"check_me":20,"datarank":2,"abbrev":"N.S.","postal":"NS","area_sqkm":0,"sameascity":-99,"labelrank":2,"name_len":11,"mapcolor9":2,"mapcolor13":2,"fips":"CA07","fips_alt":null,"woe_id":2344921,"woe_label":"Nova Scotia, CA, Canada","woe_name":"Nova Scotia","latitude":45.2293,"longitude":-62.8113,"sov_a3":"CAN","adm0_a3":"CAN","adm0_label":2,"admin":"Canada","geonunit":"Canada","gu_a3":"CAN","gn_id":6091530,"gn_name":"Nova Scotia","gns_id":-570447,"gns_name":"Nouvelle-Ecosse, Province de","gn_level":1,"gn_region":null,"gn_a1_code":"CA.07","region_sub":"Atlantic Canada","sub_code":null,"gns_level":1,"gns_lang":"fra","gns_adm1":"CA07","gns_region":null,"min_label":3.5,"max_label":7.5,"min_zoom":2,"wikidataid":"Q1952","name_ar":"نوفا سكوشا","name_bn":"নোভা স্কোশিয়া","name_de":"Nova Scotia","name_en":"Nova Scotia","name_es":"Nueva Escocia","name_fr":"Nouvelle-Écosse","name_el":"Νέα Σκωτία","name_hi":"नोवा स्कॉटिया","name_hu":"Új-Skócia","name_id":"Nova Scotia","name_it":"Nuova Scozia","name_ja":"ノバスコシア州","name_ko":"노바스코샤","name_nl":"Nova Scotia","name_pl":"Nowa Szkocja","name_pt":"Nova Escócia","name_ru":"Новая Шотландия","name_sv":"Nova Scotia","name_tr":"Yeni İskoçya","name_vi":"Nova Scotia","name_zh":"新斯科舍","ne_id":1159309585,"name_he":"נובה סקוטיה","name_uk":"Нова Шотландія","name_ur":"نووا سکوشیا","name_fa":"نوا اسکوشیا","name_zht":"新斯科舍","FCLASS_ISO":null,"FCLASS_US":null,"FCLASS_FR":null,"FCLASS_RU":null,"FCLASS_ES":null,"FCLASS_CN":null,"FCLASS_TW":null,"FCLASS_IN":null,"FCLASS_NP":null,"FCLASS_PK":null,"FCLASS_DE":null,"FCLASS_GB":null,"FCLASS_BR":null,"FCLASS_IL":null,"FCLASS_PS":null,"FCLASS_SA":null,"FCLASS_EG":null,"FCLASS_MA":null,"FCLASS_PT":null,"FCLASS_AR":null,"FCLASS_JP":null,"FCLASS_KO":null,"FCLASS_VN":null,"FCLASS_TR":null,"FCLASS_ID":null,"FCLASS_PL":null,"FCLASS_GR":null,"FCLASS_IT":null,"FCLASS_NL":null,"FCLASS_SE":null,"FCLASS_BD":null,"FCLASS_UA":null,"FCLASS_TLC":null}},
{"type":"Feature","geometry":{"type":"MultiPolygon","coordinates":[[[[-110.000025,60.001087],[-107.00062,60.001087],[-102.001649,60.001087],[-101.999144,64.228429],[-108.97293,64.779195],[-110.669466,65.497141],[-112.503903,65.502337],[-117.357251,66.987019],[-120.677951,68.002848],[-120.681851,69.566938],[-124.767909,69.990022],[-126.063823,69.467073],[-127.138462,70.239335],[-128.971448,69.712386],[-130.498438,70.143182],[-133.163134,69.433905],[-135.140843,69.467798],[-136.443756,68.895124],[-136.126053,67.004696],[-134.055581,67.004487],[-133.588947,65.962588],[-132.194689,65.597655],[-132.553689,64.780228],[-131.106718,64.400903],[-129.844938,63.485786],[-129.28714,62.441151],[-127.072522,61.369643],[-126.889665,60.795619],[-124.599444,60.662135],[-123.819157,60.001087],[-120,60.001087],[-113.750027,60.001087],[-110.000025,60.001087]]],[[[-115.551285,77.363288],[-119.090191,77.305104],[-121.613761,76.441436],[-119.367903,76.221753],[-116.220446,76.611087],[-115.551285,77.363288]]],[[[-110.002404,75.539063],[-112.697614,76.201703],[-115.58069,76.437503],[-117.600104,75.271688],[-112.519355,74.416853],[-110.002816,74.850989],[-110.002404,75.539063]]],[[[-119.736302,74.112631],[-121.315224,74.530001],[-124.696261,74.348178],[-123.797272,73.768154],[-125.762578,72.137509],[-123.210613,71.12346],[-120.619323,71.505762],[-120.179892,72.212644],[-115.446849,73.43885],[-117.965866,74.266066],[-119.736302,74.112631]]],[[[-110.001833,72.981852],[-111.269743,72.713731],[-114.638217,73.37268],[-118.374525,72.533862],[-118.868399,71.686784],[-117.814068,71.158451],[-116.856038,69.649677],[-117.055358,70.002184],[-110.000025,70.001151],[-110.001833,72.981852]]]]},"properties":{"featurecla":"Admin-1 scale rank","scalerank":2,"adm1_code":"CAN-635","diss_me":635,"iso_3166_2":"CA-NT","wikipedia":"http://en.wikipedia.org/wiki/Northwest_Territories","iso_a2":"CA","adm0_sr":6,"name":"Northwest Territories","name_alt":"Territoires du Nord-Ouest","name_local":null,"type":"Territoire","type_en":"Territory","code_local":null,"code_hasc":"CA.NT","note":null,"hasc_maybe":null,"region":"Northern Canada","region_cod":"Northern Canada","provnum_ne":5,"gadm_level":1,"check_me":20,"datarank":2,"abbrev":"N.W.T.","postal":"NT","area_sqkm":0,"sameascity":-99,"labelrank":2,"name_len":21,"mapcolor9":2,"mapcolor13":2,"fips":"CA13","fips_alt":null,"woe_id":2344920,"woe_label":"Northwest Territories, CA, Canada","woe_name":"Northwest Territories","latitude":64.0831,"longitude":-119.942,"sov_a3":"CAN","adm0_a3":"CAN","adm0_label":2,"admin":"Canada","geonunit":"Canada","gu_a3":"CAN","gn_id":6091069,"gn_name":"Northwest Territories","gns_id":-570392,"gns_name":"Nord-Ouest, Territoires du","gn_level":1,"gn_region":null,"gn_a1_code":"CA.13","region_sub":null,"sub_code":null,"gns_level":1,"gns_lang":"fra","gns_adm1":"CA13","gns_region":null,"min_label":3.5,"max_label":7.5,"min_zoom":2,"wikidataid":"Q2007","name_ar":"الأقاليم الشمالية الغربية","name_bn":"উত্তরপশ্চিম অধীনস্থ অঞ্চলসমূহ","name_de":"Nordwest-Territorien","name_en":"Northwest Territories","name_es":"Territorios del Noroeste","name_fr":"Territoires du Nord-Ouest","name_el":"Βορειοδυτικά Εδάφη","name_hi":"नॉर्थवेस्ट टेरीटरीज़","name_hu":"Északnyugati területek","name_id":"Wilayah Barat Laut","name_it":"Territori del Nord-Ovest","name_ja":"ノースウエスト準州","name_ko":"노스웨스트 준","name_nl":"Northwest Territories","name_pl":"Terytoria Północno-Zachodnie","name_pt":"Territórios do Noroeste","name_ru":"Северо-Западные территории","name_sv":"Northwest Territories","name_tr":"Kuzeybatı Toprakları","name_vi":"Các Lãnh thổ Tây Bắc","name_zh":"西北地区","ne_id":1159308771,"name_he":"הטריטוריות הצפון-מערביות","name_uk":"Північно-Західні території","name_ur":"شمال مغربی علاقہ جات، کینیڈا","name_fa":"نواحی شمال غرب","name_zht":"西北地區","FCLASS_ISO":null,"FCLASS_US":null,"FCLASS_FR":null,"FCLASS_RU":null,"FCLASS_ES":null,"FCLASS_CN":null,"FCLASS_TW":null,"FCLASS_IN":null,"FCLASS_NP":null,"FCLASS_PK":null,"FCLASS_DE":null,"FCLASS_GB":null,"FCLASS_BR":null,"FCLASS_IL":null,"FCLASS_PS":null,"FCLASS_SA":null,"FCLASS_EG":null,"FCLASS_MA":null,"FCLASS_PT":null,"FCLASS_AR":null,"FCLASS_JP":null,"FCLASS_KO":null,"FCLASS_VN":null,"FCLASS_TR":null,"FCLASS_ID":null,"FCLASS_PL":null,"FCLASS_GR":null,"FCLASS_IT":null,"FCLASS_NL":null,"FCLASS_SE":null,"FCLASS_BD":null,"FCLASS_UA":null,"FCLASS_TLC":null}},
{"type":"Feature","geometry":{"type":"MultiPolygon","coordinates":[[[[-94.771886,60.001768],[-94.060763,61.31781],[-92.361283,62.819366],[-90.871212,62.945929],[-91.330078,63.506825],[-88.105624,64.183319],[-87.29146,65.354824],[-85.442219,66.537338],[-84.4784,66.179315],[-82.641519,66.587512],[-81.270128,67.459914],[-82.552683,68.446465],[-81.328674,69.119938],[-82.618359,69.69104],[-85.507357,69.845244],[-85.386771,69.231899],[-86.536414,67.516164],[-88.19591,67.76584],[-88.041332,68.811716],[-89.056732,69.266111],[-90.822126,69.2905],[-92.750924,69.713936],[-91.564076,70.178251],[-92.948689,71.262107],[-95.201238,71.903731],[-96.405658,71.273632],[-96.11909,69.871864],[-94.270778,69.455142],[-93.651693,68.543101],[-95.650485,67.73744],[-97.265893,68.452925],[-98.417139,67.826451],[-101.554983,67.693176],[-104.193531,68.031193],[-106.164473,68.919877],[-108.313487,68.610776],[-108.592902,67.590882],[-110.042504,67.977195],[-112.435145,67.684761],[-115.133223,67.819167],[-114.413887,68.659578],[-118.095192,69.042913],[-120.681851,69.566938],[-120.677951,68.002848],[-117.357251,66.987019],[-112.503903,65.502337],[-110.669466,65.497141],[-108.97293,64.779195],[-101.999144,64.228429],[-102.001649,60.001087],[-97.50239,60.001087],[-94.771886,60.001768]]],[[[-110.002816,74.850989],[-107.153429,74.927157],[-105.480893,75.745661],[-107.755172,75.940272],[-110.003409,76.479668],[-110.002635,76.244231],[-110.002404,75.539063],[-110.002816,74.850989]]],[[[-116.856038,69.649677],[-113.69414,69.195029],[-113.127712,68.494167],[-108.945876,68.759839],[-106.140852,69.162037],[-103.468203,68.808563],[-101.857112,69.02395],[-102.182132,69.845947],[-104.569582,71.104036],[-104.34957,71.433988],[-105.415134,72.788328],[-106.482126,73.196206],[-110.001833,72.981852],[-110.000025,70.001151],[-117.055358,70.002184],[-116.856038,69.649677]]],[[[-84.919622,65.261078],[-85.961675,65.704255],[-86.374255,64.56583],[-85.495503,63.13909],[-84.632911,63.309214],[-83.494332,64.09924],[-81.716096,64.021886],[-82.050026,64.644294],[-84.919622,65.261078]]],[[[-69.488884,83.016797],[-79.886334,82.938509],[-82.122524,82.601778],[-90.490185,81.877229],[-88.921447,80.805634],[-85.307395,80.525988],[-86.420739,79.845209],[-84.316143,78.975279],[-86.80793,78.774361],[-88.094671,77.719179],[-86.87376,77.200305],[-89.57008,76.491918],[-85.14126,76.304568],[-78.284308,76.571217],[-78.012594,77.946046],[-75.865953,78.009811],[-74.433127,78.724131],[-75.259486,79.421049],[-71.387838,79.761746],[-70.143493,80.397679],[-65.48396,81.284781],[-61.392476,82.441894],[-69.488884,83.016797]]],[[[-91.885547,81.132873],[-95.269759,81.000795],[-96.77326,80.135776],[-95.732987,79.418203],[-92.678266,78.389114],[-88.791017,78.192437],[-87.016461,78.898704],[-85.28985,79.208343],[-87.144232,79.662627],[-87.675004,80.372102],[-90.643015,80.593686],[-91.885547,81.132873]]],[[[-103.42601,79.315624],[-102.731322,78.371031],[-99.60942,78.583034],[-103.42601,79.315624]]],[[[-94.294964,76.912464],[-92.185117,75.846537],[-91.961584,74.793212],[-88.423041,74.494164],[-81.808821,74.476619],[-79.507954,74.880136],[-79.660191,75.449502],[-82.15366,75.831035],[-86.068748,75.502269],[-88.201304,75.512036],[-91.305041,76.680751],[-94.294964,76.912464]]],[[[-97.700929,76.466496],[-100.387949,76.61357],[-102.541385,75.513629],[-100.234393,75.00772],[-97.799351,75.11666],[-97.700929,76.466496]]],[[[-93.170871,74.161004],[-95.632918,73.695447],[-95.192943,72.027437],[-94.03756,72.028755],[-92.117941,72.753798],[-90.354613,73.868646],[-93.170871,74.161004]]],[[[-100.001901,73.945902],[-101.450855,73.430973],[-100.594476,72.15234],[-98.662887,71.302108],[-96.613426,71.833857],[-97.795884,73.285294],[-97.581843,73.887532],[-100.001901,73.945902]]],[[[-86.589357,71.010806],[-86.03614,71.770972],[-86.629336,72.870802],[-84.974498,73.694777],[-87.719751,73.722891],[-89.263231,73.068974],[-90.025177,71.948785],[-88.848421,70.522881],[-87.900707,70.251892],[-82.138707,69.841212],[-81.098302,70.091173],[-78.889654,69.977509],[-74.917284,68.982872],[-73.328232,68.266739],[-72.22003,67.254294],[-74.433951,66.139017],[-73.560725,65.542921],[-75.828336,65.227031],[-77.326695,65.453108],[-78.095617,64.939244],[-77.791164,64.367076],[-76.72381,64.242019],[-74.512448,64.670156],[-73.443621,64.423513],[-71.253739,63.04251],[-69.082346,62.405182],[-66.256695,61.868269],[-65.978862,63.000707],[-64.514351,63.263972],[-65.274825,64.631528],[-66.860646,65.091581],[-68.256811,65.938616],[-66.476971,66.27973],[-65.305389,66.008423],[-64.665325,65.168946],[-63.40181,65.118453],[-61.299718,66.64875],[-64.007947,67.347338],[-64.527524,67.812707],[-66.225175,67.958716],[-68.03793,68.550747],[-68.513023,69.577299],[-67.363688,70.034429],[-69.168687,70.764152],[-70.560963,70.738268],[-71.640688,71.516254],[-73.713556,71.719863],[-75.294257,72.480842],[-80.274712,72.745558],[-81.406139,73.634528],[-85.0184,73.335502],[-85.911599,71.986513],[-84.789598,71.09328],[-86.589357,71.010806]]],[[[-79.537287,73.654468],[-80.82416,73.380689],[-79.500516,72.755973],[-76.28952,73.080993],[-77.206549,73.49955],[-79.537287,73.654468]]],[[[-97.439471,69.6427],[-99.564046,69.034134],[-97.472029,68.543727],[-95.685625,68.735856],[-97.439471,69.6427]]],[[[-75.675868,68.322495],[-76.740245,68.231232],[-77.004906,67.266951],[-75.127298,67.537324],[-75.675868,68.322495]]]]},"properties":{"featurecla":"Admin-1 scale rank","scalerank":2,"adm1_code":"CAN-634","diss_me":634,"iso_3166_2":"CA-NU","wikipedia":"http://en.wikipedia.org/wiki/Nunavut","iso_a2":"CA","adm0_sr":5,"name":"Nunavut","name_alt":null,"name_local":null,"type":"Territoire","type_en":"Territory","code_local":null,"code_hasc":"CA.NU","note":null,"hasc_maybe":null,"region":"Northern Canada","region_cod":"Northern Canada","provnum_ne":1,"gadm_level":1,"check_me":20,"datarank":2,"abbrev":"Nun.","postal":"NU","area_sqkm":0,"sameascity":-99,"labelrank":2,"name_len":7,"mapcolor9":2,"mapcolor13":2,"fips":"CA14","fips_alt":"CA14","woe_id":20069920,"woe_label":"Nunavut, CA, Canada","woe_name":"Nunavut","latitude":64.3853,"longitude":-97.1443,"sov_a3":"CAN","adm0_a3":"CAN","adm0_label":2,"admin":"Canada","geonunit":"Canada","gu_a3":"CAN","gn_id":6091732,"gn_name":"Nunavut","gns_id":448560,"gns_name":"Nunavut","gn_level":1,"gn_region":null,"gn_a1_code":"CA.14","region_sub":null,"sub_code":null,"gns_level":1,"gns_lang":"iku","gns_adm1":"CA14","gns_region":null,"min_label":3.5,"max_label":7.5,"min_zoom":2,"wikidataid":"Q2023","name_ar":"نونافوت","name_bn":"নুনাভুট","name_de":"Nunavut","name_en":"Nunavut","name_es":"Nunavut","name_fr":"Nunavut","name_el":"Νούναβουτ","name_hi":"नुनावुत","name_hu":"Nunavut","name_id":"Nunavut","name_it":"Nunavut","name_ja":"ヌナブト準州","name_ko":"누나부트 준","name_nl":"Nunavut","name_pl":"Nunavut","name_pt":"Nunavut","name_ru":"Нунавут","name_sv":"Nunavut","name_tr":"Nunavut","name_vi":"Nunavut","name_zh":"努纳武特","ne_id":1159307715,"name_he":"נונאווט","name_uk":"Нунавут","name_ur":"نناوت","name_fa":"نوناووت","name_zht":"努納福特","FCLASS_ISO":null,"FCLASS_US":null,"FCLASS_FR":null,"FCLASS_RU":null,"FCLASS_ES":null,"FCLASS_CN":null,"FCLASS_TW":null,"FCLASS_IN":null,"FCLASS_NP":null,"FCLASS_PK":null,"FCLASS_DE":null,"FCLASS_GB":null,"FCLASS_BR":null,"FCLASS_IL":null,"FCLASS_PS":null,"FCLASS_SA":null,"FCLASS_EG":null,"FCLASS_MA":null,"FCLASS_PT":null,"FCLASS_AR":null,"FCLASS_JP":null,"FCLASS_KO":null,"FCLASS_VN":null,"FCLASS_TR":null,"FCLASS_ID":null,"FCLASS_PL":null,"FCLASS_GR":null,"FCLASS_IT":null,"FCLASS_NL":null,"FCLASS_SE":null,"FCLASS_BD":null,"FCLASS_UA":null,"FCLASS_TLC":null}},
{"type":"Feature","geometry":{"type":"Polygon","coordinates":[[[-95.155298,49.369672],[-94.620885,48.742605],[-92.996254,48.611813],[-91.518307,48.058311],[-90.840319,48.200518],[-89.498383,47.997897],[-88.378195,48.303097],[-84.875973,46.899901],[-84.561753,46.457372],[-82.551079,45.347357],[-82.13785,43.570879],[-82.545322,42.624682],[-83.121665,41.95],[-82.439073,41.67487],[-80.520762,42.324392],[-79.762024,42.538977],[-79.036695,42.80232],[-78.720432,43.624932],[-76.819962,43.628788],[-75.179384,44.899379],[-74.708873,45.00387],[-74.340446,45.214445],[-74.864187,45.642176],[-76.413446,45.496343],[-77.682674,46.186669],[-78.781,46.393443],[-79.546714,47.407448],[-79.519555,50.918525],[-81.661241,52.293914],[-82.260447,52.961114],[-82.141443,53.817641],[-82.577435,55.148723],[-85.06095,55.285667],[-87.560878,56.056369],[-88.948495,56.851307],[-93.620223,53.747933],[-95.153826,52.822357],[-95.155298,49.369672]]]},"properties":{"featurecla":"Admin-1 scale rank","scalerank":2,"adm1_code":"CAN-682","diss_me":682,"iso_3166_2":"CA-ON","wikipedia":"http://en.wikipedia.org/wiki/Ontario","iso_a2":"CA","adm0_sr":1,"name":"Ontario","name_alt":"Upper Canada","name_local":null,"type":"Province","type_en":"Province","code_local":null,"code_hasc":"CA.ON","note":null,"hasc_maybe":null,"region":"Eastern Canada","region_cod":null,"provnum_ne":7,"gadm_level":1,"check_me":20,"datarank":2,"abbrev":"Ont.","postal":"ON","area_sqkm":0,"sameascity":-99,"labelrank":2,"name_len":7,"mapcolor9":2,"mapcolor13":2,"fips":"CA08","fips_alt":null,"woe_id":2344922,"woe_label":"Ontario, CA, Canada","woe_name":"Ontario","latitude":50.5244,"longitude":-84.7943,"sov_a3":"CAN","adm0_a3":"CAN","adm0_label":2,"admin":"Canada","geonunit":"Canada","gu_a3":"CAN","gn_id":6093943,"gn_name":"Ontario","gns_id":-570663,"gns_name":"Ontario, Province d'","gn_level":1,"gn_region":null,"gn_a1_code":"CA.08","region_sub":"Ontario","sub_code":null,"gns_level":1,"gns_lang":"fra","gns_adm1":"CA08","gns_region":null,"min_label":3.5,"max_label":7.5,"min_zoom":2,"wikidataid":"Q1904","name_ar":"أونتاريو","name_bn":"অন্টারিও","name_de":"Ontario","name_en":"Ontario","name_es":"Ontario","name_fr":"Ontario","name_el":"Οντάριο","name_hi":"ओण्टारियो","name_hu":"Ontario","name_id":"Ontario","name_it":"Ontario","name_ja":"オンタリオ州","name_ko":"온타리오","name_nl":"Ontario","name_pl":"Ontario","name_pt":"Ontário","name_ru":"Онтарио","name_sv":"Ontario","name_tr":"Ontario","name_vi":"Ontario","name_zh":"安大略省","ne_id":1159309687,"name_he":"אונטריו","name_uk":"Онтаріо","name_ur":"انٹاریو","name_fa":"انتاریو","name_zht":"安大略省","FCLASS_ISO":null,"FCLASS_US":null,"FCLASS_FR":null,"FCLASS_RU":null,"FCLASS_ES":null,"FCLASS_CN":null,"FCLASS_TW":null,"FCLASS_IN":null,"FCLASS_NP":null,"FCLASS_PK":null,"FCLASS_DE":null,"FCLASS_GB":null,"FCLASS_BR":null,"FCLASS_IL":null,"FCLASS_PS":null,"FCLASS_SA":null,"FCLASS_EG":null,"FCLASS_MA":null,"FCLASS_PT":null,"FCLASS_AR":null,"FCLASS_JP":null,"FCLASS_KO":null,"FCLASS_VN":null,"FCLASS_TR":null,"FCLASS_ID":null,"FCLASS_PL":null,"FCLASS_GR":null,"FCLASS_IT":null,"FCLASS_NL":null,"FCLASS_SE":null,"FCLASS_BD":null,"FCLASS_UA":null,"FCLASS_TLC":null}},
{"type":"Feature","geometry":null,"properties":{"featurecla":"Admin-1 scale rank","scalerank":2,"adm1_code":"CAN-687","diss_me":687,"iso_3166_2":"CA-PE","wikipedia":"http://en.wikipedia.org/wiki/Prince_Edward_Island","iso_a2":"CA","adm0_sr":3,"name":"Prince Edward Island","name_alt":"Île de Saint-Jean|Île du Prince-Édouard","name_local":null,"type":"Province","type_en":"Province","code_local":null,"code_hasc":"CA.PE","note":null,"hasc_maybe":null,"region":"Eastern Canada","region_cod":null,"provnum_ne":9,"gadm_level":1,"check_me":20,"datarank":2,"abbrev":"P.E.I.","postal":"PE","area_sqkm":0,"sameascity":-99,"labelrank":2,"name_len":20,"mapcolor9":2,"mapcolor13":2,"fips":"CA09","fips_alt":null,"woe_id":2344923,"woe_label":"Prince Edward Island, CA, Canada","woe_name":"Prince Edward Island","latitude":46.3417,"longitude":-63.3862,"sov_a3":"CAN","adm0_a3":"CAN","adm0_label":2,"admin":"Canada","geonunit":"Canada","gu_a3":"CAN","gn_id":6113358,"gn_name":"Prince Edward Island","gns_id":-571729,"gns_name":"Ile-du-Prince-Edouard, Province d'","gn_level":1,"gn_region":null,"gn_a1_code":"CA.09","region_sub":"Atlantic Canada","sub_code":null,"gns_level":1,"gns_lang":"fra","gns_adm1":"CA09","gns_region":null,"min_label":3.5,"max_label":7.5,"min_zoom":2,"wikidataid":"Q1979","name_ar":"جزيرة الأمير إدوارد","name_bn":"প্রিন্স এডওয়ার্ড দ্বীপ","name_de":"Prince Edward Island","name_en":"Prince Edward Island","name_es":"Isla del Príncipe Eduardo","name_fr":"Île-du-Prince-Édouard","name_el":"Νήσος του Πρίγκηπα Εδουάρδου","name_hi":"प्रिंस एडवर्ड द्वीप","name_hu":"Prince Edward-sziget","name_id":"Pulau Pangeran Edward","name_it":"Isola del Principe Edoardo","name_ja":"プリンスエドワードアイランド州","name_ko":"프린스에드워드아일랜드","name_nl":"Prins Edwardeiland","name_pl":"Wyspa Księcia Edwarda","name_pt":"Ilha do Príncipe Eduardo","name_ru":"Остров Принца Эдуарда","name_sv":"Prince Edward Island","name_tr":"Prens Edward Adası","name_vi":"Đảo Hoàng tử Edward","name_zh":"爱德华王子岛","ne_id":1159310911,"name_he":"אי הנסיך אדוארד","name_uk":"Острів Принца Едварда","name_ur":"پرنس ایڈورڈ آئی لینڈ","name_fa":"جزیره پرنس ادوارد","name_zht":"愛德華王子島省","FCLASS_ISO":null,"FCLASS_US":null,"FCLASS_FR":null,"FCLASS_RU":null,"FCLASS_ES":null,"FCLASS_CN":null,"FCLASS_TW":null,"FCLASS_IN":null,"FCLASS_NP":null,"FCLASS_PK":null,"FCLASS_DE":null,"FCLASS_GB":null,"FCLASS_BR":null,"FCLASS_IL":null,"FCLASS_PS":null,"FCLASS_SA":null,"FCLASS_EG":null,"FCLASS_MA":null,"FCLASS_PT":null,"FCLASS_AR":null,"FCLASS_JP":null,"FCLASS_KO":null,"FCLASS_VN":null,"FCLASS_TR":null,"FCLASS_ID":null,"FCLASS_PL":null,"FCLASS_GR":null,"FCLASS_IT":null,"FCLASS_NL":null,"FCLASS_SE":null,"FCLASS_BD":null,"FCLASS_UA":null,"FCLASS_TLC":null}},
{"type":"Feature","geometry":{"type":"MultiPolygon","coordinates":[[[[-66.704377,48.022441],[-65.259422,48.021254],[-64.253744,48.550367],[-64.836349,49.191727],[-66.178176,49.213117],[-68.987072,48.274983],[-70.519489,47.032528],[-71.261176,46.756266],[-71.900932,46.631912],[-73.159559,46.010031],[-73.558088,45.425086],[-74.708873,45.00387],[-73.352182,45.005419],[-71.51752,45.007561],[-71.084549,45.294008],[-70.296247,45.906089],[-70.00768,46.708937],[-69.05366,47.294585],[-68.377913,47.929375],[-66.704377,48.022441]]],[[[-64.614272,60.30598],[-65.433412,59.776505],[-65.606227,59.110755],[-67.569616,58.213502],[-69.681892,59.341732],[-69.640473,60.689787],[-71.422719,61.158958],[-73.629972,62.454203],[-74.689911,62.183445],[-77.372431,62.572514],[-78.137135,62.107375],[-77.871551,60.785852],[-77.311809,60.042385],[-78.515097,58.682365],[-77.156781,58.01889],[-76.572835,57.181182],[-76.650454,56.107225],[-77.891107,55.236426],[-79.66552,54.697437],[-78.491642,52.252111],[-79.521346,51.544712],[-79.520467,50.965986],[-79.519555,50.918525],[-79.546714,47.407448],[-78.781,46.393443],[-77.682674,46.186669],[-76.413446,45.496343],[-74.864187,45.642176],[-74.340446,45.214445],[-72.98102,46.20974],[-71.879608,46.686811],[-71.26779,46.79596],[-70.705861,47.13981],[-69.905551,47.832223],[-68.929042,48.828958],[-67.372005,49.348457],[-66.495527,50.211873],[-60.080203,50.254577],[-58.510377,51.295059],[-57.100128,51.443342],[-57.101029,52.001117],[-59.134038,52.001008],[-63.606573,52.000832],[-64.290516,51.728777],[-65.137133,52.154695],[-66.035782,52.109245],[-66.937902,53.328837],[-67.757252,54.033654],[-67.620131,54.506539],[-66.650785,54.798566],[-63.751241,54.612172],[-63.161385,55.307475],[-64.136103,56.394572],[-63.743726,57.580876],[-63.848008,58.459738],[-64.818024,59.540244],[-64.614272,60.30598]]]]},"properties":{"featurecla":"Admin-1 scale rank","scalerank":2,"adm1_code":"CAN-683","diss_me":683,"iso_3166_2":"CA-QC","wikipedia":"http://en.wikipedia.org/wiki/Quebec","iso_a2":"CA","adm0_sr":6,"name":"Québec","name_alt":"Lower Canada","name_local":null,"type":"Province","type_en":"Province","code_local":null,"code_hasc":"CA.QC","note":null,"hasc_maybe":null,"region":"Eastern Canada","region_cod":null,"provnum_ne":4,"gadm_level":1,"check_me":20,"datarank":2,"abbrev":"Que.","postal":"QC","area_sqkm":0,"sameascity":-99,"labelrank":2,"name_len":6,"mapcolor9":2,"mapcolor13":2,"fips":"CA10","fips_alt":null,"woe_id":2344924,"woe_label":"Quebec, CA, Canada","woe_name":"Québec","latitude":52.2593,"longitude":-73.7168,"sov_a3":"CAN","adm0_a3":"CAN","adm0_label":2,"admin":"Canada","geonunit":"Canada","gu_a3":"CAN","gn_id":6115047,"gn_name":"Quebec","gns_id":-571854,"gns_name":"Quebec, Province du","gn_level":1,"gn_region":null,"gn_a1_code":"CA.10","region_sub":"Québec","sub_code":null,"gns_level":1,"gns_lang":"fra","gns_adm1":"CA10","gns_region":null,"min_label":3.5,"max_label":7.5,"min_zoom":2,"wikidataid":"Q176","name_ar":"كيبك","name_bn":"কেবেক","name_de":"Québec","name_en":"Quebec","name_es":"Quebec","name_fr":"Québec","name_el":"Κεμπέκ","name_hi":"क्यूबेक","name_hu":"Québec","name_id":"Quebec","name_it":"Québec","name_ja":"ケベック州","name_ko":"퀘벡","name_nl":"Quebec","name_pl":"Quebec","name_pt":"Quebeque","name_ru":"Квебек","name_sv":"Québec","name_tr":"Québec","name_vi":"Québec","name_zh":"魁北克","ne_id":1159308703,"name_he":"קוויבק","name_uk":"Квебек","name_ur":"کیوبیک","name_fa":"استان کبک","name_zht":"魁北克","FCLASS_ISO":null,"FCLASS_US":null,"FCLASS_FR":null,"FCLASS_RU":null,"FCLASS_ES":null,"FCLASS_CN":null,"FCLASS_TW":null,"FCLASS_IN":null,"FCLASS_NP":null,"FCLASS_PK":null,"FCLASS_DE":null,"FCLASS_GB":null,"FCLASS_BR":null,"FCLASS_IL":null,"FCLASS_PS":null,"FCLASS_SA":null,"FCLASS_EG":null,"FCLASS_MA":null,"FCLASS_PT":null,"FCLASS_AR":null,"FCLASS_JP":null,"FCLASS_KO":null,"FCLASS_VN":null,"FCLASS_TR":null,"FCLASS_ID":null,"FCLASS_PL":null,"FCLASS_GR":null,"FCLASS_IT":null,"FCLASS_NL":null,"FCLASS_SE":null,"FCLASS_BD":null,"FCLASS_UA":null,"FCLASS_TLC":null}},
{"type":"Feature","geometry":{"type":"Polygon","coordinates":[[[-109.999432,48.993083],[-104.033927,48.993138],[-101.367271,48.993138],[-101.603174,51.552875],[-101.881711,54.538113],[-102.001341,57.647849],[-102.001649,60.001087],[-107.00062,60.001087],[-110.000025,60.001087],[-109.999872,57.24932],[-109.999712,54.497552],[-109.999531,51.401824],[-109.999432,48.993083]]]},"properties":{"featurecla":"Admin-1 scale rank","scalerank":2,"adm1_code":"CAN-631","diss_me":631,"iso_3166_2":"CA-SK","wikipedia":"http://en.wikipedia.org/wiki/Saskatchewan","iso_a2":"CA","adm0_sr":1,"name":"Saskatchewan","name_alt":null,"name_local":null,"type":"Province","type_en":"Province","code_local":null,"code_hasc":"CA.SK","note":null,"hasc_maybe":null,"region":"Western Canada","region_cod":null,"provnum_ne":13,"gadm_level":1,"check_me":20,"datarank":2,"abbrev":"Sask.","postal":"SK","area_sqkm":0,"sameascity":-99,"labelrank":2,"name_len":12,"mapcolor9":2,"mapcolor13":2,"fips":"CA11","fips_alt":null,"woe_id":2344925,"woe_label":"Saskatchewan, CA, Canada","woe_name":"Saskatchewan","latitude":54.4965,"longitude":-105.682,"sov_a3":"CAN","adm0_a3":"CAN","adm0_label":2,"admin":"Canada","geonunit":"Canada","gu_a3":"CAN","gn_id":6141242,"gn_name":"Saskatchewan","gns_id":-573211,"gns_name":"Saskatchewan, Province de","gn_level":1,"gn_region":null,"gn_a1_code":"CA.11","region_sub":"Prairies","sub_code":null,"gns_level":1,"gns_lang":"fra","gns_adm1":"CA11","gns_region":null,"min_label":3.5,"max_label":7.5,"min_zoom":2,"wikidataid":"Q1989","name_ar":"ساسكاتشوان","name_bn":"সাসক্যাচুয়ান","name_de":"Saskatchewan","name_en":"Saskatchewan","name_es":"Saskatchewan","name_fr":"Saskatchewan","name_el":"Σασκάτσουαν","name_hi":"सैस्कैचेवेन","name_hu":"Saskatchewan","name_id":"Saskatchewan","name_it":"Saskatchewan","name_ja":"サスカチュワン州","name_ko":"서스캐처원","name_nl":"Saskatchewan","name_pl":"Saskatchewan","name_pt":"Saskatchewan","name_ru":"Саскачеван","name_sv":"Saskatchewan","name_tr":"Saskatchewan","name_vi":"Saskatchewan","name_zh":"萨斯喀彻温","ne_id":1159308773,"name_he":"ססקצ'ואן","name_uk":"Саскачеван","name_ur":"ساسکچیوان","name_fa":"سسکچوان","name_zht":"薩斯喀徹溫","FCLASS_ISO":null,"FCLASS_US":null,"FCLASS_FR":null,"FCLASS_RU":null,"FCLASS_ES":null,"FCLASS_CN":null,"FCLASS_TW":null,"FCLASS_IN":null,"FCLASS_NP":null,"FCLASS_PK":null,"FCLASS_DE":null,"FCLASS_GB":null,"FCLASS_BR":null,"FCLASS_IL":null,"FCLASS_PS":null,"FCLASS_SA":null,"FCLASS_EG":null,"FCLASS_MA":null,"FCLASS_PT":null,"FCLASS_AR":null,"FCLASS_JP":null,"FCLASS_KO":null,"FCLASS_VN":null,"FCLASS_TR":null,"FCLASS_ID":null,"FCLASS_PL":null,"FCLASS_GR":null,"FCLASS_IT":null,"FCLASS_NL":null,"FCLASS_SE":null,"FCLASS_BD":null,"FCLASS_UA":null,"FCLASS_TLC":null}},
{"type":"Feature","geometry":{"type":"Polygon","coordinates":[[[-123.819157,60.001087],[-124.599444,60.662135],[-126.889665,60.795619],[-127.072522,61.369643],[-129.28714,62.441151],[-129.844938,63.485786],[-131.106718,64.400903],[-132.553689,64.780228],[-132.194689,65.597655],[-133.588947,65.962588],[-134.055581,67.004487],[-136.126053,67.004696],[-136.443756,68.895124],[-139.181524,69.515555],[-141.002137,69.650786],[-141.002137,67.605351],[-141.002137,64.683318],[-141.002137,60.300245],[-139.056519,60.001582],[-132.384939,60.001087],[-128.577934,60.001087],[-123.819157,60.001087]]]},"properties":{"featurecla":"Admin-1 scale rank","scalerank":2,"adm1_code":"CAN-636","diss_me":636,"iso_3166_2":"CA-YT","wikipedia":"http://en.wikipedia.org/wiki/Yukon","iso_a2":"CA","adm0_sr":5,"name":"Yukon","name_alt":"Yukon Territory|Territoire du Yukon|Yukon|Yuk¢n","name_local":null,"type":"Territoire","type_en":"Territory","code_local":null,"code_hasc":"CA.YT","note":null,"hasc_maybe":null,"region":"Northern Canada","region_cod":"Northern Canada","provnum_ne":8,"gadm_level":1,"check_me":20,"datarank":2,"abbrev":"Yuk.","postal":"YT","area_sqkm":0,"sameascity":-99,"labelrank":2,"name_len":5,"mapcolor9":2,"mapcolor13":2,"fips":"CA12","fips_alt":null,"woe_id":2344926,"woe_label":"Yukon Territory, CA, Canada","woe_name":"Yukon","latitude":63.6088,"longitude":-135.7,"sov_a3":"CAN","adm0_a3":"CAN","adm0_label":2,"admin":"Canada","geonunit":"Canada","gu_a3":"CAN","gn_id":6185811,"gn_name":"Yukon","gns_id":-576336,"gns_name":"Yukon","gn_level":1,"gn_region":null,"gn_a1_code":"CA.12","region_sub":null,"sub_code":null,"gns_level":1,"gns_lang":"por","gns_adm1":"CA12","gns_region":null,"min_label":3.5,"max_label":7.5,"min_zoom":2,"wikidataid":"Q2009","name_ar":"يوكون","name_bn":"ইউকন","name_de":"Yukon","name_en":"Yukon","name_es":"Yukón","name_fr":"Yukon","name_el":"Γιούκον","name_hi":"युकॉन प्रांत","name_hu":"Yukon","name_id":"Yukon","name_it":"Yukon","name_ja":"ユーコン準州","name_ko":"유콘 준","name_nl":"Yukon","name_pl":"Jukon","name_pt":"Yukon","name_ru":"Юкон","name_sv":"Yukon","name_tr":"Yukon","name_vi":"Yukon","name_zh":"育空","ne_id":1159309667,"name_he":"יוקון","name_uk":"Юкон","name_ur":"يوكون","name_fa":"یوکان","name_zht":"育空","FCLASS_ISO":null,"FCLASS_US":null,"FCLASS_FR":null,"FCLASS_RU":null,"FCLASS_ES":null,"FCLASS_CN":null,"FCLASS_TW":null,"FCLASS_IN":null,"FCLASS_NP":null,"FCLASS_PK":null,"FCLASS_DE":null,"FCLASS_GB":null,"FCLASS_BR":null,"FCLASS_IL":null,"FCLASS_PS":null,"FCLASS_SA":null,"FCLASS_EG":null,"FCLASS_MA":null,"FCLASS_PT":null,"FCLASS_AR":null,"FCLASS_JP":null,"FCLASS_KO":null,"FCLASS_VN":null,"FCLASS_TR":null,"FCLASS_ID":null,"FCLASS_PL":null,"FCLASS_GR":null,"FCLASS_IT":null,"FCLASS_NL":null,"FCLASS_SE":null,"FCLASS_BD":null,"FCLASS_UA":null,"FCLASS_TLC":null}},
{"type":"Feature","geometry":{"type":"MultiPolygon","coordinates":[[[[-139.056519,60.001582],[-141.002137,60.300245],[-141.002137,64.683318],[-141.002137,67.605351],[-141.002137,69.650786],[-143.218332,70.116233],[-145.197385,70.008699],[-149.269437,70.500765],[-151.944674,70.452107],[-156.783292,71.31895],[-161.880967,70.331752],[-163.161456,69.38796],[-164.302368,68.936488],[-166.209075,68.885358],[-166.380537,68.425129],[-164.12517,67.606725],[-163.72057,67.195539],[-160.864024,66.670865],[-161.816319,66.053642],[-163.695378,66.083822],[-164.674129,66.555004],[-168.088364,65.65775],[-166.142774,64.582782],[-163.713103,64.588253],[-162.807008,64.374206],[-160.931952,64.579112],[-160.778553,63.818946],[-163.358835,63.045761],[-164.409055,63.215061],[-166.078823,61.803098],[-165.353829,60.541219],[-163.906889,59.806794],[-162.242495,60.178319],[-161.755444,58.612031],[-160.363124,59.051176],[-159.082687,58.469769],[-157.523609,58.421341],[-157.607583,57.601442],[-159.283089,56.688577],[-162.157124,55.71944],[-162.073977,55.139318],[-158.275656,56.196258],[-156.475145,57.105201],[-155.006863,58.016044],[-154.247013,58.159427],[-153.334409,58.857883],[-154.088316,59.363298],[-151.750474,60.75487],[-151.7382,59.188527],[-150.960755,59.243986],[-149.432216,60.001043],[-148.197617,60.167772],[-148.344427,60.853549],[-146.874028,61.004908],[-145.898892,60.478169],[-143.805068,60.012898],[-142.945635,60.096954],[-140.216733,59.726638],[-136.582612,58.245208],[-135.861727,58.57705],[-134.063337,58.211074],[-133.465851,57.172174],[-132.814263,57.0407],[-131.843835,56.160091],[-130.918566,55.735975],[-130.575331,54.769683],[-130.21409,55.025895],[-130.025081,55.888212],[-131.866159,56.792838],[-133.820742,58.705052],[-135.475937,59.793281],[-136.578739,59.152251],[-137.593299,59.226254],[-139.056519,60.001582]]],[[[-152.898051,57.823916],[-154.705951,57.335365],[-153.79319,56.989493],[-152.898051,57.823916]]],[[[-133.566107,56.339201],[-132.782303,55.048472],[-131.976434,55.208598],[-133.566107,56.339201]]]]},"properties":{"featurecla":"Admin-1 scale rank","scalerank":2,"adm1_code":"USA-3563","diss_me":3563,"iso_3166_2":"US-AK","wikipedia":"http://en.wikipedia.org/wiki/Alaska","iso_a2":"US","adm0_sr":6,"name":"Alaska","name_alt":"AK|Alaska","name_local":null,"type":"State","type_en":"State","code_local":"US02","code_hasc":"US.AK","note":null,"hasc_maybe":null,"region":"West","region_cod":null,"provnum_ne":0,"gadm_level":1,"check_me":20,"datarank":1,"abbrev":"Alaska","postal":"AK","area_sqkm":0,"sameascity":-99,"labelrank":0,"name_len":6,"mapcolor9":1,"mapcolor13":1,"fips":"US02","fips_alt":null,"woe_id":2347560,"woe_label":"Alaska, US, United States","woe_name":"Alaska","latitude":65.3609,"longitude":-151.604,"sov_a3":"US1","adm0_a3":"USA","adm0_label":2,"admin":"United States of America","geonunit":"United States of America","gu_a3":"USA","gn_id":5879092,"gn_name":"Alaska","gns_id":-1,"gns_name":null,"gn_level":1,"gn_region":null,"gn_a1_code":"US.AK","region_sub":"Pacific","sub_code":null,"gns_level":-1,"gns_lang":null,"gns_adm1":null,"gns_region":null,"min_label":3.5,"max_label":7.5,"min_zoom":2,"wikidataid":"Q797","name_ar":"ألاسكا","name_bn":"আলাস্কা","name_de":"Alaska","name_en":"Alaska","name_es":"Alaska","name_fr":"Alaska","name_el":"Αλάσκα","name_hi":"अलास्का","name_hu":"Alaszka","name_id":"Alaska","name_it":"Alaska","name_ja":"アラスカ州","name_ko":"알래스카","name_nl":"Alaska","name_pl":"Alaska","name_pt":"Alasca","name_ru":"Аляска","name_sv":"Alaska","name_tr":"Alaska","name_vi":"Alaska","name_zh":"阿拉斯加州","ne_id":1159308731,"name_he":"אלסקה","name_uk":"Аляска","name_ur":"الاسکا","name_fa":"آلاسکا","name_zht":"阿拉斯加州","FCLASS_ISO":null,"FCLASS_US":null,"FCLASS_FR":null,"FCLASS_RU":null,"FCLASS_ES":null,"FCLASS_CN":null,"FCLASS_TW":null,"FCLASS_IN":null,"FCLASS_NP":null,"FCLASS_PK":null,"FCLASS_DE":null,"FCLASS_GB":null,"FCLASS_BR":null,"FCLASS_IL":null,"FCLASS_PS":null,"FCLASS_SA":null,"FCLASS_EG":null,"FCLASS_MA":null,"FCLASS_PT":null,"FCLASS_AR":null,"FCLASS_JP":null,"FCLASS_KO":null,"FCLASS_VN":null,"FCLASS_TR":null,"FCLASS_ID":null,"FCLASS_PL":null,"FCLASS_GR":null,"FCLASS_IT":null,"FCLASS_NL":null,"FCLASS_SE":null,"FCLASS_BD":null,"FCLASS_UA":null,"FCLASS_TLC":null}},
{"type":"Feature","geometry":{"type":"Polygon","coordinates":[[[-87.489511,30.377683],[-87.593694,31.000739],[-85.007282,31.001673],[-84.929696,32.246556],[-85.200971,32.956229],[-85.623604,35.000862],[-88.173267,34.999005],[-88.084772,34.933109],[-88.48619,31.890511],[-88.399585,30.370805],[-87.489511,30.377683]]]},"properties":{"featurecla":"Admin-1 scale rank","scalerank":2,"adm1_code":"USA-3541","diss_me":3541,"iso_3166_2":"US-AL","wikipedia":"http://en.wikipedia.org/wiki/Alabama","iso_a2":"US","adm0_sr":5,"name":"Alabama","name_alt":"AL|Ala.","name_local":null,"type":"State","type_en":"State","code_local":"US01","code_hasc":"US.AL","note":null,"hasc_maybe":null,"region":"South","region_cod":null,"provnum_ne":0,"gadm_level":1,"check_me":20,"datarank":1,"abbrev":"Ala.","postal":"AL","area_sqkm":0,"sameascity":-99,"labelrank":0,"name_len":7,"mapcolor9":1,"mapcolor13":1,"fips":"US01","fips_alt":null,"woe_id":2347559,"woe_label":"Alabama, US, United States","woe_name":"Alabama","latitude":32.8551,"longitude":-86.7184,"sov_a3":"US1","adm0_a3":"USA","adm0_label":2,"admin":"United States of America","geonunit":"United States of America","gu_a3":"USA","gn_id":4829764,"gn_name":"Alabama","gns_id":-1,"gns_name":null,"gn_level":1,"gn_region":null,"gn_a1_code":"US.AL","region_sub":"East South Central","sub_code":null,"gns_level":-1,"gns_lang":null,"gns_adm1":null,"gns_region":null,"min_label":3.5,"max_label":7.5,"min_zoom":2,"wikidataid":"Q173","name_ar":"ألاباما","name_bn":"অ্যালাবামা","name_de":"Alabama","name_en":"Alabama","name_es":"Alabama","name_fr":"Alabama","name_el":"Αλαμπάμα","name_hi":"अलाबामा","name_hu":"Alabama","name_id":"Alabama","name_it":"Alabama","name_ja":"アラバマ州","name_ko":"앨라배마","name_nl":"Alabama","name_pl":"Alabama","name_pt":"Alabama","name_ru":"Алабама","name_sv":"Alabama","name_tr":"Alabama","name_vi":"Alabama","name_zh":"亚拉巴马州","ne_id":1159315233,"name_he":"אלבמה","name_uk":"Алабама","name_ur":"الاباما","name_fa":"آلاباما","name_zht":"阿拉巴馬州","FCLASS_ISO":null,"FCLASS_US":null,"FCLASS_FR":null,"FCLASS_RU":null,"FCLASS_ES":null,"FCLASS_CN":null,"FCLASS_TW":null,"FCLASS_IN":null,"FCLASS_NP":null,"FCLASS_PK":null,"FCLASS_DE":null,"FCLASS_GB":null,"FCLASS_BR":null,"FCLASS_IL":null,"FCLASS_PS":null,"FCLASS_SA":null,"FCLASS_EG":null,"FCLASS_MA":null,"FCLASS_PT":null,"FCLASS_AR":null,"FCLASS_JP":null,"FCLASS_KO":null,"FCLASS_VN":null,"FCLASS_TR":null,"FCLASS_ID":null,"FCLASS_PL":null,"FCLASS_GR":null,"FCLASS_IT":null,"FCLASS_NL":null,"FCLASS_SE":null,"FCLASS_BD":null,"FCLASS_UA":null,"FCLASS_TLC":null}},
{"type":"Feature","geometry":{"type":"Polygon","coordinates":[[[-89.704772,36.001573],[-90.162243,36.500869],[-94.61838,36.500869],[-94.439138,35.387251],[-94.484149,33.648434],[-94.041307,33.011996],[-91.149958,33.015918],[-91.207482,33.675669],[-90.293705,35.001114],[-89.704772,36.001573]]]},"properties":{"featurecla":"Admin-1 scale rank","scalerank":2,"adm1_code":"USA-3528","diss_me":3528,"iso_3166_2":"US-AR","wikipedia":"http://en.wikipedia.org/wiki/Arkansas","iso_a2":"US","adm0_sr":1,"name":"Arkansas","name_alt":"AR|Ark.","name_local":null,"type":"State","type_en":"State","code_local":"US05","code_hasc":"US.AR","note":null,"hasc_maybe":null,"region":"South","region_cod":null,"provnum_ne":0,"gadm_level":1,"check_me":20,"datarank":1,"abbrev":"Ark.","postal":"AR","area_sqkm":0,"sameascity":-99,"labelrank":0,"name_len":8,"mapcolor9":1,"mapcolor13":1,"fips":"US05","fips_alt":null,"woe_id":2347562,"woe_label":"Arkansas, US, United States","woe_name":"Arkansas","latitude":34.7563,"longitude":-92.1428,"sov_a3":"US1","adm0_a3":"USA","adm0_label":2,"admin":"United States of America","geonunit":"United States of America","gu_a3":"USA","gn_id":4099753,"gn_name":"Arkansas","gns_id":-1,"gns_name":null,"gn_level":1,"gn_region":null,"gn_a1_code":"US.AR","region_sub":"West South Central","sub_code":null,"gns_level":-1,"gns_lang":null,"gns_adm1":null,"gns_region":null,"min_label":3.5,"max_label":7.5,"min_zoom":2,"wikidataid":"Q1612","name_ar":"أركنساس","name_bn":"আর্কানসাস","name_de":"Arkansas","name_en":"Arkansas","name_es":"Arkansas","name_fr":"Arkansas","name_el":"Άρκανσο","name_hi":"अरकांसास","name_hu":"Arkansas","name_id":"Arkansas","name_it":"Arkansas","name_ja":"アーカンソー州","name_ko":"아칸소","name_nl":"Arkansas","name_pl":"Arkansas","name_pt":"Arkansas","name_ru":"Арканзас","name_sv":"Arkansas","name_tr":"Arkansas","name_vi":"Arkansas","name_zh":"阿肯色州","ne_id":1159315355,"name_he":"ארקנסו","name_uk":"Арканзас","name_ur":"آرکنساس","name_fa":"آرکانزاس","name_zht":"阿肯色州","FCLASS_ISO":null,"FCLASS_US":null,"FCLASS_FR":null,"FCLASS_RU":null,"FCLASS_ES":null,"FCLASS_CN":null,"FCLASS_TW":null,"FCLASS_IN":null,"FCLASS_NP":null,"FCLASS_PK":null,"FCLASS_DE":null,"FCLASS_GB":null,"FCLASS_BR":null,"FCLASS_IL":null,"FCLASS_PS":null,"FCLASS_SA":null,"FCLASS_EG":null,"FCLASS_MA":null,"FCLASS_PT":null,"FCLASS_AR":null,"FCLASS_JP":null,"FCLASS_KO":null,"FCLASS_VN":null,"FCLASS_TR":null,"FCLASS_ID":null,"FCLASS_PL":null,"FCLASS_GR":null,"FCLASS_IT":null,"FCLASS_NL":null,"FCLASS_SE":null,"FCLASS_BD":null,"FCLASS_UA":null,"FCLASS_TLC":null}},
{"type":"Feature","geometry":{"type":"Polygon","coordinates":[[[-109.047807,31.327879],[-109.047005,34.519287],[-109.04667,37.000846],[-114.04027,37.004153],[-114.042879,36.181771],[-114.715759,36.084982],[-114.610543,34.991117],[-114.125612,34.286509],[-114.509051,33.903921],[-114.724773,32.715343],[-114.835955,32.508327],[-111.041974,31.32421],[-109.047807,31.327879]]]},"properties":{"featurecla":"Admin-1 scale rank","scalerank":2,"adm1_code":"USA-3520","diss_me":3520,"iso_3166_2":"US-AZ","wikipedia":"http://en.wikipedia.org/wiki/Arizona","iso_a2":"US","adm0_sr":1,"name":"Arizona","name_alt":"AZ|Ariz.","name_local":null,"type":"State","type_en":"State","code_local":"US04","code_hasc":"US.AZ","note":null,"hasc_maybe":null,"region":"West","region_cod":null,"provnum_ne":0,"gadm_level":1,"check_me":20,"datarank":1,"abbrev":"Ariz.","postal":"AZ","area_sqkm":0,"sameascity":-99,"labelrank":0,"name_len":7,"mapcolor9":1,"mapcolor13":1,"fips":"US04","fips_alt":null,"woe_id":2347561,"woe_label":"Arizona, US, United States","woe_name":"Arizona","latitude":34.3046,"longitude":-111.935,"sov_a3":"US1","adm0_a3":"USA","adm0_label":2,"admin":"United States of America","geonunit":"United States of America","gu_a3":"USA","gn_id":5551752,"gn_name":"Arizona","gns_id":-1,"gns_name":null,"gn_level":1,"gn_region":null,"gn_a1_code":"US.AZ","region_sub":"Mountain","sub_code":null,"gns_level":-1,"gns_lang":null,"gns_adm1":null,"gns_region":null,"min_label":3.5,"max_label":7.5,"min_zoom":2,"wikidataid":"Q816","name_ar":"أريزونا","name_bn":"অ্যারিজোনা","name_de":"Arizona","name_en":"Arizona","name_es":"Arizona","name_fr":"Arizona","name_el":"Αριζόνα","name_hi":"एरीजोना","name_hu":"Arizona","name_id":"Arizona","name_it":"Arizona","name_ja":"アリゾナ州","name_ko":"애리조나","name_nl":"Arizona","name_pl":"Arizona","name_pt":"Arizona","name_ru":"Аризона","name_sv":"Arizona","name_tr":"Arizona","name_vi":"Arizona","name_zh":"亚利桑那州","ne_id":1159315341,"name_he":"אריזונה","name_uk":"Аризона","name_ur":"ایریزونا","name_fa":"آریزونا","name_zht":"亞利桑那州","FCLASS_ISO":null,"FCLASS_US":null,"FCLASS_FR":null,"FCLASS_RU":null,"FCLASS_ES":null,"FCLASS_CN":null,"FCLASS_TW":null,"FCLASS_IN":null,"FCLASS_NP":null,"FCLASS_PK":null,"FCLASS_DE":null,"FCLASS_GB":null,"FCLASS_BR":null,"FCLASS_IL":null,"FCLASS_PS":null,"FCLASS_SA":null,"FCLASS_EG":null,"FCLASS_MA":null,"FCLASS_PT":null,"FCLASS_AR":null,"FCLASS_JP":null,"FCLASS_KO":null,"FCLASS_VN":null,"FCLASS_TR":null,"FCLASS_ID":null,"FCLASS_PL":null,"FCLASS_GR":null,"FCLASS_IT":null,"FCLASS_NL":null,"FCLASS_SE":null,"FCLASS_BD":null,"FCLASS_UA":null,"FCLASS_TLC":null}},
{"type":"Feature","geometry":{"type":"Polygon","coordinates":[[[-114.610543,34.991117],[-116.659592,36.589968],[-120.000062,39.000259],[-120.000809,42.000559],[-124.228409,42.000768],[-124.068519,41.384171],[-124.371654,40.491202],[-123.884476,39.860796],[-123.701125,38.907293],[-122.46691,37.838213],[-122.3949,37.207521],[-121.877411,36.331064],[-120.63361,35.076459],[-120.481192,34.471639],[-119.606054,34.418004],[-118.506196,34.01741],[-117.467422,33.295487],[-117.128274,32.533365],[-114.724773,32.715343],[-114.509051,33.903921],[-114.125612,34.286509],[-114.610543,34.991117]]]},"properties":{"featurecla":"Admin-1 scale rank","scalerank":2,"adm1_code":"USA-3521","diss_me":3521,"iso_3166_2":"US-CA","wikipedia":"http://en.wikipedia.org/wiki/California","iso_a2":"US","adm0_sr":8,"name":"California","name_alt":"CA|Calif.","name_local":null,"type":"State","type_en":"State","code_local":"US06","code_hasc":"US.CA","note":null,"hasc_maybe":null,"region":"West","region_cod":null,"provnum_ne":0,"gadm_level":1,"check_me":20,"datarank":1,"abbrev":"Calif.","postal":"CA","area_sqkm":0,"sameascity":-99,"labelrank":0,"name_len":10,"mapcolor9":1,"mapcolor13":1,"fips":"US06","fips_alt":null,"woe_id":2347563,"woe_label":"California, US, United States","woe_name":"California","latitude":36.7496,"longitude":-119.591,"sov_a3":"US1","adm0_a3":"USA","adm0_label":2,"admin":"United States of America","geonunit":"United States of America","gu_a3":"USA","gn_id":5332921,"gn_name":"California","gns_id":-1,"gns_name":null,"gn_level":1,"gn_region":null,"gn_a1_code":"US.CA","region_sub":"Pacific","sub_code":null,"gns_level":-1,"gns_lang":null,"gns_adm1":null,"gns_region":null,"min_label":3.5,"max_label":7.5,"min_zoom":2,"wikidataid":"Q99","name_ar":"كاليفورنيا","name_bn":"ক্যালিফোর্নিয়া","name_de":"Kalifornien","name_en":"California","name_es":"California","name_fr":"Californie","name_el":"Καλιφόρνια","name_hi":"कैलिफ़ोर्निया","name_hu":"Kalifornia","name_id":"California","name_it":"California","name_ja":"カリフォルニア州","name_ko":"캘리포니아","name_nl":"Californië","name_pl":"Kalifornia","name_pt":"Califórnia","name_ru":"Калифорния","name_sv":"Kalifornien","name_tr":"Kaliforniya","name_vi":"California","name_zh":"加利福尼亚州","ne_id":1159308415,"name_he":"קליפורניה","name_uk":"Каліфорнія","name_ur":"کیلی فورنیا","name_fa":"کالیفرنیا","name_zht":"加利福尼亞州","FCLASS_ISO":null,"FCLASS_US":null,"FCLASS_FR":null,"FCLASS_RU":null,"FCLASS_ES":null,"FCLASS_CN":null,"FCLASS_TW":null,"FCLASS_IN":null,"FCLASS_NP":null,"FCLASS_PK":null,"FCLASS_DE":null,"FCLASS_GB":null,"FCLASS_BR":null,"FCLASS_IL":null,"FCLASS_PS":null,"FCLASS_SA":null,"FCLASS_EG":null,"FCLASS_MA":null,"FCLASS_PT":null,"FCLASS_AR":null,"FCLASS_JP":null,"FCLASS_KO":null,"FCLASS_VN":null,"FCLASS_TR":null,"FCLASS_ID":null,"FCLASS_PL":null,"FCLASS_GR":null,"FCLASS_IT":null,"FCLASS_NL":null,"FCLASS_SE":null,"FCLASS_BD":null,"FCLASS_UA":null,"FCLASS_TLC":null}},
{"type":"Feature","geometry":{"type":"Polygon","coordinates":[[[-109.04667,37.000846],[-106.40164,37.000846],[-103.000839,37.000846],[-102.012783,37.000846],[-102.024489,40.001124],[-102.025006,41.000628],[-104.021655,41.000858],[-109.04639,41.000858],[-109.04667,37.000846]]]},"properties":{"featurecla":"Admin-1 scale rank","scalerank":2,"adm1_code":"USA-3522","diss_me":3522,"iso_3166_2":"US-CO","wikipedia":"http://en.wikipedia.org/wiki/Colorado","iso_a2":"US","adm0_sr":1,"name":"Colorado","name_alt":"CO|Colo.","name_local":null,"type":"State","type_en":"State","code_local":"US08","code_hasc":"US.CO","note":null,"hasc_maybe":null,"region":"West","region_cod":null,"provnum_ne":0,"gadm_level":1,"check_me":20,"datarank":1,"abbrev":"Colo.","postal":"CO","area_sqkm":0,"sameascity":-99,"labelrank":0,"name_len":8,"mapcolor9":1,"mapcolor13":1,"fips":"US08","fips_alt":null,"woe_id":2347564,"woe_label":"Colorado, US, United States","woe_name":"Colorado","latitude":38.9998,"longitude":-105.543,"sov_a3":"US1","adm0_a3":"USA","adm0_label":2,"admin":"United States of America","geonunit":"United States of America","gu_a3":"USA","gn_id":5417618,"gn_name":"Colorado","gns_id":-1,"gns_name":null,"gn_level":1,"gn_region":null,"gn_a1_code":"US.CO","region_sub":"Mountain","sub_code":null,"gns_level":-1,"gns_lang":null,"gns_adm1":null,"gns_region":null,"min_label":3.5,"max_label":7.5,"min_zoom":2,"wikidataid":"Q1261","name_ar":"كولورادو","name_bn":"কলোরাডো","name_de":"Colorado","name_en":"Colorado","name_es":"Colorado","name_fr":"Colorado","name_el":"Κολοράντο","name_hi":"कॉलराडो","name_hu":"Colorado","name_id":"Colorado","name_it":"Colorado","name_ja":"コロラド州","name_ko":"콜로라도","name_nl":"Colorado","name_pl":"Kolorado","name_pt":"Colorado","name_ru":"Колорадо","name_sv":"Colorado","name_tr":"Colorado","name_vi":"Colorado","name_zh":"科罗拉多州","ne_id":1159315343,"name_he":"קולורדו","name_uk":"Колорадо","name_ur":"کولوراڈو","name_fa":"کلرادو","name_zht":"科羅拉多州","FCLASS_ISO":null,"FCLASS_US":null,"FCLASS_FR":null,"FCLASS_RU":null,"FCLASS_ES":null,"FCLASS_CN":null,"FCLASS_TW":null,"FCLASS_IN":null,"FCLASS_NP":null,"FCLASS_PK":null,"FCLASS_DE":null,"FCLASS_GB":null,"FCLASS_BR":null,"FCLASS_IL":null,"FCLASS_PS":null,"FCLASS_SA":null,"FCLASS_EG":null,"FCLASS_MA":null,"FCLASS_PT":null,"FCLASS_AR":null,"FCLASS_JP":null,"FCLASS_KO":null,"FCLASS_VN":null,"FCLASS_TR":null,"FCLASS_ID":null,"FCLASS_PL":null,"FCLASS_GR":null,"FCLASS_IT":null,"FCLASS_NL":null,"FCLASS_SE":null,"FCLASS_BD":null,"FCLASS_UA":null,"FCLASS_TLC":null}},
{"type":"Feature","geometry":{"type":"Polygon","coordinates":[[[-71.800836,42.011963],[-73.480568,42.055568],[-73.630466,40.99186],[-71.842353,41.335513],[-71.800836,42.011963]]]},"properties":{"featurecla":"Admin-1 scale rank","scalerank":2,"adm1_code":"USA-3537","diss_me":3537,"iso_3166_2":"US-CT","wikipedia":"http://en.wikipedia.org/wiki/Connecticut","iso_a2":"US","adm0_sr":1,"name":"Connecticut","name_alt":"CT|Conn.","name_local":null,"type":"State","type_en":"State","code_local":"US09","code_hasc":"US.CT","note":null,"hasc_maybe":null,"region":"Northeast","region_cod":null,"provnum_ne":0,"gadm_level":1,"check_me":20,"datarank":1,"abbrev":"Conn.","postal":"CT","area_sqkm":0,"sameascity":-99,"labelrank":0,"name_len":11,"mapcolor9":1,"mapcolor13":1,"fips":"US09","fips_alt":null,"woe_id":2347565,"woe_label":"Connecticut, US, United States","woe_name":"Connecticut","latitude":41.6486,"longitude":-72.7594,"sov_a3":"US1","adm0_a3":"USA","adm0_label":2,"admin":"United States of America","geonunit":"United States of America","gu_a3":"USA","gn_id":4831725,"gn_name":"Connecticut","gns_id":-1,"gns_name":null,"gn_level":1,"gn_region":null,"gn_a1_code":"US.CT","region_sub":"New England","sub_code":null,"gns_level":-1,"gns_lang":null,"gns_adm1":null,"gns_region":null,"min_label":3.5,"max_label":7.5,"min_zoom":2,"wikidataid":"Q779","name_ar":"كونيتيكت","name_bn":"কানেটিকাট","name_de":"Connecticut","name_en":"Connecticut","name_es":"Connecticut","name_fr":"Connecticut","name_el":"Κονέκτικατ","name_hi":"कनेक्टिकट","name_hu":"Connecticut","name_id":"Connecticut","name_it":"Connecticut","name_ja":"コネチカット州","name_ko":"코네티컷","name_nl":"Connecticut","name_pl":"Connecticut","name_pt":"Connecticut","name_ru":"Коннектикут","name_sv":"Connecticut","name_tr":"Connecticut","name_vi":"Connecticut","name_zh":"康涅狄格州","ne_id":1159315301,"name_he":"קונטיקט","name_uk":"Коннектикут","name_ur":"کنیکٹیکٹ","name_fa":"کانتیکت","name_zht":"康乃狄克州","FCLASS_ISO":null,"FCLASS_US":null,"FCLASS_FR":null,"FCLASS_RU":null,"FCLASS_ES":null,"FCLASS_CN":null,"FCLASS_TW":null,"FCLASS_IN":null,"FCLASS_NP":null,"FCLASS_PK":null,"FCLASS_DE":null,"FCLASS_GB":null,"FCLASS_BR":null,"FCLASS_IL":null,"FCLASS_PS":null,"FCLASS_SA":null,"FCLASS_EG":null,"FCLASS_MA":null,"FCLASS_PT":null,"FCLASS_AR":null,"FCLASS_JP":null,"FCLASS_KO":null,"FCLASS_VN":null,"FCLASS_TR":null,"FCLASS_ID":null,"FCLASS_PL":null,"FCLASS_GR":null,"FCLASS_IT":null,"FCLASS_NL":null,"FCLASS_SE":null,"FCLASS_BD":null,"FCLASS_UA":null,"FCLASS_TLC":null}},
{"type":"Feature","geometry":null,"properties":{"featurecla":"Admin-1 scale rank","scalerank":2,"adm1_code":"USA-3556","diss_me":3556,"iso_3166_2":"US-DC","wikipedia":"http://en.wikipedia.org/wiki/Washington,_D.C.","iso_a2":"US","adm0_sr":1,"name":"District of Columbia","name_alt":"DC|D.C.","name_local":null,"type":"Federal District","type_en":"Federal District","code_local":"US11","code_hasc":"US.DC","note":null,"hasc_maybe":null,"region":"South","region_cod":null,"provnum_ne":0,"gadm_level":1,"check_me":20,"datarank":1,"abbrev":"D.C.","postal":"DC","area_sqkm":0,"sameascity":9,"labelrank":9,"name_len":20,"mapcolor9":1,"mapcolor13":1,"fips":"US11","fips_alt":null,"woe_id":2347567,"woe_label":"District of Columbia, US, United States","woe_name":"District of Columbia","latitude":38.8922,"longitude":-77.0113,"sov_a3":"US1","adm0_a3":"USA","adm0_label":2,"admin":"United States of America","geonunit":"United States of America","gu_a3":"USA","gn_id":4138106,"gn_name":"District of Columbia","gns_id":-1,"gns_name":null,"gn_level":1,"gn_region":null,"gn_a1_code":"US.DC","region_sub":"South Atlantic","sub_code":null,"gns_level":-1,"gns_lang":null,"gns_adm1":null,"gns_region":null,"min_label":3.5,"max_label":7.5,"min_zoom":2,"wikidataid":"Q61","name_ar":"واشنطن","name_bn":"ওয়াশিংটন","name_de":"Washington","name_en":"Washington","name_es":"Washington D. C.","name_fr":"Washington","name_el":"Ουάσινγκτον","name_hi":"वॉशिंगटन डी॰ सी॰","name_hu":"Washington","name_id":"Washington","name_it":"Washington","name_ja":"ワシントンD.C.","name_ko":"워싱턴 D.C.","name_nl":"Washington D.C.","name_pl":"Waszyngton","name_pt":"Washington","name_ru":"Вашингтон","name_sv":"Washington","name_tr":"Washington","name_vi":"Washington","name_zh":"华盛顿哥伦比亚特区","ne_id":1159315327,"name_he":"וושינגטון די. סי.","name_uk":"Вашингтон","name_ur":"واشنگٹن ڈی سی","name_fa":"واشینگتن، دی. سی.","name_zht":"華盛頓哥倫比亞特區","FCLASS_ISO":null,"FCLASS_US":null,"FCLASS_FR":null,"FCLASS_RU":null,"FCLASS_ES":null,"FCLASS_CN":null,"FCLASS_TW":null,"FCLASS_IN":null,"FCLASS_NP":null,"FCLASS_PK":null,"FCLASS_DE":null,"FCLASS_GB":null,"FCLASS_BR":null,"FCLASS_IL":null,"FCLASS_PS":null,"FCLASS_SA":null,"FCLASS_EG":null,"FCLASS_MA":null,"FCLASS_PT":null,"FCLASS_AR":null,"FCLASS_JP":null,"FCLASS_KO":null,"FCLASS_VN":null,"FCLASS_TR":null,"FCLASS_ID":null,"FCLASS_PL":null,"FCLASS_GR":null,"FCLASS_IT":null,"FCLASS_NL":null,"FCLASS_SE":null,"FCLASS_BD":null,"FCLASS_UA":null,"FCLASS_TLC":null}},
{"type":"Feature","geometry":{"type":"Polygon","coordinates":[[[-75.037661,38.45559],[-75.421029,39.815422],[-75.78472,39.722357],[-75.707025,38.455073],[-75.037661,38.45559]]]},"properties":{"featurecla":"Admin-1 scale rank","scalerank":2,"adm1_code":"USA-3555","diss_me":3555,"iso_3166_2":"US-DE","wikipedia":"http://en.wikipedia.org/wiki/Delaware","iso_a2":"US","adm0_sr":1,"name":"Delaware","name_alt":"DE|Del.","name_local":null,"type":"State","type_en":"State","code_local":"US10","code_hasc":"US.DE","note":null,"hasc_maybe":null,"region":"South","region_cod":null,"provnum_ne":0,"gadm_level":1,"check_me":20,"datarank":1,"abbrev":"Del.","postal":"DE","area_sqkm":0,"sameascity":-99,"labelrank":0,"name_len":8,"mapcolor9":1,"mapcolor13":1,"fips":"US10","fips_alt":null,"woe_id":2347566,"woe_label":"Delaware, US, United States","woe_name":"Delaware","latitude":38.8657,"longitude":-75.4112,"sov_a3":"US1","adm0_a3":"USA","adm0_label":2,"admin":"United States of America","geonunit":"United States of America","gu_a3":"USA","gn_id":4142224,"gn_name":"Delaware","gns_id":-1,"gns_name":null,"gn_level":1,"gn_region":null,"gn_a1_code":"US.DE","region_sub":"South Atlantic","sub_code":null,"gns_level":-1,"gns_lang":null,"gns_adm1":null,"gns_region":null,"min_label":3.5,"max_label":7.5,"min_zoom":2,"wikidataid":"Q1393","name_ar":"ديلاوير","name_bn":"ডেলাওয়্যার","name_de":"Delaware","name_en":"Delaware","name_es":"Delaware","name_fr":"Delaware","name_el":"Ντέλαγουερ","name_hi":"डेलावेयर","name_hu":"Delaware","name_id":"Delaware","name_it":"Delaware","name_ja":"デラウェア州","name_ko":"델라웨어","name_nl":"Delaware","name_pl":"Delaware","name_pt":"Delaware","name_ru":"Делавэр","name_sv":"Delaware","name_tr":"Delaware","name_vi":"Delaware","name_zh":"特拉华州","ne_id":1159315325,"name_he":"דלאוור","name_uk":"Делавер","name_ur":"ڈیلاویئر","name_fa":"دلاویر","name_zht":"特拉華州","FCLASS_ISO":null,"FCLASS_US":null,"FCLASS_FR":null,"FCLASS_RU":null,"FCLASS_ES":null,"FCLASS_CN":null,"FCLASS_TW":null,"FCLASS_IN":null,"FCLASS_NP":null,"FCLASS_PK":null,"FCLASS_DE":null,"FCLASS_GB":null,"FCLASS_BR":null,"FCLASS_IL":null,"FCLASS_PS":null,"FCLASS_SA":null,"FCLASS_EG":null,"FCLASS_MA":null,"FCLASS_PT":null,"FCLASS_AR":null,"FCLASS_JP":null,"FCLASS_KO":null,"FCLASS_VN":null,"FCLASS_TR":null,"FCLASS_ID":null,"FCLASS_PL":null,"FCLASS_GR":null,"FCLASS_IT":null,"FCLASS_NL":null,"FCLASS_SE":null,"FCLASS_BD":null,"FCLASS_UA":null,"FCLASS_TLC":null}},
{"type":"Feature","geometry":{"type":"Polygon","coordinates":[[[-87.489511,30.377683],[-86.257394,30.493017],[-85.353626,29.87575],[-83.694371,29.92598],[-82.651483,28.887486],[-82.843513,27.846004],[-82.44137,27.059691],[-81.364929,25.831035],[-81.097654,25.319149],[-80.36692,25.331267],[-80.041307,26.568613],[-80.650115,28.180911],[-80.524123,28.48609],[-81.249507,29.793792],[-81.503939,30.731432],[-82.23988,30.565681],[-84.883938,30.72094],[-85.007282,31.001673],[-87.593694,31.000739],[-87.489511,30.377683]]]},"properties":{"featurecla":"Admin-1 scale rank","scalerank":2,"adm1_code":"USA-3542","diss_me":3542,"iso_3166_2":"US-FL","wikipedia":"http://en.wikipedia.org/wiki/Florida","iso_a2":"US","adm0_sr":5,"name":"Florida","name_alt":"FL|Fla.","name_local":null,"type":"State","type_en":"State","code_local":"US12","code_hasc":"US.FL","note":null,"hasc_maybe":null,"region":"South","region_cod":null,"provnum_ne":0,"gadm_level":1,"check_me":20,"datarank":8,"abbrev":"Fla.","postal":"FL","area_sqkm":0,"sameascity":-99,"labelrank":0,"name_len":7,"mapcolor9":1,"mapcolor13":1,"fips":"US12","fips_alt":null,"woe_id":2347568,"woe_label":"Florida, US, United States","woe_name":"Florida","latitude":28.1568,"longitude":-81.6228,"sov_a3":"US1","adm0_a3":"USA","adm0_label":2,"admin":"United States of America","geonunit":"United States of America","gu_a3":"USA","gn_id":4155751,"gn_name":"Florida","gns_id":-1,"gns_name":null,"gn_level":1,"gn_region":null,"gn_a1_code":"US.FL","region_sub":"South Atlantic","sub_code":null,"gns_level":-1,"gns_lang":null,"gns_adm1":null,"gns_region":null,"min_label":3.5,"max_label":7.5,"min_zoom":2,"wikidataid":"Q812","name_ar":"فلوريدا","name_bn":"ফ্লোরিডা","name_de":"Florida","name_en":"Florida","name_es":"Florida","name_fr":"Floride","name_el":"Φλόριντα","name_hi":"फ़्लोरिडा","name_hu":"Florida","name_id":"Florida","name_it":"Florida","name_ja":"フロリダ州","name_ko":"플로리다","name_nl":"Florida","name_pl":"Floryda","name_pt":"Flórida","name_ru":"Флорида","name_sv":"Florida","name_tr":"Florida","name_vi":"Florida","name_zh":"佛罗里达州","ne_id":1159315207,"name_he":"פלורידה","name_uk":"Флорида","name_ur":"فلوریڈا","name_fa":"فلوریدا","name_zht":"佛羅里達州","FCLASS_ISO":null,"FCLASS_US":null,"FCLASS_FR":null,"FCLASS_RU":null,"FCLASS_ES":null,"FCLASS_CN":null,"FCLASS_TW":null,"FCLASS_IN":null,"FCLASS_NP":null,"FCLASS_PK":null,"FCLASS_DE":null,"FCLASS_GB":null,"FCLASS_BR":null,"FCLASS_IL":null,"FCLASS_PS":null,"FCLASS_SA":null,"FCLASS_EG":null,"FCLASS_MA":null,"FCLASS_PT":null,"FCLASS_AR":null,"FCLASS_JP":null,"FCLASS_KO":null,"FCLASS_VN":null,"FCLASS_TR":null,"FCLASS_ID":null,"FCLASS_PL":null,"FCLASS_GR":null,"FCLASS_IT":null,"FCLASS_NL":null,"FCLASS_SE":null,"FCLASS_BD":null,"FCLASS_UA":null,"FCLASS_TLC":null}},
{"type":"Feature","geometry":{"type":"Polygon","coordinates":[[[-85.007282,31.001673],[-84.883938,30.72094],[-82.23988,30.565681],[-81.503939,30.731432],[-80.872346,32.029565],[-81.489778,32.935663],[-82.589344,34.017618],[-83.114821,35.001477],[-84.32469,34.988096],[-85.623604,35.000862],[-85.200971,32.956229],[-84.929696,32.246556],[-85.007282,31.001673]]]},"properties":{"featurecla":"Admin-1 scale rank","scalerank":2,"adm1_code":"USA-3543","diss_me":3543,"iso_3166_2":"US-GA","wikipedia":"http://en.wikipedia.org/wiki/Georgia_(U.S._state)","iso_a2":"US","adm0_sr":6,"name":"Georgia","name_alt":"GA|Ga.","name_local":null,"type":"State","type_en":"State","code_local":"US13","code_hasc":"US.GA","note":null,"hasc_maybe":null,"region":"South","region_cod":null,"provnum_ne":0,"gadm_level":1,"check_me":20,"datarank":1,"abbrev":"Ga.","postal":"GA","area_sqkm":0,"sameascity":-99,"labelrank":0,"name_len":7,"mapcolor9":1,"mapcolor13":1,"fips":"US13","fips_alt":null,"woe_id":2347569,"woe_label":"Georgia, US, United States","woe_name":"Georgia","latitude":32.8547,"longitude":-83.4078,"sov_a3":"US1","adm0_a3":"USA","adm0_label":2,"admin":"United States of America","geonunit":"United States of America","gu_a3":"USA","gn_id":4197000,"gn_name":"Georgia","gns_id":-1,"gns_name":null,"gn_level":1,"gn_region":null,"gn_a1_code":"US.GA","region_sub":"South Atlantic","sub_code":null,"gns_level":-1,"gns_lang":null,"gns_adm1":null,"gns_region":null,"min_label":3.5,"max_label":7.5,"min_zoom":2,"wikidataid":"Q1428","name_ar":"جورجيا","name_bn":"জর্জিয়া","name_de":"Georgia","name_en":"Georgia","name_es":"Georgia","name_fr":"Géorgie","name_el":"Τζόρτζια","name_hi":"जॉर्जिया","name_hu":"Georgia","name_id":"Georgia","name_it":"Georgia","name_ja":"ジョージア州","name_ko":"조지아","name_nl":"Georgia","name_pl":"Georgia","name_pt":"Geórgia","name_ru":"Джорджия","name_sv":"Georgia","name_tr":"Georgia","name_vi":"Georgia","name_zh":"佐治亚州","ne_id":1159311857,"name_he":"ג'ורג'יה","name_uk":"Джорджія","name_ur":"ریاست جارجیا","name_fa":"جورجیا","name_zht":"喬治亞州","FCLASS_ISO":null,"FCLASS_US":null,"FCLASS_FR":null,"FCLASS_RU":null,"FCLASS_ES":null,"FCLASS_CN":null,"FCLASS_TW":null,"FCLASS_IN":null,"FCLASS_NP":null,"FCLASS_PK":null,"FCLASS_DE":null,"FCLASS_GB":null,"FCLASS_BR":null,"FCLASS_IL":null,"FCLASS_PS":null,"FCLASS_SA":null,"FCLASS_EG":null,"FCLASS_MA":null,"FCLASS_PT":null,"FCLASS_AR":null,"FCLASS_JP":null,"FCLASS_KO":null,"FCLASS_VN":null,"FCLASS_TR":null,"FCLASS_ID":null,"FCLASS_PL":null,"FCLASS_GR":null,"FCLASS_IT":null,"FCLASS_NL":null,"FCLASS_SE":null,"FCLASS_BD":null,"FCLASS_UA":null,"FCLASS_TLC":null}},
{"type":"Feature","geometry":{"type":"Polygon","coordinates":[[[-155.581325,19.012018],[-154.804188,19.524443],[-155.831621,20.27582],[-156.048686,19.749959],[-155.581325,19.012018]]]},"properties":{"featurecla":"Admin-1 scale rank","scalerank":2,"adm1_code":"USA-3517","diss_me":3517,"iso_3166_2":"US-HI","wikipedia":"http://en.wikipedia.org/wiki/Hawaii","iso_a2":"US","adm0_sr":8,"name":"Hawaii","name_alt":"HI|Hawaii","name_local":null,"type":"State","type_en":"State","code_local":"US15","code_hasc":"US.HI","note":null,"hasc_maybe":null,"region":"West","region_cod":null,"provnum_ne":0,"gadm_level":1,"check_me":20,"datarank":1,"abbrev":"Hawaii","postal":"HI","area_sqkm":0,"sameascity":-99,"labelrank":0,"name_len":6,"mapcolor9":1,"mapcolor13":1,"fips":"US15","fips_alt":null,"woe_id":2347570,"woe_label":"Hawaii, US, United States","woe_name":"Hawaii","latitude":21.4919,"longitude":-157.999,"sov_a3":"US1","adm0_a3":"USA","adm0_label":2,"admin":"United States of America","geonunit":"United States of America","gu_a3":"USA","gn_id":5855797,"gn_name":"Hawaii","gns_id":-1,"gns_name":null,"gn_level":1,"gn_region":null,"gn_a1_code":"US.HI","region_sub":"Pacific","sub_code":null,"gns_level":-1,"gns_lang":null,"gns_adm1":null,"gns_region":null,"min_label":3.5,"max_label":7.5,"min_zoom":2,"wikidataid":"Q782","name_ar":"هاواي","name_bn":"হাওয়াই","name_de":"Hawaii","name_en":"Hawaii","name_es":"Hawái","name_fr":"Hawaï","name_el":"Χαβάη","name_hi":"हवाई","name_hu":"Hawaii","name_id":"Hawaii","name_it":"Hawaii","name_ja":"ハワイ州","name_ko":"하와이","name_nl":"Hawaï","name_pl":"Hawaje","name_pt":"Havaí","name_ru":"Гавайи","name_sv":"Hawaii","name_tr":"Hawaii","name_vi":"Hawaii","name_zh":"夏威夷州","ne_id":1159308409,"name_he":"הוואי","name_uk":"Гаваї","name_ur":"ہوائی","name_fa":"هاوائی","name_zht":"夏威夷州","FCLASS_ISO":null,"FCLASS_US":null,"FCLASS_FR":null,"FCLASS_RU":null,"FCLASS_ES":null,"FCLASS_CN":null,"FCLASS_TW":null,"FCLASS_IN":null,"FCLASS_NP":null,"FCLASS_PK":null,"FCLASS_DE":null,"FCLASS_GB":null,"FCLASS_BR":null,"FCLASS_IL":null,"FCLASS_PS":null,"FCLASS_SA":null,"FCLASS_EG":null,"FCLASS_MA":null,"FCLASS_PT":null,"FCLASS_AR":null,"FCLASS_JP":null,"FCLASS_KO":null,"FCLASS_VN":null,"FCLASS_TR":null,"FCLASS_ID":null,"FCLASS_PL":null,"FCLASS_GR":null,"FCLASS_IT":null,"FCLASS_NL":null,"FCLASS_SE":null,"FCLASS_BD":null,"FCLASS_UA":null,"FCLASS_TLC":null}},
{"type":"Feature","geometry":{"type":"Polygon","coordinates":[[[-91.441952,40.37945],[-90.167516,42.100304],[-90.650585,42.512984],[-91.245253,43.502412],[-96.453619,43.501171],[-96.480953,42.511259],[-95.883626,41.287557],[-95.765029,40.601868],[-91.73153,40.624653],[-91.441952,40.37945]]]},"properties":{"featurecla":"Admin-1 scale rank","scalerank":2,"adm1_code":"USA-3529","diss_me":3529,"iso_3166_2":"US-IA","wikipedia":"http://en.wikipedia.org/wiki/Iowa","iso_a2":"US","adm0_sr":1,"name":"Iowa","name_alt":"IA|Iowa","name_local":null,"type":"State","type_en":"State","code_local":"US19","code_hasc":"US.IA","note":null,"hasc_maybe":null,"region":"Midwest","region_cod":null,"provnum_ne":0,"gadm_level":1,"check_me":20,"datarank":1,"abbrev":"Iowa","postal":"IA","area_sqkm":0,"sameascity":-99,"labelrank":0,"name_len":4,"mapcolor9":1,"mapcolor13":1,"fips":"US19","fips_alt":null,"woe_id":2347574,"woe_label":"Iowa, US, United States","woe_name":"Iowa","latitude":42.0423,"longitude":-93.3891,"sov_a3":"US1","adm0_a3":"USA","adm0_label":2,"admin":"United States of America","geonunit":"United States of America","gu_a3":"USA","gn_id":4862182,"gn_name":"Iowa","gns_id":-1,"gns_name":null,"gn_level":1,"gn_region":null,"gn_a1_code":"US.IA","region_sub":"West North Central","sub_code":null,"gns_level":-1,"gns_lang":null,"gns_adm1":null,"gns_region":null,"min_label":3.5,"max_label":7.5,"min_zoom":2,"wikidataid":"Q1546","name_ar":"آيوا","name_bn":"আইওয়া","name_de":"Iowa","name_en":"Iowa","name_es":"Iowa","name_fr":"Iowa","name_el":"Άιοβα","name_hi":"आयोवा","name_hu":"Iowa","name_id":"Iowa","name_it":"Iowa","name_ja":"アイオワ州","name_ko":"아이오와","name_nl":"Iowa","name_pl":"Iowa","name_pt":"Iowa","name_ru":"Айова","name_sv":"Iowa","name_tr":"Iowa","name_vi":"Iowa","name_zh":"艾奥瓦州","ne_id":1159315357,"name_he":"איווה","name_uk":"Айова","name_ur":"آئیووا","name_fa":"آیووا","name_zht":"愛荷華州","FCLASS_ISO":null,"FCLASS_US":null,"FCLASS_FR":null,"FCLASS_RU":null,"FCLASS_ES":null,"FCLASS_CN":null,"FCLASS_TW":null,"FCLASS_IN":null,"FCLASS_NP":null,"FCLASS_PK":null,"FCLASS_DE":null,"FCLASS_GB":null,"FCLASS_BR":null,"FCLASS_IL":null,"FCLASS_PS":null,"FCLASS_SA":null,"FCLASS_EG":null,"FCLASS_MA":null,"FCLASS_PT":null,"FCLASS_AR":null,"FCLASS_JP":null,"FCLASS_KO":null,"FCLASS_VN":null,"FCLASS_TR":null,"FCLASS_ID":null,"FCLASS_PL":null,"FCLASS_GR":null,"FCLASS_IT":null,"FCLASS_NL":null,"FCLASS_SE":null,"FCLASS_BD":null,"FCLASS_UA":null,"FCLASS_TLC":null}},
{"type":"Feature","geometry":{"type":"Polygon","coordinates":[[[-117.039054,48.993083],[-117.025046,46.429159],[-116.896479,46.002099],[-116.477043,45.641088],[-117.197312,44.3438],[-117.020498,43.813194],[-117.016675,42.000559],[-114.042593,42.001109],[-111.050296,42.000878],[-111.051434,44.498883],[-112.999689,44.48036],[-114.485359,46.158214],[-114.345805,46.550591],[-115.702468,47.437594],[-116.04901,48.00472],[-116.048494,48.993083],[-117.039054,48.993083]]]},"properties":{"featurecla":"Admin-1 scale rank","scalerank":2,"adm1_code":"USA-3518","diss_me":3518,"iso_3166_2":"US-ID","wikipedia":"http://en.wikipedia.org/wiki/Idaho","iso_a2":"US","adm0_sr":1,"name":"Idaho","name_alt":"ID|Idaho","name_local":null,"type":"State","type_en":"State","code_local":"US16","code_hasc":"US.ID","note":null,"hasc_maybe":null,"region":"West","region_cod":null,"provnum_ne":0,"gadm_level":1,"check_me":20,"datarank":1,"abbrev":"Idaho","postal":"ID","area_sqkm":0,"sameascity":-99,"labelrank":0,"name_len":5,"mapcolor9":1,"mapcolor13":1,"fips":"US16","fips_alt":null,"woe_id":2347571,"woe_label":"Idaho, US, United States","woe_name":"Idaho","latitude":43.7825,"longitude":-114.133,"sov_a3":"US1","adm0_a3":"USA","adm0_label":2,"admin":"United States of America","geonunit":"United States of America","gu_a3":"USA","gn_id":5596512,"gn_name":"Idaho","gns_id":-1,"gns_name":null,"gn_level":1,"gn_region":null,"gn_a1_code":"US.ID","region_sub":"Mountain","sub_code":null,"gns_level":-1,"gns_lang":null,"gns_adm1":null,"gns_region":null,"min_label":3.5,"max_label":7.5,"min_zoom":2,"wikidataid":"Q1221","name_ar":"أيداهو","name_bn":"আইডাহো","name_de":"Idaho","name_en":"Idaho","name_es":"Idaho","name_fr":"Idaho","name_el":"Άινταχο","name_hi":"आयडाहो","name_hu":"Idaho","name_id":"Idaho","name_it":"Idaho","name_ja":"アイダホ州","name_ko":"아이다호","name_nl":"Idaho","name_pl":"Idaho","name_pt":"Idaho","name_ru":"Айдахо","name_sv":"Idaho","name_tr":"Idaho","name_vi":"Idaho","name_zh":"爱达荷州","ne_id":1159315339,"name_he":"איידהו","name_uk":"Айдахо","name_ur":"ایڈاہو","name_fa":"آیداهو","name_zht":"愛達荷州","FCLASS_ISO":null,"FCLASS_US":null,"FCLASS_FR":null,"FCLASS_RU":null,"FCLASS_ES":null,"FCLASS_CN":null,"FCLASS_TW":null,"FCLASS_IN":null,"FCLASS_NP":null,"FCLASS_PK":null,"FCLASS_DE":null,"FCLASS_GB":null,"FCLASS_BR":null,"FCLASS_IL":null,"FCLASS_PS":null,"FCLASS_SA":null,"FCLASS_EG":null,"FCLASS_MA":null,"FCLASS_PT":null,"FCLASS_AR":null,"FCLASS_JP":null,"FCLASS_KO":null,"FCLASS_VN":null,"FCLASS_TR":null,"FCLASS_ID":null,"FCLASS_PL":null,"FCLASS_GR":null,"FCLASS_IT":null,"FCLASS_NL":null,"FCLASS_SE":null,"FCLASS_BD":null,"FCLASS_UA":null,"FCLASS_TLC":null}},
{"type":"Feature","geometry":{"type":"Polygon","coordinates":[[[-91.441952,40.37945],[-91.378737,39.749406],[-90.663527,38.987493],[-90.373993,38.309757],[-89.523421,37.644524],[-89.154313,36.992112],[-88.041991,37.788851],[-87.530281,38.908897],[-87.521085,41.760761],[-87.221257,41.760728],[-87.039126,42.492802],[-90.650585,42.512984],[-90.167516,42.100304],[-91.441952,40.37945]]]},"properties":{"featurecla":"Admin-1 scale rank","scalerank":2,"adm1_code":"USA-3546","diss_me":3546,"iso_3166_2":"US-IL","wikipedia":"http://en.wikipedia.org/wiki/Illinois","iso_a2":"US","adm0_sr":1,"name":"Illinois","name_alt":"IL|Ill.","name_local":null,"type":"State","type_en":"State","code_local":"US17","code_hasc":"US.IL","note":null,"hasc_maybe":null,"region":"Midwest","region_cod":null,"provnum_ne":0,"gadm_level":1,"check_me":20,"datarank":1,"abbrev":"Ill.","postal":"IL","area_sqkm":0,"sameascity":-99,"labelrank":0,"name_len":8,"mapcolor9":1,"mapcolor13":1,"fips":"US17","fips_alt":null,"woe_id":2347572,"woe_label":"Illinois, US, United States","woe_name":"Illinois","latitude":39.946,"longitude":-89.1991,"sov_a3":"US1","adm0_a3":"USA","adm0_label":2,"admin":"United States of America","geonunit":"United States of America","gu_a3":"USA","gn_id":4896861,"gn_name":"Illinois","gns_id":-1,"gns_name":null,"gn_level":1,"gn_region":null,"gn_a1_code":"US.IL","region_sub":"East North Central","sub_code":null,"gns_level":-1,"gns_lang":null,"gns_adm1":null,"gns_region":null,"min_label":3.5,"max_label":7.5,"min_zoom":2,"wikidataid":"Q1204","name_ar":"إلينوي","name_bn":"ইলিনয়","name_de":"Illinois","name_en":"Illinois","name_es":"Illinois","name_fr":"Illinois","name_el":"Ιλινόι","name_hi":"इलिनॉय","name_hu":"Illinois","name_id":"Illinois","name_it":"Illinois","name_ja":"イリノイ州","name_ko":"일리노이","name_nl":"Illinois","name_pl":"Illinois","name_pt":"Illinois","name_ru":"Иллинойс","name_sv":"Illinois","name_tr":"Illinois","name_vi":"Illinois","name_zh":"伊利诺伊州","ne_id":1159315309,"name_he":"אילינוי","name_uk":"Іллінойс","name_ur":"الینوائے","name_fa":"ایلینوی","name_zht":"伊利諾州","FCLASS_ISO":null,"FCLASS_US":null,"FCLASS_FR":null,"FCLASS_RU":null,"FCLASS_ES":null,"FCLASS_CN":null,"FCLASS_TW":null,"FCLASS_IN":null,"FCLASS_NP":null,"FCLASS_PK":null,"FCLASS_DE":null,"FCLASS_GB":null,"FCLASS_BR":null,"FCLASS_IL":null,"FCLASS_PS":null,"FCLASS_SA":null,"FCLASS_EG":null,"FCLASS_MA":null,"FCLASS_PT":null,"FCLASS_AR":null,"FCLASS_JP":null,"FCLASS_KO":null,"FCLASS_VN":null,"FCLASS_TR":null,"FCLASS_ID":null,"FCLASS_PL":null,"FCLASS_GR":null,"FCLASS_IT":null,"FCLASS_NL":null,"FCLASS_SE":null,"FCLASS_BD":null,"FCLASS_UA":null,"FCLASS_TLC":null}},
{"type":"Feature","geometry":{"type":"Polygon","coordinates":[[[-88.041991,37.788851],[-86.103442,37.991868],[-84.821711,39.091984],[-84.796113,41.701434],[-87.221257,41.760728],[-87.521085,41.760761],[-87.530281,38.908897],[-88.041991,37.788851]]]},"properties":{"featurecla":"Admin-1 scale rank","scalerank":2,"adm1_code":"USA-3547","diss_me":3547,"iso_3166_2":"US-IN","wikipedia":"http://en.wikipedia.org/wiki/Indiana","iso_a2":"US","adm0_sr":1,"name":"Indiana","name_alt":"IN|Ind.","name_local":null,"type":"State","type_en":"State","code_local":"US18","code_hasc":"US.IN","note":null,"hasc_maybe":null,"region":"Midwest","region_cod":null,"provnum_ne":0,"gadm_level":1,"check_me":20,"datarank":1,"abbrev":"Ind.","postal":"IN","area_sqkm":0,"sameascity":-99,"labelrank":0,"name_len":7,"mapcolor9":1,"mapcolor13":1,"fips":"US18","fips_alt":null,"woe_id":2347573,"woe_label":"Indiana, US, United States","woe_name":"Indiana","latitude":39.8874,"longitude":-86.1396,"sov_a3":"US1","adm0_a3":"USA","adm0_label":2,"admin":"United States of America","geonunit":"United States of America","gu_a3":"USA","gn_id":4921868,"gn_name":"Indiana","gns_id":-1,"gns_name":null,"gn_level":1,"gn_region":null,"gn_a1_code":"US.IN","region_sub":"East North Central","sub_code":null,"gns_level":-1,"gns_lang":null,"gns_adm1":null,"gns_region":null,"min_label":3.5,"max_label":7.5,"min_zoom":2,"wikidataid":"Q1415","name_ar":"إنديانا","name_bn":"ইন্ডিয়ানা","name_de":"Indiana","name_en":"Indiana","name_es":"Indiana","name_fr":"Indiana","name_el":"Ιντιάνα","name_hi":"इंडियाना","name_hu":"Indiana","name_id":"Indiana","name_it":"Indiana","name_ja":"インディアナ州","name_ko":"인디애나","name_nl":"Indiana","name_pl":"Indiana","name_pt":"Indiana","name_ru":"Индиана","name_sv":"Indiana","name_tr":"Indiana","name_vi":"Indiana","name_zh":"印第安纳州","ne_id":1159315311,"name_he":"אינדיאנה","name_uk":"Індіана","name_ur":"انڈیانا","name_fa":"ایندیانا","name_zht":"印第安纳州","FCLASS_ISO":null,"FCLASS_US":null,"FCLASS_FR":null,"FCLASS_RU":null,"FCLASS_ES":null,"FCLASS_CN":null,"FCLASS_TW":null,"FCLASS_IN":null,"FCLASS_NP":null,"FCLASS_PK":null,"FCLASS_DE":null,"FCLASS_GB":null,"FCLASS_BR":null,"FCLASS_IL":null,"FCLASS_PS":null,"FCLASS_SA":null,"FCLASS_EG":null,"FCLASS_MA":null,"FCLASS_PT":null,"FCLASS_AR":null,"FCLASS_JP":null,"FCLASS_KO":null,"FCLASS_VN":null,"FCLASS_TR":null,"FCLASS_ID":null,"FCLASS_PL":null,"FCLASS_GR":null,"FCLASS_IT":null,"FCLASS_NL":null,"FCLASS_SE":null,"FCLASS_BD":null,"FCLASS_UA":null,"FCLASS_TLC":null}},
{"type":"Feature","geometry":{"type":"Polygon","coordinates":[[[-102.012783,37.000846],[-99.008654,37.000846],[-94.618067,37.000846],[-94.622384,39.124404],[-95.34668,40.001487],[-99.509296,40.001124],[-102.024489,40.001124],[-102.012783,37.000846]]]},"properties":{"featurecla":"Admin-1 scale rank","scalerank":2,"adm1_code":"USA-3530","diss_me":3530,"iso_3166_2":"US-KS","wikipedia":"http://en.wikipedia.org/wiki/Kansas","iso_a2":"US","adm0_sr":1,"name":"Kansas","name_alt":"KS|Kans.","name_local":null,"type":"State","type_en":"State","code_local":"US20","code_hasc":"US.KS","note":null,"hasc_maybe":null,"region":"Midwest","region_cod":null,"provnum_ne":0,"gadm_level":1,"check_me":20,"datarank":1,"abbrev":"Kans.","postal":"KS","area_sqkm":0,"sameascity":-99,"labelrank":0,"name_len":6,"mapcolor9":1,"mapcolor13":1,"fips":"US20","fips_alt":null,"woe_id":2347575,"woe_label":"Kansas, US, United States","woe_name":"Kansas","latitude":38.5,"longitude":-98.3309,"sov_a3":"US1","adm0_a3":"USA","adm0_label":2,"admin":"United States of America","geonunit":"United States of America","gu_a3":"USA","gn_id":4273857,"gn_name":"Kansas","gns_id":-1,"gns_name":null,"gn_level":1,"gn_region":null,"gn_a1_code":"US.KS","region_sub":"West North Central","sub_code":null,"gns_level":-1,"gns_lang":null,"gns_adm1":null,"gns_region":null,"min_label":3.5,"max_label":7.5,"min_zoom":2,"wikidataid":"Q1558","name_ar":"كانساس","name_bn":"ক্যান্সাস","name_de":"Kansas","name_en":"Kansas","name_es":"Kansas","name_fr":"Kansas","name_el":"Κάνσας","name_hi":"केन्सास","name_hu":"Kansas","name_id":"Kansas","name_it":"Kansas","name_ja":"カンザス州","name_ko":"캔자스","name_nl":"Kansas","name_pl":"Kansas","name_pt":"Kansas","name_ru":"Канзас","name_sv":"Kansas","name_tr":"Kansas","name_vi":"Kansas","name_zh":"堪萨斯州","ne_id":1159315359,"name_he":"קנזס","name_uk":"Канзас","name_ur":"کنساس","name_fa":"کانزاس","name_zht":"堪薩斯州","FCLASS_ISO":null,"FCLASS_US":null,"FCLASS_FR":null,"FCLASS_RU":null,"FCLASS_ES":null,"FCLASS_CN":null,"FCLASS_TW":null,"FCLASS_IN":null,"FCLASS_NP":null,"FCLASS_PK":null,"FCLASS_DE":null,"FCLASS_GB":null,"FCLASS_BR":null,"FCLASS_IL":null,"FCLASS_PS":null,"FCLASS_SA":null,"FCLASS_EG":null,"FCLASS_MA":null,"FCLASS_PT":null,"FCLASS_AR":null,"FCLASS_JP":null,"FCLASS_KO":null,"FCLASS_VN":null,"FCLASS_TR":null,"FCLASS_ID":null,"FCLASS_PL":null,"FCLASS_GR":null,"FCLASS_IT":null,"FCLASS_NL":null,"FCLASS_SE":null,"FCLASS_BD":null,"FCLASS_UA":null,"FCLASS_TLC":null}},
{"type":"Feature","geometry":{"type":"Polygon","coordinates":[[[-89.154313,36.992112],[-89.450329,36.500023],[-87.839151,36.643966],[-83.667521,36.60503],[-81.965277,37.539725],[-82.612778,38.448218],[-83.689878,38.649531],[-84.821711,39.091984],[-86.103442,37.991868],[-88.041991,37.788851],[-89.154313,36.992112]]]},"properties":{"featurecla":"Admin-1 scale rank","scalerank":2,"adm1_code":"USA-3548","diss_me":3548,"iso_3166_2":"US-KY","wikipedia":"http://en.wikipedia.org/wiki/Kentucky","iso_a2":"US","adm0_sr":1,"name":"Kentucky","name_alt":"Commonwealth of Kentucky|KY","name_local":null,"type":"State","type_en":"State","code_local":"US21","code_hasc":"US.KY","note":null,"hasc_maybe":"US.IN|USA-KEN","region":"South","region_cod":null,"provnum_ne":0,"gadm_level":1,"check_me":20,"datarank":1,"abbrev":"Ky.","postal":"KY","area_sqkm":0,"sameascity":-99,"labelrank":0,"name_len":8,"mapcolor9":1,"mapcolor13":1,"fips":"US21","fips_alt":"US18","woe_id":2347576,"woe_label":"Kentucky, US, United States","woe_name":"Kentucky","latitude":37.3994,"longitude":-85.5729,"sov_a3":"US1","adm0_a3":"USA","adm0_label":2,"admin":"United States of America","geonunit":"United States of America","gu_a3":"USA","gn_id":6254925,"gn_name":"Kentucky","gns_id":-1,"gns_name":null,"gn_level":1,"gn_region":null,"gn_a1_code":"US.KY","region_sub":"East South Central","sub_code":null,"gns_level":-1,"gns_lang":null,"gns_adm1":null,"gns_region":null,"min_label":3.5,"max_label":7.5,"min_zoom":2,"wikidataid":"Q1603","name_ar":"كنتاكي","name_bn":"কেন্টাকি","name_de":"Kentucky","name_en":"Kentucky","name_es":"Kentucky","name_fr":"Kentucky","name_el":"Κεντάκι","name_hi":"केन्टकी","name_hu":"Kentucky","name_id":"Kentucky","name_it":"Kentucky","name_ja":"ケンタッキー州","name_ko":"켄터키","name_nl":"Kentucky","name_pl":"Kentucky","name_pt":"Kentucky","name_ru":"Кентукки","name_sv":"Kentucky","name_tr":"Kentucky","name_vi":"Kentucky","name_zh":"肯塔基州","ne_id":1159315313,"name_he":"קנטקי","name_uk":"Кентуккі","name_ur":"کینٹکی","name_fa":"کنتاکی","name_zht":"肯塔基州","FCLASS_ISO":null,"FCLASS_US":null,"FCLASS_FR":null,"FCLASS_RU":null,"FCLASS_ES":null,"FCLASS_CN":null,"FCLASS_TW":null,"FCLASS_IN":null,"FCLASS_NP":null,"FCLASS_PK":null,"FCLASS_DE":null,"FCLASS_GB":null,"FCLASS_BR":null,"FCLASS_IL":null,"FCLASS_PS":null,"FCLASS_SA":null,"FCLASS_EG":null,"FCLASS_MA":null,"FCLASS_PT":null,"FCLASS_AR":null,"FCLASS_JP":null,"FCLASS_KO":null,"FCLASS_VN":null,"FCLASS_TR":null,"FCLASS_ID":null,"FCLASS_PL":null,"FCLASS_GR":null,"FCLASS_IT":null,"FCLASS_NL":null,"FCLASS_SE":null,"FCLASS_BD":null,"FCLASS_UA":null,"FCLASS_TLC":null}},
{"type":"Feature","geometry":{"type":"Polygon","coordinates":[[[-94.041307,33.011996],[-94.043301,31.999232],[-93.557749,31.180421],[-93.79401,29.977264],[-92.260824,29.55685],[-91.893172,29.836013],[-90.751022,29.130888],[-90.101367,29.181788],[-89.520861,30.192629],[-89.735314,31.001157],[-91.656449,31.001805],[-90.947721,32.240074],[-91.149958,33.015918],[-94.041307,33.011996]]]},"properties":{"featurecla":"Admin-1 scale rank","scalerank":2,"adm1_code":"USA-3535","diss_me":3535,"iso_3166_2":"US-LA","wikipedia":"http://en.wikipedia.org/wiki/Louisiana","iso_a2":"US","adm0_sr":5,"name":"Louisiana","name_alt":"LA","name_local":null,"type":"State","type_en":"State","code_local":"US22","code_hasc":"US.LA","note":null,"hasc_maybe":null,"region":"South","region_cod":null,"provnum_ne":0,"gadm_level":1,"check_me":20,"datarank":1,"abbrev":"La.","postal":"LA","area_sqkm":0,"sameascity":-99,"labelrank":0,"name_len":9,"mapcolor9":1,"mapcolor13":1,"fips":"US22","fips_alt":null,"woe_id":2347577,"woe_label":"Louisiana, US, United States","woe_name":"Louisiana","latitude":30.5274,"longitude":-91.9991,"sov_a3":"US1","adm0_a3":"USA","adm0_label":2,"admin":"United States of America","geonunit":"United States of America","gu_a3":"USA","gn_id":4331987,"gn_name":"Louisiana","gns_id":-1,"gns_name":null,"gn_level":1,"gn_region":null,"gn_a1_code":"US.LA","region_sub":"West South Central","sub_code":null,"gns_level":-1,"gns_lang":null,"gns_adm1":null,"gns_region":null,"min_label":3.5,"max_label":7.5,"min_zoom":2,"wikidataid":"Q1588","name_ar":"لويزيانا","name_bn":"লুইজিয়ানা","name_de":"Louisiana","name_en":"Louisiana","name_es":"Luisiana","name_fr":"Louisiane","name_el":"Λουιζιάνα","name_hi":"लुईज़ियाना","name_hu":"Louisiana","name_id":"Louisiana","name_it":"Louisiana","name_ja":"ルイジアナ州","name_ko":"루이지애나","name_nl":"Louisiana","name_pl":"Luizjana","name_pt":"Luisiana","name_ru":"Луизиана","name_sv":"Louisiana","name_tr":"Louisiana","name_vi":"Louisiana","name_zh":"路易斯安那州","ne_id":1159315221,"name_he":"לואיזיאנה","name_uk":"Луїзіана","name_ur":"لوزیانا","name_fa":"لوئیزیانا","name_zht":"路易斯安那州","FCLASS_ISO":null,"FCLASS_US":null,"FCLASS_FR":null,"FCLASS_RU":null,"FCLASS_ES":null,"FCLASS_CN":null,"FCLASS_TW":null,"FCLASS_IN":null,"FCLASS_NP":null,"FCLASS_PK":null,"FCLASS_DE":null,"FCLASS_GB":null,"FCLASS_BR":null,"FCLASS_IL":null,"FCLASS_PS":null,"FCLASS_SA":null,"FCLASS_EG":null,"FCLASS_MA":null,"FCLASS_PT":null,"FCLASS_AR":null,"FCLASS_JP":null,"FCLASS_KO":null,"FCLASS_VN":null,"FCLASS_TR":null,"FCLASS_ID":null,"FCLASS_PL":null,"FCLASS_GR":null,"FCLASS_IT":null,"FCLASS_NL":null,"FCLASS_SE":null,"FCLASS_BD":null,"FCLASS_UA":null,"FCLASS_TLC":null}},
{"type":"Feature","geometry":{"type":"Polygon","coordinates":[[[-71.800836,42.011963],[-71.233765,41.706554],[-70.40466,41.626892],[-70.806112,42.876763],[-72.46686,42.730315],[-73.253327,42.752222],[-73.480568,42.055568],[-71.800836,42.011963]]]},"properties":{"featurecla":"Admin-1 scale rank","scalerank":2,"adm1_code":"USA-3513","diss_me":3513,"iso_3166_2":"US-MA","wikipedia":"http://en.wikipedia.org/wiki/Massachusetts","iso_a2":"US","adm0_sr":6,"name":"Massachusetts","name_alt":"Commonwealth of Massachusetts|MA|Mass.","name_local":null,"type":"State","type_en":"State","code_local":"US25","code_hasc":"US.MA","note":null,"hasc_maybe":null,"region":"Northeast","region_cod":null,"provnum_ne":0,"gadm_level":1,"check_me":20,"datarank":1,"abbrev":"Mass.","postal":"MA","area_sqkm":0,"sameascity":-99,"labelrank":0,"name_len":13,"mapcolor9":1,"mapcolor13":1,"fips":"US25","fips_alt":null,"woe_id":2347580,"woe_label":"Massachusetts, US, United States","woe_name":"Massachusetts","latitude":42.3739,"longitude":-71.9993,"sov_a3":"US1","adm0_a3":"USA","adm0_label":2,"admin":"United States of America","geonunit":"United States of America","gu_a3":"USA","gn_id":6254926,"gn_name":"Massachusetts","gns_id":-1,"gns_name":null,"gn_level":1,"gn_region":null,"gn_a1_code":"US.MA","region_sub":"New England","sub_code":null,"gns_level":-1,"gns_lang":null,"gns_adm1":null,"gns_region":null,"min_label":3.5,"max_label":7.5,"min_zoom":2,"wikidataid":"Q771","name_ar":"ماساتشوستس","name_bn":"ম্যাসাচুসেটস","name_de":"Massachusetts","name_en":"Massachusetts","name_es":"Massachusetts","name_fr":"Massachusetts","name_el":"Μασαχουσέτη","name_hi":"मैसाचूसिट्स","name_hu":"Massachusetts","name_id":"Massachusetts","name_it":"Massachusetts","name_ja":"マサチューセッツ州","name_ko":"매사추세츠","name_nl":"Massachusetts","name_pl":"Massachusetts","name_pt":"Massachusetts","name_ru":"Массачусетс","name_sv":"Massachusetts","name_tr":"Massachusetts","name_vi":"Massachusetts","name_zh":"马萨诸塞州","ne_id":1159312157,"name_he":"מסצ'וסטס","name_uk":"Массачусетс","name_ur":"میساچوسٹس","name_fa":"ماساچوست","name_zht":"麻薩諸塞州","FCLASS_ISO":null,"FCLASS_US":null,"FCLASS_FR":null,"FCLASS_RU":null,"FCLASS_ES":null,"FCLASS_CN":null,"FCLASS_TW":null,"FCLASS_IN":null,"FCLASS_NP":null,"FCLASS_PK":null,"FCLASS_DE":null,"FCLASS_GB":null,"FCLASS_BR":null,"FCLASS_IL":null,"FCLASS_PS":null,"FCLASS_SA":null,"FCLASS_EG":null,"FCLASS_MA":null,"FCLASS_PT":null,"FCLASS_AR":null,"FCLASS_JP":null,"FCLASS_KO":null,"FCLASS_VN":null,"FCLASS_TR":null,"FCLASS_ID":null,"FCLASS_PL":null,"FCLASS_GR":null,"FCLASS_IT":null,"FCLASS_NL":null,"FCLASS_SE":null,"FCLASS_BD":null,"FCLASS_UA":null,"FCLASS_TLC":null}},
{"type":"Feature","geometry":{"type":"Polygon","coordinates":[[[-77.030361,38.889253],[-77.241584,38.494811],[-75.659256,37.953965],[-75.375963,38.024991],[-75.037661,38.45559],[-75.707025,38.455073],[-75.78472,39.722357],[-79.4775,39.722797],[-78.181135,39.68574],[-77.726642,39.346438],[-77.122053,38.943536],[-77.030361,38.889253]]]},"properties":{"featurecla":"Admin-1 scale rank","scalerank":2,"adm1_code":"USA-3557","diss_me":3557,"iso_3166_2":"US-MD","wikipedia":"http://en.wikipedia.org/wiki/Maryland","iso_a2":"US","adm0_sr":1,"name":"Maryland","name_alt":"MD","name_local":null,"type":"State","type_en":"State","code_local":"US24","code_hasc":"US.MD","note":null,"hasc_maybe":null,"region":"South","region_cod":null,"provnum_ne":0,"gadm_level":1,"check_me":20,"datarank":1,"abbrev":"Md.","postal":"MD","area_sqkm":0,"sameascity":-99,"labelrank":0,"name_len":8,"mapcolor9":1,"mapcolor13":1,"fips":"US24","fips_alt":null,"woe_id":2347579,"woe_label":"Maryland, US, United States","woe_name":"Maryland","latitude":39.3874,"longitude":-77.0454,"sov_a3":"US1","adm0_a3":"USA","adm0_label":2,"admin":"United States of America","geonunit":"United States of America","gu_a3":"USA","gn_id":4361885,"gn_name":"Maryland","gns_id":-1,"gns_name":null,"gn_level":1,"gn_region":null,"gn_a1_code":"US.MD","region_sub":"South Atlantic","sub_code":null,"gns_level":-1,"gns_lang":null,"gns_adm1":null,"gns_region":null,"min_label":3.5,"max_label":7.5,"min_zoom":2,"wikidataid":"Q1391","name_ar":"ماريلند","name_bn":"মেরিল্যান্ড","name_de":"Maryland","name_en":"Maryland","name_es":"Maryland","name_fr":"Maryland","name_el":"Μέριλαντ","name_hi":"मैरीलैंड","name_hu":"Maryland","name_id":"Maryland","name_it":"Maryland","name_ja":"メリーランド州","name_ko":"메릴랜드","name_nl":"Maryland","name_pl":"Maryland","name_pt":"Maryland","name_ru":"Мэриленд","name_sv":"Maryland","name_tr":"Maryland","name_vi":"Maryland","name_zh":"马里兰州","ne_id":1159315329,"name_he":"מרילנד","name_uk":"Меріленд","name_ur":"میری لینڈ","name_fa":"مریلند","name_zht":"馬里蘭州","FCLASS_ISO":null,"FCLASS_US":null,"FCLASS_FR":null,"FCLASS_RU":null,"FCLASS_ES":null,"FCLASS_CN":null,"FCLASS_TW":null,"FCLASS_IN":null,"FCLASS_NP":null,"FCLASS_PK":null,"FCLASS_DE":null,"FCLASS_GB":null,"FCLASS_BR":null,"FCLASS_IL":null,"FCLASS_PS":null,"FCLASS_SA":null,"FCLASS_EG":null,"FCLASS_MA":null,"FCLASS_PT":null,"FCLASS_AR":null,"FCLASS_JP":null,"FCLASS_KO":null,"FCLASS_VN":null,"FCLASS_TR":null,"FCLASS_ID":null,"FCLASS_PL":null,"FCLASS_GR":null,"FCLASS_IT":null,"FCLASS_NL":null,"FCLASS_SE":null,"FCLASS_BD":null,"FCLASS_UA":null,"FCLASS_TLC":null}},
{"type":"Feature","geometry":{"type":"Polygon","coordinates":[[[-69.05366,47.294585],[-70.00768,46.708937],[-70.296247,45.906089],[-71.084549,45.294008],[-70.955635,43.389396],[-70.733096,43.070034],[-70.202578,43.626118],[-68.277432,44.507365],[-67.124835,45.169445],[-67.78464,45.70171],[-67.806789,47.082813],[-69.05366,47.294585]]]},"properties":{"featurecla":"Admin-1 scale rank","scalerank":2,"adm1_code":"USA-3561","diss_me":3561,"iso_3166_2":"US-ME","wikipedia":"http://en.wikipedia.org/wiki/Maine","iso_a2":"US","adm0_sr":6,"name":"Maine","name_alt":"ME|Maine","name_local":null,"type":"State","type_en":"State","code_local":"US23","code_hasc":"US.ME","note":null,"hasc_maybe":null,"region":"Northeast","region_cod":null,"provnum_ne":0,"gadm_level":1,"check_me":20,"datarank":1,"abbrev":"Maine","postal":"ME","area_sqkm":0,"sameascity":-99,"labelrank":0,"name_len":5,"mapcolor9":1,"mapcolor13":1,"fips":"US23","fips_alt":null,"woe_id":2347578,"woe_label":"Maine, US, United States","woe_name":"Maine","latitude":45.148,"longitude":-69.1973,"sov_a3":"US1","adm0_a3":"USA","adm0_label":2,"admin":"United States of America","geonunit":"United States of America","gu_a3":"USA","gn_id":4971068,"gn_name":"Maine","gns_id":-1,"gns_name":null,"gn_level":1,"gn_region":null,"gn_a1_code":"US.ME","region_sub":"New England","sub_code":null,"gns_level":-1,"gns_lang":null,"gns_adm1":null,"gns_region":null,"min_label":3.5,"max_label":7.5,"min_zoom":2,"wikidataid":"Q724","name_ar":"مين","name_bn":"মেইন","name_de":"Maine","name_en":"Maine","name_es":"Maine","name_fr":"Maine","name_el":"Μέιν","name_hi":"मेन","name_hu":"Maine","name_id":"Maine","name_it":"Maine","name_ja":"メイン州","name_ko":"메인","name_nl":"Maine","name_pl":"Maine","name_pt":"Maine","name_ru":"Мэн","name_sv":"Maine","name_tr":"Maine","name_vi":"Maine","name_zh":"缅因州","ne_id":1159308501,"name_he":"מיין","name_uk":"Мен","name_ur":"مینے","name_fa":"مین","name_zht":"缅因州","FCLASS_ISO":null,"FCLASS_US":null,"FCLASS_FR":null,"FCLASS_RU":null,"FCLASS_ES":null,"FCLASS_CN":null,"FCLASS_TW":null,"FCLASS_IN":null,"FCLASS_NP":null,"FCLASS_PK":null,"FCLASS_DE":null,"FCLASS_GB":null,"FCLASS_BR":null,"FCLASS_IL":null,"FCLASS_PS":null,"FCLASS_SA":null,"FCLASS_EG":null,"FCLASS_MA":null,"FCLASS_PT":null,"FCLASS_AR":null,"FCLASS_JP":null,"FCLASS_KO":null,"FCLASS_VN":null,"FCLASS_TR":null,"FCLASS_ID":null,"FCLASS_PL":null,"FCLASS_GR":null,"FCLASS_IT":null,"FCLASS_NL":null,"FCLASS_SE":null,"FCLASS_BD":null,"FCLASS_UA":null,"FCLASS_TLC":null}},
{"type":"Feature","geometry":{"type":"Polygon","coordinates":[[[-89.498383,47.997897],[-89.957677,47.287137],[-90.11855,46.341664],[-88.151745,45.945409],[-86.264524,45.226903],[-86.7147,44.846205],[-87.15501,43.326763],[-87.039126,42.492802],[-87.221257,41.760728],[-84.796113,41.701434],[-83.121665,41.95],[-82.545322,42.624682],[-82.13785,43.570879],[-82.551079,45.347357],[-84.561753,46.457372],[-84.875973,46.899901],[-88.378195,48.303097],[-89.498383,47.997897]]]},"properties":{"featurecla":"Admin-1 scale rank","scalerank":2,"adm1_code":"USA-3562","diss_me":3562,"iso_3166_2":"US-MI","wikipedia":"http://en.wikipedia.org/wiki/Michigan","iso_a2":"US","adm0_sr":1,"name":"Michigan","name_alt":"MI|Mich.","name_local":null,"type":"State","type_en":"State","code_local":"US26","code_hasc":"US.MI","note":null,"hasc_maybe":null,"region":"Midwest","region_cod":null,"provnum_ne":0,"gadm_level":1,"check_me":20,"datarank":1,"abbrev":"Mich.","postal":"MI","area_sqkm":0,"sameascity":-99,"labelrank":0,"name_len":8,"mapcolor9":1,"mapcolor13":1,"fips":"US26","fips_alt":null,"woe_id":2347581,"woe_label":"Michigan, US, United States","woe_name":"Michigan","latitude":43.4343,"longitude":-84.9479,"sov_a3":"US1","adm0_a3":"USA","adm0_label":2,"admin":"United States of America","geonunit":"United States of America","gu_a3":"USA","gn_id":5001836,"gn_name":"Michigan","gns_id":-1,"gns_name":null,"gn_level":1,"gn_region":null,"gn_a1_code":"US.MI","region_sub":"East North Central","sub_code":null,"gns_level":-1,"gns_lang":null,"gns_adm1":null,"gns_region":null,"min_label":3.5,"max_label":7.5,"min_zoom":2,"wikidataid":"Q1166","name_ar":"ميشيغان","name_bn":"মিশিগান","name_de":"Michigan","name_en":"Michigan","name_es":"Míchigan","name_fr":"Michigan","name_el":"Μίσιγκαν","name_hi":"मिशिगन","name_hu":"Michigan","name_id":"Michigan","name_it":"Michigan","name_ja":"ミシガン州","name_ko":"미시간","name_nl":"Michigan","name_pl":"Michigan","name_pt":"Michigan","name_ru":"Мичиган","name_sv":"Michigan","name_tr":"Michigan","name_vi":"Michigan","name_zh":"密歇根州","ne_id":1159314665,"name_he":"מישיגן","name_uk":"Мічиган","name_ur":"مشی گن","name_fa":"میشیگان","name_zht":"密歇根州","FCLASS_ISO":null,"FCLASS_US":null,"FCLASS_FR":null,"FCLASS_RU":null,"FCLASS_ES":null,"FCLASS_CN":null,"FCLASS_TW":null,"FCLASS_IN":null,"FCLASS_NP":null,"FCLASS_PK":null,"FCLASS_DE":null,"FCLASS_GB":null,"FCLASS_BR":null,"FCLASS_IL":null,"FCLASS_PS":null,"FCLASS_SA":null,"FCLASS_EG":null,"FCLASS_MA":null,"FCLASS_PT":null,"FCLASS_AR":null,"FCLASS_JP":null,"FCLASS_KO":null,"FCLASS_VN":null,"FCLASS_TR":null,"FCLASS_ID":null,"FCLASS_PL":null,"FCLASS_GR":null,"FCLASS_IT":null,"FCLASS_NL":null,"FCLASS_SE":null,"FCLASS_BD":null,"FCLASS_UA":null,"FCLASS_TLC":null}},
{"type":"Feature","geometry":{"type":"Polygon","coordinates":[[[-97.225738,48.993182],[-96.556401,45.942773],[-96.453619,43.501171],[-91.245253,43.502412],[-91.319916,43.936284],[-92.799214,44.790032],[-92.693949,45.909012],[-92.291646,46.660718],[-90.654024,47.309098],[-89.957677,47.287137],[-89.498383,47.997897],[-90.840319,48.200518],[-91.518307,48.058311],[-92.996254,48.611813],[-94.620885,48.742605],[-95.155298,49.369672],[-95.162044,48.991764],[-97.225738,48.993182]]]},"properties":{"featurecla":"Admin-1 scale rank","scalerank":2,"adm1_code":"USA-3514","diss_me":3514,"iso_3166_2":"US-MN","wikipedia":"http://en.wikipedia.org/wiki/Minnesota","iso_a2":"US","adm0_sr":1,"name":"Minnesota","name_alt":"MN|Minn.","name_local":null,"type":"State","type_en":"State","code_local":"US27","code_hasc":"US.MN","note":null,"hasc_maybe":null,"region":"Midwest","region_cod":null,"provnum_ne":0,"gadm_level":1,"check_me":20,"datarank":1,"abbrev":"Minn.","postal":"MN","area_sqkm":0,"sameascity":-99,"labelrank":0,"name_len":9,"mapcolor9":1,"mapcolor13":1,"fips":"US27","fips_alt":null,"woe_id":2347582,"woe_label":"Minnesota, US, United States","woe_name":"Minnesota","latitude":46.0592,"longitude":-93.364,"sov_a3":"US1","adm0_a3":"USA","adm0_label":2,"admin":"United States of America","geonunit":"United States of America","gu_a3":"USA","gn_id":5037779,"gn_name":"Minnesota","gns_id":-1,"gns_name":null,"gn_level":1,"gn_region":null,"gn_a1_code":"US.MN","region_sub":"West North Central","sub_code":null,"gns_level":-1,"gns_lang":null,"gns_adm1":null,"gns_region":null,"min_label":3.5,"max_label":7.5,"min_zoom":2,"wikidataid":"Q1527","name_ar":"مينيسوتا","name_bn":"মিনেসোটা","name_de":"Minnesota","name_en":"Minnesota","name_es":"Minnesota","name_fr":"Minnesota","name_el":"Μινεσότα","name_hi":"मिनेसोटा","name_hu":"Minnesota","name_id":"Minnesota","name_it":"Minnesota","name_ja":"ミネソタ州","name_ko":"미네소타","name_nl":"Minnesota","name_pl":"Minnesota","name_pt":"Minnesota","name_ru":"Миннесота","name_sv":"Minnesota","name_tr":"Minnesota","name_vi":"Minnesota","name_zh":"明尼苏达州","ne_id":1159315297,"name_he":"מינסוטה","name_uk":"Міннесота","name_ur":"مینیسوٹا","name_fa":"مینهسوتا","name_zht":"明尼蘇達州","FCLASS_ISO":null,"FCLASS_US":null,"FCLASS_FR":null,"FCLASS_RU":null,"FCLASS_ES":null,"FCLASS_CN":null,"FCLASS_TW":null,"FCLASS_IN":null,"FCLASS_NP":null,"FCLASS_PK":null,"FCLASS_DE":null,"FCLASS_GB":null,"FCLASS_BR":null,"FCLASS_IL":null,"FCLASS_PS":null,"FCLASS_SA":null,"FCLASS_EG":null,"FCLASS_MA":null,"FCLASS_PT":null,"FCLASS_AR":null,"FCLASS_JP":null,"FCLASS_KO":null,"FCLASS_VN":null,"FCLASS_TR":null,"FCLASS_ID":null,"FCLASS_PL":null,"FCLASS_GR":null,"FCLASS_IT":null,"FCLASS_NL":null,"FCLASS_SE":null,"FCLASS_BD":null,"FCLASS_UA":null,"FCLASS_TLC":null}},
{"type":"Feature","geometry":{"type":"Polygon","coordinates":[[[-89.704772,36.001573],[-89.557313,36.501078],[-89.487221,36.503066],[-89.450329,36.500023],[-89.154313,36.992112],[-89.523421,37.644524],[-90.373993,38.309757],[-90.663527,38.987493],[-91.378737,39.749406],[-91.441952,40.37945],[-91.73153,40.624653],[-95.765029,40.601868],[-95.34668,40.001487],[-94.622384,39.124404],[-94.618067,37.000846],[-94.61838,36.500869],[-90.162243,36.500869],[-89.704772,36.001573]]]},"properties":{"featurecla":"Admin-1 scale rank","scalerank":2,"adm1_code":"USA-3531","diss_me":3531,"iso_3166_2":"US-MO","wikipedia":"http://en.wikipedia.org/wiki/Missouri","iso_a2":"US","adm0_sr":1,"name":"Missouri","name_alt":"MO","name_local":null,"type":"State","type_en":"State","code_local":"US29","code_hasc":"US.MO","note":null,"hasc_maybe":"US.IL|USA-MOS","region":"Midwest","region_cod":null,"provnum_ne":0,"gadm_level":1,"check_me":20,"datarank":1,"abbrev":"Mo.","postal":"MO","area_sqkm":0,"sameascity":-99,"labelrank":0,"name_len":8,"mapcolor9":1,"mapcolor13":1,"fips":"US29","fips_alt":"US17","woe_id":2347584,"woe_label":"Missouri, US, United States","woe_name":"Missouri","latitude":38.5487,"longitude":-92.446,"sov_a3":"US1","adm0_a3":"USA","adm0_label":2,"admin":"United States of America","geonunit":"United States of America","gu_a3":"USA","gn_id":4398678,"gn_name":"Missouri","gns_id":-1,"gns_name":null,"gn_level":1,"gn_region":null,"gn_a1_code":"US.MO","region_sub":"West North Central","sub_code":null,"gns_level":-1,"gns_lang":null,"gns_adm1":null,"gns_region":null,"min_label":3.5,"max_label":7.5,"min_zoom":2,"wikidataid":"Q1581","name_ar":"ميزوري","name_bn":"মিসৌরি","name_de":"Missouri","name_en":"Missouri","name_es":"Misuri","name_fr":"Missouri","name_el":"Μιζούρι","name_hi":"मिसौरी","name_hu":"Missouri","name_id":"Missouri","name_it":"Missouri","name_ja":"ミズーリ州","name_ko":"미주리","name_nl":"Missouri","name_pl":"Missouri","name_pt":"Missouri","name_ru":"Миссури","name_sv":"Missouri","name_tr":"Missouri","name_vi":"Missouri","name_zh":"密苏里州","ne_id":1159315361,"name_he":"מיזורי","name_uk":"Міссурі","name_ur":"مسوری","name_fa":"میزوری","name_zht":"密蘇里州","FCLASS_ISO":null,"FCLASS_US":null,"FCLASS_FR":null,"FCLASS_RU":null,"FCLASS_ES":null,"FCLASS_CN":null,"FCLASS_TW":null,"FCLASS_IN":null,"FCLASS_NP":null,"FCLASS_PK":null,"FCLASS_DE":null,"FCLASS_GB":null,"FCLASS_BR":null,"FCLASS_IL":null,"FCLASS_PS":null,"FCLASS_SA":null,"FCLASS_EG":null,"FCLASS_MA":null,"FCLASS_PT":null,"FCLASS_AR":null,"FCLASS_JP":null,"FCLASS_KO":null,"FCLASS_VN":null,"FCLASS_TR":null,"FCLASS_ID":null,"FCLASS_PL":null,"FCLASS_GR":null,"FCLASS_IT":null,"FCLASS_NL":null,"FCLASS_SE":null,"FCLASS_BD":null,"FCLASS_UA":null,"FCLASS_TLC":null}},
{"type":"Feature","geometry":{"type":"Polygon","coordinates":[[[-88.173267,34.999005],[-90.293705,35.001114],[-91.207482,33.675669],[-91.149958,33.015918],[-90.947721,32.240074],[-91.656449,31.001805],[-89.735314,31.001157],[-89.520861,30.192629],[-88.399585,30.370805],[-88.48619,31.890511],[-88.084772,34.933109],[-88.173267,34.999005]]]},"properties":{"featurecla":"Admin-1 scale rank","scalerank":2,"adm1_code":"USA-3544","diss_me":3544,"iso_3166_2":"US-MS","wikipedia":"http://en.wikipedia.org/wiki/Mississippi","iso_a2":"US","adm0_sr":5,"name":"Mississippi","name_alt":"MS|Miss.","name_local":null,"type":"State","type_en":"State","code_local":"US28","code_hasc":"US.MS","note":null,"hasc_maybe":null,"region":"South","region_cod":null,"provnum_ne":0,"gadm_level":1,"check_me":20,"datarank":1,"abbrev":"Miss.","postal":"MS","area_sqkm":0,"sameascity":-99,"labelrank":0,"name_len":11,"mapcolor9":1,"mapcolor13":1,"fips":"US28","fips_alt":null,"woe_id":2347583,"woe_label":"Mississippi, US, United States","woe_name":"Mississippi","latitude":32.8657,"longitude":-89.7189,"sov_a3":"US1","adm0_a3":"USA","adm0_label":2,"admin":"United States of America","geonunit":"United States of America","gu_a3":"USA","gn_id":4436296,"gn_name":"Mississippi","gns_id":-1,"gns_name":null,"gn_level":1,"gn_region":null,"gn_a1_code":"US.MS","region_sub":"East South Central","sub_code":null,"gns_level":-1,"gns_lang":null,"gns_adm1":null,"gns_region":null,"min_label":3.5,"max_label":7.5,"min_zoom":2,"wikidataid":"Q1494","name_ar":"مسيسيبي","name_bn":"মিসিসিপি","name_de":"Mississippi","name_en":"Mississippi","name_es":"Misisipi","name_fr":"Mississippi","name_el":"Μισισίπι","name_hi":"मिसिसिप्पी","name_hu":"Mississippi","name_id":"Mississippi","name_it":"Mississippi","name_ja":"ミシシッピ州","name_ko":"미시시피","name_nl":"Mississippi","name_pl":"Missisipi","name_pt":"Mississippi","name_ru":"Миссисипи","name_sv":"Mississippi","name_tr":"Mississippi","name_vi":"Mississippi","name_zh":"密西西比州","ne_id":1159315231,"name_he":"מיסיסיפי","name_uk":"Міссісіпі","name_ur":"مسیسپی","name_fa":"میسیسیپی","name_zht":"密西西比州","FCLASS_ISO":null,"FCLASS_US":null,"FCLASS_FR":null,"FCLASS_RU":null,"FCLASS_ES":null,"FCLASS_CN":null,"FCLASS_TW":null,"FCLASS_IN":null,"FCLASS_NP":null,"FCLASS_PK":null,"FCLASS_DE":null,"FCLASS_GB":null,"FCLASS_BR":null,"FCLASS_IL":null,"FCLASS_PS":null,"FCLASS_SA":null,"FCLASS_EG":null,"FCLASS_MA":null,"FCLASS_PT":null,"FCLASS_AR":null,"FCLASS_JP":null,"FCLASS_KO":null,"FCLASS_VN":null,"FCLASS_TR":null,"FCLASS_ID":null,"FCLASS_PL":null,"FCLASS_GR":null,"FCLASS_IT":null,"FCLASS_NL":null,"FCLASS_SE":null,"FCLASS_BD":null,"FCLASS_UA":null,"FCLASS_TLC":null}},
{"type":"Feature","geometry":{"type":"Polygon","coordinates":[[[-114.062517,48.993083],[-116.048494,48.993083],[-116.04901,48.00472],[-115.702468,47.437594],[-114.345805,46.550591],[-114.485359,46.158214],[-112.999689,44.48036],[-111.051434,44.498883],[-111.050862,45.001057],[-106.22899,45.001079],[-104.037212,45.001134],[-104.011087,45.943058],[-104.033927,48.993138],[-109.999432,48.993083],[-114.062517,48.993083]]]},"properties":{"featurecla":"Admin-1 scale rank","scalerank":2,"adm1_code":"USA-3515","diss_me":3515,"iso_3166_2":"US-MT","wikipedia":"http://en.wikipedia.org/wiki/Montana","iso_a2":"US","adm0_sr":1,"name":"Montana","name_alt":"MT|Mont.","name_local":null,"type":"State","type_en":"State","code_local":"US30","code_hasc":"US.MT","note":null,"hasc_maybe":null,"region":"West","region_cod":null,"provnum_ne":0,"gadm_level":1,"check_me":20,"datarank":1,"abbrev":"Mont.","postal":"MT","area_sqkm":0,"sameascity":-99,"labelrank":0,"name_len":7,"mapcolor9":1,"mapcolor13":1,"fips":"US30","fips_alt":null,"woe_id":2347585,"woe_label":"Montana, US, United States","woe_name":"Montana","latitude":46.9965,"longitude":-110.044,"sov_a3":"US1","adm0_a3":"USA","adm0_label":2,"admin":"United States of America","geonunit":"United States of America","gu_a3":"USA","gn_id":5667009,"gn_name":"Montana","gns_id":-1,"gns_name":null,"gn_level":1,"gn_region":null,"gn_a1_code":"US.MT","region_sub":"Mountain","sub_code":null,"gns_level":-1,"gns_lang":null,"gns_adm1":null,"gns_region":null,"min_label":3.5,"max_label":7.5,"min_zoom":2,"wikidataid":"Q1212","name_ar":"مونتانا","name_bn":"মন্টানা","name_de":"Montana","name_en":"Montana","name_es":"Montana","name_fr":"Montana","name_el":"Μοντάνα","name_hi":"मोन्टाना","name_hu":"Montana","name_id":"Montana","name_it":"Montana","name_ja":"モンタナ州","name_ko":"몬태나","name_nl":"Montana","name_pl":"Montana","name_pt":"Montana","name_ru":"Монтана","name_sv":"Montana","name_tr":"Montana","name_vi":"Montana","name_zh":"蒙大拿州","ne_id":1159315333,"name_he":"מונטנה","name_uk":"Монтана","name_ur":"مونٹانا","name_fa":"ایالت مونتانا","name_zht":"蒙大拿州","FCLASS_ISO":null,"FCLASS_US":null,"FCLASS_FR":null,"FCLASS_RU":null,"FCLASS_ES":null,"FCLASS_CN":null,"FCLASS_TW":null,"FCLASS_IN":null,"FCLASS_NP":null,"FCLASS_PK":null,"FCLASS_DE":null,"FCLASS_GB":null,"FCLASS_BR":null,"FCLASS_IL":null,"FCLASS_PS":null,"FCLASS_SA":null,"FCLASS_EG":null,"FCLASS_MA":null,"FCLASS_PT":null,"FCLASS_AR":null,"FCLASS_JP":null,"FCLASS_KO":null,"FCLASS_VN":null,"FCLASS_TR":null,"FCLASS_ID":null,"FCLASS_PL":null,"FCLASS_GR":null,"FCLASS_IT":null,"FCLASS_NL":null,"FCLASS_SE":null,"FCLASS_BD":null,"FCLASS_UA":null,"FCLASS_TLC":null}},
{"type":"Feature","geometry":{"type":"Polygon","coordinates":[[[-83.114821,35.001477],[-82.356083,35.201626],[-81.087316,35.155714],[-80.784082,34.828629],[-79.653556,34.796791],[-78.564272,33.876664],[-77.750757,34.284993],[-75.773921,35.647001],[-76.478814,36.028193],[-75.966445,36.551362],[-78.385547,36.569753],[-81.65889,36.610579],[-82.051366,36.122862],[-83.871306,35.51489],[-84.32469,34.988096],[-83.114821,35.001477]]]},"properties":{"featurecla":"Admin-1 scale rank","scalerank":2,"adm1_code":"USA-3549","diss_me":3549,"iso_3166_2":"US-NC","wikipedia":"http://en.wikipedia.org/wiki/North_Carolina","iso_a2":"US","adm0_sr":5,"name":"North Carolina","name_alt":"NC|N.C.","name_local":null,"type":"State","type_en":"State","code_local":"US37","code_hasc":"US.NC","note":null,"hasc_maybe":null,"region":"South","region_cod":null,"provnum_ne":0,"gadm_level":1,"check_me":20,"datarank":1,"abbrev":"N.C.","postal":"NC","area_sqkm":0,"sameascity":-99,"labelrank":0,"name_len":14,"mapcolor9":1,"mapcolor13":1,"fips":"US37","fips_alt":null,"woe_id":2347592,"woe_label":"North Carolina, US, United States","woe_name":"North Carolina","latitude":35.6152,"longitude":-78.866,"sov_a3":"US1","adm0_a3":"USA","adm0_label":2,"admin":"United States of America","geonunit":"United States of America","gu_a3":"USA","gn_id":4482348,"gn_name":"North Carolina","gns_id":-1,"gns_name":null,"gn_level":1,"gn_region":null,"gn_a1_code":"US.NC","region_sub":"South Atlantic","sub_code":null,"gns_level":-1,"gns_lang":null,"gns_adm1":null,"gns_region":null,"min_label":3.5,"max_label":7.5,"min_zoom":2,"wikidataid":"Q1454","name_ar":"كارولاينا الشمالية","name_bn":"নর্থ ক্যারোলাইনা","name_de":"North Carolina","name_en":"North Carolina","name_es":"Carolina del Norte","name_fr":"Caroline du Nord","name_el":"Βόρεια Καρολίνα","name_hi":"उत्तरी केरोलिना","name_hu":"Észak-Karolina","name_id":"Carolina Utara","name_it":"Carolina del Nord","name_ja":"ノースカロライナ州","name_ko":"노스캐롤라이나","name_nl":"North Carolina","name_pl":"Karolina Północna","name_pt":"Carolina do Norte","name_ru":"Северная Каролина","name_sv":"North Carolina","name_tr":"Kuzey Karolina","name_vi":"Bắc Carolina","name_zh":"北卡罗来纳州","ne_id":1159314887,"name_he":"קרוליינה הצפונית","name_uk":"Північна Кароліна","name_ur":"شمالی کیرولینا","name_fa":"کارولینای شمالی","name_zht":"北卡羅萊納州","FCLASS_ISO":null,"FCLASS_US":null,"FCLASS_FR":null,"FCLASS_RU":null,"FCLASS_ES":null,"FCLASS_CN":null,"FCLASS_TW":null,"FCLASS_IN":null,"FCLASS_NP":null,"FCLASS_PK":null,"FCLASS_DE":null,"FCLASS_GB":null,"FCLASS_BR":null,"FCLASS_IL":null,"FCLASS_PS":null,"FCLASS_SA":null,"FCLASS_EG":null,"FCLASS_MA":null,"FCLASS_PT":null,"FCLASS_AR":null,"FCLASS_JP":null,"FCLASS_KO":null,"FCLASS_VN":null,"FCLASS_TR":null,"FCLASS_ID":null,"FCLASS_PL":null,"FCLASS_GR":null,"FCLASS_IT":null,"FCLASS_NL":null,"FCLASS_SE":null,"FCLASS_BD":null,"FCLASS_UA":null,"FCLASS_TLC":null}},
{"type":"Feature","geometry":{"type":"Polygon","coordinates":[[[-101.367271,48.993138],[-104.033927,48.993138],[-104.011087,45.943058],[-100.982645,45.942937],[-96.556401,45.942773],[-97.225738,48.993182],[-101.367271,48.993138]]]},"properties":{"featurecla":"Admin-1 scale rank","scalerank":2,"adm1_code":"USA-3516","diss_me":3516,"iso_3166_2":"US-ND","wikipedia":"http://en.wikipedia.org/wiki/North_Dakota","iso_a2":"US","adm0_sr":1,"name":"North Dakota","name_alt":"ND|N.D.","name_local":null,"type":"State","type_en":"State","code_local":"US38","code_hasc":"US.ND","note":null,"hasc_maybe":null,"region":"Midwest","region_cod":null,"provnum_ne":0,"gadm_level":1,"check_me":20,"datarank":1,"abbrev":"N.D.","postal":"ND","area_sqkm":0,"sameascity":-99,"labelrank":0,"name_len":12,"mapcolor9":1,"mapcolor13":1,"fips":"US38","fips_alt":null,"woe_id":2347593,"woe_label":"North Dakota, US, United States","woe_name":"North Dakota","latitude":47.4675,"longitude":-100.302,"sov_a3":"US1","adm0_a3":"USA","adm0_label":2,"admin":"United States of America","geonunit":"United States of America","gu_a3":"USA","gn_id":5690763,"gn_name":"North Dakota","gns_id":-1,"gns_name":null,"gn_level":1,"gn_region":null,"gn_a1_code":"US.ND","region_sub":"West North Central","sub_code":null,"gns_level":-1,"gns_lang":null,"gns_adm1":null,"gns_region":null,"min_label":3.5,"max_label":7.5,"min_zoom":2,"wikidataid":"Q1207","name_ar":"داكوتا الشمالية","name_bn":"নর্থ ডাকোটা","name_de":"North Dakota","name_en":"North Dakota","name_es":"Dakota del Norte","name_fr":"Dakota du Nord","name_el":"Βόρεια Ντακότα","name_hi":"उत्तर डेकोटा","name_hu":"Észak-Dakota","name_id":"Dakota Utara","name_it":"Dakota del Nord","name_ja":"ノースダコタ州","name_ko":"노스다코타","name_nl":"Noord-Dakota","name_pl":"Dakota Północna","name_pt":"Dakota do Norte","name_ru":"Северная Дакота","name_sv":"North Dakota","name_tr":"Kuzey Dakota","name_vi":"Bắc Dakota","name_zh":"北达科他州","ne_id":1159315337,"name_he":"דקוטה הצפונית","name_uk":"Північна Дакота","name_ur":"شمالی ڈکوٹا","name_fa":"داکوتای شمالی","name_zht":"北達科他州","FCLASS_ISO":null,"FCLASS_US":null,"FCLASS_FR":null,"FCLASS_RU":null,"FCLASS_ES":null,"FCLASS_CN":null,"FCLASS_TW":null,"FCLASS_IN":null,"FCLASS_NP":null,"FCLASS_PK":null,"FCLASS_DE":null,"FCLASS_GB":null,"FCLASS_BR":null,"FCLASS_IL":null,"FCLASS_PS":null,"FCLASS_SA":null,"FCLASS_EG":null,"FCLASS_MA":null,"FCLASS_PT":null,"FCLASS_AR":null,"FCLASS_JP":null,"FCLASS_KO":null,"FCLASS_VN":null,"FCLASS_TR":null,"FCLASS_ID":null,"FCLASS_PL":null,"FCLASS_GR":null,"FCLASS_IT":null,"FCLASS_NL":null,"FCLASS_SE":null,"FCLASS_BD":null,"FCLASS_UA":null,"FCLASS_TLC":null}},
{"type":"Feature","geometry":{"type":"Polygon","coordinates":[[[-102.024489,40.001124],[-99.509296,40.001124],[-95.34668,40.001487],[-95.765029,40.601868],[-95.883626,41.287557],[-96.480953,42.511259],[-97.23879,42.860536],[-98.441765,43.001095],[-101.952172,43.001326],[-104.028862,43.001403],[-104.021655,41.000858],[-102.025006,41.000628],[-102.024489,40.001124]]]},"properties":{"featurecla":"Admin-1 scale rank","scalerank":2,"adm1_code":"USA-3532","diss_me":3532,"iso_3166_2":"US-NE","wikipedia":"http://en.wikipedia.org/wiki/Nebraska","iso_a2":"US","adm0_sr":1,"name":"Nebraska","name_alt":"NE|Nebr.","name_local":null,"type":"State","type_en":"State","code_local":"US31","code_hasc":"US.NE","note":null,"hasc_maybe":null,"region":"Midwest","region_cod":null,"provnum_ne":0,"gadm_level":1,"check_me":20,"datarank":1,"abbrev":"Nebr.","postal":"NE","area_sqkm":0,"sameascity":-99,"labelrank":0,"name_len":8,"mapcolor9":1,"mapcolor13":1,"fips":"US31","fips_alt":null,"woe_id":2347586,"woe_label":"Nebraska, US, United States","woe_name":"Nebraska","latitude":41.5002,"longitude":-99.6855,"sov_a3":"US1","adm0_a3":"USA","adm0_label":2,"admin":"United States of America","geonunit":"United States of America","gu_a3":"USA","gn_id":5073708,"gn_name":"Nebraska","gns_id":-1,"gns_name":null,"gn_level":1,"gn_region":null,"gn_a1_code":"US.NE","region_sub":"West North Central","sub_code":null,"gns_level":-1,"gns_lang":null,"gns_adm1":null,"gns_region":null,"min_label":3.5,"max_label":7.5,"min_zoom":2,"wikidataid":"Q1553","name_ar":"نبراسكا","name_bn":"নেব্রাস্কা","name_de":"Nebraska","name_en":"Nebraska","name_es":"Nebraska","name_fr":"Nebraska","name_el":"Νεμπράσκα","name_hi":"नेब्रास्का","name_hu":"Nebraska","name_id":"Nebraska","name_it":"Nebraska","name_ja":"ネブラスカ州","name_ko":"네브래스카","name_nl":"Nebraska","name_pl":"Nebraska","name_pt":"Nebraska","name_ru":"Небраска","name_sv":"Nebraska","name_tr":"Nebraska","name_vi":"Nebraska","name_zh":"內布拉斯加州","ne_id":1159315363,"name_he":"נברסקה","name_uk":"Небраска","name_ur":"نیبراسکا","name_fa":"نبراسکا","name_zht":"內布拉斯加州","FCLASS_ISO":null,"FCLASS_US":null,"FCLASS_FR":null,"FCLASS_RU":null,"FCLASS_ES":null,"FCLASS_CN":null,"FCLASS_TW":null,"FCLASS_IN":null,"FCLASS_NP":null,"FCLASS_PK":null,"FCLASS_DE":null,"FCLASS_GB":null,"FCLASS_BR":null,"FCLASS_IL":null,"FCLASS_PS":null,"FCLASS_SA":null,"FCLASS_EG":null,"FCLASS_MA":null,"FCLASS_PT":null,"FCLASS_AR":null,"FCLASS_JP":null,"FCLASS_KO":null,"FCLASS_VN":null,"FCLASS_TR":null,"FCLASS_ID":null,"FCLASS_PL":null,"FCLASS_GR":null,"FCLASS_IT":null,"FCLASS_NL":null,"FCLASS_SE":null,"FCLASS_BD":null,"FCLASS_UA":null,"FCLASS_TLC":null}},
{"type":"Feature","geometry":{"type":"Polygon","coordinates":[[[-71.51752,45.007561],[-72.384957,43.52923],[-72.46686,42.730315],[-70.806112,42.876763],[-70.733096,43.070034],[-70.955635,43.389396],[-71.084549,45.294008],[-71.51752,45.007561]]]},"properties":{"featurecla":"Admin-1 scale rank","scalerank":2,"adm1_code":"USA-3538","diss_me":3538,"iso_3166_2":"US-NH","wikipedia":"http://en.wikipedia.org/wiki/New_Hampshire","iso_a2":"US","adm0_sr":1,"name":"New Hampshire","name_alt":"NH|N.H.","name_local":null,"type":"State","type_en":"State","code_local":"US33","code_hasc":"US.NH","note":null,"hasc_maybe":null,"region":"Northeast","region_cod":null,"provnum_ne":0,"gadm_level":1,"check_me":20,"datarank":1,"abbrev":"N.H.","postal":"NH","area_sqkm":0,"sameascity":-99,"labelrank":0,"name_len":13,"mapcolor9":1,"mapcolor13":1,"fips":"US33","fips_alt":null,"woe_id":2347588,"woe_label":"New Hampshire, US, United States","woe_name":"New Hampshire","latitude":43.5993,"longitude":-71.6301,"sov_a3":"US1","adm0_a3":"USA","adm0_label":2,"admin":"United States of America","geonunit":"United States of America","gu_a3":"USA","gn_id":5090174,"gn_name":"New Hampshire","gns_id":-1,"gns_name":null,"gn_level":1,"gn_region":null,"gn_a1_code":"US.NH","region_sub":"New England","sub_code":null,"gns_level":-1,"gns_lang":null,"gns_adm1":null,"gns_region":null,"min_label":3.5,"max_label":7.5,"min_zoom":2,"wikidataid":"Q759","name_ar":"نيوهامبشير","name_bn":"নিউ হ্যাম্প্শায়ার","name_de":"New Hampshire","name_en":"New Hampshire","name_es":"Nuevo Hampshire","name_fr":"New Hampshire","name_el":"Νιου Χάμσαϊρ","name_hi":"नया हेम्पशायर","name_hu":"New Hampshire","name_id":"New Hampshire","name_it":"New Hampshire","name_ja":"ニューハンプシャー州","name_ko":"뉴햄프셔","name_nl":"New Hampshire","name_pl":"New Hampshire","name_pt":"Nova Hampshire","name_ru":"Нью-Гэмпшир","name_sv":"New Hampshire","name_tr":"New Hampshire","name_vi":"New Hampshire","name_zh":"新罕布什尔州","ne_id":1159315303,"name_he":"ניו המפשייר","name_uk":"Нью-Гемпшир","name_ur":"نیو ہیمپشائر","name_fa":"نیوهمپشایر","name_zht":"新罕布夏州","FCLASS_ISO":null,"FCLASS_US":null,"FCLASS_FR":null,"FCLASS_RU":null,"FCLASS_ES":null,"FCLASS_CN":null,"FCLASS_TW":null,"FCLASS_IN":null,"FCLASS_NP":null,"FCLASS_PK":null,"FCLASS_DE":null,"FCLASS_GB":null,"FCLASS_BR":null,"FCLASS_IL":null,"FCLASS_PS":null,"FCLASS_SA":null,"FCLASS_EG":null,"FCLASS_MA":null,"FCLASS_PT":null,"FCLASS_AR":null,"FCLASS_JP":null,"FCLASS_KO":null,"FCLASS_VN":null,"FCLASS_TR":null,"FCLASS_ID":null,"FCLASS_PL":null,"FCLASS_GR":null,"FCLASS_IT":null,"FCLASS_NL":null,"FCLASS_SE":null,"FCLASS_BD":null,"FCLASS_UA":null,"FCLASS_TLC":null}},
{"type":"Feature","geometry":{"type":"Polygon","coordinates":[[[-75.074168,39.98348],[-74.428831,39.387186],[-73.957595,40.328363],[-73.910079,40.992256],[-74.699051,41.357299],[-75.123036,40.999002],[-75.074168,39.98348]]]},"properties":{"featurecla":"Admin-1 scale rank","scalerank":2,"adm1_code":"USA-3558","diss_me":3558,"iso_3166_2":"US-NJ","wikipedia":"http://en.wikipedia.org/wiki/New_Jersey","iso_a2":"US","adm0_sr":5,"name":"New Jersey","name_alt":"NJ|N.J.","name_local":null,"type":"State","type_en":"State","code_local":"US34","code_hasc":"US.NJ","note":null,"hasc_maybe":null,"region":"Northeast","region_cod":null,"provnum_ne":0,"gadm_level":1,"check_me":20,"datarank":1,"abbrev":"N.J.","postal":"NJ","area_sqkm":0,"sameascity":-99,"labelrank":0,"name_len":10,"mapcolor9":1,"mapcolor13":1,"fips":"US34","fips_alt":null,"woe_id":2347589,"woe_label":"New Jersey, US, United States","woe_name":"New Jersey","latitude":40.0449,"longitude":-74.4653,"sov_a3":"US1","adm0_a3":"USA","adm0_label":2,"admin":"United States of America","geonunit":"United States of America","gu_a3":"USA","gn_id":5101760,"gn_name":"New Jersey","gns_id":-1,"gns_name":null,"gn_level":1,"gn_region":null,"gn_a1_code":"US.NJ","region_sub":"Middle Atlantic","sub_code":null,"gns_level":-1,"gns_lang":null,"gns_adm1":null,"gns_region":null,"min_label":3.5,"max_label":7.5,"min_zoom":2,"wikidataid":"Q1408","name_ar":"نيوجيرسي","name_bn":"নিউ জার্সি","name_de":"New Jersey","name_en":"New Jersey","name_es":"Nueva Jersey","name_fr":"New Jersey","name_el":"Νιου Τζέρσεϊ","name_hi":"न्यू जर्सी","name_hu":"New Jersey","name_id":"New Jersey","name_it":"New Jersey","name_ja":"ニュージャージー州","name_ko":"뉴저지","name_nl":"New Jersey","name_pl":"New Jersey","name_pt":"Nova Jérsia","name_ru":"Нью-Джерси","name_sv":"New Jersey","name_tr":"New Jersey","name_vi":"New Jersey","name_zh":"新泽西州","ne_id":1159315267,"name_he":"ניו ג'רזי","name_uk":"Нью-Джерсі","name_ur":"نیو جرسی","name_fa":"نیوجرسی","name_zht":"紐澤西州","FCLASS_ISO":null,"FCLASS_US":null,"FCLASS_FR":null,"FCLASS_RU":null,"FCLASS_ES":null,"FCLASS_CN":null,"FCLASS_TW":null,"FCLASS_IN":null,"FCLASS_NP":null,"FCLASS_PK":null,"FCLASS_DE":null,"FCLASS_GB":null,"FCLASS_BR":null,"FCLASS_IL":null,"FCLASS_PS":null,"FCLASS_SA":null,"FCLASS_EG":null,"FCLASS_MA":null,"FCLASS_PT":null,"FCLASS_AR":null,"FCLASS_JP":null,"FCLASS_KO":null,"FCLASS_VN":null,"FCLASS_TR":null,"FCLASS_ID":null,"FCLASS_PL":null,"FCLASS_GR":null,"FCLASS_IT":null,"FCLASS_NL":null,"FCLASS_SE":null,"FCLASS_BD":null,"FCLASS_UA":null,"FCLASS_TLC":null}},
{"type":"Feature","geometry":{"type":"Polygon","coordinates":[[[-109.047807,31.327879],[-108.211841,31.77933],[-106.445382,31.768398],[-106.668262,32.000946],[-103.065642,32.002748],[-103.052414,34.532778],[-103.000295,36.501232],[-103.000839,37.000846],[-106.40164,37.000846],[-109.04667,37.000846],[-109.047005,34.519287],[-109.047807,31.327879]]]},"properties":{"featurecla":"Admin-1 scale rank","scalerank":2,"adm1_code":"USA-3524","diss_me":3524,"iso_3166_2":"US-NM","wikipedia":"http://en.wikipedia.org/wiki/New_Mexico","iso_a2":"US","adm0_sr":1,"name":"New Mexico","name_alt":"NM|N.M.","name_local":null,"type":"State","type_en":"State","code_local":"US35","code_hasc":"US.NM","note":null,"hasc_maybe":null,"region":"West","region_cod":null,"provnum_ne":0,"gadm_level":1,"check_me":20,"datarank":1,"abbrev":"N.M.","postal":"NM","area_sqkm":0,"sameascity":-99,"labelrank":0,"name_len":10,"mapcolor9":1,"mapcolor13":1,"fips":"US35","fips_alt":null,"woe_id":2347590,"woe_label":"New Mexico, US, United States","woe_name":"New Mexico","latitude":34.5002,"longitude":-106.024,"sov_a3":"US1","adm0_a3":"USA","adm0_label":2,"admin":"United States of America","geonunit":"United States of America","gu_a3":"USA","gn_id":5481136,"gn_name":"New Mexico","gns_id":-1,"gns_name":null,"gn_level":1,"gn_region":null,"gn_a1_code":"US.NM","region_sub":"Mountain","sub_code":null,"gns_level":-1,"gns_lang":null,"gns_adm1":null,"gns_region":null,"min_label":3.5,"max_label":7.5,"min_zoom":2,"wikidataid":"Q1522","name_ar":"نيومكسيكو","name_bn":"নিউ মেক্সিকো","name_de":"New Mexico","name_en":"New Mexico","name_es":"Nuevo México","name_fr":"Nouveau-Mexique","name_el":"Νέο Μεξικό","name_hi":"नया मेक्सिको","name_hu":"Új-Mexikó","name_id":"New Mexico","name_it":"Nuovo Messico","name_ja":"ニューメキシコ州","name_ko":"뉴멕시코","name_nl":"New Mexico","name_pl":"Nowy Meksyk","name_pt":"Novo México","name_ru":"Нью-Мексико","name_sv":"New Mexico","name_tr":"New Mexico","name_vi":"New Mexico","name_zh":"新墨西哥州","ne_id":1159315347,"name_he":"ניו מקסיקו","name_uk":"Нью-Мексико","name_ur":"نیو میکسیکو","name_fa":"نیومکزیکو","name_zht":"新墨西哥州","FCLASS_ISO":null,"FCLASS_US":null,"FCLASS_FR":null,"FCLASS_RU":null,"FCLASS_ES":null,"FCLASS_CN":null,"FCLASS_TW":null,"FCLASS_IN":null,"FCLASS_NP":null,"FCLASS_PK":null,"FCLASS_DE":null,"FCLASS_GB":null,"FCLASS_BR":null,"FCLASS_IL":null,"FCLASS_PS":null,"FCLASS_SA":null,"FCLASS_EG":null,"FCLASS_MA":null,"FCLASS_PT":null,"FCLASS_AR":null,"FCLASS_JP":null,"FCLASS_KO":null,"FCLASS_VN":null,"FCLASS_TR":null,"FCLASS_ID":null,"FCLASS_PL":null,"FCLASS_GR":null,"FCLASS_IT":null,"FCLASS_NL":null,"FCLASS_SE":null,"FCLASS_BD":null,"FCLASS_UA":null,"FCLASS_TLC":null}},
{"type":"Feature","geometry":{"type":"Polygon","coordinates":[[[-114.04027,37.004153],[-114.041637,39.971099],[-114.042593,42.001109],[-117.016675,42.000559],[-120.000809,42.000559],[-120.000062,39.000259],[-116.659592,36.589968],[-114.610543,34.991117],[-114.715759,36.084982],[-114.042879,36.181771],[-114.04027,37.004153]]]},"properties":{"featurecla":"Admin-1 scale rank","scalerank":2,"adm1_code":"USA-3523","diss_me":3523,"iso_3166_2":"US-NV","wikipedia":"http://en.wikipedia.org/wiki/Nevada","iso_a2":"US","adm0_sr":1,"name":"Nevada","name_alt":"NV|Nev.","name_local":null,"type":"State","type_en":"State","code_local":"US32","code_hasc":"US.NV","note":null,"hasc_maybe":null,"region":"West","region_cod":null,"provnum_ne":0,"gadm_level":1,"check_me":20,"datarank":1,"abbrev":"Nev.","postal":"NV","area_sqkm":0,"sameascity":-99,"labelrank":0,"name_len":6,"mapcolor9":1,"mapcolor13":1,"fips":"US32","fips_alt":null,"woe_id":2347587,"woe_label":"Nevada, US, United States","woe_name":"Nevada","latitude":39.4299,"longitude":-117.02,"sov_a3":"US1","adm0_a3":"USA","adm0_label":2,"admin":"United States of America","geonunit":"United States of America","gu_a3":"USA","gn_id":5509151,"gn_name":"Nevada","gns_id":-1,"gns_name":null,"gn_level":1,"gn_region":null,"gn_a1_code":"US.NV","region_sub":"Mountain","sub_code":null,"gns_level":-1,"gns_lang":null,"gns_adm1":null,"gns_region":null,"min_label":3.5,"max_label":7.5,"min_zoom":2,"wikidataid":"Q1227","name_ar":"نيفادا","name_bn":"নেভাডা","name_de":"Nevada","name_en":"Nevada","name_es":"Nevada","name_fr":"Nevada","name_el":"Νεβάδα","name_hi":"नेवाडा","name_hu":"Nevada","name_id":"Nevada","name_it":"Nevada","name_ja":"ネバダ州","name_ko":"네바다","name_nl":"Nevada","name_pl":"Nevada","name_pt":"Nevada","name_ru":"Невада","name_sv":"Nevada","name_tr":"Nevada","name_vi":"Nevada","name_zh":"内华达州","ne_id":1159315345,"name_he":"נבדה","name_uk":"Невада","name_ur":"نیواڈا","name_fa":"نوادا","name_zht":"內華達州","FCLASS_ISO":null,"FCLASS_US":null,"FCLASS_FR":null,"FCLASS_RU":null,"FCLASS_ES":null,"FCLASS_CN":null,"FCLASS_TW":null,"FCLASS_IN":null,"FCLASS_NP":null,"FCLASS_PK":null,"FCLASS_DE":null,"FCLASS_GB":null,"FCLASS_BR":null,"FCLASS_IL":null,"FCLASS_PS":null,"FCLASS_SA":null,"FCLASS_EG":null,"FCLASS_MA":null,"FCLASS_PT":null,"FCLASS_AR":null,"FCLASS_JP":null,"FCLASS_KO":null,"FCLASS_VN":null,"FCLASS_TR":null,"FCLASS_ID":null,"FCLASS_PL":null,"FCLASS_GR":null,"FCLASS_IT":null,"FCLASS_NL":null,"FCLASS_SE":null,"FCLASS_BD":null,"FCLASS_UA":null,"FCLASS_TLC":null}},
{"type":"Feature","geometry":{"type":"Polygon","coordinates":[[[-79.762024,42.538977],[-79.762958,42.0009],[-75.351342,41.998417],[-74.699051,41.357299],[-73.910079,40.992256],[-73.630466,40.99186],[-73.480568,42.055568],[-73.253327,42.752222],[-73.352182,45.005419],[-74.708873,45.00387],[-75.179384,44.899379],[-76.819962,43.628788],[-78.720432,43.624932],[-79.036695,42.80232],[-79.762024,42.538977]]]},"properties":{"featurecla":"Admin-1 scale rank","scalerank":2,"adm1_code":"USA-3559","diss_me":3559,"iso_3166_2":"US-NY","wikipedia":"http://en.wikipedia.org/wiki/New_York","iso_a2":"US","adm0_sr":3,"name":"New York","name_alt":"NY|N.Y.","name_local":null,"type":"State","type_en":"State","code_local":"US36","code_hasc":"US.NY","note":null,"hasc_maybe":null,"region":"Northeast","region_cod":null,"provnum_ne":0,"gadm_level":1,"check_me":20,"datarank":1,"abbrev":"N.Y.","postal":"NY","area_sqkm":0,"sameascity":-99,"labelrank":0,"name_len":8,"mapcolor9":1,"mapcolor13":1,"fips":"US36","fips_alt":null,"woe_id":2347591,"woe_label":"New York, US, United States","woe_name":"New York","latitude":43.1988,"longitude":-75.3242,"sov_a3":"US1","adm0_a3":"USA","adm0_label":2,"admin":"United States of America","geonunit":"United States of America","gu_a3":"USA","gn_id":5128638,"gn_name":"New York","gns_id":-1,"gns_name":null,"gn_level":1,"gn_region":null,"gn_a1_code":"US.NY","region_sub":"Middle Atlantic","sub_code":null,"gns_level":-1,"gns_lang":null,"gns_adm1":null,"gns_region":null,"min_label":3.5,"max_label":7.5,"min_zoom":2,"wikidataid":"Q1384","name_ar":"نيويورك","name_bn":"নিউ ইয়র্ক","name_de":"New York","name_en":"New York","name_es":"Nueva York","name_fr":"État de New York","name_el":"Νέα Υόρκη","name_hi":"न्यूयॉर्क","name_hu":"New York","name_id":"New York","name_it":"New York","name_ja":"ニューヨーク州","name_ko":"뉴욕","name_nl":"New York","name_pl":"Nowy Jork","name_pt":"Nova Iorque","name_ru":"Нью-Йорк","name_sv":"New York","name_tr":"New York","name_vi":"New York","name_zh":"纽约州","ne_id":1159312155,"name_he":"ניו יורק","name_uk":"штат Нью-Йорк","name_ur":"نیویارک","name_fa":"نیویورک","name_zht":"紐約州","FCLASS_ISO":null,"FCLASS_US":null,"FCLASS_FR":null,"FCLASS_RU":null,"FCLASS_ES":null,"FCLASS_CN":null,"FCLASS_TW":null,"FCLASS_IN":null,"FCLASS_NP":null,"FCLASS_PK":null,"FCLASS_DE":null,"FCLASS_GB":null,"FCLASS_BR":null,"FCLASS_IL":null,"FCLASS_PS":null,"FCLASS_SA":null,"FCLASS_EG":null,"FCLASS_MA":null,"FCLASS_PT":null,"FCLASS_AR":null,"FCLASS_JP":null,"FCLASS_KO":null,"FCLASS_VN":null,"FCLASS_TR":null,"FCLASS_ID":null,"FCLASS_PL":null,"FCLASS_GR":null,"FCLASS_IT":null,"FCLASS_NL":null,"FCLASS_SE":null,"FCLASS_BD":null,"FCLASS_UA":null,"FCLASS_TLC":null}},
{"type":"Feature","geometry":{"type":"Polygon","coordinates":[[[-83.121665,41.95],[-84.796113,41.701434],[-84.821711,39.091984],[-83.689878,38.649531],[-82.612778,38.448218],[-80.963291,39.57113],[-80.519081,40.646956],[-80.520762,42.324392],[-82.439073,41.67487],[-83.121665,41.95]]]},"properties":{"featurecla":"Admin-1 scale rank","scalerank":2,"adm1_code":"USA-3550","diss_me":3550,"iso_3166_2":"US-OH","wikipedia":"http://en.wikipedia.org/wiki/Ohio","iso_a2":"US","adm0_sr":1,"name":"Ohio","name_alt":"OH|Ohio","name_local":null,"type":"State","type_en":"State","code_local":"US39","code_hasc":"US.OH","note":null,"hasc_maybe":null,"region":"Midwest","region_cod":null,"provnum_ne":0,"gadm_level":1,"check_me":20,"datarank":1,"abbrev":"Ohio","postal":"OH","area_sqkm":0,"sameascity":-99,"labelrank":0,"name_len":4,"mapcolor9":1,"mapcolor13":1,"fips":"US39","fips_alt":null,"woe_id":2347594,"woe_label":"Ohio, US, United States","woe_name":"Ohio","latitude":40.0924,"longitude":-82.6719,"sov_a3":"US1","adm0_a3":"USA","adm0_label":2,"admin":"United States of America","geonunit":"United States of America","gu_a3":"USA","gn_id":5165418,"gn_name":"Ohio","gns_id":-1,"gns_name":null,"gn_level":1,"gn_region":null,"gn_a1_code":"US.OH","region_sub":"East North Central","sub_code":null,"gns_level":-1,"gns_lang":null,"gns_adm1":null,"gns_region":null,"min_label":3.5,"max_label":7.5,"min_zoom":2,"wikidataid":"Q1397","name_ar":"أوهايو","name_bn":"ওহাইও","name_de":"Ohio","name_en":"Ohio","name_es":"Ohio","name_fr":"Ohio","name_el":"Οχάιο","name_hi":"ओहायो","name_hu":"Ohio","name_id":"Ohio","name_it":"Ohio","name_ja":"オハイオ州","name_ko":"오하이오","name_nl":"Ohio","name_pl":"Ohio","name_pt":"Ohio","name_ru":"Огайо","name_sv":"Ohio","name_tr":"Ohio","name_vi":"Ohio","name_zh":"俄亥俄州","ne_id":1159315315,"name_he":"אוהיו","name_uk":"Огайо","name_ur":"اوہائیو","name_fa":"اوهایو","name_zht":"俄亥俄州","FCLASS_ISO":null,"FCLASS_US":null,"FCLASS_FR":null,"FCLASS_RU":null,"FCLASS_ES":null,"FCLASS_CN":null,"FCLASS_TW":null,"FCLASS_IN":null,"FCLASS_NP":null,"FCLASS_PK":null,"FCLASS_DE":null,"FCLASS_GB":null,"FCLASS_BR":null,"FCLASS_IL":null,"FCLASS_PS":null,"FCLASS_SA":null,"FCLASS_EG":null,"FCLASS_MA":null,"FCLASS_PT":null,"FCLASS_AR":null,"FCLASS_JP":null,"FCLASS_KO":null,"FCLASS_VN":null,"FCLASS_TR":null,"FCLASS_ID":null,"FCLASS_PL":null,"FCLASS_GR":null,"FCLASS_IT":null,"FCLASS_NL":null,"FCLASS_SE":null,"FCLASS_BD":null,"FCLASS_UA":null,"FCLASS_TLC":null}},
{"type":"Feature","geometry":{"type":"Polygon","coordinates":[[[-94.61838,36.500869],[-94.618067,37.000846],[-99.008654,37.000846],[-102.012783,37.000846],[-103.000839,37.000846],[-103.000295,36.501232],[-100.002444,36.500902],[-99.999341,34.586721],[-97.842422,33.875785],[-96.278562,33.757627],[-95.238031,33.956479],[-94.484149,33.648434],[-94.439138,35.387251],[-94.61838,36.500869]]]},"properties":{"featurecla":"Admin-1 scale rank","scalerank":2,"adm1_code":"USA-3533","diss_me":3533,"iso_3166_2":"US-OK","wikipedia":"http://en.wikipedia.org/wiki/Oklahoma","iso_a2":"US","adm0_sr":1,"name":"Oklahoma","name_alt":"OK|Okla.","name_local":null,"type":"State","type_en":"State","code_local":"US40","code_hasc":"US.OK","note":null,"hasc_maybe":null,"region":"South","region_cod":null,"provnum_ne":0,"gadm_level":1,"check_me":20,"datarank":1,"abbrev":"Okla.","postal":"OK","area_sqkm":0,"sameascity":-99,"labelrank":0,"name_len":8,"mapcolor9":1,"mapcolor13":1,"fips":"US40","fips_alt":null,"woe_id":2347595,"woe_label":"Oklahoma, US, United States","woe_name":"Oklahoma","latitude":35.452,"longitude":-97.1309,"sov_a3":"US1","adm0_a3":"USA","adm0_label":2,"admin":"United States of America","geonunit":"United States of America","gu_a3":"USA","gn_id":4544379,"gn_name":"Oklahoma","gns_id":-1,"gns_name":null,"gn_level":1,"gn_region":null,"gn_a1_code":"US.OK","region_sub":"West South Central","sub_code":null,"gns_level":-1,"gns_lang":null,"gns_adm1":null,"gns_region":null,"min_label":3.5,"max_label":7.5,"min_zoom":2,"wikidataid":"Q1649","name_ar":"أوكلاهوما","name_bn":"ওকলাহোমা","name_de":"Oklahoma","name_en":"Oklahoma","name_es":"Oklahoma","name_fr":"Oklahoma","name_el":"Οκλαχόμα","name_hi":"ओक्लाहोमा","name_hu":"Oklahoma","name_id":"Oklahoma","name_it":"Oklahoma","name_ja":"オクラホマ州","name_ko":"오클라호마","name_nl":"Oklahoma","name_pl":"Oklahoma","name_pt":"Oklahoma","name_ru":"Оклахома","name_sv":"Oklahoma","name_tr":"Oklahoma","name_vi":"Oklahoma","name_zh":"俄克拉荷马州","ne_id":1159315365,"name_he":"אוקלהומה","name_uk":"Оклахома","name_ur":"اوکلاہوما","name_fa":"اکلاهما","name_zht":"奧克拉荷馬州","FCLASS_ISO":null,"FCLASS_US":null,"FCLASS_FR":null,"FCLASS_RU":null,"FCLASS_ES":null,"FCLASS_CN":null,"FCLASS_TW":null,"FCLASS_IN":null,"FCLASS_NP":null,"FCLASS_PK":null,"FCLASS_DE":null,"FCLASS_GB":null,"FCLASS_BR":null,"FCLASS_IL":null,"FCLASS_PS":null,"FCLASS_SA":null,"FCLASS_EG":null,"FCLASS_MA":null,"FCLASS_PT":null,"FCLASS_AR":null,"FCLASS_JP":null,"FCLASS_KO":null,"FCLASS_VN":null,"FCLASS_TR":null,"FCLASS_ID":null,"FCLASS_PL":null,"FCLASS_GR":null,"FCLASS_IT":null,"FCLASS_NL":null,"FCLASS_SE":null,"FCLASS_BD":null,"FCLASS_UA":null,"FCLASS_TLC":null}},
{"type":"Feature","geometry":{"type":"Polygon","coordinates":[[[-120.000809,42.000559],[-117.016675,42.000559],[-117.020498,43.813194],[-117.197312,44.3438],[-116.477043,45.641088],[-116.896479,46.002099],[-119.01968,46.000341],[-120.351432,45.725166],[-122.202535,45.591067],[-123.220589,46.153622],[-123.947131,46.140592],[-124.148719,43.691729],[-124.539629,42.812866],[-124.228409,42.000768],[-120.000809,42.000559]]]},"properties":{"featurecla":"Admin-1 scale rank","scalerank":2,"adm1_code":"USA-3525","diss_me":3525,"iso_3166_2":"US-OR","wikipedia":"http://en.wikipedia.org/wiki/Oregon","iso_a2":"US","adm0_sr":6,"name":"Oregon","name_alt":"OR|Ore.","name_local":null,"type":"State","type_en":"State","code_local":"US41","code_hasc":"US.OR","note":null,"hasc_maybe":null,"region":"West","region_cod":null,"provnum_ne":0,"gadm_level":1,"check_me":20,"datarank":1,"abbrev":"Ore.","postal":"OR","area_sqkm":0,"sameascity":-99,"labelrank":0,"name_len":6,"mapcolor9":1,"mapcolor13":1,"fips":"US41","fips_alt":null,"woe_id":2347596,"woe_label":"Oregon, US, United States","woe_name":"Oregon","latitude":43.8333,"longitude":-120.386,"sov_a3":"US1","adm0_a3":"USA","adm0_label":2,"admin":"United States of America","geonunit":"United States of America","gu_a3":"USA","gn_id":5744337,"gn_name":"Oregon","gns_id":-1,"gns_name":null,"gn_level":1,"gn_region":null,"gn_a1_code":"US.OR","region_sub":"Pacific","sub_code":null,"gns_level":-1,"gns_lang":null,"gns_adm1":null,"gns_region":null,"min_label":3.5,"max_label":7.5,"min_zoom":2,"wikidataid":"Q824","name_ar":"أوريغون","name_bn":"অরেগন","name_de":"Oregon","name_en":"Oregon","name_es":"Oregón","name_fr":"Oregon","name_el":"Όρεγκον","name_hi":"औरिगन","name_hu":"Oregon","name_id":"Oregon","name_it":"Oregon","name_ja":"オレゴン州","name_ko":"오리건","name_nl":"Oregon","name_pl":"Oregon","name_pt":"Oregon","name_ru":"Орегон","name_sv":"Oregon","name_tr":"Oregon","name_vi":"Oregon","name_zh":"俄勒冈州","ne_id":1159309549,"name_he":"אורגון","name_uk":"Орегон","name_ur":"اوریگون","name_fa":"اورگن","name_zht":"奧勒岡州","FCLASS_ISO":null,"FCLASS_US":null,"FCLASS_FR":null,"FCLASS_RU":null,"FCLASS_ES":null,"FCLASS_CN":null,"FCLASS_TW":null,"FCLASS_IN":null,"FCLASS_NP":null,"FCLASS_PK":null,"FCLASS_DE":null,"FCLASS_GB":null,"FCLASS_BR":null,"FCLASS_IL":null,"FCLASS_PS":null,"FCLASS_SA":null,"FCLASS_EG":null,"FCLASS_MA":null,"FCLASS_PT":null,"FCLASS_AR":null,"FCLASS_JP":null,"FCLASS_KO":null,"FCLASS_VN":null,"FCLASS_TR":null,"FCLASS_ID":null,"FCLASS_PL":null,"FCLASS_GR":null,"FCLASS_IT":null,"FCLASS_NL":null,"FCLASS_SE":null,"FCLASS_BD":null,"FCLASS_UA":null,"FCLASS_TLC":null}},
{"type":"Feature","geometry":{"type":"Polygon","coordinates":[[[-80.520762,42.324392],[-80.519081,40.646956],[-80.519443,39.722511],[-79.4775,39.722797],[-75.78472,39.722357],[-75.421029,39.815422],[-75.074168,39.98348],[-75.123036,40.999002],[-74.699051,41.357299],[-75.351342,41.998417],[-79.762958,42.0009],[-79.762024,42.538977],[-80.520762,42.324392]]]},"properties":{"featurecla":"Admin-1 scale rank","scalerank":2,"adm1_code":"USA-3560","diss_me":3560,"iso_3166_2":"US-PA","wikipedia":"http://en.wikipedia.org/wiki/Pennsylvania","iso_a2":"US","adm0_sr":1,"name":"Pennsylvania","name_alt":"Commonwealth of Pennsylvania|PA","name_local":null,"type":"State","type_en":"State","code_local":"US42","code_hasc":"US.PA","note":null,"hasc_maybe":null,"region":"Northeast","region_cod":null,"provnum_ne":0,"gadm_level":1,"check_me":20,"datarank":1,"abbrev":"Pa.","postal":"PA","area_sqkm":0,"sameascity":-99,"labelrank":0,"name_len":12,"mapcolor9":1,"mapcolor13":1,"fips":"US42","fips_alt":null,"woe_id":2347597,"woe_label":"Pennsylvania, US, United States","woe_name":"Pennsylvania","latitude":40.8601,"longitude":-77.6094,"sov_a3":"US1","adm0_a3":"USA","adm0_label":2,"admin":"United States of America","geonunit":"United States of America","gu_a3":"USA","gn_id":6254927,"gn_name":"Pennsylvania","gns_id":-1,"gns_name":null,"gn_level":1,"gn_region":null,"gn_a1_code":"US.PA","region_sub":"Middle Atlantic","sub_code":null,"gns_level":-1,"gns_lang":null,"gns_adm1":null,"gns_region":null,"min_label":3.5,"max_label":7.5,"min_zoom":2,"wikidataid":"Q1400","name_ar":"بنسيلفانيا","name_bn":"পেনসিলভেনিয়া","name_de":"Pennsylvania","name_en":"Pennsylvania","name_es":"Pensilvania","name_fr":"Pennsylvanie","name_el":"Πενσιλβάνια","name_hi":"पेन्सिलवेनिया","name_hu":"Pennsylvania","name_id":"Pennsylvania","name_it":"Pennsylvania","name_ja":"ペンシルベニア州","name_ko":"펜실베이니아","name_nl":"Pennsylvania","name_pl":"Pensylwania","name_pt":"Pensilvânia","name_ru":"Пенсильвания","name_sv":"Pennsylvania","name_tr":"Pensilvanya","name_vi":"Pennsylvania","name_zh":"宾夕法尼亚州","ne_id":1159315331,"name_he":"פנסילבניה","name_uk":"Пенсильванія","name_ur":"پنسلوانیا","name_fa":"پنسیلوانیا","name_zht":"賓夕法尼亞州","FCLASS_ISO":null,"FCLASS_US":null,"FCLASS_FR":null,"FCLASS_RU":null,"FCLASS_ES":null,"FCLASS_CN":null,"FCLASS_TW":null,"FCLASS_IN":null,"FCLASS_NP":null,"FCLASS_PK":null,"FCLASS_DE":null,"FCLASS_GB":null,"FCLASS_BR":null,"FCLASS_IL":null,"FCLASS_PS":null,"FCLASS_SA":null,"FCLASS_EG":null,"FCLASS_MA":null,"FCLASS_PT":null,"FCLASS_AR":null,"FCLASS_JP":null,"FCLASS_KO":null,"FCLASS_VN":null,"FCLASS_TR":null,"FCLASS_ID":null,"FCLASS_PL":null,"FCLASS_GR":null,"FCLASS_IT":null,"FCLASS_NL":null,"FCLASS_SE":null,"FCLASS_BD":null,"FCLASS_UA":null,"FCLASS_TLC":null}},
{"type":"Feature","geometry":{"type":"Polygon","coordinates":[[[-71.842353,41.335513],[-71.233765,41.706554],[-71.800836,42.011963],[-71.842353,41.335513]]]},"properties":{"featurecla":"Admin-1 scale rank","scalerank":2,"adm1_code":"USA-3539","diss_me":3539,"iso_3166_2":"US-RI","wikipedia":"http://en.wikipedia.org/wiki/Rhode_Island","iso_a2":"US","adm0_sr":6,"name":"Rhode Island","name_alt":"State of Rhode Island and Providence Plantations|RI|R.I.","name_local":null,"type":"State","type_en":"State","code_local":"US44","code_hasc":"US.RI","note":null,"hasc_maybe":null,"region":"Northeast","region_cod":null,"provnum_ne":0,"gadm_level":1,"check_me":20,"datarank":1,"abbrev":"R.I.","postal":"RI","area_sqkm":0,"sameascity":-99,"labelrank":0,"name_len":12,"mapcolor9":1,"mapcolor13":1,"fips":"US44","fips_alt":null,"woe_id":2347598,"woe_label":"Rhode Island, US, United States","woe_name":"Rhode Island","latitude":41.6242,"longitude":-71.5082,"sov_a3":"US1","adm0_a3":"USA","adm0_label":2,"admin":"United States of America","geonunit":"United States of America","gu_a3":"USA","gn_id":5224323,"gn_name":"Rhode Island","gns_id":-1,"gns_name":null,"gn_level":1,"gn_region":null,"gn_a1_code":"US.RI","region_sub":"New England","sub_code":null,"gns_level":-1,"gns_lang":null,"gns_adm1":null,"gns_region":null,"min_label":3.5,"max_label":7.5,"min_zoom":2,"wikidataid":"Q1387","name_ar":"رود آيلاند","name_bn":"রোড আইল্যান্ড","name_de":"Rhode Island","name_en":"Rhode Island","name_es":"Rhode Island","name_fr":"Rhode Island","name_el":"Ρόουντ Άιλαντ","name_hi":"रोड आइलैंड","name_hu":"Rhode Island","name_id":"Rhode Island","name_it":"Rhode Island","name_ja":"ロードアイランド州","name_ko":"로드아일랜드","name_nl":"Rhode Island","name_pl":"Rhode Island","name_pt":"Rhode Island","name_ru":"Род-Айленд","name_sv":"Rhode Island","name_tr":"Rhode Island","name_vi":"Rhode Island","name_zh":"罗得岛州","ne_id":1159312213,"name_he":"רוד איילנד","name_uk":"Род-Айленд","name_ur":"رہوڈ آئی لینڈ","name_fa":"رود آیلند","name_zht":"羅德島州","FCLASS_ISO":null,"FCLASS_US":null,"FCLASS_FR":null,"FCLASS_RU":null,"FCLASS_ES":null,"FCLASS_CN":null,"FCLASS_TW":null,"FCLASS_IN":null,"FCLASS_NP":null,"FCLASS_PK":null,"FCLASS_DE":null,"FCLASS_GB":null,"FCLASS_BR":null,"FCLASS_IL":null,"FCLASS_PS":null,"FCLASS_SA":null,"FCLASS_EG":null,"FCLASS_MA":null,"FCLASS_PT":null,"FCLASS_AR":null,"FCLASS_JP":null,"FCLASS_KO":null,"FCLASS_VN":null,"FCLASS_TR":null,"FCLASS_ID":null,"FCLASS_PL":null,"FCLASS_GR":null,"FCLASS_IT":null,"FCLASS_NL":null,"FCLASS_SE":null,"FCLASS_BD":null,"FCLASS_UA":null,"FCLASS_TLC":null}},
{"type":"Feature","geometry":{"type":"Polygon","coordinates":[[[-80.872346,32.029565],[-79.276011,33.135394],[-78.564272,33.876664],[-79.653556,34.796791],[-80.784082,34.828629],[-81.087316,35.155714],[-82.356083,35.201626],[-83.114821,35.001477],[-82.589344,34.017618],[-81.489778,32.935663],[-80.872346,32.029565]]]},"properties":{"featurecla":"Admin-1 scale rank","scalerank":2,"adm1_code":"USA-3545","diss_me":3545,"iso_3166_2":"US-SC","wikipedia":"http://en.wikipedia.org/wiki/South_Carolina","iso_a2":"US","adm0_sr":1,"name":"South Carolina","name_alt":"SC|S.C.","name_local":null,"type":"State","type_en":"State","code_local":"US45","code_hasc":"US.SC","note":null,"hasc_maybe":null,"region":"South","region_cod":null,"provnum_ne":0,"gadm_level":1,"check_me":20,"datarank":1,"abbrev":"S.C.","postal":"SC","area_sqkm":0,"sameascity":-99,"labelrank":0,"name_len":14,"mapcolor9":1,"mapcolor13":1,"fips":"US45","fips_alt":null,"woe_id":2347599,"woe_label":"South Carolina, US, United States","woe_name":"South Carolina","latitude":33.8578,"longitude":-80.6471,"sov_a3":"US1","adm0_a3":"USA","adm0_label":2,"admin":"United States of America","geonunit":"United States of America","gu_a3":"USA","gn_id":4597040,"gn_name":"South Carolina","gns_id":-1,"gns_name":null,"gn_level":1,"gn_region":null,"gn_a1_code":"US.SC","region_sub":"South Atlantic","sub_code":null,"gns_level":-1,"gns_lang":null,"gns_adm1":null,"gns_region":null,"min_label":3.5,"max_label":7.5,"min_zoom":2,"wikidataid":"Q1456","name_ar":"كارولاينا الجنوبية","name_bn":"সাউথ ক্যারোলাইনা","name_de":"South Carolina","name_en":"South Carolina","name_es":"Carolina del Sur","name_fr":"Caroline du Sud","name_el":"Νότια Καρολίνα","name_hi":"दक्षिणी केरोलाइना","name_hu":"Dél-Karolina","name_id":"Carolina Selatan","name_it":"Carolina del Sud","name_ja":"サウスカロライナ州","name_ko":"사우스캐롤라이나","name_nl":"South Carolina","name_pl":"Karolina Południowa","name_pt":"Carolina do Sul","name_ru":"Южная Каролина","name_sv":"South Carolina","name_tr":"Güney Karolina","name_vi":"Nam Carolina","name_zh":"南卡罗来纳州","ne_id":1159315307,"name_he":"קרוליינה הדרומית","name_uk":"Південна Кароліна","name_ur":"جنوبی کیرولینا","name_fa":"کارولینای جنوبی","name_zht":"南卡羅萊納州","FCLASS_ISO":null,"FCLASS_US":null,"FCLASS_FR":null,"FCLASS_RU":null,"FCLASS_ES":null,"FCLASS_CN":null,"FCLASS_TW":null,"FCLASS_IN":null,"FCLASS_NP":null,"FCLASS_PK":null,"FCLASS_DE":null,"FCLASS_GB":null,"FCLASS_BR":null,"FCLASS_IL":null,"FCLASS_PS":null,"FCLASS_SA":null,"FCLASS_EG":null,"FCLASS_MA":null,"FCLASS_PT":null,"FCLASS_AR":null,"FCLASS_JP":null,"FCLASS_KO":null,"FCLASS_VN":null,"FCLASS_TR":null,"FCLASS_ID":null,"FCLASS_PL":null,"FCLASS_GR":null,"FCLASS_IT":null,"FCLASS_NL":null,"FCLASS_SE":null,"FCLASS_BD":null,"FCLASS_UA":null,"FCLASS_TLC":null}},
{"type":"Feature","geometry":{"type":"Polygon","coordinates":[[[-96.453619,43.501171],[-96.556401,45.942773],[-100.982645,45.942937],[-104.011087,45.943058],[-104.037212,45.001134],[-104.028862,43.001403],[-101.952172,43.001326],[-98.441765,43.001095],[-97.23879,42.860536],[-96.480953,42.511259],[-96.453619,43.501171]]]},"properties":{"featurecla":"Admin-1 scale rank","scalerank":2,"adm1_code":"USA-3534","diss_me":3534,"iso_3166_2":"US-SD","wikipedia":"http://en.wikipedia.org/wiki/South_Dakota","iso_a2":"US","adm0_sr":1,"name":"South Dakota","name_alt":"SD|S.D.","name_local":null,"type":"State","type_en":"State","code_local":"US46","code_hasc":"US.SD","note":null,"hasc_maybe":null,"region":"Midwest","region_cod":null,"provnum_ne":0,"gadm_level":1,"check_me":20,"datarank":1,"abbrev":"S.D.","postal":"SD","area_sqkm":0,"sameascity":-99,"labelrank":0,"name_len":12,"mapcolor9":1,"mapcolor13":1,"fips":"US46","fips_alt":null,"woe_id":2347600,"woe_label":"South Dakota, US, United States","woe_name":"South Dakota","latitude":44.4711,"longitude":-100.255,"sov_a3":"US1","adm0_a3":"USA","adm0_label":2,"admin":"United States of America","geonunit":"United States of America","gu_a3":"USA","gn_id":5769223,"gn_name":"South Dakota","gns_id":-1,"gns_name":null,"gn_level":1,"gn_region":null,"gn_a1_code":"US.SD","region_sub":"West North Central","sub_code":null,"gns_level":-1,"gns_lang":null,"gns_adm1":null,"gns_region":null,"min_label":3.5,"max_label":7.5,"min_zoom":2,"wikidataid":"Q1211","name_ar":"داكوتا الجنوبية","name_bn":"দক্ষিণ ডাকোটা","name_de":"South Dakota","name_en":"South Dakota","name_es":"Dakota del Sur","name_fr":"Dakota du Sud","name_el":"Νότια Ντακότα","name_hi":"दक्षिण डकोटा","name_hu":"Dél-Dakota","name_id":"Dakota Selatan","name_it":"Dakota del Sud","name_ja":"サウスダコタ州","name_ko":"사우스다코타","name_nl":"South Dakota","name_pl":"Dakota Południowa","name_pt":"Dakota do Sul","name_ru":"Южная Дакота","name_sv":"South Dakota","name_tr":"Güney Dakota","name_vi":"Nam Dakota","name_zh":"南达科他州","ne_id":1159315367,"name_he":"דקוטה הדרומית","name_uk":"Південна Дакота","name_ur":"جنوبی ڈکوٹا","name_fa":"داکوتای جنوبی","name_zht":"南達科他州","FCLASS_ISO":null,"FCLASS_US":null,"FCLASS_FR":null,"FCLASS_RU":null,"FCLASS_ES":null,"FCLASS_CN":null,"FCLASS_TW":null,"FCLASS_IN":null,"FCLASS_NP":null,"FCLASS_PK":null,"FCLASS_DE":null,"FCLASS_GB":null,"FCLASS_BR":null,"FCLASS_IL":null,"FCLASS_PS":null,"FCLASS_SA":null,"FCLASS_EG":null,"FCLASS_MA":null,"FCLASS_PT":null,"FCLASS_AR":null,"FCLASS_JP":null,"FCLASS_KO":null,"FCLASS_VN":null,"FCLASS_TR":null,"FCLASS_ID":null,"FCLASS_PL":null,"FCLASS_GR":null,"FCLASS_IT":null,"FCLASS_NL":null,"FCLASS_SE":null,"FCLASS_BD":null,"FCLASS_UA":null,"FCLASS_TLC":null}},
{"type":"Feature","geometry":{"type":"Polygon","coordinates":[[[-85.623604,35.000862],[-84.32469,34.988096],[-83.871306,35.51489],[-82.051366,36.122862],[-81.65889,36.610579],[-83.667521,36.60503],[-87.839151,36.643966],[-89.450329,36.500023],[-89.487221,36.503066],[-89.557313,36.501078],[-89.704772,36.001573],[-90.293705,35.001114],[-88.173267,34.999005],[-85.623604,35.000862]]]},"properties":{"featurecla":"Admin-1 scale rank","scalerank":2,"adm1_code":"USA-3551","diss_me":3551,"iso_3166_2":"US-TN","wikipedia":"http://en.wikipedia.org/wiki/Tennessee","iso_a2":"US","adm0_sr":1,"name":"Tennessee","name_alt":"TN|Tenn.","name_local":null,"type":"State","type_en":"State","code_local":"US47","code_hasc":"US.TN","note":null,"hasc_maybe":null,"region":"South","region_cod":null,"provnum_ne":0,"gadm_level":1,"check_me":20,"datarank":1,"abbrev":"Tenn.","postal":"TN","area_sqkm":0,"sameascity":-99,"labelrank":0,"name_len":9,"mapcolor9":1,"mapcolor13":1,"fips":"US47","fips_alt":null,"woe_id":2347601,"woe_label":"Tennessee, US, United States","woe_name":"Tennessee","latitude":35.7514,"longitude":-86.3415,"sov_a3":"US1","adm0_a3":"USA","adm0_label":2,"admin":"United States of America","geonunit":"United States of America","gu_a3":"USA","gn_id":4662168,"gn_name":"Tennessee","gns_id":-1,"gns_name":null,"gn_level":1,"gn_region":null,"gn_a1_code":"US.TN","region_sub":"East South Central","sub_code":null,"gns_level":-1,"gns_lang":null,"gns_adm1":null,"gns_region":null,"min_label":3.5,"max_label":7.5,"min_zoom":2,"wikidataid":"Q1509","name_ar":"تينيسي","name_bn":"টেনেসী","name_de":"Tennessee","name_en":"Tennessee","name_es":"Tennessee","name_fr":"Tennessee","name_el":"Τενεσί","name_hi":"टेनेसी","name_hu":"Tennessee","name_id":"Tennessee","name_it":"Tennessee","name_ja":"テネシー州","name_ko":"테네시","name_nl":"Tennessee","name_pl":"Tennessee","name_pt":"Tennessee","name_ru":"Теннесси","name_sv":"Tennessee","name_tr":"Tennessee","name_vi":"Tennessee","name_zh":"田纳西州","ne_id":1159315319,"name_he":"טנסי","name_uk":"Теннессі","name_ur":"ٹینیسی","name_fa":"تنسی","name_zht":"田納西州","FCLASS_ISO":null,"FCLASS_US":null,"FCLASS_FR":null,"FCLASS_RU":null,"FCLASS_ES":null,"FCLASS_CN":null,"FCLASS_TW":null,"FCLASS_IN":null,"FCLASS_NP":null,"FCLASS_PK":null,"FCLASS_DE":null,"FCLASS_GB":null,"FCLASS_BR":null,"FCLASS_IL":null,"FCLASS_PS":null,"FCLASS_SA":null,"FCLASS_EG":null,"FCLASS_MA":null,"FCLASS_PT":null,"FCLASS_AR":null,"FCLASS_JP":null,"FCLASS_KO":null,"FCLASS_VN":null,"FCLASS_TR":null,"FCLASS_ID":null,"FCLASS_PL":null,"FCLASS_GR":null,"FCLASS_IT":null,"FCLASS_NL":null,"FCLASS_SE":null,"FCLASS_BD":null,"FCLASS_UA":null,"FCLASS_TLC":null}},
{"type":"Feature","geometry":{"type":"Polygon","coordinates":[[[-94.484149,33.648434],[-95.238031,33.956479],[-96.278562,33.757627],[-97.842422,33.875785],[-99.999341,34.586721],[-100.002444,36.500902],[-103.000295,36.501232],[-103.052414,34.532778],[-103.065642,32.002748],[-106.668262,32.000946],[-106.445382,31.768398],[-104.978834,30.645936],[-104.503977,29.677667],[-103.257699,29.001129],[-102.268919,29.871169],[-101.44039,29.776841],[-100.65863,29.068541],[-100.296043,28.327678],[-99.505319,27.548341],[-99.107767,26.446917],[-97.358162,25.87052],[-97.554712,26.967351],[-97.156491,28.14436],[-96.448735,28.594481],[-95.853419,28.640349],[-93.79401,29.977264],[-93.557749,31.180421],[-94.043301,31.999232],[-94.041307,33.011996],[-94.484149,33.648434]]]},"properties":{"featurecla":"Admin-1 scale rank","scalerank":2,"adm1_code":"USA-3536","diss_me":3536,"iso_3166_2":"US-TX","wikipedia":"http://en.wikipedia.org/wiki/Texas","iso_a2":"US","adm0_sr":4,"name":"Texas","name_alt":"TX|Tex.","name_local":null,"type":"State","type_en":"State","code_local":"US48","code_hasc":"US.TX","note":null,"hasc_maybe":null,"region":"South","region_cod":null,"provnum_ne":0,"gadm_level":1,"check_me":20,"datarank":1,"abbrev":"Tex.","postal":"TX","area_sqkm":0,"sameascity":-99,"labelrank":0,"name_len":5,"mapcolor9":1,"mapcolor13":1,"fips":"US48","fips_alt":null,"woe_id":2347602,"woe_label":"Texas, US, United States","woe_name":"Texas","latitude":31.131,"longitude":-98.7607,"sov_a3":"US1","adm0_a3":"USA","adm0_label":2,"admin":"United States of America","geonunit":"United States of America","gu_a3":"USA","gn_id":4736286,"gn_name":"Texas","gns_id":-1,"gns_name":null,"gn_level":1,"gn_region":null,"gn_a1_code":"US.TX","region_sub":"West South Central","sub_code":null,"gns_level":-1,"gns_lang":null,"gns_adm1":null,"gns_region":null,"min_label":3.5,"max_label":7.5,"min_zoom":2,"wikidataid":"Q1439","name_ar":"تكساس","name_bn":"টেক্সাস","name_de":"Texas","name_en":"Texas","name_es":"Texas","name_fr":"Texas","name_el":"Τέξας","name_hi":"टॅक्सस","name_hu":"Texas","name_id":"Texas","name_it":"Texas","name_ja":"テキサス州","name_ko":"텍사스","name_nl":"Texas","name_pl":"Teksas","name_pt":"Texas","name_ru":"Техас","name_sv":"Texas","name_tr":"Teksas","name_vi":"Texas","name_zh":"得克萨斯州","ne_id":1159315211,"name_he":"טקסס","name_uk":"Техас","name_ur":"ٹیکساس","name_fa":"تگزاس","name_zht":"德克薩斯州","FCLASS_ISO":null,"FCLASS_US":null,"FCLASS_FR":null,"FCLASS_RU":null,"FCLASS_ES":null,"FCLASS_CN":null,"FCLASS_TW":null,"FCLASS_IN":null,"FCLASS_NP":null,"FCLASS_PK":null,"FCLASS_DE":null,"FCLASS_GB":null,"FCLASS_BR":null,"FCLASS_IL":null,"FCLASS_PS":null,"FCLASS_SA":null,"FCLASS_EG":null,"FCLASS_MA":null,"FCLASS_PT":null,"FCLASS_AR":null,"FCLASS_JP":null,"FCLASS_KO":null,"FCLASS_VN":null,"FCLASS_TR":null,"FCLASS_ID":null,"FCLASS_PL":null,"FCLASS_GR":null,"FCLASS_IT":null,"FCLASS_NL":null,"FCLASS_SE":null,"FCLASS_BD":null,"FCLASS_UA":null,"FCLASS_TLC":null}},
{"type":"Feature","geometry":{"type":"Polygon","coordinates":[[[-109.04667,37.000846],[-109.04639,41.000858],[-111.049989,41.000858],[-111.050296,42.000878],[-114.042593,42.001109],[-114.041637,39.971099],[-114.04027,37.004153],[-109.04667,37.000846]]]},"properties":{"featurecla":"Admin-1 scale rank","scalerank":2,"adm1_code":"USA-3526","diss_me":3526,"iso_3166_2":"US-UT","wikipedia":"http://en.wikipedia.org/wiki/Utah","iso_a2":"US","adm0_sr":1,"name":"Utah","name_alt":"UT","name_local":null,"type":"State","type_en":"State","code_local":"US49","code_hasc":"US.UT","note":null,"hasc_maybe":null,"region":"West","region_cod":null,"provnum_ne":0,"gadm_level":1,"check_me":20,"datarank":1,"abbrev":"Utah","postal":"UT","area_sqkm":0,"sameascity":-99,"labelrank":0,"name_len":4,"mapcolor9":1,"mapcolor13":1,"fips":"US49","fips_alt":null,"woe_id":2347603,"woe_label":"Utah, US, United States","woe_name":"Utah","latitude":39.5007,"longitude":-111.544,"sov_a3":"US1","adm0_a3":"USA","adm0_label":2,"admin":"United States of America","geonunit":"United States of America","gu_a3":"USA","gn_id":5549030,"gn_name":"Utah","gns_id":-1,"gns_name":null,"gn_level":1,"gn_region":null,"gn_a1_code":"US.UT","region_sub":"Mountain","sub_code":null,"gns_level":-1,"gns_lang":null,"gns_adm1":null,"gns_region":null,"min_label":3.5,"max_label":7.5,"min_zoom":2,"wikidataid":"Q829","name_ar":"يوتا","name_bn":"ইউটা","name_de":"Utah","name_en":"Utah","name_es":"Utah","name_fr":"Utah","name_el":"Γιούτα","name_hi":"यूटाह","name_hu":"Utah","name_id":"Utah","name_it":"Utah","name_ja":"ユタ州","name_ko":"유타","name_nl":"Utah","name_pl":"Utah","name_pt":"Utah","name_ru":"Юта","name_sv":"Utah","name_tr":"Utah","name_vi":"Utah","name_zh":"犹他州","ne_id":1159315349,"name_he":"יוטה","name_uk":"Юта","name_ur":"یوٹاہ","name_fa":"یوتا","name_zht":"猶他州","FCLASS_ISO":null,"FCLASS_US":null,"FCLASS_FR":null,"FCLASS_RU":null,"FCLASS_ES":null,"FCLASS_CN":null,"FCLASS_TW":null,"FCLASS_IN":null,"FCLASS_NP":null,"FCLASS_PK":null,"FCLASS_DE":null,"FCLASS_GB":null,"FCLASS_BR":null,"FCLASS_IL":null,"FCLASS_PS":null,"FCLASS_SA":null,"FCLASS_EG":null,"FCLASS_MA":null,"FCLASS_PT":null,"FCLASS_AR":null,"FCLASS_JP":null,"FCLASS_KO":null,"FCLASS_VN":null,"FCLASS_TR":null,"FCLASS_ID":null,"FCLASS_PL":null,"FCLASS_GR":null,"FCLASS_IT":null,"FCLASS_NL":null,"FCLASS_SE":null,"FCLASS_BD":null,"FCLASS_UA":null,"FCLASS_TLC":null}},
{"type":"Feature","geometry":{"type":"Polygon","coordinates":[[[-77.122053,38.943536],[-77.726642,39.346438],[-78.435238,39.160758],[-79.240272,38.476519],[-79.597745,38.577131],[-80.285303,37.677054],[-80.94368,37.301904],[-81.965277,37.539725],[-83.667521,36.60503],[-81.65889,36.610579],[-78.385547,36.569753],[-75.966445,36.551362],[-75.889057,36.550505],[-75.857428,36.550582],[-76.264284,37.893551],[-77.313698,38.396626],[-77.030361,38.889253],[-77.122053,38.943536]]]},"properties":{"featurecla":"Admin-1 scale rank","scalerank":2,"adm1_code":"USA-3552","diss_me":3552,"iso_3166_2":"US-VA","wikipedia":"http://en.wikipedia.org/wiki/Virginia","iso_a2":"US","adm0_sr":6,"name":"Virginia","name_alt":"VA","name_local":null,"type":"State","type_en":"State","code_local":"US51","code_hasc":"US.VA","note":null,"hasc_maybe":null,"region":"South","region_cod":null,"provnum_ne":0,"gadm_level":1,"check_me":20,"datarank":1,"abbrev":"Va.","postal":"VA","area_sqkm":0,"sameascity":-99,"labelrank":0,"name_len":8,"mapcolor9":1,"mapcolor13":1,"fips":"US51","fips_alt":null,"woe_id":2347605,"woe_label":"Virginia, US, United States","woe_name":"Virginia","latitude":37.7403,"longitude":-78.2431,"sov_a3":"US1","adm0_a3":"USA","adm0_label":2,"admin":"United States of America","geonunit":"United States of America","gu_a3":"USA","gn_id":6254928,"gn_name":"Virginia","gns_id":-1,"gns_name":null,"gn_level":1,"gn_region":null,"gn_a1_code":"US.VA","region_sub":"South Atlantic","sub_code":null,"gns_level":-1,"gns_lang":null,"gns_adm1":null,"gns_region":null,"min_label":3.5,"max_label":7.5,"min_zoom":2,"wikidataid":"Q1370","name_ar":"فرجينيا","name_bn":"ভার্জিনিয়া","name_de":"Virginia","name_en":"Virginia","name_es":"Virginia","name_fr":"Virginie","name_el":"Βιρτζίνια","name_hi":"वर्जीनिया","name_hu":"Virginia","name_id":"Virginia","name_it":"Virginia","name_ja":"バージニア州","name_ko":"버지니아","name_nl":"Virginia","name_pl":"Wirginia","name_pt":"Virgínia","name_ru":"Виргиния","name_sv":"Virginia","name_tr":"Virjinya","name_vi":"Virginia","name_zh":"弗吉尼亚州","ne_id":1159315259,"name_he":"וירג'יניה","name_uk":"Вірджинія","name_ur":"ورجینیا","name_fa":"ویرجینیا","name_zht":"維吉尼亞州","FCLASS_ISO":null,"FCLASS_US":null,"FCLASS_FR":null,"FCLASS_RU":null,"FCLASS_ES":null,"FCLASS_CN":null,"FCLASS_TW":null,"FCLASS_IN":null,"FCLASS_NP":null,"FCLASS_PK":null,"FCLASS_DE":null,"FCLASS_GB":null,"FCLASS_BR":null,"FCLASS_IL":null,"FCLASS_PS":null,"FCLASS_SA":null,"FCLASS_EG":null,"FCLASS_MA":null,"FCLASS_PT":null,"FCLASS_AR":null,"FCLASS_JP":null,"FCLASS_KO":null,"FCLASS_VN":null,"FCLASS_TR":null,"FCLASS_ID":null,"FCLASS_PL":null,"FCLASS_GR":null,"FCLASS_IT":null,"FCLASS_NL":null,"FCLASS_SE":null,"FCLASS_BD":null,"FCLASS_UA":null,"FCLASS_TLC":null}},
{"type":"Feature","geometry":{"type":"Polygon","coordinates":[[[-73.352182,45.005419],[-73.253327,42.752222],[-72.46686,42.730315],[-72.384957,43.52923],[-71.51752,45.007561],[-73.352182,45.005419]]]},"properties":{"featurecla":"Admin-1 scale rank","scalerank":2,"adm1_code":"USA-3540","diss_me":3540,"iso_3166_2":"US-VT","wikipedia":"http://en.wikipedia.org/wiki/Vermont","iso_a2":"US","adm0_sr":1,"name":"Vermont","name_alt":"VT","name_local":null,"type":"State","type_en":"State","code_local":"US50","code_hasc":"US.VT","note":null,"hasc_maybe":null,"region":"Northeast","region_cod":null,"provnum_ne":0,"gadm_level":1,"check_me":20,"datarank":1,"abbrev":"Vt.","postal":"VT","area_sqkm":0,"sameascity":-99,"labelrank":0,"name_len":7,"mapcolor9":1,"mapcolor13":1,"fips":"US50","fips_alt":null,"woe_id":2347604,"woe_label":"Vermont, US, United States","woe_name":"Vermont","latitude":44.0886,"longitude":-72.7317,"sov_a3":"US1","adm0_a3":"USA","adm0_label":2,"admin":"United States of America","geonunit":"United States of America","gu_a3":"USA","gn_id":5242283,"gn_name":"Vermont","gns_id":-1,"gns_name":null,"gn_level":1,"gn_region":null,"gn_a1_code":"US.VT","region_sub":"New England","sub_code":null,"gns_level":-1,"gns_lang":null,"gns_adm1":null,"gns_region":null,"min_label":3.5,"max_label":7.5,"min_zoom":2,"wikidataid":"Q16551","name_ar":"فيرمونت","name_bn":"ভার্মন্ট","name_de":"Vermont","name_en":"Vermont","name_es":"Vermont","name_fr":"Vermont","name_el":"Βερμόντ","name_hi":"वर्मांट","name_hu":"Vermont","name_id":"Vermont","name_it":"Vermont","name_ja":"バーモント州","name_ko":"버몬트","name_nl":"Vermont","name_pl":"Vermont","name_pt":"Vermont","name_ru":"Вермонт","name_sv":"Vermont","name_tr":"Vermont","name_vi":"Vermont","name_zh":"佛蒙特州","ne_id":1159315305,"name_he":"ורמונט","name_uk":"Вермонт","name_ur":"ورمونٹ","name_fa":"ورمونت","name_zht":"佛蒙特州","FCLASS_ISO":null,"FCLASS_US":null,"FCLASS_FR":null,"FCLASS_RU":null,"FCLASS_ES":null,"FCLASS_CN":null,"FCLASS_TW":null,"FCLASS_IN":null,"FCLASS_NP":null,"FCLASS_PK":null,"FCLASS_DE":null,"FCLASS_GB":null,"FCLASS_BR":null,"FCLASS_IL":null,"FCLASS_PS":null,"FCLASS_SA":null,"FCLASS_EG":null,"FCLASS_MA":null,"FCLASS_PT":null,"FCLASS_AR":null,"FCLASS_JP":null,"FCLASS_KO":null,"FCLASS_VN":null,"FCLASS_TR":null,"FCLASS_ID":null,"FCLASS_PL":null,"FCLASS_GR":null,"FCLASS_IT":null,"FCLASS_NL":null,"FCLASS_SE":null,"FCLASS_BD":null,"FCLASS_UA":null,"FCLASS_TLC":null}},
{"type":"Feature","geometry":{"type":"Polygon","coordinates":[[[-122.788777,48.993028],[-122.242014,48.010762],[-124.632618,48.375036],[-124.07276,46.279449],[-123.220589,46.153622],[-122.202535,45.591067],[-120.351432,45.725166],[-119.01968,46.000341],[-116.896479,46.002099],[-117.025046,46.429159],[-117.039054,48.993083],[-122.788777,48.993028]]]},"properties":{"featurecla":"Admin-1 scale rank","scalerank":2,"adm1_code":"USA-3519","diss_me":3519,"iso_3166_2":"US-WA","wikipedia":"http://en.wikipedia.org/wiki/Washington_(state)","iso_a2":"US","adm0_sr":6,"name":"Washington","name_alt":"WA|Wash.","name_local":null,"type":"State","type_en":"State","code_local":"US53","code_hasc":"US.WA","note":null,"hasc_maybe":null,"region":"West","region_cod":null,"provnum_ne":0,"gadm_level":1,"check_me":20,"datarank":1,"abbrev":"Wash.","postal":"WA","area_sqkm":0,"sameascity":-99,"labelrank":0,"name_len":10,"mapcolor9":1,"mapcolor13":1,"fips":"US53","fips_alt":null,"woe_id":2347606,"woe_label":"Washington, US, United States","woe_name":"Washington","latitude":47.4865,"longitude":-120.361,"sov_a3":"US1","adm0_a3":"USA","adm0_label":2,"admin":"United States of America","geonunit":"United States of America","gu_a3":"USA","gn_id":5815135,"gn_name":"Washington","gns_id":-1,"gns_name":null,"gn_level":1,"gn_region":null,"gn_a1_code":"US.WA","region_sub":"Pacific","sub_code":null,"gns_level":-1,"gns_lang":null,"gns_adm1":null,"gns_region":null,"min_label":3.5,"max_label":7.5,"min_zoom":2,"wikidataid":"Q1223","name_ar":"واشنطن","name_bn":"ওয়াশিংটন","name_de":"Washington","name_en":"Washington","name_es":"Washington","name_fr":"Washington","name_el":"Ουάσινγκτον","name_hi":"वॉशिंगटन राज्य","name_hu":"Washington","name_id":"Washington","name_it":"Washington","name_ja":"ワシントン州","name_ko":"워싱턴","name_nl":"Washington","name_pl":"Waszyngton","name_pt":"Washington","name_ru":"Вашингтон","name_sv":"Washington","name_tr":"Vaşington","name_vi":"Washington","name_zh":"华盛顿州","ne_id":1159309547,"name_he":"וושינגטון","name_uk":"Вашингтон","name_ur":"ریاست واشنگٹن","name_fa":"ایالت واشینگتن","name_zht":"華盛頓州","FCLASS_ISO":null,"FCLASS_US":null,"FCLASS_FR":null,"FCLASS_RU":null,"FCLASS_ES":null,"FCLASS_CN":null,"FCLASS_TW":null,"FCLASS_IN":null,"FCLASS_NP":null,"FCLASS_PK":null,"FCLASS_DE":null,"FCLASS_GB":null,"FCLASS_BR":null,"FCLASS_IL":null,"FCLASS_PS":null,"FCLASS_SA":null,"FCLASS_EG":null,"FCLASS_MA":null,"FCLASS_PT":null,"FCLASS_AR":null,"FCLASS_JP":null,"FCLASS_KO":null,"FCLASS_VN":null,"FCLASS_TR":null,"FCLASS_ID":null,"FCLASS_PL":null,"FCLASS_GR":null,"FCLASS_IT":null,"FCLASS_NL":null,"FCLASS_SE":null,"FCLASS_BD":null,"FCLASS_UA":null,"FCLASS_TLC":null}},
{"type":"Feature","geometry":{"type":"Polygon","coordinates":[[[-90.650585,42.512984],[-87.039126,42.492802],[-87.15501,43.326763],[-86.7147,44.846205],[-86.264524,45.226903],[-88.151745,45.945409],[-90.11855,46.341664],[-89.957677,47.287137],[-90.654024,47.309098],[-92.291646,46.660718],[-92.693949,45.909012],[-92.799214,44.790032],[-91.319916,43.936284],[-91.245253,43.502412],[-90.650585,42.512984]]]},"properties":{"featurecla":"Admin-1 scale rank","scalerank":2,"adm1_code":"USA-3553","diss_me":3553,"iso_3166_2":"US-WI","wikipedia":"http://en.wikipedia.org/wiki/Wisconsin","iso_a2":"US","adm0_sr":1,"name":"Wisconsin","name_alt":"WI|Wis.","name_local":null,"type":"State","type_en":"State","code_local":"US55","code_hasc":"US.WI","note":null,"hasc_maybe":null,"region":"Midwest","region_cod":null,"provnum_ne":0,"gadm_level":1,"check_me":20,"datarank":1,"abbrev":"Wis.","postal":"WI","area_sqkm":0,"sameascity":-99,"labelrank":0,"name_len":9,"mapcolor9":1,"mapcolor13":1,"fips":"US55","fips_alt":null,"woe_id":2347608,"woe_label":"Wisconsin, US, United States","woe_name":"Wisconsin","latitude":44.3709,"longitude":-89.5831,"sov_a3":"US1","adm0_a3":"USA","adm0_label":2,"admin":"United States of America","geonunit":"United States of America","gu_a3":"USA","gn_id":5279468,"gn_name":"Wisconsin","gns_id":-1,"gns_name":null,"gn_level":1,"gn_region":null,"gn_a1_code":"US.WI","region_sub":"East North Central","sub_code":null,"gns_level":-1,"gns_lang":null,"gns_adm1":null,"gns_region":null,"min_label":3.5,"max_label":7.5,"min_zoom":2,"wikidataid":"Q1537","name_ar":"ويسكونسن","name_bn":"উইসকনসিন","name_de":"Wisconsin","name_en":"Wisconsin","name_es":"Wisconsin","name_fr":"Wisconsin","name_el":"Ουισκόνσιν","name_hi":"विस्कॉन्सिन","name_hu":"Wisconsin","name_id":"Wisconsin","name_it":"Wisconsin","name_ja":"ウィスコンシン州","name_ko":"위스콘신","name_nl":"Wisconsin","name_pl":"Wisconsin","name_pt":"Wisconsin","name_ru":"Висконсин","name_sv":"Wisconsin","name_tr":"Wisconsin","name_vi":"Wisconsin","name_zh":"威斯康星州","ne_id":1159315321,"name_he":"ויסקונסין","name_uk":"Вісконсин","name_ur":"وسکونسن","name_fa":"ویسکانسین","name_zht":"威斯康辛州","FCLASS_ISO":null,"FCLASS_US":null,"FCLASS_FR":null,"FCLASS_RU":null,"FCLASS_ES":null,"FCLASS_CN":null,"FCLASS_TW":null,"FCLASS_IN":null,"FCLASS_NP":null,"FCLASS_PK":null,"FCLASS_DE":null,"FCLASS_GB":null,"FCLASS_BR":null,"FCLASS_IL":null,"FCLASS_PS":null,"FCLASS_SA":null,"FCLASS_EG":null,"FCLASS_MA":null,"FCLASS_PT":null,"FCLASS_AR":null,"FCLASS_JP":null,"FCLASS_KO":null,"FCLASS_VN":null,"FCLASS_TR":null,"FCLASS_ID":null,"FCLASS_PL":null,"FCLASS_GR":null,"FCLASS_IT":null,"FCLASS_NL":null,"FCLASS_SE":null,"FCLASS_BD":null,"FCLASS_UA":null,"FCLASS_TLC":null}},
{"type":"Feature","geometry":{"type":"Polygon","coordinates":[[[-81.965277,37.539725],[-80.94368,37.301904],[-80.285303,37.677054],[-79.597745,38.577131],[-79.240272,38.476519],[-78.435238,39.160758],[-77.726642,39.346438],[-78.181135,39.68574],[-79.4775,39.722797],[-80.519443,39.722511],[-80.519081,40.646956],[-80.963291,39.57113],[-82.612778,38.448218],[-81.965277,37.539725]]]},"properties":{"featurecla":"Admin-1 scale rank","scalerank":2,"adm1_code":"USA-3554","diss_me":3554,"iso_3166_2":"US-WV","wikipedia":"http://en.wikipedia.org/wiki/West_Virginia","iso_a2":"US","adm0_sr":1,"name":"West Virginia","name_alt":"WV|W.Va.","name_local":null,"type":"State","type_en":"State","code_local":"US54","code_hasc":"US.WV","note":null,"hasc_maybe":null,"region":"South","region_cod":null,"provnum_ne":0,"gadm_level":1,"check_me":20,"datarank":1,"abbrev":"W.Va.","postal":"WV","area_sqkm":0,"sameascity":-99,"labelrank":0,"name_len":13,"mapcolor9":1,"mapcolor13":1,"fips":"US54","fips_alt":null,"woe_id":2347607,"woe_label":"West Virginia, US, United States","woe_name":"West Virginia","latitude":38.6422,"longitude":-80.7128,"sov_a3":"US1","adm0_a3":"USA","adm0_label":2,"admin":"United States of America","geonunit":"United States of America","gu_a3":"USA","gn_id":4826850,"gn_name":"West Virginia","gns_id":-1,"gns_name":null,"gn_level":1,"gn_region":null,"gn_a1_code":"US.WV","region_sub":"South Atlantic","sub_code":null,"gns_level":-1,"gns_lang":null,"gns_adm1":null,"gns_region":null,"min_label":3.5,"max_label":7.5,"min_zoom":2,"wikidataid":"Q1371","name_ar":"فيرجينيا الغربية","name_bn":"পশ্চিম ভার্জিনিয়া","name_de":"West Virginia","name_en":"West Virginia","name_es":"Virginia Occidental","name_fr":"Virginie-Occidentale","name_el":"Δυτική Βιρτζίνια","name_hi":"पश्चिमी वर्जीनिया","name_hu":"Nyugat-Virginia","name_id":"Virginia Barat","name_it":"Virginia Occidentale","name_ja":"ウェストバージニア州","name_ko":"웨스트버지니아","name_nl":"West Virginia","name_pl":"Wirginia Zachodnia","name_pt":"Virgínia Ocidental","name_ru":"Западная Виргиния","name_sv":"West Virginia","name_tr":"Batı Virginia","name_vi":"Tây Virginia","name_zh":"西維吉尼亞州","ne_id":1159315323,"name_he":"וירג'יניה המערבית","name_uk":"Західна Вірджинія","name_ur":"مغربی ورجینیا","name_fa":"ویرجینیای غربی","name_zht":"西維吉尼亞州","FCLASS_ISO":null,"FCLASS_US":null,"FCLASS_FR":null,"FCLASS_RU":null,"FCLASS_ES":null,"FCLASS_CN":null,"FCLASS_TW":null,"FCLASS_IN":null,"FCLASS_NP":null,"FCLASS_PK":null,"FCLASS_DE":null,"FCLASS_GB":null,"FCLASS_BR":null,"FCLASS_IL":null,"FCLASS_PS":null,"FCLASS_SA":null,"FCLASS_EG":null,"FCLASS_MA":null,"FCLASS_PT":null,"FCLASS_AR":null,"FCLASS_JP":null,"FCLASS_KO":null,"FCLASS_VN":null,"FCLASS_TR":null,"FCLASS_ID":null,"FCLASS_PL":null,"FCLASS_GR":null,"FCLASS_IT":null,"FCLASS_NL":null,"FCLASS_SE":null,"FCLASS_BD":null,"FCLASS_UA":null,"FCLASS_TLC":null}},
{"type":"Feature","geometry":{"type":"Polygon","coordinates":[[[-104.021655,41.000858],[-104.028862,43.001403],[-104.037212,45.001134],[-106.22899,45.001079],[-111.050862,45.001057],[-111.051434,44.498883],[-111.050296,42.000878],[-111.049989,41.000858],[-109.04639,41.000858],[-104.021655,41.000858]]]},"properties":{"featurecla":"Admin-1 scale rank","scalerank":2,"adm1_code":"USA-3527","diss_me":3527,"iso_3166_2":"US-WY","wikipedia":"http://en.wikipedia.org/wiki/Wyoming","iso_a2":"US","adm0_sr":1,"name":"Wyoming","name_alt":"WY|Wyo.","name_local":null,"type":"State","type_en":"State","code_local":"US56","code_hasc":"US.WY","note":null,"hasc_maybe":null,"region":"West","region_cod":null,"provnum_ne":0,"gadm_level":1,"check_me":20,"datarank":1,"abbrev":"Wyo.","postal":"WY","area_sqkm":0,"sameascity":-99,"labelrank":0,"name_len":7,"mapcolor9":1,"mapcolor13":1,"fips":"US56","fips_alt":null,"woe_id":2347609,"woe_label":"Wyoming, US, United States","woe_name":"Wyoming","latitude":42.9999,"longitude":-107.552,"sov_a3":"US1","adm0_a3":"USA","adm0_label":2,"admin":"United States of America","geonunit":"United States of America","gu_a3":"USA","gn_id":5843591,"gn_name":"Wyoming","gns_id":-1,"gns_name":null,"gn_level":1,"gn_region":null,"gn_a1_code":"US.WY","region_sub":"Mountain","sub_code":null,"gns_level":-1,"gns_lang":null,"gns_adm1":null,"gns_region":null,"min_label":3.5,"max_label":7.5,"min_zoom":2,"wikidataid":"Q1214","name_ar":"وايومنغ","name_bn":"ওয়াইয়োমিং","name_de":"Wyoming","name_en":"Wyoming","name_es":"Wyoming","name_fr":"Wyoming","name_el":"Ουαϊόμινγκ","name_hi":"वायोमिंग","name_hu":"Wyoming","name_id":"Wyoming","name_it":"Wyoming","name_ja":"ワイオミング州","name_ko":"와이오밍","name_nl":"Wyoming","name_pl":"Wyoming","name_pt":"Wyoming","name_ru":"Вайоминг","name_sv":"Wyoming","name_tr":"Wyoming","name_vi":"Wyoming","name_zh":"怀俄明州","ne_id":1159315351,"name_he":"ויומינג","name_uk":"Вайомінг","name_ur":"وائیومنگ","name_fa":"وایومینگ","name_zht":"懷俄明州","FCLASS_ISO":null,"FCLASS_US":null,"FCLASS_FR":null,"FCLASS_RU":null,"FCLASS_ES":null,"FCLASS_CN":null,"FCLASS_TW":null,"FCLASS_IN":null,"FCLASS_NP":null,"FCLASS_PK":null,"FCLASS_DE":null,"FCLASS_GB":null,"FCLASS_BR":null,"FCLASS_IL":null,"FCLASS_PS":null,"FCLASS_SA":null,"FCLASS_EG":null,"FCLASS_MA":null,"FCLASS_PT":null,"FCLASS_AR":null,"FCLASS_JP":null,"FCLASS_KO":null,"FCLASS_VN":null,"FCLASS_TR":null,"FCLASS_ID":null,"FCLASS_PL":null,"FCLASS_GR":null,"FCLASS_IT":null,"FCLASS_NL":null,"FCLASS_SE":null,"FCLASS_BD":null,"FCLASS_UA":null,"FCLASS_TLC":null}},
{"type":"Feature","geometry":{"type":"Polygon","coordinates":[[[96.372543,42.730677],[96.035823,41.995292],[94.580925,41.585214],[93.577472,40.587962],[92.925884,40.422908],[92.935961,39.152856],[94.479329,39.317833],[95.305325,39.182777],[96.945483,38.358227],[97.02646,39.196212],[98.068619,38.801844],[98.962105,38.981755],[99.799883,38.365721],[100.554307,38.252084],[102.460134,36.955652],[102.933283,36.086066],[102.702186,35.524034],[101.793353,34.631892],[101.77754,33.530047],[102.78182,34.274187],[103.184172,33.822096],[104.093006,33.66854],[104.898331,32.611834],[105.498553,32.907397],[105.832435,33.497542],[106.481749,33.700889],[106.673623,34.384672],[107.670462,35.227979],[108.492634,35.272498],[108.70368,36.35897],[107.285472,37.068461],[106.644065,37.181658],[106.464851,35.332366],[105.431839,35.756422],[105.180175,36.972136],[104.358519,37.401232],[103.438162,37.842393],[103.471235,38.435897],[104.224781,39.090689],[104.023966,39.441107],[102.965374,39.11937],[102.39311,39.237192],[101.580188,38.688233],[99.686143,39.876016],[100.011188,40.89629],[98.645845,40.56755],[97.846875,41.619269],[97.205674,42.789792],[96.372543,42.730677]]]},"properties":{"featurecla":"Admin-1 scale rank","scalerank":2,"adm1_code":"CHN-1150","diss_me":1150,"iso_3166_2":"CN-GS","wikipedia":null,"iso_a2":"CN","adm0_sr":1,"name":"Gansu","name_alt":"Gānsù","name_local":"甘肅|甘肃","type":"Shěng","type_en":"Province","code_local":null,"code_hasc":"CN.GS","note":null,"hasc_maybe":null,"region":"Northwest China","region_cod":"6","provnum_ne":39,"gadm_level":1,"check_me":20,"datarank":1,"abbrev":null,"postal":"GS","area_sqkm":0,"sameascity":-99,"labelrank":2,"name_len":5,"mapcolor9":4,"mapcolor13":3,"fips":"CH15","fips_alt":null,"woe_id":12578005,"woe_label":"Gansu, CN, China","woe_name":"Gansu","latitude":38.7393,"longitude":100.735,"sov_a3":"CH1","adm0_a3":"CHN","adm0_label":2,"admin":"China","geonunit":"China","gu_a3":"CHN","gn_id":1810676,"gn_name":"Gansu Sheng","gns_id":-1906131,"gns_name":"Gansu Sheng","gn_level":1,"gn_region":null,"gn_a1_code":"CN.15","region_sub":"Western","sub_code":null,"gns_level":1,"gns_lang":"zho","gns_adm1":"CH15","gns_region":null,"min_label":4.6,"max_label":10.1,"min_zoom":4.6,"wikidataid":"Q42392","name_ar":"قانسو","name_bn":"কানসু","name_de":"Gansu","name_en":"Gansu","name_es":"Gansu","name_fr":"Gansu","name_el":"Κανσού","name_hi":"गांसू","name_hu":"Kanszu","name_id":"Gansu","name_it":"Gansu","name_ja":"甘粛省","name_ko":"간쑤성","name_nl":"Gansu","name_pl":"Gansu","name_pt":"Gansu","name_ru":"Ганьсу","name_sv":"Gansu","name_tr":"Kansu","name_vi":"Cam Túc","name_zh":"甘肃省","ne_id":1159310923,"name_he":"גאנסו","name_uk":"Ґаньсу","name_ur":"گانسو","name_fa":"گانسو","name_zht":"甘肅省","FCLASS_ISO":null,"FCLASS_US":null,"FCLASS_FR":null,"FCLASS_RU":null,"FCLASS_ES":null,"FCLASS_CN":null,"FCLASS_TW":null,"FCLASS_IN":null,"FCLASS_NP":null,"FCLASS_PK":null,"FCLASS_DE":null,"FCLASS_GB":null,"FCLASS_BR":null,"FCLASS_IL":null,"FCLASS_PS":null,"FCLASS_SA":null,"FCLASS_EG":null,"FCLASS_MA":null,"FCLASS_PT":null,"FCLASS_AR":null,"FCLASS_JP":null,"FCLASS_KO":null,"FCLASS_VN":null,"FCLASS_TR":null,"FCLASS_ID":null,"FCLASS_PL":null,"FCLASS_GR":null,"FCLASS_IT":null,"FCLASS_NL":null,"FCLASS_SE":null,"FCLASS_BD":null,"FCLASS_UA":null,"FCLASS_TLC":null}},
{"type":"Feature","geometry":{"type":"Polygon","coordinates":[[[101.77754,33.530047],[101.793353,34.631892],[102.702186,35.524034],[102.933283,36.086066],[102.460134,36.955652],[100.554307,38.252084],[99.799883,38.365721],[98.962105,38.981755],[98.068619,38.801844],[97.02646,39.196212],[96.945483,38.358227],[95.305325,39.182777],[94.479329,39.317833],[92.935961,39.152856],[90.653516,38.674074],[90.193492,38.325671],[90.436475,37.778573],[91.073749,37.487945],[90.80777,36.910564],[91.135761,36.140637],[89.677813,36.081958],[89.45483,35.212838],[89.840284,34.383328],[89.636731,34.093371],[90.205688,33.401502],[91.189194,33.336958],[92.221379,32.744978],[94.110773,32.478225],[94.582217,32.672192],[96.094218,31.700546],[97.25487,32.075794],[97.715721,32.54419],[97.360962,32.897036],[98.034926,33.959788],[98.852085,33.174875],[99.698545,32.744617],[101.170807,32.688341],[101.164141,33.128082],[101.77754,33.530047]]]},"properties":{"featurecla":"Admin-1 scale rank","scalerank":2,"adm1_code":"CHN-1151","diss_me":1151,"iso_3166_2":"CN-QH","wikipedia":null,"iso_a2":"CN","adm0_sr":1,"name":"Qinghai","name_alt":null,"name_local":null,"type":"Shěng","type_en":"Province","code_local":null,"code_hasc":"CN.QH","note":null,"hasc_maybe":null,"region":"Northwest China","region_cod":"6","provnum_ne":36,"gadm_level":1,"check_me":20,"datarank":1,"abbrev":null,"postal":"QH","area_sqkm":0,"sameascity":-99,"labelrank":2,"name_len":7,"mapcolor9":4,"mapcolor13":3,"fips":null,"fips_alt":null,"woe_id":12577996,"woe_label":"Qinghai, CN, China","woe_name":"Qinghai","latitude":35.2652,"longitude":96.2377,"sov_a3":"CH1","adm0_a3":"CHN","adm0_label":2,"admin":"China","geonunit":"China","gu_a3":"CHN","gn_id":1280239,"gn_name":"Qinghai Sheng","gns_id":-1922240,"gns_name":"Qinghai Sheng","gn_level":1,"gn_region":null,"gn_a1_code":"CN.06","region_sub":"Western","sub_code":null,"gns_level":1,"gns_lang":"zho","gns_adm1":"CH06","gns_region":null,"min_label":4.6,"max_label":10.1,"min_zoom":4.6,"wikidataid":"Q45833","name_ar":"تشينغهاي","name_bn":"ছিংহাই","name_de":"Qinghai","name_en":"Qinghai","name_es":"Qinghai","name_fr":"Qinghai","name_el":"Τσινγκχάι","name_hi":"चिंगहई","name_hu":"Csinghaj","name_id":"Qinghai","name_it":"Qinghai","name_ja":"青海省","name_ko":"칭하이성","name_nl":"Qinghai","name_pl":"Qinghai","name_pt":"Qinghai","name_ru":"Цинхай","name_sv":"Qinghai","name_tr":"Çinghay","name_vi":"Thanh Hải","name_zh":"青海省","ne_id":1159310927,"name_he":"צ'ינגהאי","name_uk":"Цінхай","name_ur":"چنگھائی","name_fa":"چینگهای","name_zht":"青海省","FCLASS_ISO":null,"FCLASS_US":null,"FCLASS_FR":null,"FCLASS_RU":null,"FCLASS_ES":null,"FCLASS_CN":null,"FCLASS_TW":null,"FCLASS_IN":null,"FCLASS_NP":null,"FCLASS_PK":null,"FCLASS_DE":null,"FCLASS_GB":null,"FCLASS_BR":null,"FCLASS_IL":null,"FCLASS_PS":null,"FCLASS_SA":null,"FCLASS_EG":null,"FCLASS_MA":null,"FCLASS_PT":null,"FCLASS_AR":null,"FCLASS_JP":null,"FCLASS_KO":null,"FCLASS_VN":null,"FCLASS_TR":null,"FCLASS_ID":null,"FCLASS_PL":null,"FCLASS_GR":null,"FCLASS_IT":null,"FCLASS_NL":null,"FCLASS_SE":null,"FCLASS_BD":null,"FCLASS_UA":null,"FCLASS_TLC":null}},
{"type":"Feature","geometry":{"type":"Polygon","coordinates":[[[105.512147,23.152334],[106.780284,22.778894],[106.729537,22.000363],[107.351205,21.608914],[108.324805,21.693506],[109.759375,21.560059],[110.355879,21.888974],[110.754563,22.580172],[111.351219,22.908214],[111.471005,23.613236],[111.899144,23.990862],[111.996554,24.735674],[111.315821,25.503198],[111.251897,26.279714],[110.577054,26.350795],[110.246997,25.978208],[109.456709,26.03885],[109.30044,25.743054],[107.861871,25.145959],[106.995516,25.255384],[106.001158,24.64847],[105.100076,24.954317],[104.539852,24.741772],[105.447187,24.037603],[106.193756,23.869396],[105.512147,23.152334]]]},"properties":{"featurecla":"Admin-1 scale rank","scalerank":2,"adm1_code":"CHN-1152","diss_me":1152,"iso_3166_2":"CN-GX","wikipedia":null,"iso_a2":"CN","adm0_sr":5,"name":"Guangxi","name_alt":"Guangxi Zhuang|Guangxi Zhuàngzú","name_local":"廣西壯族自治區|广西壮族自治区","type":"Zìzhìqu","type_en":"Autonomous Region","code_local":null,"code_hasc":"CN.GX","note":null,"hasc_maybe":null,"region":"South Central China","region_cod":"4","provnum_ne":6,"gadm_level":1,"check_me":20,"datarank":1,"abbrev":null,"postal":"GX","area_sqkm":0,"sameascity":-99,"labelrank":2,"name_len":7,"mapcolor9":4,"mapcolor13":3,"fips":"CH16","fips_alt":null,"woe_id":12578006,"woe_label":"Guangxi, CN, China","woe_name":"Guangxi","latitude":23.7451,"longitude":108.756,"sov_a3":"CH1","adm0_a3":"CHN","adm0_label":2,"admin":"China","geonunit":"China","gu_a3":"CHN","gn_id":1809867,"gn_name":"Guangxi Zhuangzu Zizhiqu","gns_id":-1907151,"gns_name":"Guangxi Zhuangzu Zizhiqu","gn_level":1,"gn_region":null,"gn_a1_code":"CN.16","region_sub":"Western","sub_code":null,"gns_level":1,"gns_lang":"zho","gns_adm1":"CH16","gns_region":null,"min_label":4.6,"max_label":10.1,"min_zoom":4.6,"wikidataid":"Q15176","name_ar":"قوانغشي","name_bn":"কুয়াংশি","name_de":"Guangxi","name_en":"Guangxi","name_es":"Guangxi","name_fr":"Guangxi","name_el":"Κουανγκσί","name_hi":"गुआंगशी","name_hu":"Kuanghszi-Csuang Autonóm Terület","name_id":"Guangxi","name_it":"Guangxi","name_ja":"広西チワン族自治区","name_ko":"광시 좡족 자치구","name_nl":"Guangxi","name_pl":"Kuangsi","name_pt":"Guangxi","name_ru":"Гуанси-Чжуанский автономный район","name_sv":"Guangxi","name_tr":"Guangxi Zhuang Özerk Bölgesi","name_vi":"Quảng Tây","name_zh":"广西壮族自治区","ne_id":1159310341,"name_he":"גואנגשי","name_uk":"Гуансі-Чжуанський автономний район","name_ur":"گوانگشی","name_fa":"گوانگشی","name_zht":"廣西壯族自治區","FCLASS_ISO":null,"FCLASS_US":null,"FCLASS_FR":null,"FCLASS_RU":null,"FCLASS_ES":null,"FCLASS_CN":null,"FCLASS_TW":null,"FCLASS_IN":null,"FCLASS_NP":null,"FCLASS_PK":null,"FCLASS_DE":null,"FCLASS_GB":null,"FCLASS_BR":null,"FCLASS_IL":null,"FCLASS_PS":null,"FCLASS_SA":null,"FCLASS_EG":null,"FCLASS_MA":null,"FCLASS_PT":null,"FCLASS_AR":null,"FCLASS_JP":null,"FCLASS_KO":null,"FCLASS_VN":null,"FCLASS_TR":null,"FCLASS_ID":null,"FCLASS_PL":null,"FCLASS_GR":null,"FCLASS_IT":null,"FCLASS_NL":null,"FCLASS_SE":null,"FCLASS_BD":null,"FCLASS_UA":null,"FCLASS_TLC":null}},
{"type":"Feature","geometry":{"type":"Polygon","coordinates":[[[106.382427,28.572494],[106.345375,27.834942],[105.296963,27.721745],[105.197383,27.398638],[103.695407,27.151702],[103.829249,26.547114],[104.675503,26.379269],[104.306223,25.664765],[104.719738,25.210942],[104.539852,24.741772],[105.100076,24.954317],[106.001158,24.64847],[106.995516,25.255384],[107.861871,25.145959],[109.30044,25.743054],[109.456709,26.03885],[109.258375,28.505909],[108.728485,28.24223],[108.286238,29.077166],[107.783478,29.137369],[106.750001,28.502162],[106.382427,28.572494]]]},"properties":{"featurecla":"Admin-1 scale rank","scalerank":2,"adm1_code":"CHN-1153","diss_me":1153,"iso_3166_2":"CN-GZ","wikipedia":null,"iso_a2":"CN","adm0_sr":1,"name":"Guizhou","name_alt":"Gùizhōu","name_local":"貴州|贵州","type":"Shěng","type_en":"Province","code_local":null,"code_hasc":"CN.GZ","note":null,"hasc_maybe":null,"region":"Southwest China","region_cod":"5","provnum_ne":41,"gadm_level":1,"check_me":20,"datarank":1,"abbrev":null,"postal":"GZ","area_sqkm":0,"sameascity":-99,"labelrank":2,"name_len":7,"mapcolor9":4,"mapcolor13":3,"fips":"CH18","fips_alt":null,"woe_id":12578007,"woe_label":"Guizhou, CN, China","woe_name":"Guizhou","latitude":26.8033,"longitude":106.559,"sov_a3":"CH1","adm0_a3":"CHN","adm0_label":2,"admin":"China","geonunit":"China","gu_a3":"CHN","gn_id":1809445,"gn_name":"Guizhou Sheng","gns_id":-1907620,"gns_name":"Guizhou Sheng","gn_level":1,"gn_region":null,"gn_a1_code":"CN.18","region_sub":"Western","sub_code":null,"gns_level":1,"gns_lang":"zho","gns_adm1":"CH18","gns_region":null,"min_label":4.6,"max_label":10.1,"min_zoom":4.6,"wikidataid":"Q47097","name_ar":"قويتشو","name_bn":"কুয়েইচৌ","name_de":"Guizhou","name_en":"Guizhou","name_es":"Guizhou","name_fr":"Guizhou","name_el":"Κουεϊτσόου","name_hi":"गुइझोऊ","name_hu":"Kujcsou","name_id":"Guizhou","name_it":"Guizhou","name_ja":"貴州省","name_ko":"구이저우성","name_nl":"Guizhou","name_pl":"Kuejczou","name_pt":"Guizhou","name_ru":"Гуйчжоу","name_sv":"Guizhou","name_tr":"Guizhou","name_vi":"Quý Châu","name_zh":"贵州省","ne_id":1159310929,"name_he":"גוויג'ואו","name_uk":"Ґуйчжоу","name_ur":"گوئیژو","name_fa":"گوئیژو","name_zht":"貴州省","FCLASS_ISO":null,"FCLASS_US":null,"FCLASS_FR":null,"FCLASS_RU":null,"FCLASS_ES":null,"FCLASS_CN":null,"FCLASS_TW":null,"FCLASS_IN":null,"FCLASS_NP":null,"FCLASS_PK":null,"FCLASS_DE":null,"FCLASS_GB":null,"FCLASS_BR":null,"FCLASS_IL":null,"FCLASS_PS":null,"FCLASS_SA":null,"FCLASS_EG":null,"FCLASS_MA":null,"FCLASS_PT":null,"FCLASS_AR":null,"FCLASS_JP":null,"FCLASS_KO":null,"FCLASS_VN":null,"FCLASS_TR":null,"FCLASS_ID":null,"FCLASS_PL":null,"FCLASS_GR":null,"FCLASS_IT":null,"FCLASS_NL":null,"FCLASS_SE":null,"FCLASS_BD":null,"FCLASS_UA":null,"FCLASS_TLC":null}},
{"type":"Feature","geometry":{"type":"Polygon","coordinates":[[[109.258375,28.505909],[109.206595,29.104244],[108.538213,29.885463],[108.433206,30.487287],[109.394181,30.583741],[110.127676,30.906408],[109.593962,31.737598],[108.518369,32.19757],[108.500695,31.790825],[107.849882,30.809618],[107.03293,30.057856],[105.791713,30.423363],[105.291072,29.584784],[106.382427,28.572494],[106.750001,28.502162],[107.783478,29.137369],[108.286238,29.077166],[108.728485,28.24223],[109.258375,28.505909]]]},"properties":{"featurecla":"Admin-1 scale rank","scalerank":2,"adm1_code":"CHN-1154","diss_me":1154,"iso_3166_2":"CN-CQ","wikipedia":null,"iso_a2":"CN","adm0_sr":1,"name":"Chongqing","name_alt":"Chóngqìng","name_local":"重慶|重庆","type":"Zhíxiáshì","type_en":"Municipality","code_local":null,"code_hasc":"CN.CQ","note":null,"hasc_maybe":null,"region":"Southwest China","region_cod":"5","provnum_ne":51,"gadm_level":1,"check_me":20,"datarank":1,"abbrev":null,"postal":"CQ","area_sqkm":0,"sameascity":7,"labelrank":2,"name_len":9,"mapcolor9":4,"mapcolor13":3,"fips":"CH33","fips_alt":"CH18|CH32","woe_id":20070171,"woe_label":"Chongqing, CN, China","woe_name":"Chongqing","latitude":30.0173,"longitude":107.73,"sov_a3":"CH1","adm0_a3":"CHN","adm0_label":2,"admin":"China","geonunit":"China","gu_a3":"CHN","gn_id":1814905,"gn_name":"Chongqing Shi","gns_id":-1900775,"gns_name":"Chongqing Shi","gn_level":1,"gn_region":null,"gn_a1_code":"CN.33","region_sub":"Western","sub_code":null,"gns_level":1,"gns_lang":"zho","gns_adm1":"CH33","gns_region":null,"min_label":4.6,"max_label":10.1,"min_zoom":4.6,"wikidataid":"Q11725","name_ar":"تشونغتشينغ","name_bn":"ছুংছিং","name_de":"Chongqing","name_en":"Chongqing","name_es":"Chongqing","name_fr":"Chongqing","name_el":"Τσονγκίνγκ","name_hi":"चोंग्किंग","name_hu":"Csungking","name_id":"Chongqing","name_it":"Chongqing","name_ja":"重慶市","name_ko":"충칭시","name_nl":"Chongqing","name_pl":"Chongqing","name_pt":"Chongqing","name_ru":"Чунцин","name_sv":"Chongqing","name_tr":"Çongçing","name_vi":"Trùng Khánh","name_zh":"重庆市","ne_id":1159310931,"name_he":"צ'ונגצ'ינג","name_uk":"Чунцін","name_ur":"چونگ کینگ","name_fa":"چونگکینگ","name_zht":"重慶市","FCLASS_ISO":null,"FCLASS_US":null,"FCLASS_FR":null,"FCLASS_RU":null,"FCLASS_ES":null,"FCLASS_CN":null,"FCLASS_TW":null,"FCLASS_IN":null,"FCLASS_NP":null,"FCLASS_PK":null,"FCLASS_DE":null,"FCLASS_GB":null,"FCLASS_BR":null,"FCLASS_IL":null,"FCLASS_PS":null,"FCLASS_SA":null,"FCLASS_EG":null,"FCLASS_MA":null,"FCLASS_PT":null,"FCLASS_AR":null,"FCLASS_JP":null,"FCLASS_KO":null,"FCLASS_VN":null,"FCLASS_TR":null,"FCLASS_ID":null,"FCLASS_PL":null,"FCLASS_GR":null,"FCLASS_IT":null,"FCLASS_NL":null,"FCLASS_SE":null,"FCLASS_BD":null,"FCLASS_UA":null,"FCLASS_TLC":null}},
{"type":"Feature","geometry":{"type":"Polygon","coordinates":[[[116.793419,39.602312],[116.875636,39.686467],[117.239077,40.092618],[117.356796,40.257026],[116.675804,40.940137],[115.728161,40.539593],[115.463423,39.643214],[116.793419,39.602312]]]},"properties":{"featurecla":"Admin-1 scale rank","scalerank":2,"adm1_code":"CHN-1155","diss_me":1155,"iso_3166_2":"CN-BJ","wikipedia":null,"iso_a2":"CN","adm0_sr":1,"name":"Beijing","name_alt":"Běijīng","name_local":"北京|北京","type":"Zhíxiáshì","type_en":"Municipality","code_local":null,"code_hasc":"CN.BJ","note":null,"hasc_maybe":null,"region":"North China","region_cod":"1","provnum_ne":45,"gadm_level":1,"check_me":20,"datarank":1,"abbrev":null,"postal":"BJ","area_sqkm":0,"sameascity":7,"labelrank":7,"name_len":7,"mapcolor9":4,"mapcolor13":3,"fips":"CH22","fips_alt":null,"woe_id":12578011,"woe_label":"Beijing, CN, China","woe_name":"Beijing","latitude":39.9488,"longitude":116.389,"sov_a3":"CH1","adm0_a3":"CHN","adm0_label":2,"admin":"China","geonunit":"China","gu_a3":"CHN","gn_id":2038349,"gn_name":"Beijing Shi","gns_id":-1898545,"gns_name":"Beijing Shi","gn_level":1,"gn_region":null,"gn_a1_code":"CN.22","region_sub":null,"sub_code":null,"gns_level":1,"gns_lang":"zho","gns_adm1":"CH22","gns_region":null,"min_label":4.6,"max_label":10.1,"min_zoom":4.6,"wikidataid":"Q956","name_ar":"بكين","name_bn":"বেইজিং","name_de":"Peking","name_en":"Beijing","name_es":"Pekín","name_fr":"Pékin","name_el":"Πεκίνο","name_hi":"बीजिंग","name_hu":"Peking","name_id":"Beijing","name_it":"Pechino","name_ja":"北京市","name_ko":"베이징시","name_nl":"Peking","name_pl":"Pekin","name_pt":"Pequim","name_ru":"Пекин","name_sv":"Peking","name_tr":"Pekin","name_vi":"Bắc Kinh","name_zh":"北京市","ne_id":1159310969,"name_he":"בייג'ינג","name_uk":"Пекін","name_ur":"بیجنگ","name_fa":"پکن","name_zht":"北京市","FCLASS_ISO":null,"FCLASS_US":null,"FCLASS_FR":null,"FCLASS_RU":null,"FCLASS_ES":null,"FCLASS_CN":null,"FCLASS_TW":null,"FCLASS_IN":null,"FCLASS_NP":null,"FCLASS_PK":null,"FCLASS_DE":null,"FCLASS_GB":null,"FCLASS_BR":null,"FCLASS_IL":null,"FCLASS_PS":null,"FCLASS_SA":null,"FCLASS_EG":null,"FCLASS_MA":null,"FCLASS_PT":null,"FCLASS_AR":null,"FCLASS_JP":null,"FCLASS_KO":null,"FCLASS_VN":null,"FCLASS_TR":null,"FCLASS_ID":null,"FCLASS_PL":null,"FCLASS_GR":null,"FCLASS_IT":null,"FCLASS_NL":null,"FCLASS_SE":null,"FCLASS_BD":null,"FCLASS_UA":null,"FCLASS_TLC":null}},
{"type":"Feature","geometry":{"type":"Polygon","coordinates":[[[120.423805,27.202522],[118.922695,27.549998],[118.446445,28.288687],[117.284242,27.857034],[117.153811,27.276397],[116.135165,25.866328],[115.887531,24.916774],[116.748564,24.551499],[117.175049,23.615667],[118.560352,24.580371],[119.539453,25.59126],[120.423805,27.202522]]]},"properties":{"featurecla":"Admin-1 scale rank","scalerank":2,"adm1_code":"CHN-1178","diss_me":1178,"iso_3166_2":"CN-FJ","wikipedia":null,"iso_a2":"CN","adm0_sr":1,"name":"Fujian","name_alt":"Fújiàn","name_local":"福建","type":"Shěng","type_en":"Province","code_local":null,"code_hasc":"CN.FJ","note":null,"hasc_maybe":null,"region":null,"region_cod":null,"provnum_ne":5,"gadm_level":1,"check_me":20,"datarank":1,"abbrev":null,"postal":"FJ","area_sqkm":0,"sameascity":-99,"labelrank":2,"name_len":6,"mapcolor9":4,"mapcolor13":3,"fips":"CH07","fips_alt":null,"woe_id":12577997,"woe_label":"Fujian, CN, China","woe_name":"Fujian","latitude":26.408,"longitude":118.178,"sov_a3":"CH1","adm0_a3":"CHN","adm0_label":2,"admin":"China","geonunit":"China","gu_a3":"CHN","gn_id":1811017,"gn_name":"Fujian Sheng","gns_id":-1905684,"gns_name":"Fujian Sheng","gn_level":1,"gn_region":null,"gn_a1_code":"CN.07","region_sub":null,"sub_code":null,"gns_level":1,"gns_lang":"zho","gns_adm1":"CH07","gns_region":null,"min_label":4.6,"max_label":10.1,"min_zoom":4.6,"wikidataid":"Q41705","name_ar":"فوجيان","name_bn":"ফুচিয়েন","name_de":"Fujian","name_en":"Fujian","name_es":"Fujian","name_fr":"Fujian","name_el":"Φουτσιάν","name_hi":"फ़ूज्यान","name_hu":"Fucsien","name_id":"Fujian","name_it":"Fujian","name_ja":"福建省","name_ko":"푸젠성","name_nl":"Fujian","name_pl":"Fujian","name_pt":"Fujian","name_ru":"Фуцзянь","name_sv":"Fujian","name_tr":"Fujian","name_vi":"Phúc Kiến","name_zh":"福建省","ne_id":1159315795,"name_he":"פוג'יין","name_uk":"Фуцзянь","name_ur":"فوجیان","name_fa":"فوجیان","name_zht":"福建省","FCLASS_ISO":null,"FCLASS_US":null,"FCLASS_FR":null,"FCLASS_RU":null,"FCLASS_ES":null,"FCLASS_CN":null,"FCLASS_TW":null,"FCLASS_IN":null,"FCLASS_NP":null,"FCLASS_PK":null,"FCLASS_DE":null,"FCLASS_GB":null,"FCLASS_BR":null,"FCLASS_IL":null,"FCLASS_PS":null,"FCLASS_SA":null,"FCLASS_EG":null,"FCLASS_MA":null,"FCLASS_PT":null,"FCLASS_AR":null,"FCLASS_JP":null,"FCLASS_KO":null,"FCLASS_VN":null,"FCLASS_TR":null,"FCLASS_ID":null,"FCLASS_PL":null,"FCLASS_GR":null,"FCLASS_IT":null,"FCLASS_NL":null,"FCLASS_SE":null,"FCLASS_BD":null,"FCLASS_UA":null,"FCLASS_TLC":null}},
{"type":"Feature","geometry":{"type":"Polygon","coordinates":[[[116.147257,29.788776],[117.225538,29.906676],[118.17473,29.407869],[118.723741,29.730201],[119.629784,31.13288],[118.816086,31.226337],[118.35198,31.946681],[118.667878,32.453213],[118.176746,33.692621],[117.033921,34.155538],[116.377217,34.63954],[116.151288,34.566728],[116.64118,33.953225],[115.56135,33.898138],[115.199305,32.591473],[115.888462,32.393863],[115.901329,31.794494],[115.374023,31.41754],[116.035998,30.988884],[116.147257,29.788776]]]},"properties":{"featurecla":"Admin-1 scale rank","scalerank":2,"adm1_code":"CHN-1179","diss_me":1179,"iso_3166_2":"CN-AH","wikipedia":null,"iso_a2":"CN","adm0_sr":1,"name":"Anhui","name_alt":"Ānhuī","name_local":"安徽|安徽","type":"Shěng","type_en":"Province","code_local":null,"code_hasc":"CN.AH","note":null,"hasc_maybe":null,"region":"East China","region_cod":"3","provnum_ne":31,"gadm_level":1,"check_me":20,"datarank":1,"abbrev":null,"postal":"AH","area_sqkm":0,"sameascity":-99,"labelrank":2,"name_len":5,"mapcolor9":4,"mapcolor13":3,"fips":"CH01","fips_alt":null,"woe_id":12578022,"woe_label":"Anhui, CN, China","woe_name":"Anhui","latitude":31.9537,"longitude":117.253,"sov_a3":"CH1","adm0_a3":"CHN","adm0_label":2,"admin":"China","geonunit":"China","gu_a3":"CHN","gn_id":1818058,"gn_name":"Anhui Sheng","gns_id":-1896677,"gns_name":"Anhui Sheng","gn_level":1,"gn_region":null,"gn_a1_code":"CN.01","region_sub":"Central","sub_code":null,"gns_level":1,"gns_lang":"zho","gns_adm1":"CH01","gns_region":null,"min_label":4.6,"max_label":10.1,"min_zoom":4.6,"wikidataid":"Q40956","name_ar":"آنهوي","name_bn":"আনহুয়েই","name_de":"Anhui","name_en":"Anhui","name_es":"Anhui","name_fr":"Anhui","name_el":"Ανχουί","name_hi":"अनहुइ","name_hu":"Anhuj","name_id":"Anhui","name_it":"Anhui","name_ja":"安徽省","name_ko":"안후이성","name_nl":"Anhui","name_pl":"Anhui","name_pt":"Anhui","name_ru":"Аньхой","name_sv":"Anhui","name_tr":"Anhui","name_vi":"An Huy","name_zh":"安徽省","ne_id":1159310971,"name_he":"אנחווי","name_uk":"Аньхой","name_ur":"انہوئی","name_fa":"آنهوئی","name_zht":"安徽省","FCLASS_ISO":null,"FCLASS_US":null,"FCLASS_FR":null,"FCLASS_RU":null,"FCLASS_ES":null,"FCLASS_CN":null,"FCLASS_TW":null,"FCLASS_IN":null,"FCLASS_NP":null,"FCLASS_PK":null,"FCLASS_DE":null,"FCLASS_GB":null,"FCLASS_BR":null,"FCLASS_IL":null,"FCLASS_PS":null,"FCLASS_SA":null,"FCLASS_EG":null,"FCLASS_MA":null,"FCLASS_PT":null,"FCLASS_AR":null,"FCLASS_JP":null,"FCLASS_KO":null,"FCLASS_VN":null,"FCLASS_TR":null,"FCLASS_ID":null,"FCLASS_PL":null,"FCLASS_GR":null,"FCLASS_IT":null,"FCLASS_NL":null,"FCLASS_SE":null,"FCLASS_BD":null,"FCLASS_UA":null,"FCLASS_TLC":null}},
{"type":"Feature","geometry":{"type":"Polygon","coordinates":[[[109.759375,21.560059],[109.662598,20.916895],[110.771094,21.386523],[112.30498,21.741699],[114.65166,22.755273],[115.49834,22.718848],[116.470703,22.945898],[117.175049,23.615667],[116.748564,24.551499],[115.887531,24.916774],[114.424882,24.49959],[114.729307,25.118881],[113.927548,25.448111],[113.217462,25.505575],[111.996554,24.735674],[111.899144,23.990862],[111.471005,23.613236],[111.351219,22.908214],[110.754563,22.580172],[110.355879,21.888974],[109.759375,21.560059]]]},"properties":{"featurecla":"Admin-1 scale rank","scalerank":2,"adm1_code":"CHN-1180","diss_me":1180,"iso_3166_2":"CN-GD","wikipedia":null,"iso_a2":"CN","adm0_sr":5,"name":"Guangdong","name_alt":"Guǎngdōng","name_local":"廣東|广东","type":"Shěng","type_en":"Province","code_local":null,"code_hasc":"CN.GD","note":null,"hasc_maybe":null,"region":"South Central China","region_cod":"4","provnum_ne":3,"gadm_level":1,"check_me":20,"datarank":1,"abbrev":null,"postal":"GD","area_sqkm":0,"sameascity":-99,"labelrank":2,"name_len":9,"mapcolor9":4,"mapcolor13":3,"fips":"CH30","fips_alt":null,"woe_id":12578019,"woe_label":"Guangdong, CN, China","woe_name":"Guangdong","latitude":23.7924,"longitude":113.72,"sov_a3":"CH1","adm0_a3":"CHN","adm0_label":2,"admin":"China","geonunit":"China","gu_a3":"CHN","gn_id":1809935,"gn_name":"Guangdong Sheng","gns_id":-1907075,"gns_name":"Guangdong Sheng","gn_level":1,"gn_region":null,"gn_a1_code":"CN.30","region_sub":null,"sub_code":null,"gns_level":1,"gns_lang":"zho","gns_adm1":"CH30","gns_region":null,"min_label":4.6,"max_label":10.1,"min_zoom":4.6,"wikidataid":"Q15175","name_ar":"غوانغدونغ","name_bn":"কুয়াংতুং","name_de":"Guangdong","name_en":"Guangdong","name_es":"Guangdong","name_fr":"Guangdong","name_el":"Κουανγκτούνγκ","name_hi":"गुआंगदोंग","name_hu":"Kuangtung","name_id":"Guangdong","name_it":"Guangdong","name_ja":"広東省","name_ko":"광둥성","name_nl":"Guangdong","name_pl":"Guangdong","name_pt":"Guangdong","name_ru":"Гуандун","name_sv":"Guangdong","name_tr":"Guangdong","name_vi":"Quảng Đông","name_zh":"广东省","ne_id":1159310335,"name_he":"גואנגדונג","name_uk":"Гуандун","name_ur":"گوانگڈونگ","name_fa":"گوانگدونگ","name_zht":"廣東省","FCLASS_ISO":null,"FCLASS_US":null,"FCLASS_FR":null,"FCLASS_RU":null,"FCLASS_ES":null,"FCLASS_CN":null,"FCLASS_TW":null,"FCLASS_IN":null,"FCLASS_NP":null,"FCLASS_PK":null,"FCLASS_DE":null,"FCLASS_GB":null,"FCLASS_BR":null,"FCLASS_IL":null,"FCLASS_PS":null,"FCLASS_SA":null,"FCLASS_EG":null,"FCLASS_MA":null,"FCLASS_PT":null,"FCLASS_AR":null,"FCLASS_JP":null,"FCLASS_KO":null,"FCLASS_VN":null,"FCLASS_TR":null,"FCLASS_ID":null,"FCLASS_PL":null,"FCLASS_GR":null,"FCLASS_IT":null,"FCLASS_NL":null,"FCLASS_SE":null,"FCLASS_BD":null,"FCLASS_UA":null,"FCLASS_TLC":null}},
{"type":"Feature","geometry":{"type":"Polygon","coordinates":[[[78.947317,34.335972],[78.801836,33.499713],[79.499106,32.73007],[78.918987,32.35818],[78.39028,32.527268],[78.869351,31.314989],[80.19431,30.759208],[81.010229,30.164516],[81.417129,30.337606],[83.155421,29.612663],[83.583508,29.183594],[85.122432,28.315946],[86.408711,27.928657],[88.109795,27.870599],[88.621082,28.091826],[88.89135,27.316059],[89.536892,28.107432],[91.605603,27.951705],[91.631906,27.75996],[92.664349,27.94894],[93.206539,28.590813],[94.62299,29.312423],[95.420202,29.054299],[96.035306,29.447143],[96.602662,28.459917],[97.322515,28.217994],[98.099453,28.140021],[99.108814,29.223772],[98.884952,31.354081],[98.014152,32.464505],[97.715721,32.54419],[97.25487,32.075794],[96.094218,31.700546],[94.582217,32.672192],[94.110773,32.478225],[92.221379,32.744978],[91.189194,33.336958],[90.205688,33.401502],[89.636731,34.093371],[89.840284,34.383328],[89.45483,35.212838],[89.677813,36.081958],[88.459231,36.448887],[86.459405,36.219443],[85.619766,35.675394],[85.149769,35.749808],[83.564801,35.36071],[82.428178,35.68976],[81.711426,35.245653],[80.319211,35.509254],[79.793972,34.431025],[78.947317,34.335972]]]},"properties":{"featurecla":"Admin-1 scale rank","scalerank":2,"adm1_code":"CHN-1662","diss_me":1662,"iso_3166_2":"CN-XZ","wikipedia":null,"iso_a2":"CN","adm0_sr":1,"name":"Xizang","name_alt":"Tibet|Xīzàng","name_local":"西藏自治區|西藏自治区","type":"Zìzhìqu","type_en":"Autonomous Region","code_local":null,"code_hasc":"CN.XZ","note":null,"hasc_maybe":null,"region":"Southwest China","region_cod":"5","provnum_ne":48,"gadm_level":1,"check_me":20,"datarank":1,"abbrev":null,"postal":"XZ","area_sqkm":0,"sameascity":-99,"labelrank":2,"name_len":6,"mapcolor9":4,"mapcolor13":3,"fips":"CH14","fips_alt":null,"woe_id":12578004,"woe_label":"Tibet, CN, China","woe_name":"Xizang","latitude":31.4515,"longitude":88.4137,"sov_a3":"CH1","adm0_a3":"CHN","adm0_label":2,"admin":"China","geonunit":"China","gu_a3":"CHN","gn_id":1279685,"gn_name":"Tibet Autonomous Region","gns_id":-1934604,"gns_name":"Xizang Zizhiqu","gn_level":1,"gn_region":null,"gn_a1_code":"CN.14","region_sub":"Western","sub_code":null,"gns_level":1,"gns_lang":"zho","gns_adm1":"CH14","gns_region":null,"min_label":4.6,"max_label":10.1,"min_zoom":4.6,"wikidataid":"Q17269","name_ar":"منطقة التبت ذاتية الحكم","name_bn":"তিব্বত স্বায়ত্তশাসিত অঞ্চল","name_de":"Autonomes Gebiet Tibet","name_en":"Tibet","name_es":"Tíbet","name_fr":"Tibet","name_el":"Αυτόνομη Περιφέρεια του Θιβέτ","name_hi":"बोड स्वायत्त क्षेत्र","name_hu":"Tibeti Autonóm Terület","name_id":"Tibet","name_it":"regione autonoma del Tibet","name_ja":"チベット自治区","name_ko":"티베트 자치구","name_nl":"Tibetaanse Autonome Regio","name_pl":"Tybetański Autonomiczny","name_pt":"do Tibete","name_ru":"Тибетский автономный район","name_sv":"Autonoma regionen Tibet","name_tr":"Tibet Özerk Bölgesi","name_vi":"Khu tự trị Tây Tạng","name_zh":"西藏自治区","ne_id":1159312655,"name_he":"המחוז האוטונומי הטיבטי","name_uk":"Тибетський автономний район","name_ur":"تبت خود مختار علاقہ","name_fa":"منطقه خودمختار تبت","name_zht":"西藏自治區","FCLASS_ISO":null,"FCLASS_US":null,"FCLASS_FR":null,"FCLASS_RU":null,"FCLASS_ES":null,"FCLASS_CN":null,"FCLASS_TW":null,"FCLASS_IN":null,"FCLASS_NP":null,"FCLASS_PK":null,"FCLASS_DE":null,"FCLASS_GB":null,"FCLASS_BR":null,"FCLASS_IL":null,"FCLASS_PS":null,"FCLASS_SA":null,"FCLASS_EG":null,"FCLASS_MA":null,"FCLASS_PT":null,"FCLASS_AR":null,"FCLASS_JP":null,"FCLASS_KO":null,"FCLASS_VN":null,"FCLASS_TR":null,"FCLASS_ID":null,"FCLASS_PL":null,"FCLASS_GR":null,"FCLASS_IT":null,"FCLASS_NL":null,"FCLASS_SE":null,"FCLASS_BD":null,"FCLASS_UA":null,"FCLASS_TLC":null}},
{"type":"Feature","geometry":{"type":"Polygon","coordinates":[[[88.89135,27.316059],[88.621082,28.091826],[88.109795,27.870599],[88.000898,27.248035],[88.7562,27.148801],[88.89135,27.316059]]]},"properties":{"featurecla":"Admin-1 scale rank","scalerank":2,"adm1_code":"IND-3259","diss_me":3259,"iso_3166_2":"IN-SK","wikipedia":null,"iso_a2":"IN","adm0_sr":1,"name":"Sikkim","name_alt":null,"name_local":null,"type":"State","type_en":"State","code_local":null,"code_hasc":"IN.SK","note":null,"hasc_maybe":null,"region":"East","region_cod":null,"provnum_ne":20058,"gadm_level":1,"check_me":20,"datarank":1,"abbrev":null,"postal":"SK","area_sqkm":0,"sameascity":-99,"labelrank":2,"name_len":6,"mapcolor9":2,"mapcolor13":2,"fips":"IN29","fips_alt":null,"woe_id":2345762,"woe_label":"Sikkim, IN, India","woe_name":"Sikkim","latitude":27.5709,"longitude":88.4482,"sov_a3":"IND","adm0_a3":"IND","adm0_label":2,"admin":"India","geonunit":"India","gu_a3":"IND","gn_id":1256312,"gn_name":"State of Sikkim","gns_id":-2111292,"gns_name":"Sikkim, State of","gn_level":1,"gn_region":null,"gn_a1_code":"IN.29","region_sub":null,"sub_code":null,"gns_level":1,"gns_lang":"nld","gns_adm1":"IN29","gns_region":null,"min_label":4.6,"max_label":10.1,"min_zoom":4.6,"wikidataid":"Q1505","name_ar":"سيكيم","name_bn":"সিকিম","name_de":"Sikkim","name_en":"Sikkim","name_es":"Sikkim","name_fr":"Sikkim","name_el":"Σίκκιμ","name_hi":"सिक्किम","name_hu":"Szikkim","name_id":"Sikkim","name_it":"Sikkim","name_ja":"シッキム州","name_ko":"시킴","name_nl":"Sikkim","name_pl":"Sikkim","name_pt":"Siquim","name_ru":"Сикким","name_sv":"Sikkim","name_tr":"Sikkim","name_vi":"Sikkim","name_zh":"锡金邦","ne_id":1159314169,"name_he":"סיקים","name_uk":"Сіккім","name_ur":"سکم","name_fa":"سیکیم","name_zht":"錫金邦","FCLASS_ISO":null,"FCLASS_US":null,"FCLASS_FR":null,"FCLASS_RU":null,"FCLASS_ES":null,"FCLASS_CN":null,"FCLASS_TW":null,"FCLASS_IN":null,"FCLASS_NP":null,"FCLASS_PK":null,"FCLASS_DE":null,"FCLASS_GB":null,"FCLASS_BR":null,"FCLASS_IL":null,"FCLASS_PS":null,"FCLASS_SA":null,"FCLASS_EG":null,"FCLASS_MA":null,"FCLASS_PT":null,"FCLASS_AR":null,"FCLASS_JP":null,"FCLASS_KO":null,"FCLASS_VN":null,"FCLASS_TR":null,"FCLASS_ID":null,"FCLASS_PL":null,"FCLASS_GR":null,"FCLASS_IT":null,"FCLASS_NL":null,"FCLASS_SE":null,"FCLASS_BD":null,"FCLASS_UA":null,"FCLASS_TLC":null}},
{"type":"Feature","geometry":{"type":"Polygon","coordinates":[[[78.947317,34.335972],[79.793972,34.431025],[80.319211,35.509254],[81.711426,35.245653],[82.428178,35.68976],[83.564801,35.36071],[85.149769,35.749808],[85.619766,35.675394],[86.459405,36.219443],[88.459231,36.448887],[89.677813,36.081958],[91.135761,36.140637],[90.80777,36.910564],[91.073749,37.487945],[90.436475,37.778573],[90.193492,38.325671],[90.653516,38.674074],[92.935961,39.152856],[92.925884,40.422908],[93.577472,40.587962],[94.580925,41.585214],[96.035823,41.995292],[96.372543,42.730677],[95.350284,44.278073],[94.711976,44.350833],[93.656434,44.900981],[90.877275,45.196105],[90.869937,46.954499],[90.31333,47.676186],[89.047671,48.002548],[87.979726,48.555124],[87.814328,49.162354],[87.322815,49.08579],[86.549425,48.528614],[85.749371,48.385083],[85.656612,47.254635],[84.786174,46.830734],[83.193093,47.186552],[82.326634,45.519935],[80.059227,45.006452],[80.785746,43.161552],[80.165009,42.66551],[80.21622,42.032422],[78.36238,41.371609],[78.123428,41.075633],[76.824076,40.982305],[76.480169,40.449521],[75.583532,40.605325],[73.991587,40.043138],[73.631661,39.448859],[73.801625,38.606894],[74.74503,38.510027],[74.894271,37.601426],[75.84026,36.649701],[76.251656,35.810915],[77.799365,35.495922],[78.281971,34.653932],[78.947317,34.335972]]]},"properties":{"featurecla":"Admin-1 scale rank","scalerank":2,"adm1_code":"CHN-1756","diss_me":1756,"iso_3166_2":"CN-XJ","wikipedia":null,"iso_a2":"CN","adm0_sr":1,"name":"Xinjiang","name_alt":"Xinjiang Uygur|Xīnjiāng Wéiwúěr","name_local":"新疆維吾爾自治區|新疆维吾尔自治区","type":"Zìzhìqu","type_en":"Autonomous Region","code_local":null,"code_hasc":"CN.XJ","note":null,"hasc_maybe":null,"region":"Northwest China","region_cod":"6","provnum_ne":49,"gadm_level":1,"check_me":20,"datarank":1,"abbrev":null,"postal":"XJ","area_sqkm":0,"sameascity":-99,"labelrank":2,"name_len":8,"mapcolor9":4,"mapcolor13":3,"fips":"CH13","fips_alt":null,"woe_id":12578003,"woe_label":"Xinjiang, CN, China","woe_name":"Xinjiang","latitude":41.122,"longitude":85.4253,"sov_a3":"CH1","adm0_a3":"CHN","adm0_label":2,"admin":"China","geonunit":"China","gu_a3":"CHN","gn_id":1529047,"gn_name":"Xinjiang Uygur Zizhiqu","gns_id":-1933787,"gns_name":"Xinjiang Uygur Zizhiqu","gn_level":1,"gn_region":null,"gn_a1_code":"CN.13","region_sub":"Western","sub_code":null,"gns_level":1,"gns_lang":"uig","gns_adm1":"CH13","gns_region":null,"min_label":4.6,"max_label":10.1,"min_zoom":4.6,"wikidataid":"Q34800","name_ar":"سنجان","name_bn":"শিনচিয়াং","name_de":"Xinjiang","name_en":"Xinjiang","name_es":"Sinkiang","name_fr":"Xinjiang","name_el":"Σιντσιάνγκ","name_hi":"शिंजियांग","name_hu":"Hszincsiang-Ujgur Autonóm Terület","name_id":"Xinjiang","name_it":"Sinkiang","name_ja":"新疆ウイグル自治区","name_ko":"신장 위구르 자치구","name_nl":"Sinkiang","name_pl":"Sinciang","name_pt":"Xinjiang","name_ru":"Синьцзян-Уйгурский автономный район","name_sv":"Xinjiang","name_tr":"Sincan Uygur Özerk Bölgesi","name_vi":"Tân Cương","name_zh":"新疆维吾尔自治区","ne_id":1159312657,"name_he":"שינג'יאנג","name_uk":"Сіньцзян-Уйгурський автономний район","name_ur":"سنکیانگ","name_fa":"سینکیانگ","name_zht":"新疆維吾爾自治區","FCLASS_ISO":null,"FCLASS_US":null,"FCLASS_FR":null,"FCLASS_RU":null,"FCLASS_ES":null,"FCLASS_CN":null,"FCLASS_TW":null,"FCLASS_IN":null,"FCLASS_NP":null,"FCLASS_PK":null,"FCLASS_DE":null,"FCLASS_GB":null,"FCLASS_BR":null,"FCLASS_IL":null,"FCLASS_PS":null,"FCLASS_SA":null,"FCLASS_EG":null,"FCLASS_MA":null,"FCLASS_PT":null,"FCLASS_AR":null,"FCLASS_JP":null,"FCLASS_KO":null,"FCLASS_VN":null,"FCLASS_TR":null,"FCLASS_ID":null,"FCLASS_PL":null,"FCLASS_GR":null,"FCLASS_IT":null,"FCLASS_NL":null,"FCLASS_SE":null,"FCLASS_BD":null,"FCLASS_UA":null,"FCLASS_TLC":null}},
{"type":"Feature","geometry":{"type":"Polygon","coordinates":[[[110.970703,19.883301],[110.171582,20.053711],[109.218945,19.842822],[108.693555,19.338281],[108.701563,18.535254],[109.519336,18.218262],[110.45127,18.747949],[110.970703,19.883301]]]},"properties":{"featurecla":"Admin-1 scale rank","scalerank":2,"adm1_code":"CHN-1775","diss_me":1775,"iso_3166_2":"CN-HI","wikipedia":null,"iso_a2":"CN","adm0_sr":1,"name":"Hainan","name_alt":"Hǎinán","name_local":"海南","type":"Shěng","type_en":"Province","code_local":null,"code_hasc":"CN.HA","note":null,"hasc_maybe":null,"region":"South Central China","region_cod":"4","provnum_ne":7,"gadm_level":1,"check_me":20,"datarank":1,"abbrev":null,"postal":"HA","area_sqkm":0,"sameascity":-99,"labelrank":2,"name_len":6,"mapcolor9":4,"mapcolor13":3,"fips":"CH31","fips_alt":"CH","woe_id":12578020,"woe_label":"Hainan, CN, China","woe_name":"Hainan","latitude":19.1865,"longitude":109.825,"sov_a3":"CH1","adm0_a3":"CHN","adm0_label":2,"admin":"China","geonunit":"China","gu_a3":"CHN","gn_id":1809054,"gn_name":"Hainan Sheng","gns_id":-1908190,"gns_name":"Hainan Sheng","gn_level":1,"gn_region":null,"gn_a1_code":"CN.31","region_sub":null,"sub_code":null,"gns_level":1,"gns_lang":"zho","gns_adm1":"CH31","gns_region":null,"min_label":4.6,"max_label":10.1,"min_zoom":4.6,"wikidataid":"Q42200","name_ar":"هاينان","name_bn":"হাইনান","name_de":"Hainan","name_en":"Hainan","name_es":"Hainan","name_fr":"Hainan","name_el":"Χαϊνάν","name_hi":"हाइनान","name_hu":"Hajnan","name_id":"Hainan","name_it":"Hainan","name_ja":"海南省","name_ko":"하이난성","name_nl":"Hainan","name_pl":"Hajnan","name_pt":"Hainan","name_ru":"Хайнань","name_sv":"Hainan","name_tr":"Hainan","name_vi":"Hải Nam","name_zh":"海南省","ne_id":1159311749,"name_he":"האינאן","name_uk":"Хайнань","name_ur":"ہائنان","name_fa":"هاینان","name_zht":"海南省","FCLASS_ISO":null,"FCLASS_US":null,"FCLASS_FR":null,"FCLASS_RU":null,"FCLASS_ES":null,"FCLASS_CN":null,"FCLASS_TW":null,"FCLASS_IN":null,"FCLASS_NP":null,"FCLASS_PK":null,"FCLASS_DE":null,"FCLASS_GB":null,"FCLASS_BR":null,"FCLASS_IL":null,"FCLASS_PS":null,"FCLASS_SA":null,"FCLASS_EG":null,"FCLASS_MA":null,"FCLASS_PT":null,"FCLASS_AR":null,"FCLASS_JP":null,"FCLASS_KO":null,"FCLASS_VN":null,"FCLASS_TR":null,"FCLASS_ID":null,"FCLASS_PL":null,"FCLASS_GR":null,"FCLASS_IT":null,"FCLASS_NL":null,"FCLASS_SE":null,"FCLASS_BD":null,"FCLASS_UA":null,"FCLASS_TLC":null}},
{"type":"Feature","geometry":{"type":"Polygon","coordinates":[[[107.657646,37.852935],[106.470122,38.290686],[106.977843,39.035602],[106.275663,39.269154],[105.84122,38.571289],[105.788096,37.805057],[104.358519,37.401232],[105.180175,36.972136],[105.431839,35.756422],[106.464851,35.332366],[106.644065,37.181658],[107.285472,37.068461],[107.657646,37.852935]]]},"properties":{"featurecla":"Admin-1 scale rank","scalerank":2,"adm1_code":"CHN-1803","diss_me":1803,"iso_3166_2":"CN-NX","wikipedia":null,"iso_a2":"CN","adm0_sr":1,"name":"Ningxia","name_alt":"Ningxia Hui|Níngxià Húizú","name_local":"寧夏回族自治區|宁夏回族自治区","type":"Zìzhìqu","type_en":"Autonomous Region","code_local":null,"code_hasc":"CN.NX","note":null,"hasc_maybe":null,"region":"Northwest China","region_cod":"6","provnum_ne":38,"gadm_level":1,"check_me":20,"datarank":1,"abbrev":null,"postal":"NX","area_sqkm":0,"sameascity":-99,"labelrank":2,"name_len":7,"mapcolor9":4,"mapcolor13":3,"fips":"CH21","fips_alt":null,"woe_id":12578010,"woe_label":"Ningxia, CN, China","woe_name":"Ningxia","latitude":37.1762,"longitude":106.038,"sov_a3":"CH1","adm0_a3":"CHN","adm0_label":2,"admin":"China","geonunit":"China","gu_a3":"CHN","gn_id":1799355,"gn_name":"Ningxia Huizu Zizhiqu","gns_id":-1920281,"gns_name":"Ningxia Huizu Zizhiqu","gn_level":1,"gn_region":null,"gn_a1_code":"CN.21","region_sub":"Western","sub_code":null,"gns_level":1,"gns_lang":"zho","gns_adm1":"CH21","gns_region":null,"min_label":4.6,"max_label":10.1,"min_zoom":4.6,"wikidataid":"Q57448","name_ar":"نينغشيا","name_bn":"নিংশিয়া","name_de":"Ningxia","name_en":"Ningxia","name_es":"Ningxia","name_fr":"Níngxià","name_el":"Νινγκσιά","name_hi":"निंगशिया","name_hu":"Ninghszia-Huj Autonóm Terület","name_id":"Ningxia","name_it":"Ningsia","name_ja":"寧夏回族自治区","name_ko":"닝샤 후이족 자치구","name_nl":"Ningxia","name_pl":"Ningxia","name_pt":"Ningxia","name_ru":"Нинся-Хуэйский автономный район","name_sv":"Ningxia","name_tr":"Ningxia Huizu Özerk Bölgesi","name_vi":"Ninh Hạ","name_zh":"宁夏回族自治区","ne_id":1159312659,"name_he":"נינגשיה","name_uk":"Нінся-Хуейський автономний район","name_ur":"نینگشیا","name_fa":"نینگشیا","name_zht":"寧夏回族自治區","FCLASS_ISO":null,"FCLASS_US":null,"FCLASS_FR":null,"FCLASS_RU":null,"FCLASS_ES":null,"FCLASS_CN":null,"FCLASS_TW":null,"FCLASS_IN":null,"FCLASS_NP":null,"FCLASS_PK":null,"FCLASS_DE":null,"FCLASS_GB":null,"FCLASS_BR":null,"FCLASS_IL":null,"FCLASS_PS":null,"FCLASS_SA":null,"FCLASS_EG":null,"FCLASS_MA":null,"FCLASS_PT":null,"FCLASS_AR":null,"FCLASS_JP":null,"FCLASS_KO":null,"FCLASS_VN":null,"FCLASS_TR":null,"FCLASS_ID":null,"FCLASS_PL":null,"FCLASS_GR":null,"FCLASS_IT":null,"FCLASS_NL":null,"FCLASS_SE":null,"FCLASS_BD":null,"FCLASS_UA":null,"FCLASS_TLC":null}},
{"type":"Feature","geometry":{"type":"Polygon","coordinates":[[[107.285472,37.068461],[108.70368,36.35897],[108.492634,35.272498],[107.670462,35.227979],[106.673623,34.384672],[106.481749,33.700889],[105.832435,33.497542],[105.498553,32.907397],[106.228948,32.591964],[106.712588,32.737821],[107.960057,32.158347],[108.518369,32.19757],[109.593962,31.737598],[109.739586,32.930006],[110.974601,33.266471],[110.336036,34.615846],[110.619843,35.597259],[110.389469,37.021952],[110.753064,37.745758],[111.110045,39.385193],[109.674267,39.011211],[108.986351,38.335206],[108.764349,37.681886],[107.657646,37.852935],[107.285472,37.068461]]]},"properties":{"featurecla":"Admin-1 scale rank","scalerank":2,"adm1_code":"CHN-1804","diss_me":1804,"iso_3166_2":"CN-SN","wikipedia":null,"iso_a2":"CN","adm0_sr":1,"name":"Shaanxi","name_alt":"Shǎnxī","name_local":"陝西|陕西","type":"Shěng","type_en":"Province","code_local":null,"code_hasc":"CN.SA","note":null,"hasc_maybe":null,"region":"Northwest China","region_cod":"6","provnum_ne":37,"gadm_level":1,"check_me":20,"datarank":1,"abbrev":null,"postal":"SA","area_sqkm":0,"sameascity":-99,"labelrank":2,"name_len":7,"mapcolor9":4,"mapcolor13":3,"fips":"CH26","fips_alt":null,"woe_id":12578015,"woe_label":"Shaanxi, CN, China","woe_name":"Shaanxi","latitude":33.7713,"longitude":108.363,"sov_a3":"CH1","adm0_a3":"CHN","adm0_label":2,"admin":"China","geonunit":"China","gu_a3":"CHN","gn_id":1796480,"gn_name":"Shaanxi","gns_id":-1924159,"gns_name":"Shaanxi Sheng","gn_level":1,"gn_region":null,"gn_a1_code":"CN.26","region_sub":"Western","sub_code":null,"gns_level":1,"gns_lang":"zho","gns_adm1":"CH26","gns_region":null,"min_label":4.6,"max_label":10.1,"min_zoom":4.6,"wikidataid":"Q47974","name_ar":"شنشي","name_bn":"শাআনশি","name_de":"Shaanxi","name_en":"Shaanxi","name_es":"Shaanxi","name_fr":"Shaanxi","name_el":"Σαανσί","name_hi":"शान्शी","name_hu":"Senhszi","name_id":"Shaanxi","name_it":"Shaanxi","name_ja":"陝西省","name_ko":"산시성","name_nl":"Shaanxi","name_pl":"Shaanxi","name_pt":"Shaanxi","name_ru":"Шэньси","name_sv":"Shaanxi","name_tr":"Şensi","name_vi":"Thiểm Tây","name_zh":"陕西省","ne_id":1159312661,"name_he":"שאאנשי","name_uk":"Шеньсі","name_ur":"شانسی","name_fa":"شاآنشی","name_zht":"陝西省","FCLASS_ISO":null,"FCLASS_US":null,"FCLASS_FR":null,"FCLASS_RU":null,"FCLASS_ES":null,"FCLASS_CN":null,"FCLASS_TW":null,"FCLASS_IN":null,"FCLASS_NP":null,"FCLASS_PK":null,"FCLASS_DE":null,"FCLASS_GB":null,"FCLASS_BR":null,"FCLASS_IL":null,"FCLASS_PS":null,"FCLASS_SA":null,"FCLASS_EG":null,"FCLASS_MA":null,"FCLASS_PT":null,"FCLASS_AR":null,"FCLASS_JP":null,"FCLASS_KO":null,"FCLASS_VN":null,"FCLASS_TR":null,"FCLASS_ID":null,"FCLASS_PL":null,"FCLASS_GR":null,"FCLASS_IT":null,"FCLASS_NL":null,"FCLASS_SE":null,"FCLASS_BD":null,"FCLASS_UA":null,"FCLASS_TLC":null}},
{"type":"Feature","geometry":{"type":"Polygon","coordinates":[[[110.336036,34.615846],[111.557666,34.863402],[112.058463,35.23449],[113.491295,35.52548],[113.721049,36.355869],[113.453933,36.736621],[114.100405,37.69819],[113.534497,38.537286],[114.393979,39.169341],[114.154097,40.742578],[113.334147,40.318728],[112.399217,40.288342],[111.921469,39.688844],[111.110045,39.385193],[110.753064,37.745758],[110.389469,37.021952],[110.619843,35.597259],[110.336036,34.615846]]]},"properties":{"featurecla":"Admin-1 scale rank","scalerank":2,"adm1_code":"CHN-1805","diss_me":1805,"iso_3166_2":"CN-SX","wikipedia":null,"iso_a2":"CN","adm0_sr":1,"name":"Shanxi","name_alt":"Shānxī","name_local":"山西","type":"Shěng","type_en":"Province","code_local":null,"code_hasc":"CN.SX","note":null,"hasc_maybe":null,"region":"North China","region_cod":"1","provnum_ne":35,"gadm_level":1,"check_me":20,"datarank":1,"abbrev":null,"postal":"SX","area_sqkm":0,"sameascity":-99,"labelrank":2,"name_len":6,"mapcolor9":4,"mapcolor13":3,"fips":"CH24","fips_alt":null,"woe_id":12578013,"woe_label":"Shanxi, CN, China","woe_name":"Shanxi","latitude":37.7586,"longitude":112.389,"sov_a3":"CH1","adm0_a3":"CHN","adm0_label":2,"admin":"China","geonunit":"China","gu_a3":"CHN","gn_id":1795912,"gn_name":"Shanxi Sheng","gns_id":-1924845,"gns_name":"Shanxi Sheng","gn_level":1,"gn_region":null,"gn_a1_code":"CN.24","region_sub":"Central","sub_code":null,"gns_level":1,"gns_lang":"zho","gns_adm1":"CH24","gns_region":null,"min_label":4.6,"max_label":10.1,"min_zoom":4.6,"wikidataid":"Q46913","name_ar":"شانشي","name_bn":"শানশি","name_de":"Shanxi","name_en":"Shanxi","name_es":"Shanxi","name_fr":"Shanxi","name_el":"Σανσί","name_hi":"शन्शी","name_hu":"Sanhszi","name_id":"Shanxi","name_it":"Shanxi","name_ja":"山西省","name_ko":"산시성","name_nl":"Shanxi","name_pl":"Shanxi","name_pt":"Shanxi","name_ru":"Шаньси","name_sv":"Shanxi","name_tr":"Şansi","name_vi":"Sơn Tây","name_zh":"山西省","ne_id":1159312739,"name_he":"שאנשי","name_uk":"Шаньсі","name_ur":"شنسی","name_fa":"شانشی","name_zht":"山西省","FCLASS_ISO":null,"FCLASS_US":null,"FCLASS_FR":null,"FCLASS_RU":null,"FCLASS_ES":null,"FCLASS_CN":null,"FCLASS_TW":null,"FCLASS_IN":null,"FCLASS_NP":null,"FCLASS_PK":null,"FCLASS_DE":null,"FCLASS_GB":null,"FCLASS_BR":null,"FCLASS_IL":null,"FCLASS_PS":null,"FCLASS_SA":null,"FCLASS_EG":null,"FCLASS_MA":null,"FCLASS_PT":null,"FCLASS_AR":null,"FCLASS_JP":null,"FCLASS_KO":null,"FCLASS_VN":null,"FCLASS_TR":null,"FCLASS_ID":null,"FCLASS_PL":null,"FCLASS_GR":null,"FCLASS_IT":null,"FCLASS_NL":null,"FCLASS_SE":null,"FCLASS_BD":null,"FCLASS_UA":null,"FCLASS_TLC":null}},
{"type":"Feature","geometry":{"type":"Polygon","coordinates":[[[113.902381,29.06634],[115.486212,29.864276],[116.147257,29.788776],[116.035998,30.988884],[115.374023,31.41754],[113.794377,31.972519],[113.78275,32.359369],[112.285787,32.350635],[111.531622,32.611085],[110.974601,33.266471],[109.739586,32.930006],[109.593962,31.737598],[110.127676,30.906408],[109.394181,30.583741],[108.433206,30.487287],[108.538213,29.885463],[109.206595,29.104244],[109.432318,29.533908],[110.741851,30.096174],[111.76861,29.919595],[112.363095,29.572175],[113.415848,29.764566],[113.902381,29.06634]]]},"properties":{"featurecla":"Admin-1 scale rank","scalerank":2,"adm1_code":"CHN-1807","diss_me":1807,"iso_3166_2":"CN-HB","wikipedia":null,"iso_a2":"CN","adm0_sr":1,"name":"Hubei","name_alt":"Húběi","name_local":"湖北","type":"Shěng","type_en":"Province","code_local":null,"code_hasc":"CN.HU","note":null,"hasc_maybe":null,"region":"South Central China","region_cod":"4","provnum_ne":32,"gadm_level":1,"check_me":20,"datarank":1,"abbrev":null,"postal":"HU","area_sqkm":0,"sameascity":-99,"labelrank":2,"name_len":5,"mapcolor9":4,"mapcolor13":3,"fips":"CH12","fips_alt":null,"woe_id":12578002,"woe_label":"Hubei, CN, China","woe_name":"Hubei","latitude":30.9857,"longitude":112.264,"sov_a3":"CH1","adm0_a3":"CHN","adm0_label":2,"admin":"China","geonunit":"China","gu_a3":"CHN","gn_id":1806949,"gn_name":"Hubei Sheng","gns_id":-1910798,"gns_name":"Hubei Sheng","gn_level":1,"gn_region":null,"gn_a1_code":"CN.12","region_sub":"Central","sub_code":null,"gns_level":1,"gns_lang":"zho","gns_adm1":"CH12","gns_region":null,"min_label":4.6,"max_label":10.1,"min_zoom":4.6,"wikidataid":"Q46862","name_ar":"خوبي","name_bn":"হুপেই","name_de":"Hubei","name_en":"Hubei","name_es":"Hubei","name_fr":"Hubei","name_el":"Χουπέι","name_hi":"हूबेई","name_hu":"Hupej","name_id":"Hubei","name_it":"Hubei","name_ja":"湖北省","name_ko":"후베이성","name_nl":"Hubei","name_pl":"Hubei","name_pt":"Hubei","name_ru":"Хубэй","name_sv":"Hubei","name_tr":"Hubei","name_vi":"Hồ Bắc","name_zh":"湖北省","ne_id":1159312741,"name_he":"חוביי","name_uk":"Хубей","name_ur":"ہوبئی","name_fa":"هوبئی","name_zht":"湖北省","FCLASS_ISO":null,"FCLASS_US":null,"FCLASS_FR":null,"FCLASS_RU":null,"FCLASS_ES":null,"FCLASS_CN":null,"FCLASS_TW":null,"FCLASS_IN":null,"FCLASS_NP":null,"FCLASS_PK":null,"FCLASS_DE":null,"FCLASS_GB":null,"FCLASS_BR":null,"FCLASS_IL":null,"FCLASS_PS":null,"FCLASS_SA":null,"FCLASS_EG":null,"FCLASS_MA":null,"FCLASS_PT":null,"FCLASS_AR":null,"FCLASS_JP":null,"FCLASS_KO":null,"FCLASS_VN":null,"FCLASS_TR":null,"FCLASS_ID":null,"FCLASS_PL":null,"FCLASS_GR":null,"FCLASS_IT":null,"FCLASS_NL":null,"FCLASS_SE":null,"FCLASS_BD":null,"FCLASS_UA":null,"FCLASS_TLC":null}},
{"type":"Feature","geometry":{"type":"Polygon","coordinates":[[[109.206595,29.104244],[109.258375,28.505909],[109.456709,26.03885],[110.246997,25.978208],[110.577054,26.350795],[111.251897,26.279714],[111.315821,25.503198],[111.996554,24.735674],[113.217462,25.505575],[113.927548,25.448111],[114.085057,26.577499],[113.600126,27.368226],[113.73681,27.981574],[114.226858,28.408964],[113.902381,29.06634],[113.415848,29.764566],[112.363095,29.572175],[111.76861,29.919595],[110.741851,30.096174],[109.432318,29.533908],[109.206595,29.104244]]]},"properties":{"featurecla":"Admin-1 scale rank","scalerank":2,"adm1_code":"CHN-1808","diss_me":1808,"iso_3166_2":"CN-HN","wikipedia":null,"iso_a2":"CN","adm0_sr":1,"name":"Hunan","name_alt":"Húnán","name_local":"湖南","type":"Shěng","type_en":"Province","code_local":null,"code_hasc":"CN.HN","note":null,"hasc_maybe":null,"region":"South Central China","region_cod":"4","provnum_ne":40,"gadm_level":1,"check_me":20,"datarank":1,"abbrev":null,"postal":"HN","area_sqkm":0,"sameascity":-99,"labelrank":2,"name_len":5,"mapcolor9":4,"mapcolor13":3,"fips":"CH11","fips_alt":null,"woe_id":12578001,"woe_label":"Hunan, CN, China","woe_name":"Hunan","latitude":27.6667,"longitude":111.712,"sov_a3":"CH1","adm0_a3":"CHN","adm0_label":2,"admin":"China","geonunit":"China","gu_a3":"CHN","gn_id":1806691,"gn_name":"Hunan Sheng","gns_id":-1911104,"gns_name":"Hunan Sheng","gn_level":1,"gn_region":null,"gn_a1_code":"CN.11","region_sub":"Central","sub_code":null,"gns_level":1,"gns_lang":"zho","gns_adm1":"CH11","gns_region":null,"min_label":4.6,"max_label":10.1,"min_zoom":4.6,"wikidataid":"Q45761","name_ar":"خونان","name_bn":"হুনান","name_de":"Hunan","name_en":"Hunan","name_es":"Hunan","name_fr":"Hunan","name_el":"Χουνάν","name_hi":"हूनान","name_hu":"Hunan","name_id":"Hunan","name_it":"Hunan","name_ja":"湖南省","name_ko":"후난성","name_nl":"Hunan","name_pl":"Hunan","name_pt":"Hunan","name_ru":"Хунань","name_sv":"Hunan","name_tr":"Hunan","name_vi":"Hồ Nam","name_zh":"湖南省","ne_id":1159312745,"name_he":"חונאן","name_uk":"Хунань","name_ur":"ہونان","name_fa":"هونان","name_zht":"湖南省","FCLASS_ISO":null,"FCLASS_US":null,"FCLASS_FR":null,"FCLASS_RU":null,"FCLASS_ES":null,"FCLASS_CN":null,"FCLASS_TW":null,"FCLASS_IN":null,"FCLASS_NP":null,"FCLASS_PK":null,"FCLASS_DE":null,"FCLASS_GB":null,"FCLASS_BR":null,"FCLASS_IL":null,"FCLASS_PS":null,"FCLASS_SA":null,"FCLASS_EG":null,"FCLASS_MA":null,"FCLASS_PT":null,"FCLASS_AR":null,"FCLASS_JP":null,"FCLASS_KO":null,"FCLASS_VN":null,"FCLASS_TR":null,"FCLASS_ID":null,"FCLASS_PL":null,"FCLASS_GR":null,"FCLASS_IT":null,"FCLASS_NL":null,"FCLASS_SE":null,"FCLASS_BD":null,"FCLASS_UA":null,"FCLASS_TLC":null}},
{"type":"Feature","geometry":{"type":"Polygon","coordinates":[[[105.498553,32.907397],[104.898331,32.611834],[104.093006,33.66854],[103.184172,33.822096],[102.78182,34.274187],[101.77754,33.530047],[101.164141,33.128082],[101.170807,32.688341],[99.698545,32.744617],[98.852085,33.174875],[98.034926,33.959788],[97.360962,32.897036],[97.715721,32.54419],[98.014152,32.464505],[98.884952,31.354081],[99.108814,29.223772],[100.660916,27.875095],[101.579981,26.306922],[102.112558,26.084429],[103.057927,26.557242],[102.889462,27.291487],[104.268499,28.333801],[104.604758,27.845846],[105.296963,27.721745],[106.345375,27.834942],[106.382427,28.572494],[105.291072,29.584784],[105.791713,30.423363],[107.03293,30.057856],[107.849882,30.809618],[108.500695,31.790825],[108.518369,32.19757],[107.960057,32.158347],[106.712588,32.737821],[106.228948,32.591964],[105.498553,32.907397]]]},"properties":{"featurecla":"Admin-1 scale rank","scalerank":2,"adm1_code":"CHN-1809","diss_me":1809,"iso_3166_2":"CN-SC","wikipedia":null,"iso_a2":"CN","adm0_sr":1,"name":"Sichuan","name_alt":"Sìchuān","name_local":"四川","type":"Shěng","type_en":"Province","code_local":null,"code_hasc":"CN.SC","note":null,"hasc_maybe":null,"region":"Southwest China","region_cod":"5","provnum_ne":42,"gadm_level":1,"check_me":20,"datarank":1,"abbrev":null,"postal":"SC","area_sqkm":0,"sameascity":-99,"labelrank":2,"name_len":7,"mapcolor9":4,"mapcolor13":3,"fips":"CH32","fips_alt":"CH27","woe_id":12578016,"woe_label":"Sichuan, CN, China","woe_name":"Sichuan","latitude":30.5431,"longitude":102.384,"sov_a3":"CH1","adm0_a3":"CHN","adm0_label":2,"admin":"China","geonunit":"China","gu_a3":"CHN","gn_id":1794299,"gn_name":"Sichuan Sheng","gns_id":-1926775,"gns_name":"Sichuan Sheng","gn_level":1,"gn_region":null,"gn_a1_code":"CN.32","region_sub":"Western","sub_code":null,"gns_level":1,"gns_lang":"zho","gns_adm1":"CH32","gns_region":null,"min_label":4.6,"max_label":10.1,"min_zoom":4.6,"wikidataid":"Q19770","name_ar":"سيتشوان","name_bn":"সিছুয়ান","name_de":"Sichuan","name_en":"Sichuan","name_es":"Sichuan","name_fr":"Sichuan","name_el":"Σιτσουάν","name_hi":"सिचुआन","name_hu":"Szecsuan","name_id":"Sichuan","name_it":"Sichuan","name_ja":"四川省","name_ko":"쓰촨성","name_nl":"Sichuan","name_pl":"Syczuan","name_pt":"Sujuão","name_ru":"Сычуань","name_sv":"Sichuan","name_tr":"Siçuan","name_vi":"Tứ Xuyên","name_zh":"四川省","ne_id":1159312663,"name_he":"סצ'ואן","name_uk":"Сичуань","name_ur":"سیچوان","name_fa":"سیچوآن","name_zht":"四川省","FCLASS_ISO":null,"FCLASS_US":null,"FCLASS_FR":null,"FCLASS_RU":null,"FCLASS_ES":null,"FCLASS_CN":null,"FCLASS_TW":null,"FCLASS_IN":null,"FCLASS_NP":null,"FCLASS_PK":null,"FCLASS_DE":null,"FCLASS_GB":null,"FCLASS_BR":null,"FCLASS_IL":null,"FCLASS_PS":null,"FCLASS_SA":null,"FCLASS_EG":null,"FCLASS_MA":null,"FCLASS_PT":null,"FCLASS_AR":null,"FCLASS_JP":null,"FCLASS_KO":null,"FCLASS_VN":null,"FCLASS_TR":null,"FCLASS_ID":null,"FCLASS_PL":null,"FCLASS_GR":null,"FCLASS_IT":null,"FCLASS_NL":null,"FCLASS_SE":null,"FCLASS_BD":null,"FCLASS_UA":null,"FCLASS_TLC":null}},
{"type":"Feature","geometry":{"type":"Polygon","coordinates":[[[98.099453,28.140021],[98.651167,27.572452],[98.65463,25.917772],[97.819487,25.251844],[97.531442,24.491684],[97.686058,23.898076],[98.76439,24.116074],[98.863764,23.191246],[99.340841,23.095903],[99.192995,22.125988],[99.917705,22.02801],[100.214741,21.46298],[101.120681,21.746115],[101.52448,22.253655],[102.517185,22.740989],[104.371748,22.704067],[105.275363,23.34519],[105.512147,23.152334],[106.193756,23.869396],[105.447187,24.037603],[104.539852,24.741772],[104.719738,25.210942],[104.306223,25.664765],[104.675503,26.379269],[103.829249,26.547114],[103.695407,27.151702],[105.197383,27.398638],[105.296963,27.721745],[104.604758,27.845846],[104.268499,28.333801],[102.889462,27.291487],[103.057927,26.557242],[102.112558,26.084429],[101.579981,26.306922],[100.660916,27.875095],[99.108814,29.223772],[98.099453,28.140021]]]},"properties":{"featurecla":"Admin-1 scale rank","scalerank":2,"adm1_code":"CHN-1810","diss_me":1810,"iso_3166_2":"CN-YN","wikipedia":null,"iso_a2":"CN","adm0_sr":1,"name":"Yunnan","name_alt":"Yúnnán","name_local":"雲南|云南","type":"Shěng","type_en":"Province","code_local":null,"code_hasc":"CN.YN","note":null,"hasc_maybe":null,"region":"Southwest China","region_cod":"5","provnum_ne":47,"gadm_level":1,"check_me":20,"datarank":1,"abbrev":null,"postal":"YN","area_sqkm":0,"sameascity":-99,"labelrank":2,"name_len":6,"mapcolor9":4,"mapcolor13":3,"fips":"CH29","fips_alt":null,"woe_id":12578018,"woe_label":"Yunnan, CN, China","woe_name":"Yunnan","latitude":24.4603,"longitude":101.661,"sov_a3":"CH1","adm0_a3":"CHN","adm0_label":2,"admin":"China","geonunit":"China","gu_a3":"CHN","gn_id":1785694,"gn_name":"Yunnan Sheng","gns_id":-1937567,"gns_name":"Yunnan Sheng","gn_level":1,"gn_region":null,"gn_a1_code":"CN.29","region_sub":"Western","sub_code":null,"gns_level":1,"gns_lang":"zho","gns_adm1":"CH29","gns_region":null,"min_label":4.6,"max_label":10.1,"min_zoom":4.6,"wikidataid":"Q43194","name_ar":"يونان","name_bn":"ইউন্নান","name_de":"Yunnan","name_en":"Yunnan","name_es":"Yunnan","name_fr":"Yunnan","name_el":"Γιουνάν","name_hi":"युन्नान","name_hu":"Jünnan","name_id":"Yunnan","name_it":"Yunnan","name_ja":"雲南省","name_ko":"윈난성","name_nl":"Yunnan","name_pl":"Junnan","name_pt":"Yunnan","name_ru":"Юньнань","name_sv":"Yunnan","name_tr":"Yünnan","name_vi":"Vân Nam","name_zh":"云南省","ne_id":1159312665,"name_he":"יונאן","name_uk":"Юньнань","name_ur":"یوننان","name_fa":"یوننان","name_zht":"雲南省","FCLASS_ISO":null,"FCLASS_US":null,"FCLASS_FR":null,"FCLASS_RU":null,"FCLASS_ES":null,"FCLASS_CN":null,"FCLASS_TW":null,"FCLASS_IN":null,"FCLASS_NP":null,"FCLASS_PK":null,"FCLASS_DE":null,"FCLASS_GB":null,"FCLASS_BR":null,"FCLASS_IL":null,"FCLASS_PS":null,"FCLASS_SA":null,"FCLASS_EG":null,"FCLASS_MA":null,"FCLASS_PT":null,"FCLASS_AR":null,"FCLASS_JP":null,"FCLASS_KO":null,"FCLASS_VN":null,"FCLASS_TR":null,"FCLASS_ID":null,"FCLASS_PL":null,"FCLASS_GR":null,"FCLASS_IT":null,"FCLASS_NL":null,"FCLASS_SE":null,"FCLASS_BD":null,"FCLASS_UA":null,"FCLASS_TLC":null}},
{"type":"Feature","geometry":{"type":"Polygon","coordinates":[[[117.557813,38.625146],[116.71084,38.820525],[116.793419,39.602312],[115.463423,39.643214],[115.728161,40.539593],[116.675804,40.940137],[117.356796,40.257026],[118.009539,39.2204],[118.912305,39.166406],[119.849388,39.987123],[119.230997,41.273398],[118.478433,41.355099],[117.80049,42.568823],[116.858118,42.019503],[115.858799,41.927467],[113.927961,41.418351],[114.154097,40.742578],[114.393979,39.169341],[113.534497,38.537286],[114.100405,37.69819],[113.453933,36.736621],[113.721049,36.355869],[115.460322,36.157871],[115.275734,36.474208],[115.97502,37.321702],[117.838935,38.274344],[117.557813,38.625146]]]},"properties":{"featurecla":"Admin-1 scale rank","scalerank":2,"adm1_code":"CHN-1811","diss_me":1811,"iso_3166_2":"CN-HE","wikipedia":null,"iso_a2":"CN","adm0_sr":1,"name":"Hebei","name_alt":"Héběi","name_local":"河北","type":"Shěng","type_en":"Province","code_local":null,"code_hasc":"CN.HB","note":null,"hasc_maybe":null,"region":"North China","region_cod":"1","provnum_ne":44,"gadm_level":1,"check_me":20,"datarank":1,"abbrev":null,"postal":"HB","area_sqkm":0,"sameascity":-99,"labelrank":2,"name_len":5,"mapcolor9":4,"mapcolor13":3,"fips":"CH10","fips_alt":null,"woe_id":12578000,"woe_label":"Hebei, CN, China","woe_name":"Hebei","latitude":38.5205,"longitude":115.314,"sov_a3":"CH1","adm0_a3":"CHN","adm0_label":2,"admin":"China","geonunit":"China","gu_a3":"CHN","gn_id":1808773,"gn_name":"Hebei Sheng","gns_id":-1908578,"gns_name":"Hebei Sheng","gn_level":1,"gn_region":null,"gn_a1_code":"CN.10","region_sub":null,"sub_code":null,"gns_level":1,"gns_lang":"zho","gns_adm1":"CH10","gns_region":null,"min_label":4.6,"max_label":10.1,"min_zoom":4.6,"wikidataid":"Q21208","name_ar":"خبي","name_bn":"হপেই","name_de":"Hebei","name_en":"Hebei","name_es":"Hebei","name_fr":"Hebei","name_el":"Χεμπέι","name_hi":"हेबेई","name_hu":"Hopej","name_id":"Hebei","name_it":"Hebei","name_ja":"河北省","name_ko":"허베이성","name_nl":"Hebei","name_pl":"Hebei","name_pt":"Hebei","name_ru":"Хэбэй","name_sv":"Hebei","name_tr":"Hebei","name_vi":"Hà Bắc","name_zh":"河北省","ne_id":1159312747,"name_he":"חביי","name_uk":"Хебей","name_ur":"ہیبئی","name_fa":"هبئی","name_zht":"河北省","FCLASS_ISO":null,"FCLASS_US":null,"FCLASS_FR":null,"FCLASS_RU":null,"FCLASS_ES":null,"FCLASS_CN":null,"FCLASS_TW":null,"FCLASS_IN":null,"FCLASS_NP":null,"FCLASS_PK":null,"FCLASS_DE":null,"FCLASS_GB":null,"FCLASS_BR":null,"FCLASS_IL":null,"FCLASS_PS":null,"FCLASS_SA":null,"FCLASS_EG":null,"FCLASS_MA":null,"FCLASS_PT":null,"FCLASS_AR":null,"FCLASS_JP":null,"FCLASS_KO":null,"FCLASS_VN":null,"FCLASS_TR":null,"FCLASS_ID":null,"FCLASS_PL":null,"FCLASS_GR":null,"FCLASS_IT":null,"FCLASS_NL":null,"FCLASS_SE":null,"FCLASS_BD":null,"FCLASS_UA":null,"FCLASS_TLC":null}},
{"type":"Feature","geometry":{"type":"Polygon","coordinates":[[[115.374023,31.41754],[115.901329,31.794494],[115.888462,32.393863],[115.199305,32.591473],[115.56135,33.898138],[116.64118,33.953225],[116.151288,34.566728],[115.541713,34.577528],[115.068357,35.380115],[115.460322,36.157871],[113.721049,36.355869],[113.491295,35.52548],[112.058463,35.23449],[111.557666,34.863402],[110.336036,34.615846],[110.974601,33.266471],[111.531622,32.611085],[112.285787,32.350635],[113.78275,32.359369],[113.794377,31.972519],[115.374023,31.41754]]]},"properties":{"featurecla":"Admin-1 scale rank","scalerank":2,"adm1_code":"CHN-1812","diss_me":1812,"iso_3166_2":"CN-HA","wikipedia":null,"iso_a2":"CN","adm0_sr":1,"name":"Henan","name_alt":"Hénán","name_local":"河南","type":"Shěng","type_en":"Province","code_local":null,"code_hasc":"CN.HE","note":null,"hasc_maybe":null,"region":"South Central China","region_cod":"4","provnum_ne":33,"gadm_level":1,"check_me":20,"datarank":1,"abbrev":null,"postal":"HE","area_sqkm":0,"sameascity":-99,"labelrank":2,"name_len":5,"mapcolor9":4,"mapcolor13":3,"fips":"CH09","fips_alt":null,"woe_id":12577999,"woe_label":"Henan, CN, China","woe_name":"Henan","latitude":33.9055,"longitude":113.484,"sov_a3":"CH1","adm0_a3":"CHN","adm0_label":2,"admin":"China","geonunit":"China","gu_a3":"CHN","gn_id":1808520,"gn_name":"Henan Sheng","gns_id":-1908908,"gns_name":"Henan Sheng","gn_level":1,"gn_region":null,"gn_a1_code":"CN.09","region_sub":"Central","sub_code":null,"gns_level":1,"gns_lang":"zho","gns_adm1":"CH09","gns_region":null,"min_label":4.6,"max_label":10.1,"min_zoom":4.6,"wikidataid":"Q43684","name_ar":"خنان","name_bn":"হনান","name_de":"Henan","name_en":"Henan","name_es":"Henan","name_fr":"Henan","name_el":"Χενάν","name_hi":"हेनान","name_hu":"Honan","name_id":"Henan","name_it":"Henan","name_ja":"河南省","name_ko":"허난성","name_nl":"Henan","name_pl":"Henan","name_pt":"Henan","name_ru":"Хэнань","name_sv":"Henan","name_tr":"Henan","name_vi":"Hà Nam","name_zh":"河南省","ne_id":1159312749,"name_he":"חנאן","name_uk":"Хенань","name_ur":"ہینان","name_fa":"استان هنان","name_zht":"河南省","FCLASS_ISO":null,"FCLASS_US":null,"FCLASS_FR":null,"FCLASS_RU":null,"FCLASS_ES":null,"FCLASS_CN":null,"FCLASS_TW":null,"FCLASS_IN":null,"FCLASS_NP":null,"FCLASS_PK":null,"FCLASS_DE":null,"FCLASS_GB":null,"FCLASS_BR":null,"FCLASS_IL":null,"FCLASS_PS":null,"FCLASS_SA":null,"FCLASS_EG":null,"FCLASS_MA":null,"FCLASS_PT":null,"FCLASS_AR":null,"FCLASS_JP":null,"FCLASS_KO":null,"FCLASS_VN":null,"FCLASS_TR":null,"FCLASS_ID":null,"FCLASS_PL":null,"FCLASS_GR":null,"FCLASS_IT":null,"FCLASS_NL":null,"FCLASS_SE":null,"FCLASS_BD":null,"FCLASS_UA":null,"FCLASS_TLC":null}},
{"type":"Feature","geometry":{"type":"Polygon","coordinates":[[[125.708515,40.852873],[125.28396,42.234451],[124.860317,42.887693],[123.696254,43.353478],[123.611969,43.08135],[121.646095,42.453585],[120.14076,41.789284],[119.335745,42.289409],[119.230997,41.273398],[119.849388,39.987123],[121.174512,40.90127],[122.275,40.541846],[121.517578,39.638965],[122.334863,39.366113],[124.105762,39.841016],[125.708515,40.852873]]]},"properties":{"featurecla":"Admin-1 scale rank","scalerank":2,"adm1_code":"CHN-1813","diss_me":1813,"iso_3166_2":"CN-LN","wikipedia":null,"iso_a2":"CN","adm0_sr":5,"name":"Liaoning","name_alt":"Liáoníng","name_local":"遼寧|辽宁","type":"Shěng","type_en":"Province","code_local":null,"code_hasc":"CN.LN","note":null,"hasc_maybe":null,"region":"Northeast China","region_cod":"2","provnum_ne":11,"gadm_level":1,"check_me":20,"datarank":1,"abbrev":null,"postal":"LN","area_sqkm":0,"sameascity":-99,"labelrank":2,"name_len":8,"mapcolor9":4,"mapcolor13":3,"fips":"CH19","fips_alt":null,"woe_id":12578008,"woe_label":"Liaoning, CN, China","woe_name":"Liaoning","latitude":41.386,"longitude":123.07,"sov_a3":"CH1","adm0_a3":"CHN","adm0_label":2,"admin":"China","geonunit":"China","gu_a3":"CHN","gn_id":2036115,"gn_name":"Liaoning Sheng","gns_id":-1914920,"gns_name":"Liaoning Sheng","gn_level":1,"gn_region":null,"gn_a1_code":"CN.19","region_sub":"Northeast","sub_code":null,"gns_level":1,"gns_lang":"zho","gns_adm1":"CH19","gns_region":null,"min_label":4.6,"max_label":10.1,"min_zoom":4.6,"wikidataid":"Q43934","name_ar":"لياونينغ","name_bn":"লিয়াওনিং","name_de":"Liaoning","name_en":"Liaoning","name_es":"Liaoning","name_fr":"Liaoning","name_el":"Λιαονίνγκ","name_hi":"लियाओनिंग","name_hu":"Liaoning","name_id":"Liaoning","name_it":"Liaoning","name_ja":"遼寧省","name_ko":"랴오닝성","name_nl":"Liaoning","name_pl":"Liaoning","name_pt":"Liaoning","name_ru":"Ляонин","name_sv":"Liaoning","name_tr":"Liaoning","name_vi":"Liêu Ninh","name_zh":"辽宁省","ne_id":1159312117,"name_he":"ליאונינג","name_uk":"Ляонін","name_ur":"لیاؤننگ","name_fa":"لیائونینگ","name_zht":"遼寧省","FCLASS_ISO":null,"FCLASS_US":null,"FCLASS_FR":null,"FCLASS_RU":null,"FCLASS_ES":null,"FCLASS_CN":null,"FCLASS_TW":null,"FCLASS_IN":null,"FCLASS_NP":null,"FCLASS_PK":null,"FCLASS_DE":null,"FCLASS_GB":null,"FCLASS_BR":null,"FCLASS_IL":null,"FCLASS_PS":null,"FCLASS_SA":null,"FCLASS_EG":null,"FCLASS_MA":null,"FCLASS_PT":null,"FCLASS_AR":null,"FCLASS_JP":null,"FCLASS_KO":null,"FCLASS_VN":null,"FCLASS_TR":null,"FCLASS_ID":null,"FCLASS_PL":null,"FCLASS_GR":null,"FCLASS_IT":null,"FCLASS_NL":null,"FCLASS_SE":null,"FCLASS_BD":null,"FCLASS_UA":null,"FCLASS_TLC":null}},
{"type":"Feature","geometry":{"type":"Polygon","coordinates":[[[117.838935,38.274344],[115.97502,37.321702],[115.275734,36.474208],[115.460322,36.157871],[115.068357,35.380115],[115.541713,34.577528],[116.151288,34.566728],[116.377217,34.63954],[117.181819,34.450146],[118.759449,34.748629],[119.295127,35.070838],[120.989941,36.597949],[121.932715,36.959473],[121.640234,37.460352],[120.75,37.833936],[119.449902,37.124756],[118.952637,37.331152],[118.940039,38.042773],[117.838935,38.274344]]]},"properties":{"featurecla":"Admin-1 scale rank","scalerank":2,"adm1_code":"CHN-1814","diss_me":1814,"iso_3166_2":"CN-SD","wikipedia":null,"iso_a2":"CN","adm0_sr":6,"name":"Shandong","name_alt":"Shāndōng","name_local":"山東|山东","type":"Shěng","type_en":"Province","code_local":null,"code_hasc":"CN.SD","note":null,"hasc_maybe":null,"region":"East China","region_cod":"3","provnum_ne":10,"gadm_level":1,"check_me":20,"datarank":1,"abbrev":null,"postal":"SD","area_sqkm":0,"sameascity":-99,"labelrank":2,"name_len":8,"mapcolor9":4,"mapcolor13":3,"fips":"CH25","fips_alt":null,"woe_id":12578014,"woe_label":"Shandong, CN, China","woe_name":"Shandong","latitude":36.3271,"longitude":118.114,"sov_a3":"CH1","adm0_a3":"CHN","adm0_label":2,"admin":"China","geonunit":"China","gu_a3":"CHN","gn_id":1796328,"gn_name":"Shandong Sheng","gns_id":-1924356,"gns_name":"Shandong Sheng","gn_level":1,"gn_region":null,"gn_a1_code":"CN.25","region_sub":null,"sub_code":null,"gns_level":1,"gns_lang":"zho","gns_adm1":"CH25","gns_region":null,"min_label":4.6,"max_label":10.1,"min_zoom":4.6,"wikidataid":"Q43407","name_ar":"شاندونغ","name_bn":"শানতুং","name_de":"Shandong","name_en":"Shandong","name_es":"Shandong","name_fr":"Shandong","name_el":"Σαντόνγκ","name_hi":"शानदोंग","name_hu":"Santung","name_id":"Shandong","name_it":"Shandong","name_ja":"山東省","name_ko":"산둥성","name_nl":"Shandong","name_pl":"Szantung","name_pt":"Shandong","name_ru":"Шаньдун","name_sv":"Shandong","name_tr":"Şantung","name_vi":"Sơn Đông","name_zh":"山东省","ne_id":1159312031,"name_he":"שאנדונג","name_uk":"Шаньдун","name_ur":"شانڈونگ","name_fa":"شاندونگ","name_zht":"山東省","FCLASS_ISO":null,"FCLASS_US":null,"FCLASS_FR":null,"FCLASS_RU":null,"FCLASS_ES":null,"FCLASS_CN":null,"FCLASS_TW":null,"FCLASS_IN":null,"FCLASS_NP":null,"FCLASS_PK":null,"FCLASS_DE":null,"FCLASS_GB":null,"FCLASS_BR":null,"FCLASS_IL":null,"FCLASS_PS":null,"FCLASS_SA":null,"FCLASS_EG":null,"FCLASS_MA":null,"FCLASS_PT":null,"FCLASS_AR":null,"FCLASS_JP":null,"FCLASS_KO":null,"FCLASS_VN":null,"FCLASS_TR":null,"FCLASS_ID":null,"FCLASS_PL":null,"FCLASS_GR":null,"FCLASS_IT":null,"FCLASS_NL":null,"FCLASS_SE":null,"FCLASS_BD":null,"FCLASS_UA":null,"FCLASS_TLC":null}},
{"type":"Feature","geometry":{"type":"Polygon","coordinates":[[[118.009539,39.2204],[117.356796,40.257026],[117.239077,40.092618],[116.875636,39.686467],[116.793419,39.602312],[116.71084,38.820525],[117.557813,38.625146],[118.009539,39.2204]]]},"properties":{"featurecla":"Admin-1 scale rank","scalerank":2,"adm1_code":"CHN-1816","diss_me":1816,"iso_3166_2":"CN-TJ","wikipedia":null,"iso_a2":"CN","adm0_sr":1,"name":"Tianjin","name_alt":"Tiānjīn","name_local":"天津|天津","type":"Zhíxiáshì","type_en":"Municipality","code_local":null,"code_hasc":"CN.TJ","note":null,"hasc_maybe":null,"region":"North China","region_cod":"1","provnum_ne":46,"gadm_level":1,"check_me":20,"datarank":1,"abbrev":null,"postal":"TJ","area_sqkm":0,"sameascity":7,"labelrank":7,"name_len":7,"mapcolor9":4,"mapcolor13":3,"fips":"CH28","fips_alt":null,"woe_id":12578017,"woe_label":"Tianjin, CN, China","woe_name":"Tianjin","latitude":39.3708,"longitude":117.347,"sov_a3":"CH1","adm0_a3":"CHN","adm0_label":2,"admin":"China","geonunit":"China","gu_a3":"CHN","gn_id":1792943,"gn_name":"Tianjin Shi","gns_id":-1928568,"gns_name":"Tianjin Shi","gn_level":1,"gn_region":null,"gn_a1_code":"CN.28","region_sub":null,"sub_code":null,"gns_level":1,"gns_lang":"zho","gns_adm1":"CH28","gns_region":null,"min_label":4.6,"max_label":10.1,"min_zoom":4.6,"wikidataid":"Q11736","name_ar":"تيانجين","name_bn":"থিয়েনচিন","name_de":"Tianjin","name_en":"Tianjin","name_es":"Tianjin","name_fr":"Tianjin","name_el":"Τιεντσίν","name_hi":"तिआंजिन","name_hu":"Tiencsin","name_id":"Tianjin","name_it":"Tientsin","name_ja":"天津市","name_ko":"톈진시","name_nl":"Tianjin","name_pl":"Tiencin","name_pt":"Tianjin","name_ru":"Тяньцзинь","name_sv":"Tianjin","name_tr":"Tientsin","name_vi":"Thiên Tân","name_zh":"天津市","ne_id":1159312751,"name_he":"טיינג'ין","name_uk":"Тяньцзінь","name_ur":"تیانجین","name_fa":"تیانجین","name_zht":"天津市","FCLASS_ISO":null,"FCLASS_US":null,"FCLASS_FR":null,"FCLASS_RU":null,"FCLASS_ES":null,"FCLASS_CN":null,"FCLASS_TW":null,"FCLASS_IN":null,"FCLASS_NP":null,"FCLASS_PK":null,"FCLASS_DE":null,"FCLASS_GB":null,"FCLASS_BR":null,"FCLASS_IL":null,"FCLASS_PS":null,"FCLASS_SA":null,"FCLASS_EG":null,"FCLASS_MA":null,"FCLASS_PT":null,"FCLASS_AR":null,"FCLASS_JP":null,"FCLASS_KO":null,"FCLASS_VN":null,"FCLASS_TR":null,"FCLASS_ID":null,"FCLASS_PL":null,"FCLASS_GR":null,"FCLASS_IT":null,"FCLASS_NL":null,"FCLASS_SE":null,"FCLASS_BD":null,"FCLASS_UA":null,"FCLASS_TLC":null}},
{"type":"Feature","geometry":{"type":"Polygon","coordinates":[[[113.927548,25.448111],[114.729307,25.118881],[114.424882,24.49959],[115.887531,24.916774],[116.135165,25.866328],[117.153811,27.276397],[117.284242,27.857034],[118.446445,28.288687],[118.17473,29.407869],[117.225538,29.906676],[116.147257,29.788776],[115.486212,29.864276],[113.902381,29.06634],[114.226858,28.408964],[113.73681,27.981574],[113.600126,27.368226],[114.085057,26.577499],[113.927548,25.448111]]]},"properties":{"featurecla":"Admin-1 scale rank","scalerank":2,"adm1_code":"CHN-1817","diss_me":1817,"iso_3166_2":"CN-JX","wikipedia":null,"iso_a2":"CN","adm0_sr":1,"name":"Jiangxi","name_alt":"Jiāngxī","name_local":"江西","type":"Shěng","type_en":"Province","code_local":null,"code_hasc":"CN.JX","note":null,"hasc_maybe":null,"region":"East China","region_cod":"3","provnum_ne":34,"gadm_level":1,"check_me":20,"datarank":1,"abbrev":null,"postal":"JX","area_sqkm":0,"sameascity":-99,"labelrank":2,"name_len":7,"mapcolor9":4,"mapcolor13":3,"fips":"CH03","fips_alt":null,"woe_id":12577993,"woe_label":"Jiangxi, CN, China","woe_name":"Jiangxi","latitude":27.6397,"longitude":116.017,"sov_a3":"CH1","adm0_a3":"CHN","adm0_label":2,"admin":"China","geonunit":"China","gu_a3":"CHN","gn_id":1806222,"gn_name":"Jiangxi Sheng","gns_id":-1911731,"gns_name":"Jiangxi Sheng","gn_level":1,"gn_region":null,"gn_a1_code":"CN.03","region_sub":"Central","sub_code":null,"gns_level":1,"gns_lang":"zho","gns_adm1":"CH03","gns_region":null,"min_label":4.6,"max_label":10.1,"min_zoom":4.6,"wikidataid":"Q57052","name_ar":"جيانغشي","name_bn":"চিয়াংশি","name_de":"Jiangxi","name_en":"Jiangxi","name_es":"Jiangxi","name_fr":"Jiangxi","name_el":"Τσιανγκσί","name_hi":"जिआंगशी","name_hu":"Csianghszi","name_id":"Jiangxi","name_it":"Jiangxi","name_ja":"江西省","name_ko":"장시성","name_nl":"Jiangxi","name_pl":"Jiangxi","name_pt":"Jiangxi","name_ru":"Цзянси","name_sv":"Jiangxi","name_tr":"Jiangxi","name_vi":"Giang Tây","name_zh":"江西省","ne_id":1159312753,"name_he":"ג'יאנגשי","name_uk":"Цзянсі","name_ur":"جیانگشی","name_fa":"جیانگشی","name_zht":"江西省","FCLASS_ISO":null,"FCLASS_US":null,"FCLASS_FR":null,"FCLASS_RU":null,"FCLASS_ES":null,"FCLASS_CN":null,"FCLASS_TW":null,"FCLASS_IN":null,"FCLASS_NP":null,"FCLASS_PK":null,"FCLASS_DE":null,"FCLASS_GB":null,"FCLASS_BR":null,"FCLASS_IL":null,"FCLASS_PS":null,"FCLASS_SA":null,"FCLASS_EG":null,"FCLASS_MA":null,"FCLASS_PT":null,"FCLASS_AR":null,"FCLASS_JP":null,"FCLASS_KO":null,"FCLASS_VN":null,"FCLASS_TR":null,"FCLASS_ID":null,"FCLASS_PL":null,"FCLASS_GR":null,"FCLASS_IT":null,"FCLASS_NL":null,"FCLASS_SE":null,"FCLASS_BD":null,"FCLASS_UA":null,"FCLASS_TLC":null}},
{"type":"Feature","geometry":{"type":"Polygon","coordinates":[[[119.295127,35.070838],[118.759449,34.748629],[117.181819,34.450146],[116.377217,34.63954],[117.033921,34.155538],[118.176746,33.692621],[118.667878,32.453213],[118.35198,31.946681],[118.816086,31.226337],[119.629784,31.13288],[120.909344,31.011725],[121.350977,31.485352],[121.832422,31.899756],[120.853223,32.661377],[120.871094,33.016504],[120.201465,34.325684],[119.295127,35.070838]]]},"properties":{"featurecla":"Admin-1 scale rank","scalerank":2,"adm1_code":"CHN-1818","diss_me":1818,"iso_3166_2":"CN-JS","wikipedia":null,"iso_a2":"CN","adm0_sr":3,"name":"Jiangsu","name_alt":"Jiāngsū","name_local":"江蘇|江苏","type":"Shěng","type_en":"Province","code_local":null,"code_hasc":"CN.JS","note":null,"hasc_maybe":null,"region":"East China","region_cod":"3","provnum_ne":8,"gadm_level":1,"check_me":20,"datarank":1,"abbrev":null,"postal":"JS","area_sqkm":0,"sameascity":-99,"labelrank":2,"name_len":7,"mapcolor9":4,"mapcolor13":3,"fips":"CH04","fips_alt":null,"woe_id":12577994,"woe_label":"Jiangsu, CN, China","woe_name":"Jiangsu","latitude":32.9844,"longitude":119.942,"sov_a3":"CH1","adm0_a3":"CHN","adm0_label":2,"admin":"China","geonunit":"China","gu_a3":"CHN","gn_id":1806260,"gn_name":"Jiangsu Sheng","gns_id":-1911691,"gns_name":"Jiangsu Sheng","gn_level":1,"gn_region":null,"gn_a1_code":"CN.04","region_sub":null,"sub_code":null,"gns_level":1,"gns_lang":"zho","gns_adm1":"CH04","gns_region":null,"min_label":4.6,"max_label":10.1,"min_zoom":4.6,"wikidataid":"Q16963","name_ar":"جيانغسو","name_bn":"চিয়াংসু","name_de":"Jiangsu","name_en":"Jiangsu","name_es":"Jiangsu","name_fr":"Jiangsu","name_el":"Τσιανγκσού","name_hi":"जिआंगसू","name_hu":"Csiangszu","name_id":"Jiangsu","name_it":"Jiangsu","name_ja":"江蘇省","name_ko":"장쑤성","name_nl":"Jiangsu","name_pl":"Jiangsu","name_pt":"Jiangsu","name_ru":"Цзянсу","name_sv":"Jiangsu","name_tr":"Jiangsu","name_vi":"Giang Tô","name_zh":"江苏省","ne_id":1159311859,"name_he":"ג'יאנגסו","name_uk":"Цзянсу","name_ur":"جیانگسو","name_fa":"جیانگسو","name_zht":"江蘇省","FCLASS_ISO":null,"FCLASS_US":null,"FCLASS_FR":null,"FCLASS_RU":null,"FCLASS_ES":null,"FCLASS_CN":null,"FCLASS_TW":null,"FCLASS_IN":null,"FCLASS_NP":null,"FCLASS_PK":null,"FCLASS_DE":null,"FCLASS_GB":null,"FCLASS_BR":null,"FCLASS_IL":null,"FCLASS_PS":null,"FCLASS_SA":null,"FCLASS_EG":null,"FCLASS_MA":null,"FCLASS_PT":null,"FCLASS_AR":null,"FCLASS_JP":null,"FCLASS_KO":null,"FCLASS_VN":null,"FCLASS_TR":null,"FCLASS_ID":null,"FCLASS_PL":null,"FCLASS_GR":null,"FCLASS_IT":null,"FCLASS_NL":null,"FCLASS_SE":null,"FCLASS_BD":null,"FCLASS_UA":null,"FCLASS_TLC":null}},
{"type":"Feature","geometry":{"type":"Polygon","coordinates":[[[121.350977,31.485352],[120.909344,31.011725],[121.277609,30.685054],[121.87793,30.916992],[121.350977,31.485352]]]},"properties":{"featurecla":"Admin-1 scale rank","scalerank":2,"adm1_code":"CHN-1819","diss_me":1819,"iso_3166_2":"CN-SH","wikipedia":null,"iso_a2":"CN","adm0_sr":5,"name":"Shanghai","name_alt":"Shànghǎi","name_local":"上海|上海","type":"Zhíxiáshì","type_en":"Municipality","code_local":null,"code_hasc":"CN.SH","note":null,"hasc_maybe":null,"region":"East China","region_cod":"3","provnum_ne":9,"gadm_level":1,"check_me":20,"datarank":1,"abbrev":null,"postal":"SH","area_sqkm":0,"sameascity":7,"labelrank":7,"name_len":8,"mapcolor9":4,"mapcolor13":3,"fips":"CH23","fips_alt":null,"woe_id":12578012,"woe_label":"Shanghai, CN, China","woe_name":"Shanghai","latitude":31.0909,"longitude":121.409,"sov_a3":"CH1","adm0_a3":"CHN","adm0_label":2,"admin":"China","geonunit":"China","gu_a3":"CHN","gn_id":1796231,"gn_name":"Shanghai Shi","gns_id":-1924470,"gns_name":"Shanghai Shi","gn_level":1,"gn_region":null,"gn_a1_code":"CN.23","region_sub":null,"sub_code":null,"gns_level":1,"gns_lang":"zho","gns_adm1":"CH23","gns_region":null,"min_label":4.6,"max_label":10.1,"min_zoom":4.6,"wikidataid":"Q8686","name_ar":"شانغهاي","name_bn":"সাংহাই","name_de":"Shanghai","name_en":"Shanghai","name_es":"Shanghái","name_fr":"Shanghai","name_el":"Σαγκάη","name_hi":"शंघाई","name_hu":"Sanghaj","name_id":"Shanghai","name_it":"Shanghai","name_ja":"上海市","name_ko":"상하이시","name_nl":"Shanghai","name_pl":"Szanghaj","name_pt":"Xangai","name_ru":"Шанхай","name_sv":"Shanghai","name_tr":"Şanghay","name_vi":"Thượng Hải","name_zh":"上海市","ne_id":1159311855,"name_he":"שאנגחאי","name_uk":"Шанхай","name_ur":"شنگھائی","name_fa":"شانگهای","name_zht":"上海市","FCLASS_ISO":null,"FCLASS_US":null,"FCLASS_FR":null,"FCLASS_RU":null,"FCLASS_ES":null,"FCLASS_CN":null,"FCLASS_TW":null,"FCLASS_IN":null,"FCLASS_NP":null,"FCLASS_PK":null,"FCLASS_DE":null,"FCLASS_GB":null,"FCLASS_BR":null,"FCLASS_IL":null,"FCLASS_PS":null,"FCLASS_SA":null,"FCLASS_EG":null,"FCLASS_MA":null,"FCLASS_PT":null,"FCLASS_AR":null,"FCLASS_JP":null,"FCLASS_KO":null,"FCLASS_VN":null,"FCLASS_TR":null,"FCLASS_ID":null,"FCLASS_PL":null,"FCLASS_GR":null,"FCLASS_IT":null,"FCLASS_NL":null,"FCLASS_SE":null,"FCLASS_BD":null,"FCLASS_UA":null,"FCLASS_TLC":null}},
{"type":"Feature","geometry":{"type":"Polygon","coordinates":[[[121.277609,30.685054],[120.909344,31.011725],[119.629784,31.13288],[118.723741,29.730201],[118.17473,29.407869],[118.446445,28.288687],[118.922695,27.549998],[120.423805,27.202522],[121.098437,28.290527],[121.602051,28.366602],[121.944336,29.894092],[121.159375,30.301758],[121.277609,30.685054]]]},"properties":{"featurecla":"Admin-1 scale rank","scalerank":2,"adm1_code":"CHN-1820","diss_me":1820,"iso_3166_2":"CN-ZJ","wikipedia":null,"iso_a2":"CN","adm0_sr":5,"name":"Zhejiang","name_alt":"Zhèjiāng","name_local":"浙江","type":"Shěng","type_en":"Province","code_local":null,"code_hasc":"CN.ZJ","note":null,"hasc_maybe":null,"region":"East China","region_cod":"3","provnum_ne":4,"gadm_level":1,"check_me":20,"datarank":1,"abbrev":null,"postal":"ZJ","area_sqkm":0,"sameascity":-99,"labelrank":2,"name_len":8,"mapcolor9":4,"mapcolor13":3,"fips":"CH02","fips_alt":null,"woe_id":12577992,"woe_label":"Zhejiang, CN, China","woe_name":"Zhejiang","latitude":29.1084,"longitude":119.97,"sov_a3":"CH1","adm0_a3":"CHN","adm0_label":2,"admin":"China","geonunit":"China","gu_a3":"CHN","gn_id":1784764,"gn_name":"Zhejiang Sheng","gns_id":-1938694,"gns_name":"Zhejiang Sheng","gn_level":1,"gn_region":null,"gn_a1_code":"CN.02","region_sub":null,"sub_code":null,"gns_level":1,"gns_lang":"zho","gns_adm1":"CH02","gns_region":null,"min_label":4.6,"max_label":10.1,"min_zoom":4.6,"wikidataid":"Q16967","name_ar":"تشيجيانغ","name_bn":"চচিয়াং","name_de":"Zhejiang","name_en":"Zhejiang","name_es":"Zhejiang","name_fr":"Zhejiang","name_el":"Τσετσιάνγκ","name_hi":"झेजियांग","name_hu":"Csöcsiang","name_id":"Zhejiang","name_it":"Zhejiang","name_ja":"浙江省","name_ko":"저장성","name_nl":"Zhejiang","name_pl":"Zhejiang","name_pt":"Zhejiang","name_ru":"Чжэцзян","name_sv":"Zhejiang","name_tr":"Zhejiang","name_vi":"Chiết Giang","name_zh":"浙江省","ne_id":1159311795,"name_he":"ג'ג'יאנג","name_uk":"Чжецзян","name_ur":"ژجیانگ","name_fa":"چجیانگ","name_zht":"浙江省","FCLASS_ISO":null,"FCLASS_US":null,"FCLASS_FR":null,"FCLASS_RU":null,"FCLASS_ES":null,"FCLASS_CN":null,"FCLASS_TW":null,"FCLASS_IN":null,"FCLASS_NP":null,"FCLASS_PK":null,"FCLASS_DE":null,"FCLASS_GB":null,"FCLASS_BR":null,"FCLASS_IL":null,"FCLASS_PS":null,"FCLASS_SA":null,"FCLASS_EG":null,"FCLASS_MA":null,"FCLASS_PT":null,"FCLASS_AR":null,"FCLASS_JP":null,"FCLASS_KO":null,"FCLASS_VN":null,"FCLASS_TR":null,"FCLASS_ID":null,"FCLASS_PL":null,"FCLASS_GR":null,"FCLASS_IT":null,"FCLASS_NL":null,"FCLASS_SE":null,"FCLASS_BD":null,"FCLASS_UA":null,"FCLASS_TLC":null}},
{"type":"Feature","geometry":{"type":"Polygon","coordinates":[[[131.245073,43.466681],[130.103615,43.845438],[129.249248,43.786165],[127.849592,44.055916],[126.978276,44.826101],[125.698715,45.510917],[124.395591,45.45149],[123.919393,46.272344],[123.161661,46.220073],[121.934397,45.68995],[122.045967,44.694947],[123.123782,44.49439],[123.696254,43.353478],[124.860317,42.887693],[125.28396,42.234451],[125.708515,40.852873],[126.9035,41.781068],[128.11123,41.389257],[128.045239,41.987515],[128.923428,42.03821],[129.719762,42.474979],[130.526948,42.535388],[131.245073,43.466681]]]},"properties":{"featurecla":"Admin-1 scale rank","scalerank":2,"adm1_code":"CHN-1828","diss_me":1828,"iso_3166_2":"CN-JL","wikipedia":null,"iso_a2":"CN","adm0_sr":1,"name":"Jilin","name_alt":"Jílín","name_local":"吉林","type":"Shěng","type_en":"Province","code_local":null,"code_hasc":"CN.JL","note":null,"hasc_maybe":null,"region":"Northeast China","region_cod":"2","provnum_ne":52,"gadm_level":1,"check_me":20,"datarank":1,"abbrev":null,"postal":"JL","area_sqkm":0,"sameascity":-99,"labelrank":2,"name_len":5,"mapcolor9":4,"mapcolor13":3,"fips":"CH05","fips_alt":null,"woe_id":12577995,"woe_label":"Jilin, CN, China","woe_name":"Jilin","latitude":43.2978,"longitude":126.466,"sov_a3":"CH1","adm0_a3":"CHN","adm0_label":2,"admin":"China","geonunit":"China","gu_a3":"CHN","gn_id":2036500,"gn_name":"Jilin Sheng","gns_id":-1912251,"gns_name":"Jilin Sheng","gn_level":1,"gn_region":null,"gn_a1_code":"CN.05","region_sub":"Northeast","sub_code":null,"gns_level":1,"gns_lang":"zho","gns_adm1":"CH05","gns_region":null,"min_label":4.6,"max_label":10.1,"min_zoom":4.6,"wikidataid":"Q45208","name_ar":"جيلين","name_bn":"চিলিন","name_de":"Jilin","name_en":"Jilin","name_es":"Jilin","name_fr":"Jilin","name_el":"Τσιλίν","name_hi":"जीलिन","name_hu":"Csilin","name_id":"Jilin","name_it":"Jilin","name_ja":"吉林省","name_ko":"지린성","name_nl":"Jilin","name_pl":"Jilin","name_pt":"Jilin","name_ru":"Гирин","name_sv":"Jilin","name_tr":"Jilin","name_vi":"Cát Lâm","name_zh":"吉林省","ne_id":1159312755,"name_he":"ג'ילין","name_uk":"Цзілінь","name_ur":"جیلن","name_fa":"جیلین","name_zht":"吉林省","FCLASS_ISO":null,"FCLASS_US":null,"FCLASS_FR":null,"FCLASS_RU":null,"FCLASS_ES":null,"FCLASS_CN":null,"FCLASS_TW":null,"FCLASS_IN":null,"FCLASS_NP":null,"FCLASS_PK":null,"FCLASS_DE":null,"FCLASS_GB":null,"FCLASS_BR":null,"FCLASS_IL":null,"FCLASS_PS":null,"FCLASS_SA":null,"FCLASS_EG":null,"FCLASS_MA":null,"FCLASS_PT":null,"FCLASS_AR":null,"FCLASS_JP":null,"FCLASS_KO":null,"FCLASS_VN":null,"FCLASS_TR":null,"FCLASS_ID":null,"FCLASS_PL":null,"FCLASS_GR":null,"FCLASS_IT":null,"FCLASS_NL":null,"FCLASS_SE":null,"FCLASS_BD":null,"FCLASS_UA":null,"FCLASS_TLC":null}},
{"type":"Feature","geometry":{"type":"Polygon","coordinates":[[[97.205674,42.789792],[97.846875,41.619269],[98.645845,40.56755],[100.011188,40.89629],[99.686143,39.876016],[101.580188,38.688233],[102.39311,39.237192],[102.965374,39.11937],[104.023966,39.441107],[104.224781,39.090689],[103.471235,38.435897],[103.438162,37.842393],[104.358519,37.401232],[105.788096,37.805057],[105.84122,38.571289],[106.275663,39.269154],[106.977843,39.035602],[106.470122,38.290686],[107.657646,37.852935],[108.764349,37.681886],[108.986351,38.335206],[109.674267,39.011211],[111.110045,39.385193],[111.921469,39.688844],[112.399217,40.288342],[113.334147,40.318728],[114.154097,40.742578],[113.927961,41.418351],[115.858799,41.927467],[116.858118,42.019503],[117.80049,42.568823],[118.478433,41.355099],[119.230997,41.273398],[119.335745,42.289409],[120.14076,41.789284],[121.646095,42.453585],[123.611969,43.08135],[123.696254,43.353478],[123.123782,44.49439],[122.045967,44.694947],[121.934397,45.68995],[123.161661,46.220073],[123.186827,46.761642],[122.565367,47.531156],[124.538063,48.571687],[125.267372,49.438481],[125.188462,49.941861],[126.056265,50.980274],[125.486635,51.507399],[123.569646,51.203903],[122.956247,51.386063],[122.491779,52.294844],[121.173927,52.594981],[121.405437,53.317056],[120.09451,52.787218],[120.749819,52.09651],[120.066915,51.600675],[119.191929,50.379845],[119.259832,50.066402],[117.873457,49.51349],[116.683297,49.823781],[115.557629,47.945032],[115.898228,47.686935],[118.49838,47.983996],[119.711174,47.149991],[119.706626,46.606019],[118.308676,46.717045],[116.562581,46.28981],[115.681032,45.458259],[114.517227,45.364621],[113.587,44.745719],[111.898007,45.064046],[111.402224,44.367266],[111.933147,43.711441],[111.007209,43.341386],[110.400424,42.773669],[109.44317,42.455962],[106.770052,42.288737],[105.197124,41.738047],[103.711117,41.751302],[101.972929,42.215873],[101.713823,42.465806],[99.983799,42.677344],[99.467862,42.568203],[97.205674,42.789792]]]},"properties":{"featurecla":"Admin-1 scale rank","scalerank":2,"adm1_code":"CHN-1838","diss_me":1838,"iso_3166_2":"CN-NM","wikipedia":null,"iso_a2":"CN","adm0_sr":1,"name":"Inner Mongol","name_alt":"Nei Mongol|Nèiměnggǔ","name_local":"內蒙古自治區|内蒙古自治区","type":"Zìzhìqu","type_en":"Autonomous Region","code_local":null,"code_hasc":"CN.NM","note":null,"hasc_maybe":null,"region":"North China","region_cod":"1","provnum_ne":43,"gadm_level":1,"check_me":20,"datarank":1,"abbrev":null,"postal":"NM","area_sqkm":0,"sameascity":-99,"labelrank":2,"name_len":12,"mapcolor9":4,"mapcolor13":3,"fips":"CH20","fips_alt":null,"woe_id":12578009,"woe_label":"Nei Mongol, CN, China","woe_name":"Inner Mongol","latitude":41.5938,"longitude":111.623,"sov_a3":"CH1","adm0_a3":"CHN","adm0_label":2,"admin":"China","geonunit":"China","gu_a3":"CHN","gn_id":2035607,"gn_name":"Inner Mongolia Autonomous Region","gns_id":-1920094,"gns_name":"Nei Mongol Zizhiqu","gn_level":1,"gn_region":null,"gn_a1_code":"CN.20","region_sub":"Western","sub_code":null,"gns_level":1,"gns_lang":"zho","gns_adm1":"CH20","gns_region":null,"min_label":4.6,"max_label":10.1,"min_zoom":4.6,"wikidataid":"Q41079","name_ar":"منغوليا الداخلية","name_bn":"অন্তর্দেশীয় মঙ্গোলিয়া","name_de":"Innere Mongolei","name_en":"Inner Mongolia","name_es":"Mongolia Interior","name_fr":"Mongolie-Intérieure","name_el":"Εσωτερική Μογγολία","name_hi":"भीतरी मंगोलिया","name_hu":"Belső-Mongólia Autonóm Terület","name_id":"Mongolia Dalam","name_it":"Mongolia Interna","name_ja":"内モンゴル自治区","name_ko":"내몽골 자치구","name_nl":"Binnen-Mongolië","name_pl":"Mongolia Wewnętrzna","name_pt":"Mongólia Interior","name_ru":"Внутренняя Монголия","name_sv":"Inre Mongoliet","name_tr":"İç Moğolistan","name_vi":"Nội Mông","name_zh":"内蒙古自治区","ne_id":1159312757,"name_he":"מונגוליה הפנימית","name_uk":"Внутрішня Монголія","name_ur":"اندرونی منگولیا","name_fa":"مغولستان داخلی","name_zht":"內蒙古自治區","FCLASS_ISO":null,"FCLASS_US":null,"FCLASS_FR":null,"FCLASS_RU":null,"FCLASS_ES":null,"FCLASS_CN":null,"FCLASS_TW":null,"FCLASS_IN":null,"FCLASS_NP":null,"FCLASS_PK":null,"FCLASS_DE":null,"FCLASS_GB":null,"FCLASS_BR":null,"FCLASS_IL":null,"FCLASS_PS":null,"FCLASS_SA":null,"FCLASS_EG":null,"FCLASS_MA":null,"FCLASS_PT":null,"FCLASS_AR":null,"FCLASS_JP":null,"FCLASS_KO":null,"FCLASS_VN":null,"FCLASS_TR":null,"FCLASS_ID":null,"FCLASS_PL":null,"FCLASS_GR":null,"FCLASS_IT":null,"FCLASS_NL":null,"FCLASS_SE":null,"FCLASS_BD":null,"FCLASS_UA":null,"FCLASS_TLC":null}},
{"type":"Feature","geometry":{"type":"Polygon","coordinates":[[[121.405437,53.317056],[121.173927,52.594981],[122.491779,52.294844],[122.956247,51.386063],[123.569646,51.203903],[125.486635,51.507399],[126.056265,50.980274],[125.188462,49.941861],[125.267372,49.438481],[124.538063,48.571687],[122.565367,47.531156],[123.186827,46.761642],[123.161661,46.220073],[123.919393,46.272344],[124.395591,45.45149],[125.698715,45.510917],[126.978276,44.826101],[127.849592,44.055916],[129.249248,43.786165],[130.103615,43.845438],[131.245073,43.466681],[131.082314,44.910024],[131.977505,45.243983],[132.936,45.029913],[133.972393,46.636823],[134.167656,47.302178],[134.752323,47.715408],[134.323151,48.370135],[132.561862,47.768506],[131.002784,47.691456],[130.553148,48.861204],[129.498173,49.38882],[127.999609,49.568603],[126.924842,51.100137],[126.312838,52.399748],[125.649054,53.042267],[123.607784,53.546525],[122.024346,53.438785],[121.405437,53.317056]]]},"properties":{"featurecla":"Admin-1 scale rank","scalerank":2,"adm1_code":"CHN-1839","diss_me":1839,"iso_3166_2":"CN-HL","wikipedia":null,"iso_a2":"CN","adm0_sr":1,"name":"Heilongjiang","name_alt":"Hēilóngjiāng","name_local":"黑龙江省|黑龍江省","type":"Shěng","type_en":"Province","code_local":null,"code_hasc":"CN.HL","note":null,"hasc_maybe":null,"region":"Northeast China","region_cod":"2","provnum_ne":50,"gadm_level":1,"check_me":20,"datarank":1,"abbrev":null,"postal":"HL","area_sqkm":0,"sameascity":-99,"labelrank":2,"name_len":12,"mapcolor9":4,"mapcolor13":3,"fips":"CH08","fips_alt":null,"woe_id":12577998,"woe_label":"Heilongjiang, CN, China","woe_name":"Heilongjiang","latitude":46.8451,"longitude":127.97,"sov_a3":"CH1","adm0_a3":"CHN","adm0_label":2,"admin":"China","geonunit":"China","gu_a3":"CHN","gn_id":2036965,"gn_name":"Heilongjiang Sheng","gns_id":-1908709,"gns_name":"Heilongjiang Sheng","gn_level":1,"gn_region":null,"gn_a1_code":"CN.08","region_sub":"Northeast","sub_code":null,"gns_level":1,"gns_lang":"zho","gns_adm1":"CH08","gns_region":null,"min_label":4.6,"max_label":10.1,"min_zoom":4.6,"wikidataid":"Q19206","name_ar":"هيلونغجيانغ","name_bn":"হেইলুংচিয়াং","name_de":"Heilongjiang","name_en":"Heilongjiang","name_es":"Heilongjiang","name_fr":"Heilongjiang","name_el":"Χεϊλονγκτσιάνγκ","name_hi":"हेइलोंगजियांग","name_hu":"Hejlungcsiang","name_id":"Heilongjiang","name_it":"Heilongjiang","name_ja":"黒竜江省","name_ko":"헤이룽장성","name_nl":"Heilongjiang","name_pl":"Heilongjiang","name_pt":"Heilongjiang","name_ru":"Хэйлунцзян","name_sv":"Heilongjiang","name_tr":"Heilongjiang","name_vi":"Hắc Long Giang","name_zh":"黑龙江省","ne_id":1159312759,"name_he":"חיילונגג'יאנג","name_uk":"Провінція Хейлунцзян","name_ur":"ہیلونگجیانگ","name_fa":"هیلونگجیانگ","name_zht":"黑龍江省","FCLASS_ISO":null,"FCLASS_US":null,"FCLASS_FR":null,"FCLASS_RU":null,"FCLASS_ES":null,"FCLASS_CN":null,"FCLASS_TW":null,"FCLASS_IN":null,"FCLASS_NP":null,"FCLASS_PK":null,"FCLASS_DE":null,"FCLASS_GB":null,"FCLASS_BR":null,"FCLASS_IL":null,"FCLASS_PS":null,"FCLASS_SA":null,"FCLASS_EG":null,"FCLASS_MA":null,"FCLASS_PT":null,"FCLASS_AR":null,"FCLASS_JP":null,"FCLASS_KO":null,"FCLASS_VN":null,"FCLASS_TR":null,"FCLASS_ID":null,"FCLASS_PL":null,"FCLASS_GR":null,"FCLASS_IT":null,"FCLASS_NL":null,"FCLASS_SE":null,"FCLASS_BD":null,"FCLASS_UA":null,"FCLASS_TLC":null}},
{"type":"Feature","geometry":{"type":"Polygon","coordinates":[[[98.086523,2.195068],[97.783882,3.744785],[98.264751,4.288155],[97.547168,5.205859],[96.133301,5.294287],[95.396094,5.628809],[95.494727,4.761377],[96.444727,3.816309],[96.968945,3.575146],[98.086523,2.195068]]]},"properties":{"featurecla":"Admin-1 scale rank","scalerank":2,"adm1_code":"IDN-1136","diss_me":1136,"iso_3166_2":"ID-AC","wikipedia":null,"iso_a2":"ID","adm0_sr":5,"name":"Aceh","name_alt":"Achin|Atjeh|Nanggroe Aceh Darussalam","name_local":null,"type":"Propinsi","type_en":"Autonomous Province","code_local":null,"code_hasc":"ID.AC","note":null,"hasc_maybe":null,"region":null,"region_cod":null,"provnum_ne":2,"gadm_level":1,"check_me":20,"datarank":1,"abbrev":null,"postal":"AC","area_sqkm":0,"sameascity":6,"labelrank":6,"name_len":4,"mapcolor9":6,"mapcolor13":11,"fips":"ID01","fips_alt":null,"woe_id":2345710,"woe_label":"Aceh, ID, Indonesia","woe_name":"Aceh","latitude":4.41533,"longitude":96.9956,"sov_a3":"IDN","adm0_a3":"IDN","adm0_label":2,"admin":"Indonesia","geonunit":"Indonesia","gu_a3":"IDN","gn_id":1215638,"gn_name":"Nanggroe Aceh Darussalam Province","gns_id":-2669829,"gns_name":"Nanggroe Aceh Darussalam, Provinsi","gn_level":1,"gn_region":null,"gn_a1_code":"ID.01","region_sub":null,"sub_code":null,"gns_level":1,"gns_lang":"ind","gns_adm1":"ID01","gns_region":null,"min_label":5,"max_label":10.1,"min_zoom":4.6,"wikidataid":"Q1823","name_ar":"آتشيه","name_bn":"আচেহ","name_de":"Aceh","name_en":"Aceh","name_es":"Aceh","name_fr":"Aceh","name_el":"Άτσεχ","name_hi":"आचे","name_hu":"Aceh","name_id":"Aceh","name_it":"Aceh","name_ja":"アチェ州","name_ko":"아체","name_nl":"Atjeh","name_pl":"Aceh","name_pt":"Achém","name_ru":"Ачех","name_sv":"Aceh","name_tr":"Açe","name_vi":"Aceh","name_zh":"亚齐","ne_id":1159308869,"name_he":"אצ'ה","name_uk":"Ачех","name_ur":"آچے","name_fa":"آچه","name_zht":"亞齊","FCLASS_ISO":null,"FCLASS_US":null,"FCLASS_FR":null,"FCLASS_RU":null,"FCLASS_ES":null,"FCLASS_CN":null,"FCLASS_TW":null,"FCLASS_IN":null,"FCLASS_NP":null,"FCLASS_PK":null,"FCLASS_DE":null,"FCLASS_GB":null,"FCLASS_BR":null,"FCLASS_IL":null,"FCLASS_PS":null,"FCLASS_SA":null,"FCLASS_EG":null,"FCLASS_MA":null,"FCLASS_PT":null,"FCLASS_AR":null,"FCLASS_JP":null,"FCLASS_KO":null,"FCLASS_VN":null,"FCLASS_TR":null,"FCLASS_ID":null,"FCLASS_PL":null,"FCLASS_GR":null,"FCLASS_IT":null,"FCLASS_NL":null,"FCLASS_SE":null,"FCLASS_BD":null,"FCLASS_UA":null,"FCLASS_TLC":null}},
{"type":"Feature","geometry":{"type":"Polygon","coordinates":[[[114.210598,1.462906],[113.776394,0.558571],[114.976476,0.735201],[115.677518,-1.425907],[115.99445,-2.271024],[116.556824,-2.3587],[116.554492,-1.473926],[117.5625,-0.770898],[117.522168,0.235889],[117.745117,0.729639],[118.984961,0.982129],[117.864648,1.968408],[118.066602,2.317822],[117.166406,3.591992],[117.100636,4.337074],[115.896213,4.348701],[115.568429,3.938778],[115.45438,3.034311],[114.545908,1.467146],[114.210598,1.462906]]]},"properties":{"featurecla":"Admin-1 scale rank","scalerank":2,"adm1_code":"IDN-1185","diss_me":1185,"iso_3166_2":"ID-KI","wikipedia":null,"iso_a2":"ID","adm0_sr":5,"name":"Kalimantan Timur","name_alt":"Kaltim","name_local":null,"type":"Propinsi","type_en":"Province","code_local":null,"code_hasc":"ID.KI","note":null,"hasc_maybe":null,"region":null,"region_cod":null,"provnum_ne":15,"gadm_level":1,"check_me":20,"datarank":1,"abbrev":null,"postal":"KI","area_sqkm":0,"sameascity":-99,"labelrank":2,"name_len":16,"mapcolor9":6,"mapcolor13":11,"fips":"ID14","fips_alt":null,"woe_id":2345723,"woe_label":"East Kalimantan, ID, Indonesia","woe_name":"Kalimantan Timur","latitude":1.28915,"longitude":116.354,"sov_a3":"IDN","adm0_a3":"IDN","adm0_label":2,"admin":"Indonesia","geonunit":"Indonesia","gu_a3":"IDN","gn_id":1641897,"gn_name":"Provinsi Kalimantan Timur","gns_id":-2680740,"gns_name":"Kalimantan Timur, Provinsi","gn_level":1,"gn_region":null,"gn_a1_code":"ID.14","region_sub":null,"sub_code":null,"gns_level":1,"gns_lang":"ind","gns_adm1":"ID14","gns_region":null,"min_label":5,"max_label":10.1,"min_zoom":4.6,"wikidataid":"Q3899","name_ar":"كالمنتان الشرقية","name_bn":"পূর্ব কালিমান্তান","name_de":"Ostkalimantan","name_en":"East Kalimantan","name_es":"Kalimantan Oriental","name_fr":"Kalimantan oriental","name_el":"Ανατολικό Καλιμαντάν","name_hi":"पूर्व कालिमंतान","name_hu":"Kelet-Kalimantan","name_id":"Kalimantan Timur","name_it":"Kalimantan Orientale","name_ja":"東カリマンタン州","name_ko":"동칼리만탄","name_nl":"Oost-Kalimantan","name_pl":"Borneo Wschodnie","name_pt":"Kalimantan Oriental","name_ru":"Восточный Калимантан","name_sv":"Kalimantan Timur","name_tr":"Doğu Kalimantan","name_vi":"Đông Kalimantan","name_zh":"东加里曼丹省","ne_id":1159310009,"name_he":"מזרח קלימנטאן","name_uk":"Східний Калімантан","name_ur":"مشرقی کالیمانتان","name_fa":"کالیمانتان شرقی","name_zht":"東加里曼丹省","FCLASS_ISO":null,"FCLASS_US":null,"FCLASS_FR":null,"FCLASS_RU":null,"FCLASS_ES":null,"FCLASS_CN":null,"FCLASS_TW":null,"FCLASS_IN":null,"FCLASS_NP":null,"FCLASS_PK":null,"FCLASS_DE":null,"FCLASS_GB":null,"FCLASS_BR":null,"FCLASS_IL":null,"FCLASS_PS":null,"FCLASS_SA":null,"FCLASS_EG":null,"FCLASS_MA":null,"FCLASS_PT":null,"FCLASS_AR":null,"FCLASS_JP":null,"FCLASS_KO":null,"FCLASS_VN":null,"FCLASS_TR":null,"FCLASS_ID":null,"FCLASS_PL":null,"FCLASS_GR":null,"FCLASS_IT":null,"FCLASS_NL":null,"FCLASS_SE":null,"FCLASS_BD":null,"FCLASS_UA":null,"FCLASS_TLC":null}},
{"type":"Feature","geometry":{"type":"Polygon","coordinates":[[[106.98882,-6.027009],[106.76292,-6.301424],[106.401056,-7.007245],[106.455273,-7.368652],[108.451758,-7.796973],[108.798983,-7.667482],[108.899414,-6.808398],[108.29502,-6.265039],[106.98882,-6.027009]]]},"properties":{"featurecla":"Admin-1 scale rank","scalerank":2,"adm1_code":"IDN-1223","diss_me":1223,"iso_3166_2":"ID-JB","wikipedia":null,"iso_a2":"ID","adm0_sr":1,"name":"Jawa Barat","name_alt":"Jabar","name_local":null,"type":"Propinsi","type_en":"Province","code_local":null,"code_hasc":"ID.JR","note":null,"hasc_maybe":null,"region":null,"region_cod":null,"provnum_ne":18,"gadm_level":1,"check_me":20,"datarank":1,"abbrev":null,"postal":"JR","area_sqkm":0,"sameascity":-99,"labelrank":2,"name_len":10,"mapcolor9":6,"mapcolor13":11,"fips":"ID30","fips_alt":"ID06","woe_id":2345715,"woe_label":"West Java, ID, Indonesia","woe_name":"Jawa Barat","latitude":-6.90763,"longitude":107.638,"sov_a3":"IDN","adm0_a3":"IDN","adm0_label":2,"admin":"Indonesia","geonunit":"Indonesia","gu_a3":"IDN","gn_id":1642672,"gn_name":"Provinsi Jawa Barat","gns_id":-2679921,"gns_name":"Jawa Barat, Provinsi","gn_level":1,"gn_region":null,"gn_a1_code":"ID.30","region_sub":null,"sub_code":null,"gns_level":1,"gns_lang":"ind","gns_adm1":"ID30","gns_region":null,"min_label":5,"max_label":10.1,"min_zoom":4.6,"wikidataid":"Q3724","name_ar":"جاوة الغربية","name_bn":"পশ্চিম জাভা","name_de":"Jawa Barat","name_en":"West Java","name_es":"Java Occidental","name_fr":"Java occidental","name_el":"Δυτική Ιάβα","name_hi":"पश्चिम जावा","name_hu":"Nyugat-Jáva","name_id":"Jawa Barat","name_it":"Giava Occidentale","name_ja":"西ジャワ州","name_ko":"자와바랏","name_nl":"West-Java","name_pl":"Jawa Zachodnia","name_pt":"Java Ocidental","name_ru":"Западная Ява","name_sv":"Jawa Barat","name_tr":"Batı Cava","name_vi":"Tây Java","name_zh":"西爪哇省","ne_id":1159309879,"name_he":"מערב ג'אווה","name_uk":"Західна Ява","name_ur":"مغربی جاوا","name_fa":"جاوه غربی","name_zht":"西爪哇省","FCLASS_ISO":null,"FCLASS_US":null,"FCLASS_FR":null,"FCLASS_RU":null,"FCLASS_ES":null,"FCLASS_CN":null,"FCLASS_TW":null,"FCLASS_IN":null,"FCLASS_NP":null,"FCLASS_PK":null,"FCLASS_DE":null,"FCLASS_GB":null,"FCLASS_BR":null,"FCLASS_IL":null,"FCLASS_PS":null,"FCLASS_SA":null,"FCLASS_EG":null,"FCLASS_MA":null,"FCLASS_PT":null,"FCLASS_AR":null,"FCLASS_JP":null,"FCLASS_KO":null,"FCLASS_VN":null,"FCLASS_TR":null,"FCLASS_ID":null,"FCLASS_PL":null,"FCLASS_GR":null,"FCLASS_IT":null,"FCLASS_NL":null,"FCLASS_SE":null,"FCLASS_BD":null,"FCLASS_UA":null,"FCLASS_TLC":null}},
{"type":"Feature","geometry":{"type":"Polygon","coordinates":[[[110.945339,-8.22118],[111.676099,-6.730133],[110.736914,-6.472363],[110.42627,-6.947266],[108.899414,-6.808398],[108.798983,-7.667482],[110.038672,-7.890527],[110.4413,-7.568943],[110.843016,-8.204097],[110.945339,-8.22118]]]},"properties":{"featurecla":"Admin-1 scale rank","scalerank":2,"adm1_code":"IDN-1224","diss_me":1224,"iso_3166_2":"ID-JT","wikipedia":null,"iso_a2":"ID","adm0_sr":5,"name":"Jawa Tengah","name_alt":"Jateng","name_local":null,"type":"Propinsi","type_en":"Province","code_local":null,"code_hasc":"ID.JT","note":null,"hasc_maybe":null,"region":null,"region_cod":null,"provnum_ne":19,"gadm_level":1,"check_me":20,"datarank":1,"abbrev":null,"postal":"JT","area_sqkm":0,"sameascity":-99,"labelrank":2,"name_len":11,"mapcolor9":6,"mapcolor13":11,"fips":"ID07","fips_alt":null,"woe_id":2345716,"woe_label":"Central Java, ID, Indonesia","woe_name":"Jawa Tengah","latitude":-7.2901,"longitude":109.896,"sov_a3":"IDN","adm0_a3":"IDN","adm0_label":2,"admin":"Indonesia","geonunit":"Indonesia","gu_a3":"IDN","gn_id":1642669,"gn_name":"Provinsi Jawa Tengah","gns_id":-2679924,"gns_name":"Jawa Tengah, Provinsi","gn_level":1,"gn_region":null,"gn_a1_code":"ID.07","region_sub":null,"sub_code":null,"gns_level":1,"gns_lang":"ind","gns_adm1":"ID07","gns_region":null,"min_label":5,"max_label":10.1,"min_zoom":4.6,"wikidataid":"Q3557","name_ar":"جاوة الوسطى","name_bn":"মধ্য জাভা","name_de":"Jawa Tengah","name_en":"Central Java","name_es":"Java Central","name_fr":"Java central","name_el":"Σέντραλ Τζάβα","name_hi":"मध्य जावा","name_hu":"Jawa Tengah","name_id":"Jawa Tengah","name_it":"Giava Centrale","name_ja":"中部ジャワ州","name_ko":"중앙자와","name_nl":"Midden-Java","name_pl":"Jawa Środkowa","name_pt":"Java Central","name_ru":"Центральная Ява","name_sv":"Jawa Tengah","name_tr":"Orta Cava","name_vi":"Trung Java","name_zh":"中爪哇省","ne_id":1159309873,"name_he":"יאוה המרכזית","name_uk":"Центральна Ява","name_ur":"وسطی جاوا","name_fa":"جاوه مرکزی","name_zht":"中爪哇省","FCLASS_ISO":null,"FCLASS_US":null,"FCLASS_FR":null,"FCLASS_RU":null,"FCLASS_ES":null,"FCLASS_CN":null,"FCLASS_TW":null,"FCLASS_IN":null,"FCLASS_NP":null,"FCLASS_PK":null,"FCLASS_DE":null,"FCLASS_GB":null,"FCLASS_BR":null,"FCLASS_IL":null,"FCLASS_PS":null,"FCLASS_SA":null,"FCLASS_EG":null,"FCLASS_MA":null,"FCLASS_PT":null,"FCLASS_AR":null,"FCLASS_JP":null,"FCLASS_KO":null,"FCLASS_VN":null,"FCLASS_TR":null,"FCLASS_ID":null,"FCLASS_PL":null,"FCLASS_GR":null,"FCLASS_IT":null,"FCLASS_NL":null,"FCLASS_SE":null,"FCLASS_BD":null,"FCLASS_UA":null,"FCLASS_TLC":null}},
{"type":"Feature","geometry":{"type":"Polygon","coordinates":[[[103.592478,-4.927274],[103.765274,-4.804668],[103.615774,-4.418025],[102.768487,-3.96136],[102.993073,-3.58407],[102.066825,-2.782362],[101.335603,-2.296965],[101.035918,-2.472667],[102.537695,-4.152148],[103.592478,-4.927274]]]},"properties":{"featurecla":"Admin-1 scale rank","scalerank":2,"adm1_code":"IDN-1225","diss_me":1225,"iso_3166_2":"ID-BE","wikipedia":null,"iso_a2":"ID","adm0_sr":4,"name":"Bengkulu","name_alt":"Bencoolen|Benkoelen|Benkulen","name_local":null,"type":"Propinsi","type_en":"Province","code_local":null,"code_hasc":"ID.BE","note":null,"hasc_maybe":null,"region":null,"region_cod":null,"provnum_ne":10,"gadm_level":1,"check_me":20,"datarank":1,"abbrev":null,"postal":"BE","area_sqkm":0,"sameascity":7,"labelrank":7,"name_len":8,"mapcolor9":6,"mapcolor13":11,"fips":"ID03","fips_alt":null,"woe_id":2345712,"woe_label":"Bengkulu, ID, Indonesia","woe_name":"Bengkulu","latitude":-3.48606,"longitude":102.368,"sov_a3":"IDN","adm0_a3":"IDN","adm0_label":2,"admin":"Indonesia","geonunit":"Indonesia","gu_a3":"IDN","gn_id":1649147,"gn_name":"Propinsi Bengkulu","gns_id":-2672899,"gns_name":"Bengkulu, Provinsi","gn_level":1,"gn_region":null,"gn_a1_code":"ID.03","region_sub":null,"sub_code":null,"gns_level":1,"gns_lang":"ind","gns_adm1":"ID03","gns_region":null,"min_label":5,"max_label":10.1,"min_zoom":4.6,"wikidataid":"Q1890","name_ar":"بنغكولو","name_bn":"বেঙ্কুলু","name_de":"Bengkulu","name_en":"Bengkulu","name_es":"Bengkulu","name_fr":"Bengkulu","name_el":"Μπενγκούλου","name_hi":"बेंकुलू","name_hu":"Bengkulu","name_id":"Bengkulu","name_it":"Bengkulu","name_ja":"ブンクル州","name_ko":"븡쿨루","name_nl":"Bengkulu","name_pl":"Bengkulu","name_pt":"Bengkulu","name_ru":"Бенкулу","name_sv":"Bengkulu","name_tr":"Bengkulu","name_vi":"Bengkulu","name_zh":"明古鲁省","ne_id":1159309889,"name_he":"בנגקולו","name_uk":"Бенгкулу","name_ur":"بنگکولو","name_fa":"بنگکولو","name_zht":"明古魯省","FCLASS_ISO":null,"FCLASS_US":null,"FCLASS_FR":null,"FCLASS_RU":null,"FCLASS_ES":null,"FCLASS_CN":null,"FCLASS_TW":null,"FCLASS_IN":null,"FCLASS_NP":null,"FCLASS_PK":null,"FCLASS_DE":null,"FCLASS_GB":null,"FCLASS_BR":null,"FCLASS_IL":null,"FCLASS_PS":null,"FCLASS_SA":null,"FCLASS_EG":null,"FCLASS_MA":null,"FCLASS_PT":null,"FCLASS_AR":null,"FCLASS_JP":null,"FCLASS_KO":null,"FCLASS_VN":null,"FCLASS_TR":null,"FCLASS_ID":null,"FCLASS_PL":null,"FCLASS_GR":null,"FCLASS_IT":null,"FCLASS_NL":null,"FCLASS_SE":null,"FCLASS_BD":null,"FCLASS_UA":null,"FCLASS_TLC":null}},
{"type":"Feature","geometry":{"type":"Polygon","coordinates":[[[106.401056,-7.007245],[106.76292,-6.301424],[106.729801,-6.059997],[106.075,-5.91416],[105.483691,-6.781543],[106.401056,-7.007245]]]},"properties":{"featurecla":"Admin-1 scale rank","scalerank":2,"adm1_code":"IDN-1226","diss_me":1226,"iso_3166_2":"ID-BT","wikipedia":null,"iso_a2":"ID","adm0_sr":5,"name":"Banten","name_alt":null,"name_local":null,"type":"Propinsi","type_en":"Province","code_local":null,"code_hasc":"ID.BT","note":null,"hasc_maybe":null,"region":null,"region_cod":null,"provnum_ne":12,"gadm_level":1,"check_me":20,"datarank":1,"abbrev":null,"postal":"BT","area_sqkm":0,"sameascity":-99,"labelrank":2,"name_len":6,"mapcolor9":6,"mapcolor13":11,"fips":"ID33","fips_alt":"ID04","woe_id":28350158,"woe_label":"Banten, ID, Indonesia","woe_name":"Banten","latitude":-6.25794,"longitude":106.167,"sov_a3":"IDN","adm0_a3":"IDN","adm0_label":2,"admin":"Indonesia","geonunit":"Indonesia","gu_a3":"IDN","gn_id":1923045,"gn_name":"Provinsi Banten","gns_id":6071833,"gns_name":"Banten, Provinsi","gn_level":1,"gn_region":null,"gn_a1_code":"ID.33","region_sub":null,"sub_code":null,"gns_level":1,"gns_lang":"ind","gns_adm1":"ID33","gns_region":null,"min_label":5,"max_label":10.1,"min_zoom":4.6,"wikidataid":"Q3540","name_ar":"بنتن","name_bn":"বান্তেন","name_de":"Banten","name_en":"Banten","name_es":"Bantén","name_fr":"Banten","name_el":"Μπάντεν","name_hi":"बांतेन","name_hu":"Banten","name_id":"Banten","name_it":"Banten","name_ja":"バンテン州","name_ko":"반텐","name_nl":"Bantam","name_pl":"Banten","name_pt":"Banten","name_ru":"Бантен","name_sv":"Banten","name_tr":"Banten","name_vi":"Banten","name_zh":"万丹省","ne_id":1159309877,"name_he":"בנטן","name_uk":"Бантен","name_ur":"بانٹین","name_fa":"بانتن","name_zht":"万丹省","FCLASS_ISO":null,"FCLASS_US":null,"FCLASS_FR":null,"FCLASS_RU":null,"FCLASS_ES":null,"FCLASS_CN":null,"FCLASS_TW":null,"FCLASS_IN":null,"FCLASS_NP":null,"FCLASS_PK":null,"FCLASS_DE":null,"FCLASS_GB":null,"FCLASS_BR":null,"FCLASS_IL":null,"FCLASS_PS":null,"FCLASS_SA":null,"FCLASS_EG":null,"FCLASS_MA":null,"FCLASS_PT":null,"FCLASS_AR":null,"FCLASS_JP":null,"FCLASS_KO":null,"FCLASS_VN":null,"FCLASS_TR":null,"FCLASS_ID":null,"FCLASS_PL":null,"FCLASS_GR":null,"FCLASS_IT":null,"FCLASS_NL":null,"FCLASS_SE":null,"FCLASS_BD":null,"FCLASS_UA":null,"FCLASS_TLC":null}},
{"type":"Feature","geometry":{"type":"Polygon","coordinates":[[[106.729801,-6.059997],[106.76292,-6.301424],[106.98882,-6.027009],[106.729801,-6.059997]]]},"properties":{"featurecla":"Admin-1 scale rank","scalerank":2,"adm1_code":"IDN-1227","diss_me":1227,"iso_3166_2":"ID-JK","wikipedia":null,"iso_a2":"ID","adm0_sr":1,"name":"Jakarta Raya","name_alt":"Jawa|Djakarta","name_local":null,"type":"Daerah Khusus Ibukota","type_en":"Special district","code_local":null,"code_hasc":"ID.JK","note":null,"hasc_maybe":null,"region":null,"region_cod":null,"provnum_ne":17,"gadm_level":1,"check_me":20,"datarank":1,"abbrev":null,"postal":"JK","area_sqkm":0,"sameascity":9,"labelrank":9,"name_len":12,"mapcolor9":6,"mapcolor13":11,"fips":"ID04","fips_alt":null,"woe_id":2345713,"woe_label":"DKI Jakarta, ID, Indonesia","woe_name":"Jakarta Raya","latitude":-6.22462,"longitude":106.837,"sov_a3":"IDN","adm0_a3":"IDN","adm0_label":2,"admin":"Indonesia","geonunit":"Indonesia","gu_a3":"IDN","gn_id":1642907,"gn_name":"Daerah Khusus Ibukota Jakarta","gns_id":-2679656,"gns_name":"Jakarta, Daerah Khusus Ibukota","gn_level":1,"gn_region":null,"gn_a1_code":"ID.04","region_sub":null,"sub_code":null,"gns_level":1,"gns_lang":"ind","gns_adm1":"ID04","gns_region":null,"min_label":5,"max_label":10.1,"min_zoom":4.6,"wikidataid":"Q3630","name_ar":"جاكرتا","name_bn":"জাকার্তা","name_de":"Jakarta","name_en":"Jakarta","name_es":"Yakarta","name_fr":"Jakarta","name_el":"Τζακάρτα","name_hi":"जकार्ता","name_hu":"Jakarta","name_id":"Jakarta","name_it":"Giacarta","name_ja":"ジャカルタ","name_ko":"자카르타","name_nl":"Jakarta","name_pl":"Dżakarta","name_pt":"Jacarta","name_ru":"Джакарта","name_sv":"Jakarta","name_tr":"Cakarta","name_vi":"Jakarta","name_zh":"雅加达","ne_id":1159309883,"name_he":"ג'קרטה","name_uk":"Джакарта","name_ur":"جکارتا","name_fa":"جاکارتا","name_zht":"雅加達","FCLASS_ISO":null,"FCLASS_US":null,"FCLASS_FR":null,"FCLASS_RU":null,"FCLASS_ES":null,"FCLASS_CN":null,"FCLASS_TW":null,"FCLASS_IN":null,"FCLASS_NP":null,"FCLASS_PK":null,"FCLASS_DE":null,"FCLASS_GB":null,"FCLASS_BR":null,"FCLASS_IL":null,"FCLASS_PS":null,"FCLASS_SA":null,"FCLASS_EG":null,"FCLASS_MA":null,"FCLASS_PT":null,"FCLASS_AR":null,"FCLASS_JP":null,"FCLASS_KO":null,"FCLASS_VN":null,"FCLASS_TR":null,"FCLASS_ID":null,"FCLASS_PL":null,"FCLASS_GR":null,"FCLASS_IT":null,"FCLASS_NL":null,"FCLASS_SE":null,"FCLASS_BD":null,"FCLASS_UA":null,"FCLASS_TLC":null}},
{"type":"Feature","geometry":{"type":"Polygon","coordinates":[[[114.210598,1.462906],[113.622243,1.235946],[112.476163,1.559078],[111.769747,0.999474],[110.505741,0.861963],[109.378516,1.922705],[109.075879,1.495898],[108.944531,0.355664],[109.160547,-0.494922],[110.019238,-1.398828],[110.232617,-2.925098],[110.899205,-2.908763],[111.137589,-2.733011],[111.011602,-1.526108],[112.118511,-0.735355],[113.004245,-0.518728],[113.429335,-0.190427],[113.776394,0.558571],[114.210598,1.462906]]]},"properties":{"featurecla":"Admin-1 scale rank","scalerank":2,"adm1_code":"IDN-1228","diss_me":1228,"iso_3166_2":"ID-KB","wikipedia":null,"iso_a2":"ID","adm0_sr":5,"name":"Kalimantan Barat","name_alt":"Kalbar","name_local":null,"type":"Propinsi","type_en":"Province","code_local":null,"code_hasc":"ID.KB","note":null,"hasc_maybe":null,"region":null,"region_cod":null,"provnum_ne":13,"gadm_level":1,"check_me":20,"datarank":1,"abbrev":null,"postal":"KB","area_sqkm":0,"sameascity":-99,"labelrank":2,"name_len":16,"mapcolor9":6,"mapcolor13":11,"fips":"ID11","fips_alt":null,"woe_id":2345720,"woe_label":"West Kalimantan, ID, Indonesia","woe_name":"Kalimantan Barat","latitude":-0.0636474,"longitude":111.304,"sov_a3":"IDN","adm0_a3":"IDN","adm0_label":2,"admin":"Indonesia","geonunit":"Indonesia","gu_a3":"IDN","gn_id":1641900,"gn_name":"Provinsi Kalimantan Barat","gns_id":-2680737,"gns_name":"Kalimantan Barat, Provinsi","gn_level":1,"gn_region":null,"gn_a1_code":"ID.11","region_sub":null,"sub_code":null,"gns_level":1,"gns_lang":"ind","gns_adm1":"ID11","gns_region":null,"min_label":5,"max_label":10.1,"min_zoom":4.6,"wikidataid":"Q3916","name_ar":"كالمنتان الغربية","name_bn":"পশ্চিম কালিমান্তান","name_de":"Kalimantan Barat","name_en":"West Kalimantan","name_es":"Borneo Occidental","name_fr":"Kalimantan occidental","name_el":"Δυτικό Καλιμαντάν","name_hi":"पश्चिम कालिमंतान","name_hu":"Nyugat-Kalimantan","name_id":"Kalimantan Barat","name_it":"Kalimantan Occidentale","name_ja":"西カリマンタン州","name_ko":"서칼리만탄","name_nl":"West-Kalimantan","name_pl":"Borneo Zachodnie","name_pt":"Kalimantan Ocidental","name_ru":"Западный Калимантан","name_sv":"Kalimantan Barat","name_tr":"Batı Kalimantan","name_vi":"Tây Kalimantan","name_zh":"西加里曼丹省","ne_id":1159309929,"name_he":"מערב קלימנטן","name_uk":"Західний Калімантан","name_ur":"مغربی کالیمانتان","name_fa":"کالیمانتان غربی","name_zht":"西加里曼丹省","FCLASS_ISO":null,"FCLASS_US":null,"FCLASS_FR":null,"FCLASS_RU":null,"FCLASS_ES":null,"FCLASS_CN":null,"FCLASS_TW":null,"FCLASS_IN":null,"FCLASS_NP":null,"FCLASS_PK":null,"FCLASS_DE":null,"FCLASS_GB":null,"FCLASS_BR":null,"FCLASS_IL":null,"FCLASS_PS":null,"FCLASS_SA":null,"FCLASS_EG":null,"FCLASS_MA":null,"FCLASS_PT":null,"FCLASS_AR":null,"FCLASS_JP":null,"FCLASS_KO":null,"FCLASS_VN":null,"FCLASS_TR":null,"FCLASS_ID":null,"FCLASS_PL":null,"FCLASS_GR":null,"FCLASS_IT":null,"FCLASS_NL":null,"FCLASS_SE":null,"FCLASS_BD":null,"FCLASS_UA":null,"FCLASS_TLC":null}},
{"type":"Feature","geometry":{"type":"Polygon","coordinates":[[[105.831445,-4.162891],[105.309934,-3.755584],[105.008867,-4.169203],[103.765274,-4.804668],[103.592478,-4.927274],[104.601562,-5.90459],[105.349414,-5.549512],[105.816113,-5.676563],[105.831445,-4.162891]]]},"properties":{"featurecla":"Admin-1 scale rank","scalerank":2,"adm1_code":"IDN-1229","diss_me":1229,"iso_3166_2":"ID-LA","wikipedia":null,"iso_a2":"ID","adm0_sr":5,"name":"Lampung","name_alt":null,"name_local":null,"type":"Propinsi","type_en":"Province","code_local":null,"code_hasc":"ID.LA","note":null,"hasc_maybe":null,"region":null,"region_cod":null,"provnum_ne":11,"gadm_level":1,"check_me":20,"datarank":1,"abbrev":null,"postal":"LA","area_sqkm":0,"sameascity":-99,"labelrank":2,"name_len":7,"mapcolor9":6,"mapcolor13":11,"fips":"ID15","fips_alt":null,"woe_id":2345724,"woe_label":"Lampung, ID, Indonesia","woe_name":"Lampung","latitude":-4.919,"longitude":105.059,"sov_a3":"IDN","adm0_a3":"IDN","adm0_label":2,"admin":"Indonesia","geonunit":"Indonesia","gu_a3":"IDN","gn_id":1638535,"gn_name":"Provinsi Lampung","gns_id":-2684390,"gns_name":"Lampung, Provinsi","gn_level":1,"gn_region":null,"gn_a1_code":"ID.15","region_sub":null,"sub_code":null,"gns_level":1,"gns_lang":"ind","gns_adm1":"ID15","gns_region":null,"min_label":5,"max_label":10.1,"min_zoom":4.6,"wikidataid":"Q2110","name_ar":"لامبونغ","name_bn":"লাম্পুং","name_de":"Lampung","name_en":"Lampung","name_es":"Lampung","name_fr":"Lampung","name_el":"Λαμπούνγκ","name_hi":"लांपुंग","name_hu":"Lampung","name_id":"Lampung","name_it":"Lampung","name_ja":"ランプン州","name_ko":"람풍","name_nl":"Lampung","name_pl":"Lampung","name_pt":"Lampung","name_ru":"Лампунг","name_sv":"Lampung","name_tr":"Lampung","name_vi":"Lampung","name_zh":"楠榜省","ne_id":1159309885,"name_he":"למפונג","name_uk":"Лампунг","name_ur":"لامپونگ","name_fa":"لامپونگ","name_zht":"楠榜省","FCLASS_ISO":null,"FCLASS_US":null,"FCLASS_FR":null,"FCLASS_RU":null,"FCLASS_ES":null,"FCLASS_CN":null,"FCLASS_TW":null,"FCLASS_IN":null,"FCLASS_NP":null,"FCLASS_PK":null,"FCLASS_DE":null,"FCLASS_GB":null,"FCLASS_BR":null,"FCLASS_IL":null,"FCLASS_PS":null,"FCLASS_SA":null,"FCLASS_EG":null,"FCLASS_MA":null,"FCLASS_PT":null,"FCLASS_AR":null,"FCLASS_JP":null,"FCLASS_KO":null,"FCLASS_VN":null,"FCLASS_TR":null,"FCLASS_ID":null,"FCLASS_PL":null,"FCLASS_GR":null,"FCLASS_IT":null,"FCLASS_NL":null,"FCLASS_SE":null,"FCLASS_BD":null,"FCLASS_UA":null,"FCLASS_TLC":null}},
{"type":"Feature","geometry":{"type":"Polygon","coordinates":[[[104.517899,-1.728735],[103.535004,-1.967942],[102.066825,-2.782362],[102.993073,-3.58407],[102.768487,-3.96136],[103.615774,-4.418025],[103.765274,-4.804668],[105.008867,-4.169203],[105.309934,-3.755584],[105.831445,-4.162891],[106.044336,-3.10625],[105.396973,-2.380176],[104.517899,-1.728735]]]},"properties":{"featurecla":"Admin-1 scale rank","scalerank":2,"adm1_code":"IDN-1230","diss_me":1230,"iso_3166_2":"ID-SS","wikipedia":null,"iso_a2":"ID","adm0_sr":1,"name":"Sumatera Selatan","name_alt":"Sumsel","name_local":null,"type":"Propinsi","type_en":"Province","code_local":null,"code_hasc":"ID.SL","note":null,"hasc_maybe":null,"region":null,"region_cod":null,"provnum_ne":8,"gadm_level":1,"check_me":20,"datarank":1,"abbrev":null,"postal":"SL","area_sqkm":0,"sameascity":-99,"labelrank":2,"name_len":16,"mapcolor9":6,"mapcolor13":11,"fips":"ID32","fips_alt":"ID25","woe_id":2345734,"woe_label":"South Sumatra, ID, Indonesia","woe_name":"Sumatera Selatan","latitude":-3.3824,"longitude":104.073,"sov_a3":"IDN","adm0_a3":"IDN","adm0_label":2,"admin":"Indonesia","geonunit":"Indonesia","gu_a3":"IDN","gn_id":1626196,"gn_name":"Provinsi Sumatera Selatan","gns_id":-2698117,"gns_name":"Sumatera Selatan, Provinsi","gn_level":1,"gn_region":null,"gn_a1_code":"ID.32","region_sub":null,"sub_code":null,"gns_level":1,"gns_lang":"ind","gns_adm1":"ID32","gns_region":null,"min_label":5,"max_label":10.1,"min_zoom":4.6,"wikidataid":"Q2271","name_ar":"سومطرة الجنوبية","name_bn":"দক্ষিণ সুমাত্রা","name_de":"Sumatera Selatan","name_en":"South Sumatra","name_es":"Sumatra Meridional","name_fr":"Sumatra du Sud","name_el":"Νότια Σουμάτρα","name_hi":"दक्षिण सुमात्रा","name_hu":"Dél-Sumatera","name_id":"Sumatra Selatan","name_it":"Sumatra Meridionale","name_ja":"南スマトラ州","name_ko":"남수마트라","name_nl":"Zuid-Sumatra","name_pl":"Sumatra Południowa","name_pt":"Sumatra do Sul","name_ru":"Южная Суматра","name_sv":"Sumatra Selatan","name_tr":"Güney Sumatra","name_vi":"Nam Sumatera","name_zh":"南苏门答腊省","ne_id":1159310063,"name_he":"דרום סומטרה","name_uk":"Південна Суматра","name_ur":"جنوبی سماٹرا","name_fa":"سوماترای جنوبی","name_zht":"南苏门答腊省","FCLASS_ISO":null,"FCLASS_US":null,"FCLASS_FR":null,"FCLASS_RU":null,"FCLASS_ES":null,"FCLASS_CN":null,"FCLASS_TW":null,"FCLASS_IN":null,"FCLASS_NP":null,"FCLASS_PK":null,"FCLASS_DE":null,"FCLASS_GB":null,"FCLASS_BR":null,"FCLASS_IL":null,"FCLASS_PS":null,"FCLASS_SA":null,"FCLASS_EG":null,"FCLASS_MA":null,"FCLASS_PT":null,"FCLASS_AR":null,"FCLASS_JP":null,"FCLASS_KO":null,"FCLASS_VN":null,"FCLASS_TR":null,"FCLASS_ID":null,"FCLASS_PL":null,"FCLASS_GR":null,"FCLASS_IT":null,"FCLASS_NL":null,"FCLASS_SE":null,"FCLASS_BD":null,"FCLASS_UA":null,"FCLASS_TLC":null}},
{"type":"Feature","geometry":{"type":"Polygon","coordinates":[[[106.365918,-2.464844],[105.910059,-1.50498],[105.133398,-2.042578],[106.365918,-2.464844]]]},"properties":{"featurecla":"Admin-1 scale rank","scalerank":2,"adm1_code":"IDN-1231","diss_me":1231,"iso_3166_2":"ID-BB","wikipedia":null,"iso_a2":"ID","adm0_sr":5,"name":"Bangka-Belitung","name_alt":"Babel|Kepulauan Bangka Belitung","name_local":null,"type":"Propinsi","type_en":"Province","code_local":null,"code_hasc":"ID.BB","note":null,"hasc_maybe":null,"region":null,"region_cod":null,"provnum_ne":9,"gadm_level":1,"check_me":20,"datarank":1,"abbrev":null,"postal":"BB","area_sqkm":0,"sameascity":-99,"labelrank":2,"name_len":15,"mapcolor9":6,"mapcolor13":11,"fips":"ID35","fips_alt":"ID25","woe_id":28350154,"woe_label":"Bangka-Belitung, ID, Indonesia","woe_name":"Bangka-Belitung","latitude":-2.95817,"longitude":106.819,"sov_a3":"IDN","adm0_a3":"IDN","adm0_label":2,"admin":"Indonesia","geonunit":"Indonesia","gu_a3":"IDN","gn_id":1923047,"gn_name":"Provinsi Kepulauan Bangka Belitung","gns_id":6071835,"gns_name":"Kepulauan Bangka Belitung, Provinsi","gn_level":1,"gn_region":null,"gn_a1_code":"ID.35","region_sub":null,"sub_code":null,"gns_level":1,"gns_lang":"ind","gns_adm1":"ID35","gns_region":null,"min_label":5,"max_label":10.1,"min_zoom":4.6,"wikidataid":"Q1866","name_ar":"بانغكا - بليتونغ","name_bn":"বাঙ্কা বেলিতুং দ্বীপপুঞ্জ","name_de":"Bangka-Belitung","name_en":"Bangka Belitung Islands","name_es":"Bangka-Belitung","name_fr":"Îles Bangka Belitung","name_el":"Μπάνγκα Μπελίτουνγκ","name_hi":"बांका-बेलितुंग द्वीपसमूह","name_hu":"Bangka-Belitung","name_id":"Kepulauan Bangka Belitung","name_it":"Bangka-Belitung","name_ja":"バンカ・ブリトゥン州","name_ko":"방카벨리퉁","name_nl":"Bangka-Belitung","name_pl":"Wyspy Bangka i Belitung","name_pt":"Bangka-Belitung","name_ru":"Банка-Белитунг","name_sv":"Bangka-Belitung","name_tr":"Bangka-Belitung","name_vi":"Quần đảo Bangka-Belitung","name_zh":"邦加-勿里洞省","ne_id":1159309895,"name_he":"באנגקה-בליטונג","name_uk":"Банка-Белітунг","name_ur":"بانگکا بیلیٹنگ","name_fa":"جزایر بانگکا-بلیتونگ","name_zht":"邦加-勿里洞省","FCLASS_ISO":null,"FCLASS_US":null,"FCLASS_FR":null,"FCLASS_RU":null,"FCLASS_ES":null,"FCLASS_CN":null,"FCLASS_TW":null,"FCLASS_IN":null,"FCLASS_NP":null,"FCLASS_PK":null,"FCLASS_DE":null,"FCLASS_GB":null,"FCLASS_BR":null,"FCLASS_IL":null,"FCLASS_PS":null,"FCLASS_SA":null,"FCLASS_EG":null,"FCLASS_MA":null,"FCLASS_PT":null,"FCLASS_AR":null,"FCLASS_JP":null,"FCLASS_KO":null,"FCLASS_VN":null,"FCLASS_TR":null,"FCLASS_ID":null,"FCLASS_PL":null,"FCLASS_GR":null,"FCLASS_IT":null,"FCLASS_NL":null,"FCLASS_SE":null,"FCLASS_BD":null,"FCLASS_UA":null,"FCLASS_TLC":null}},
{"type":"Feature","geometry":null,"properties":{"featurecla":"Admin-1 scale rank","scalerank":2,"adm1_code":"IDN-1232","diss_me":1232,"iso_3166_2":"ID-BA","wikipedia":null,"iso_a2":"ID","adm0_sr":5,"name":"Bali","name_alt":"Penida|Lembongan|Ceningan|Menjangan","name_local":null,"type":"Propinsi","type_en":"Province","code_local":null,"code_hasc":"ID.BA","note":null,"hasc_maybe":null,"region":null,"region_cod":null,"provnum_ne":22,"gadm_level":1,"check_me":20,"datarank":1,"abbrev":null,"postal":"BA","area_sqkm":0,"sameascity":-99,"labelrank":2,"name_len":4,"mapcolor9":6,"mapcolor13":11,"fips":"ID02","fips_alt":null,"woe_id":2345711,"woe_label":"Bali, ID, Indonesia","woe_name":"Bali","latitude":-8.3412,"longitude":115.179,"sov_a3":"IDN","adm0_a3":"IDN","adm0_label":2,"admin":"Indonesia","geonunit":"Indonesia","gu_a3":"IDN","gn_id":1650535,"gn_name":"Provinsi Bali","gns_id":-2671376,"gns_name":"Bali, Provinsi","gn_level":1,"gn_region":null,"gn_a1_code":"ID.02","region_sub":null,"sub_code":null,"gns_level":1,"gns_lang":"ind","gns_adm1":"ID02","gns_region":null,"min_label":5,"max_label":10.1,"min_zoom":4.6,"wikidataid":"Q3125978","name_ar":"بالي","name_bn":"বালি","name_de":"Bali","name_en":"Bali","name_es":"Bali","name_fr":"Bali","name_el":"Μπαλί","name_hi":"बाली","name_hu":"Bali","name_id":"Bali","name_it":"Bali","name_ja":"バリ州","name_ko":"발리","name_nl":"Bali","name_pl":"prowincja Bali","name_pt":"Bali","name_ru":"Бали","name_sv":"Bali","name_tr":"Bali","name_vi":"Bali","name_zh":"巴厘岛","ne_id":1159309865,"name_he":"באלי","name_uk":"Балі","name_ur":"بالی","name_fa":"بالی","name_zht":"巴厘岛","FCLASS_ISO":null,"FCLASS_US":null,"FCLASS_FR":null,"FCLASS_RU":null,"FCLASS_ES":null,"FCLASS_CN":null,"FCLASS_TW":null,"FCLASS_IN":null,"FCLASS_NP":null,"FCLASS_PK":null,"FCLASS_DE":null,"FCLASS_GB":null,"FCLASS_BR":null,"FCLASS_IL":null,"FCLASS_PS":null,"FCLASS_SA":null,"FCLASS_EG":null,"FCLASS_MA":null,"FCLASS_PT":null,"FCLASS_AR":null,"FCLASS_JP":null,"FCLASS_KO":null,"FCLASS_VN":null,"FCLASS_TR":null,"FCLASS_ID":null,"FCLASS_PL":null,"FCLASS_GR":null,"FCLASS_IT":null,"FCLASS_NL":null,"FCLASS_SE":null,"FCLASS_BD":null,"FCLASS_UA":null,"FCLASS_TLC":null}},
{"type":"Feature","geometry":{"type":"Polygon","coordinates":[[[111.676099,-6.730133],[110.945339,-8.22118],[112.678809,-8.40918],[113.25332,-8.286719],[114.386914,-8.405176],[114.070703,-7.633008],[112.794531,-7.552441],[112.539258,-6.926465],[111.676099,-6.730133]]]},"properties":{"featurecla":"Admin-1 scale rank","scalerank":2,"adm1_code":"IDN-1233","diss_me":1233,"iso_3166_2":"ID-JI","wikipedia":null,"iso_a2":"ID","adm0_sr":5,"name":"Jawa Timur","name_alt":"Jatim","name_local":null,"type":"Propinsi","type_en":"Province","code_local":null,"code_hasc":"ID.JI","note":null,"hasc_maybe":null,"region":null,"region_cod":null,"provnum_ne":21,"gadm_level":1,"check_me":20,"datarank":1,"abbrev":null,"postal":"JI","area_sqkm":0,"sameascity":-99,"labelrank":2,"name_len":10,"mapcolor9":6,"mapcolor13":11,"fips":"ID08","fips_alt":null,"woe_id":2345717,"woe_label":"East Java, ID, Indonesia","woe_name":"Jawa Timur","latitude":-7.88129,"longitude":112.616,"sov_a3":"IDN","adm0_a3":"IDN","adm0_label":2,"admin":"Indonesia","geonunit":"Indonesia","gu_a3":"IDN","gn_id":1642668,"gn_name":"Provinsi Jawa Timur","gns_id":-2679925,"gns_name":"Jawa Timur, Provinsi","gn_level":1,"gn_region":null,"gn_a1_code":"ID.08","region_sub":null,"sub_code":null,"gns_level":1,"gns_lang":"ind","gns_adm1":"ID08","gns_region":null,"min_label":5,"max_label":10.1,"min_zoom":4.6,"wikidataid":"Q3586","name_ar":"جاوة الشرقية","name_bn":"পূর্ব জাভা","name_de":"Jawa Timur","name_en":"East Java","name_es":"Java Oriental","name_fr":"Java oriental","name_el":"Ιστ Τζάβα","name_hi":"पूर्व जावा","name_hu":"Kelet-Jáva","name_id":"Jawa Timur","name_it":"Giava Orientale","name_ja":"東ジャワ州","name_ko":"동자와","name_nl":"Oost-Java","name_pl":"Jawa Wschodnia","name_pt":"Java Oriental","name_ru":"Восточная Ява","name_sv":"Jawa Timur","name_tr":"Doğu Cava","name_vi":"Đông Java","name_zh":"东爪哇省","ne_id":1159309869,"name_he":"מזרח ג'אווה","name_uk":"Східна Ява","name_ur":"مشرقی جاوا","name_fa":"جاوه شرقی","name_zht":"東爪哇省","FCLASS_ISO":null,"FCLASS_US":null,"FCLASS_FR":null,"FCLASS_RU":null,"FCLASS_ES":null,"FCLASS_CN":null,"FCLASS_TW":null,"FCLASS_IN":null,"FCLASS_NP":null,"FCLASS_PK":null,"FCLASS_DE":null,"FCLASS_GB":null,"FCLASS_BR":null,"FCLASS_IL":null,"FCLASS_PS":null,"FCLASS_SA":null,"FCLASS_EG":null,"FCLASS_MA":null,"FCLASS_PT":null,"FCLASS_AR":null,"FCLASS_JP":null,"FCLASS_KO":null,"FCLASS_VN":null,"FCLASS_TR":null,"FCLASS_ID":null,"FCLASS_PL":null,"FCLASS_GR":null,"FCLASS_IT":null,"FCLASS_NL":null,"FCLASS_SE":null,"FCLASS_BD":null,"FCLASS_UA":null,"FCLASS_TLC":null}},
{"type":"Feature","geometry":{"type":"Polygon","coordinates":[[[116.556824,-2.3587],[115.99445,-2.271024],[115.677518,-1.425907],[114.904801,-2.262549],[114.315926,-3.419863],[114.693555,-4.169727],[115.956152,-3.59502],[116.556824,-2.3587]]]},"properties":{"featurecla":"Admin-1 scale rank","scalerank":2,"adm1_code":"IDN-1234","diss_me":1234,"iso_3166_2":"ID-KS","wikipedia":null,"iso_a2":"ID","adm0_sr":5,"name":"Kalimantan Selatan","name_alt":"Kalsel","name_local":null,"type":"Propinsi","type_en":"Province","code_local":null,"code_hasc":"ID.KS","note":null,"hasc_maybe":null,"region":null,"region_cod":null,"provnum_ne":16,"gadm_level":1,"check_me":20,"datarank":1,"abbrev":null,"postal":"KS","area_sqkm":0,"sameascity":-99,"labelrank":2,"name_len":18,"mapcolor9":6,"mapcolor13":11,"fips":"ID12","fips_alt":null,"woe_id":2345721,"woe_label":"South Kalimantan, ID, Indonesia","woe_name":"Kalimantan Selatan","latitude":-3.00713,"longitude":115.451,"sov_a3":"IDN","adm0_a3":"IDN","adm0_label":2,"admin":"Indonesia","geonunit":"Indonesia","gu_a3":"IDN","gn_id":1641899,"gn_name":"Provinsi Kalimantan Selatan","gns_id":-2680738,"gns_name":"Kalimantan Selatan, Provinsi","gn_level":1,"gn_region":null,"gn_a1_code":"ID.12","region_sub":null,"sub_code":null,"gns_level":1,"gns_lang":"ind","gns_adm1":"ID12","gns_region":null,"min_label":5,"max_label":10.1,"min_zoom":4.6,"wikidataid":"Q3906","name_ar":"كليمنتان الجنوبية","name_bn":"দক্ষিণ কালিমান্তান","name_de":"Kalimantan Selatan","name_en":"South Kalimantan","name_es":"Borneo Meridional","name_fr":"Kalimantan du Sud","name_el":"Νότιο Καλιμαντάν","name_hi":"दक्षिण कालिमंतान","name_hu":"Dél-Kalimantan","name_id":"Kalimantan Selatan","name_it":"Kalimantan Meridionale","name_ja":"南カリマンタン州","name_ko":"남칼리만탄","name_nl":"Zuid-Kalimantan","name_pl":"Borneo Południowe","name_pt":"Kalimantan do Sul","name_ru":"Южный Калимантан","name_sv":"Kalimantan Selatan","name_tr":"Güney Kalimantan","name_vi":"Nam Kalimantan","name_zh":"南加里曼丹省","ne_id":1159309697,"name_he":"דרום קלימנטאן","name_uk":"Південний Калімантан","name_ur":"جنوبی کالیمانتان","name_fa":"کالیمانتان جنوبی","name_zht":"南加里曼丹省","FCLASS_ISO":null,"FCLASS_US":null,"FCLASS_FR":null,"FCLASS_RU":null,"FCLASS_ES":null,"FCLASS_CN":null,"FCLASS_TW":null,"FCLASS_IN":null,"FCLASS_NP":null,"FCLASS_PK":null,"FCLASS_DE":null,"FCLASS_GB":null,"FCLASS_BR":null,"FCLASS_IL":null,"FCLASS_PS":null,"FCLASS_SA":null,"FCLASS_EG":null,"FCLASS_MA":null,"FCLASS_PT":null,"FCLASS_AR":null,"FCLASS_JP":null,"FCLASS_KO":null,"FCLASS_VN":null,"FCLASS_TR":null,"FCLASS_ID":null,"FCLASS_PL":null,"FCLASS_GR":null,"FCLASS_IT":null,"FCLASS_NL":null,"FCLASS_SE":null,"FCLASS_BD":null,"FCLASS_UA":null,"FCLASS_TLC":null}},
{"type":"Feature","geometry":{"type":"MultiPolygon","coordinates":[[[[120.700391,-9.903125],[119.94209,-9.301465],[119.185645,-9.384473],[120.144824,-10.200098],[120.700391,-9.903125]]],[[[122.97832,-8.151953],[122.263086,-8.624902],[121.444531,-8.577832],[120.610254,-8.24043],[119.80791,-8.697656],[121.035254,-8.935449],[122.846777,-8.562207],[122.97832,-8.151953]]],[[[124.036404,-9.341633],[123.589258,-9.966797],[124.427539,-10.148633],[125.068093,-9.511869],[124.889746,-8.968457],[124.036404,-9.341633]]]]},"properties":{"featurecla":"Admin-1 scale rank","scalerank":2,"adm1_code":"IDN-1235","diss_me":1235,"iso_3166_2":"ID-NT","wikipedia":null,"iso_a2":"ID","adm0_sr":5,"name":"Nusa Tenggara Timur","name_alt":"NTT","name_local":null,"type":"Propinsi","type_en":"Province","code_local":null,"code_hasc":"ID.NT","note":null,"hasc_maybe":null,"region":null,"region_cod":null,"provnum_ne":33,"gadm_level":1,"check_me":20,"datarank":1,"abbrev":null,"postal":"NT","area_sqkm":0,"sameascity":-99,"labelrank":2,"name_len":19,"mapcolor9":6,"mapcolor13":11,"fips":"ID18","fips_alt":null,"woe_id":2345727,"woe_label":"East Nusa Tenggara, ID, Indonesia","woe_name":"Nusa Tenggara Timur","latitude":-8.58443,"longitude":120.689,"sov_a3":"IDN","adm0_a3":"IDN","adm0_label":2,"admin":"Indonesia","geonunit":"Indonesia","gu_a3":"IDN","gn_id":1633791,"gn_name":"Provinsi Nusa Tenggara Timur","gns_id":-2689596,"gns_name":"Nusa Tenggara Timur, Provinsi","gn_level":1,"gn_region":null,"gn_a1_code":"ID.18","region_sub":null,"sub_code":null,"gns_level":1,"gns_lang":"ind","gns_adm1":"ID18","gns_region":null,"min_label":5,"max_label":10.1,"min_zoom":4.6,"wikidataid":"Q5061","name_ar":"نوسا تنقارا الشرقية","name_bn":"পূর্ব নুসা তেঙ্গারা","name_de":"Nusa Tenggara Timur","name_en":"East Nusa Tenggara","name_es":"Nusatenggara Oriental","name_fr":"Petites Îles de la Sonde orientales","name_el":"Ήστ Νούσα Τενγκάρα","name_hi":"पूर्वी नुसा तेंगारा","name_hu":"Nusa Tenggara Timur","name_id":"Nusa Tenggara Timur","name_it":"Nusa Tenggara Orientale","name_ja":"東ヌサ・トゥンガラ州","name_ko":"동누사틍가라","name_nl":"Oost-Nusa Tenggara","name_pl":"Małe Wyspy Sundajskie Wschodnie","name_pt":"Sonda Oriental","name_ru":"Восточная Нуса-Тенгара","name_sv":"Nusa Tenggara Timur","name_tr":"Doğu Nusa Tenggara","name_vi":"Đông Nusa Tenggara","name_zh":"东努沙登加拉省","ne_id":1159309833,"name_he":"מזרח נוסה טנגרה","name_uk":"Східна Південно-Східна Нуса","name_ur":"مشرقی نوسا ٹنگارہ","name_fa":"سوندای شرقی","name_zht":"東努沙登加拉省","FCLASS_ISO":null,"FCLASS_US":null,"FCLASS_FR":null,"FCLASS_RU":null,"FCLASS_ES":null,"FCLASS_CN":null,"FCLASS_TW":null,"FCLASS_IN":null,"FCLASS_NP":null,"FCLASS_PK":null,"FCLASS_DE":null,"FCLASS_GB":null,"FCLASS_BR":null,"FCLASS_IL":null,"FCLASS_PS":null,"FCLASS_SA":null,"FCLASS_EG":null,"FCLASS_MA":null,"FCLASS_PT":null,"FCLASS_AR":null,"FCLASS_JP":null,"FCLASS_KO":null,"FCLASS_VN":null,"FCLASS_TR":null,"FCLASS_ID":null,"FCLASS_PL":null,"FCLASS_GR":null,"FCLASS_IT":null,"FCLASS_NL":null,"FCLASS_SE":null,"FCLASS_BD":null,"FCLASS_UA":null,"FCLASS_TLC":null}},
{"type":"Feature","geometry":{"type":"Polygon","coordinates":[[[121.067795,-2.917628],[121.598036,-2.972841],[121.448897,-2.388484],[120.447615,-1.866242],[119.87349,-1.955384],[119.46748,-3.512988],[119.611719,-4.423535],[119.376172,-5.424805],[120.311621,-5.541602],[120.436621,-3.707324],[120.254102,-3.052832],[121.067795,-2.917628]]]},"properties":{"featurecla":"Admin-1 scale rank","scalerank":2,"adm1_code":"IDN-1236","diss_me":1236,"iso_3166_2":"ID-SN","wikipedia":null,"iso_a2":"ID","adm0_sr":5,"name":"Sulawesi Selatan","name_alt":"Sulsel","name_local":null,"type":"Propinsi","type_en":"Province","code_local":null,"code_hasc":"ID.SE","note":null,"hasc_maybe":null,"region":null,"region_cod":null,"provnum_ne":25,"gadm_level":1,"check_me":20,"datarank":1,"abbrev":null,"postal":"SE","area_sqkm":0,"sameascity":-99,"labelrank":2,"name_len":16,"mapcolor9":6,"mapcolor13":11,"fips":"ID38","fips_alt":"ID20","woe_id":2345729,"woe_label":"South Sulawesi, ID, Indonesia","woe_name":"Sulawesi Selatan","latitude":-3.7444,"longitude":119.99,"sov_a3":"IDN","adm0_a3":"IDN","adm0_label":2,"admin":"Indonesia","geonunit":"Indonesia","gu_a3":"IDN","gn_id":1626232,"gn_name":"Provinsi Sulawesi Selatan","gns_id":-2698078,"gns_name":"Sulawesi Selatan, Provinsi","gn_level":1,"gn_region":null,"gn_a1_code":"ID.38","region_sub":null,"sub_code":null,"gns_level":1,"gns_lang":"ind","gns_adm1":"ID38","gns_region":null,"min_label":5,"max_label":10.1,"min_zoom":4.6,"wikidataid":"Q5078","name_ar":"سولاوسي الجنوبية","name_bn":"দক্ষিণ সুলাওয়েসি","name_de":"Sulawesi Selatan","name_en":"South Sulawesi","name_es":"Célebes Meridional","name_fr":"Sulawesi du Sud","name_el":"Νότιο Σουλαβέσι","name_hi":"दक्षिण सुलावेसी","name_hu":"Dél-Szulavézi","name_id":"Sulawesi Selatan","name_it":"Sulawesi Meridionale","name_ja":"南スラウェシ州","name_ko":"남술라웨시","name_nl":"Zuid-Celebes","name_pl":"Celebes Południowy","name_pt":"Celebes do Sul","name_ru":"Южный Сулавеси","name_sv":"Sulawesi Selatan","name_tr":"Güney Sulawesi","name_vi":"Nam Sulawesi","name_zh":"南苏拉威西省","ne_id":1159309875,"name_he":"סולאווסי סלטאן","name_uk":"Південне Сулавесі","name_ur":"جنوبی سولاویسی","name_fa":"سولاوسی جنوبی","name_zht":"南苏拉威西省","FCLASS_ISO":null,"FCLASS_US":null,"FCLASS_FR":null,"FCLASS_RU":null,"FCLASS_ES":null,"FCLASS_CN":null,"FCLASS_TW":null,"FCLASS_IN":null,"FCLASS_NP":null,"FCLASS_PK":null,"FCLASS_DE":null,"FCLASS_GB":null,"FCLASS_BR":null,"FCLASS_IL":null,"FCLASS_PS":null,"FCLASS_SA":null,"FCLASS_EG":null,"FCLASS_MA":null,"FCLASS_PT":null,"FCLASS_AR":null,"FCLASS_JP":null,"FCLASS_KO":null,"FCLASS_VN":null,"FCLASS_TR":null,"FCLASS_ID":null,"FCLASS_PL":null,"FCLASS_GR":null,"FCLASS_IT":null,"FCLASS_NL":null,"FCLASS_SE":null,"FCLASS_BD":null,"FCLASS_UA":null,"FCLASS_TLC":null}},
{"type":"Feature","geometry":{"type":"Polygon","coordinates":[[[119.46748,-3.512988],[119.87349,-1.955384],[119.566263,-0.835295],[119.321875,-1.929688],[118.783691,-2.764746],[118.994629,-3.537598],[119.46748,-3.512988]]]},"properties":{"featurecla":"Admin-1 scale rank","scalerank":2,"adm1_code":"IDN-1237","diss_me":1237,"iso_3166_2":"ID-SR","wikipedia":null,"iso_a2":"ID","adm0_sr":1,"name":"Sulawesi Barat","name_alt":"Sulsel","name_local":null,"type":"Propinsi","type_en":"Province","code_local":null,"code_hasc":"ID.SR","note":null,"hasc_maybe":null,"region":null,"region_cod":null,"provnum_ne":24,"gadm_level":1,"check_me":20,"datarank":1,"abbrev":null,"postal":"SR","area_sqkm":0,"sameascity":-99,"labelrank":2,"name_len":14,"mapcolor9":6,"mapcolor13":11,"fips":"ID41","fips_alt":"ID20","woe_id":28350155,"woe_label":"West Sulawesi, ID, Indonesia","woe_name":"Sulawesi Barat","latitude":-2.69615,"longitude":119.316,"sov_a3":"IDN","adm0_a3":"IDN","adm0_label":2,"admin":"Indonesia","geonunit":"Indonesia","gu_a3":"IDN","gn_id":1996550,"gn_name":"Provinsi Sulawesi Barat","gns_id":9198112,"gns_name":"Sulawesi Barat, Provinsi","gn_level":1,"gn_region":null,"gn_a1_code":"ID.41","region_sub":null,"sub_code":null,"gns_level":1,"gns_lang":"ind","gns_adm1":"ID41","gns_region":null,"min_label":5,"max_label":10.1,"min_zoom":4.6,"wikidataid":"Q5082","name_ar":"سولاوسي الغربية","name_bn":"পশ্চিম সুলাওয়েসি","name_de":"Westsulawesi","name_en":"West Sulawesi","name_es":"Célebes Occidental","name_fr":"Sulawesi occidental","name_el":"Γουέστ Σουλαβέσι","name_hi":"पश्चिम सुलावेसी","name_hu":"Nyugat-Szulavézi","name_id":"Sulawesi Barat","name_it":"Sulawesi Occidentale","name_ja":"西スラウェシ州","name_ko":"서술라웨시","name_nl":"West-Celebes","name_pl":"Celebes Zachodni","name_pt":"Celebes Ocidental","name_ru":"Западный Сулавеси","name_sv":"Sulawesi Barat","name_tr":"Batı Sulawesi","name_vi":"Tây Sulawesi","name_zh":"西苏拉威西省","ne_id":1159310005,"name_he":"מערב סולאווסי","name_uk":"Західне Сулавесі","name_ur":"مغربی سولاویسی","name_fa":"سولاوسی غربی","name_zht":"西苏拉威西省","FCLASS_ISO":null,"FCLASS_US":null,"FCLASS_FR":null,"FCLASS_RU":null,"FCLASS_ES":null,"FCLASS_CN":null,"FCLASS_TW":null,"FCLASS_IN":null,"FCLASS_NP":null,"FCLASS_PK":null,"FCLASS_DE":null,"FCLASS_GB":null,"FCLASS_BR":null,"FCLASS_IL":null,"FCLASS_PS":null,"FCLASS_SA":null,"FCLASS_EG":null,"FCLASS_MA":null,"FCLASS_PT":null,"FCLASS_AR":null,"FCLASS_JP":null,"FCLASS_KO":null,"FCLASS_VN":null,"FCLASS_TR":null,"FCLASS_ID":null,"FCLASS_PL":null,"FCLASS_GR":null,"FCLASS_IT":null,"FCLASS_NL":null,"FCLASS_SE":null,"FCLASS_BD":null,"FCLASS_UA":null,"FCLASS_TLC":null}},
{"type":"Feature","geometry":null,"properties":{"featurecla":"Admin-1 scale rank","scalerank":2,"adm1_code":"IDN-1796","diss_me":1796,"iso_3166_2":"ID-KR","wikipedia":null,"iso_a2":"ID","adm0_sr":4,"name":"Kepulauan Riau","name_alt":"Rhio|Riou|Riouw","name_local":null,"type":"Propinsi","type_en":"Province","code_local":null,"code_hasc":"ID.KR","note":"Kepulauan Riau province split from Riau","hasc_maybe":null,"region":null,"region_cod":null,"provnum_ne":4,"gadm_level":1,"check_me":20,"datarank":1,"abbrev":null,"postal":"KR","area_sqkm":0,"sameascity":-99,"labelrank":2,"name_len":14,"mapcolor9":6,"mapcolor13":11,"fips":"ID40","fips_alt":null,"woe_id":55949082,"woe_label":"Kepulauan Riau, ID, Indonesia","woe_name":"Kepulauan Riau","latitude":-0.142639,"longitude":104.601,"sov_a3":"IDN","adm0_a3":"IDN","adm0_label":2,"admin":"Indonesia","geonunit":"Indonesia","gu_a3":"IDN","gn_id":1996551,"gn_name":"Provinsi Kepulauan Riau","gns_id":9198113,"gns_name":"Kepulauan Riau, Provinsi","gn_level":1,"gn_region":null,"gn_a1_code":"ID.40","region_sub":null,"sub_code":null,"gns_level":1,"gns_lang":"ind","gns_adm1":"ID40","gns_region":null,"min_label":5,"max_label":10.1,"min_zoom":4.6,"wikidataid":"Q2223","name_ar":"جزر رياو","name_bn":"রিয়াউ দ্বীপপুঞ্জ","name_de":"Kepulauan Riau","name_en":"Riau Islands","name_es":"Islas Riau","name_fr":"Îles Riau","name_el":"Νησιά Ριάου","name_hi":"रियाउ द्वीपसमूह","name_hu":"Kepulauan Riau","name_id":"Kepulauan Riau","name_it":"Isole Riau","name_ja":"リアウ諸島州","name_ko":"리아우 제도","name_nl":"Riau-archipel","name_pl":"Wyspy Riau","name_pt":"Ilhas Riau","name_ru":"Кепулауан-Риау","name_sv":"Kepulauan Riau","name_tr":"Riau Adaları","name_vi":"Quần đảo Riau","name_zh":"廖内群岛省","ne_id":1159311289,"name_he":"איי ריאו","name_uk":"Острови Ріау","name_ur":"ریاو جزائر صوبہ","name_fa":"جزایر ریائو","name_zht":"廖内群岛省","FCLASS_ISO":null,"FCLASS_US":null,"FCLASS_FR":null,"FCLASS_RU":null,"FCLASS_ES":null,"FCLASS_CN":null,"FCLASS_TW":null,"FCLASS_IN":null,"FCLASS_NP":null,"FCLASS_PK":null,"FCLASS_DE":null,"FCLASS_GB":null,"FCLASS_BR":null,"FCLASS_IL":null,"FCLASS_PS":null,"FCLASS_SA":null,"FCLASS_EG":null,"FCLASS_MA":null,"FCLASS_PT":null,"FCLASS_AR":null,"FCLASS_JP":null,"FCLASS_KO":null,"FCLASS_VN":null,"FCLASS_TR":null,"FCLASS_ID":null,"FCLASS_PL":null,"FCLASS_GR":null,"FCLASS_IT":null,"FCLASS_NL":null,"FCLASS_SE":null,"FCLASS_BD":null,"FCLASS_UA":null,"FCLASS_TLC":null}},
{"type":"Feature","geometry":{"type":"Polygon","coordinates":[[[122.197233,1.027605],[121.30317,0.8261],[121.3334,0.482935],[123.08252,0.48584],[123.457047,0.305854],[123.074745,0.941263],[122.197233,1.027605]]]},"properties":{"featurecla":"Admin-1 scale rank","scalerank":2,"adm1_code":"IDN-1837","diss_me":1837,"iso_3166_2":"ID-GO","wikipedia":null,"iso_a2":"ID","adm0_sr":1,"name":"Gorontalo","name_alt":null,"name_local":null,"type":"Propinsi","type_en":"Province","code_local":null,"code_hasc":"ID.GO","note":null,"hasc_maybe":null,"region":null,"region_cod":null,"provnum_ne":28,"gadm_level":1,"check_me":20,"datarank":1,"abbrev":null,"postal":"GO","area_sqkm":0,"sameascity":7,"labelrank":7,"name_len":9,"mapcolor9":6,"mapcolor13":11,"fips":"ID34","fips_alt":"ID23","woe_id":2345732,"woe_label":"Gorontalo, ID, Indonesia","woe_name":"Gorontalo","latitude":0.760501,"longitude":122.331,"sov_a3":"IDN","adm0_a3":"IDN","adm0_label":2,"admin":"Indonesia","geonunit":"Indonesia","gu_a3":"IDN","gn_id":1923046,"gn_name":"Propinsi Gorontalo","gns_id":6071834,"gns_name":"Gorontalo, Propinsi","gn_level":1,"gn_region":null,"gn_a1_code":"ID.34","region_sub":null,"sub_code":null,"gns_level":1,"gns_lang":"ind","gns_adm1":"ID34","gns_region":null,"min_label":5,"max_label":10.1,"min_zoom":4.6,"wikidataid":"Q5067","name_ar":"غورونتالو","name_bn":"গোরোন্তালো","name_de":"Gorontalo","name_en":"Gorontalo","name_es":"Gorontalo","name_fr":"Gorontalo","name_el":"Γκοροντάλο","name_hi":"गोरोंतालो","name_hu":"Gorontalo","name_id":"Gorontalo","name_it":"Gorontalo","name_ja":"ゴロンタロ州","name_ko":"고론탈로","name_nl":"Gorontalo","name_pl":"Gorontalo","name_pt":"Gorontalo","name_ru":"Горонтало","name_sv":"Gorontalo","name_tr":"Gorontalo","name_vi":"Gorontalo","name_zh":"哥伦打洛省","ne_id":1159311291,"name_he":"גורונטאלו","name_uk":"Горонтало","name_ur":"گورونٹالو","name_fa":"گورونتالو","name_zht":"哥伦打洛省","FCLASS_ISO":null,"FCLASS_US":null,"FCLASS_FR":null,"FCLASS_RU":null,"FCLASS_ES":null,"FCLASS_CN":null,"FCLASS_TW":null,"FCLASS_IN":null,"FCLASS_NP":null,"FCLASS_PK":null,"FCLASS_DE":null,"FCLASS_GB":null,"FCLASS_BR":null,"FCLASS_IL":null,"FCLASS_PS":null,"FCLASS_SA":null,"FCLASS_EG":null,"FCLASS_MA":null,"FCLASS_PT":null,"FCLASS_AR":null,"FCLASS_JP":null,"FCLASS_KO":null,"FCLASS_VN":null,"FCLASS_TR":null,"FCLASS_ID":null,"FCLASS_PL":null,"FCLASS_GR":null,"FCLASS_IT":null,"FCLASS_NL":null,"FCLASS_SE":null,"FCLASS_BD":null,"FCLASS_UA":null,"FCLASS_TLC":null}},
{"type":"Feature","geometry":{"type":"Polygon","coordinates":[[[103.524649,-0.739343],[101.769788,-1.038231],[101.675324,-1.499856],[101.113911,-1.704909],[101.335603,-2.296965],[102.066825,-2.782362],[103.535004,-1.967942],[104.517899,-1.728735],[104.360547,-1.038379],[103.524649,-0.739343]]]},"properties":{"featurecla":"Admin-1 scale rank","scalerank":2,"adm1_code":"IDN-1930","diss_me":1930,"iso_3166_2":"ID-JA","wikipedia":null,"iso_a2":"ID","adm0_sr":1,"name":"Jambi","name_alt":"Djambi","name_local":null,"type":"Propinsi","type_en":"Province","code_local":null,"code_hasc":"ID.JA","note":null,"hasc_maybe":null,"region":null,"region_cod":null,"provnum_ne":6,"gadm_level":1,"check_me":20,"datarank":1,"abbrev":null,"postal":"JA","area_sqkm":0,"sameascity":6,"labelrank":6,"name_len":5,"mapcolor9":6,"mapcolor13":11,"fips":"ID05","fips_alt":null,"woe_id":2345714,"woe_label":"Jambi, ID, Indonesia","woe_name":"Jambi","latitude":-1.65497,"longitude":102.823,"sov_a3":"IDN","adm0_a3":"IDN","adm0_label":2,"admin":"Indonesia","geonunit":"Indonesia","gu_a3":"IDN","gn_id":1642856,"gn_name":"Provinsi Jambi","gns_id":-2679709,"gns_name":"Jambi, Provinsi","gn_level":1,"gn_region":null,"gn_a1_code":"ID.05","region_sub":null,"sub_code":null,"gns_level":1,"gns_lang":"ind","gns_adm1":"ID05","gns_region":null,"min_label":5,"max_label":10.1,"min_zoom":4.6,"wikidataid":"Q2051","name_ar":"جمبي","name_bn":"জাম্বি","name_de":"Jambi","name_en":"Jambi","name_es":"Jambi","name_fr":"Jambi","name_el":"Τζάμπι","name_hi":"जांबी","name_hu":"Jambi","name_id":"Jambi","name_it":"Jambi","name_ja":"ジャンビ州","name_ko":"잠비","name_nl":"Jambi","name_pl":"Jambi","name_pt":"Jambi","name_ru":"Джамби","name_sv":"Jambi","name_tr":"Jambi","name_vi":"Jambi","name_zh":"占碑省","ne_id":1159311353,"name_he":"ג'מבי","name_uk":"Джамбі","name_ur":"جمبی","name_fa":"جامبی","name_zht":"占碑省","FCLASS_ISO":null,"FCLASS_US":null,"FCLASS_FR":null,"FCLASS_RU":null,"FCLASS_ES":null,"FCLASS_CN":null,"FCLASS_TW":null,"FCLASS_IN":null,"FCLASS_NP":null,"FCLASS_PK":null,"FCLASS_DE":null,"FCLASS_GB":null,"FCLASS_BR":null,"FCLASS_IL":null,"FCLASS_PS":null,"FCLASS_SA":null,"FCLASS_EG":null,"FCLASS_MA":null,"FCLASS_PT":null,"FCLASS_AR":null,"FCLASS_JP":null,"FCLASS_KO":null,"FCLASS_VN":null,"FCLASS_TR":null,"FCLASS_ID":null,"FCLASS_PL":null,"FCLASS_GR":null,"FCLASS_IT":null,"FCLASS_NL":null,"FCLASS_SE":null,"FCLASS_BD":null,"FCLASS_UA":null,"FCLASS_TLC":null}},
{"type":"Feature","geometry":{"type":"Polygon","coordinates":[[[114.315926,-3.419863],[114.904801,-2.262549],[115.677518,-1.425907],[114.976476,0.735201],[113.776394,0.558571],[113.429335,-0.190427],[113.004245,-0.518728],[112.118511,-0.735355],[111.011602,-1.526108],[111.137589,-2.733011],[110.899205,-2.908763],[112.284961,-3.320996],[113.525977,-3.184082],[114.315926,-3.419863]]]},"properties":{"featurecla":"Admin-1 scale rank","scalerank":2,"adm1_code":"IDN-1931","diss_me":1931,"iso_3166_2":"ID-KT","wikipedia":null,"iso_a2":"ID","adm0_sr":1,"name":"Kalimantan Tengah","name_alt":"Kalteng","name_local":null,"type":"Propinsi","type_en":"Province","code_local":null,"code_hasc":"ID.KT","note":null,"hasc_maybe":null,"region":null,"region_cod":null,"provnum_ne":14,"gadm_level":1,"check_me":20,"datarank":1,"abbrev":null,"postal":"KT","area_sqkm":0,"sameascity":-99,"labelrank":2,"name_len":17,"mapcolor9":6,"mapcolor13":11,"fips":"ID13","fips_alt":null,"woe_id":2345722,"woe_label":"Central Kalimantan, ID, Indonesia","woe_name":"Kalimantan Tengah","latitude":-1.84217,"longitude":113.286,"sov_a3":"IDN","adm0_a3":"IDN","adm0_label":2,"admin":"Indonesia","geonunit":"Indonesia","gu_a3":"IDN","gn_id":1641898,"gn_name":"Provinsi Kalimantan Tengah","gns_id":-2680739,"gns_name":"Kalimantan Tengah, Provinsi","gn_level":1,"gn_region":null,"gn_a1_code":"ID.13","region_sub":null,"sub_code":null,"gns_level":1,"gns_lang":"ind","gns_adm1":"ID13","gns_region":null,"min_label":5,"max_label":10.1,"min_zoom":4.6,"wikidataid":"Q3891","name_ar":"كالمنتان الوسطى","name_bn":"মধ্য কালিমান্তান","name_de":"Kalimantan Tengah","name_en":"Central Kalimantan","name_es":"Borneo Central","name_fr":"Kalimantan central","name_el":"Κεντρικό Καλιμαντάν","name_hi":"मध्य कालिमंतान","name_hu":"Közép-Kalimantan","name_id":"Kalimantan Tengah","name_it":"Kalimantan Centrale","name_ja":"中部カリマンタン州","name_ko":"중앙칼리만탄","name_nl":"Midden-Kalimantan","name_pl":"Borneo Środkowe","name_pt":"Kalimantan Central","name_ru":"Центральный Калимантан","name_sv":"Kalimantan Tengah","name_tr":"Orta Kalimantan","name_vi":"Trung Kalimantan","name_zh":"中加里曼丹省","ne_id":1159311333,"name_he":"מרכז קלימנטאן","name_uk":"Центральний Калімантан","name_ur":"وسطی کالیمانتان","name_fa":"کالیمانتان مرکزی","name_zht":"中加里曼丹省","FCLASS_ISO":null,"FCLASS_US":null,"FCLASS_FR":null,"FCLASS_RU":null,"FCLASS_ES":null,"FCLASS_CN":null,"FCLASS_TW":null,"FCLASS_IN":null,"FCLASS_NP":null,"FCLASS_PK":null,"FCLASS_DE":null,"FCLASS_GB":null,"FCLASS_BR":null,"FCLASS_IL":null,"FCLASS_PS":null,"FCLASS_SA":null,"FCLASS_EG":null,"FCLASS_MA":null,"FCLASS_PT":null,"FCLASS_AR":null,"FCLASS_JP":null,"FCLASS_KO":null,"FCLASS_VN":null,"FCLASS_TR":null,"FCLASS_ID":null,"FCLASS_PL":null,"FCLASS_GR":null,"FCLASS_IT":null,"FCLASS_NL":null,"FCLASS_SE":null,"FCLASS_BD":null,"FCLASS_UA":null,"FCLASS_TLC":null}},
{"type":"Feature","geometry":{"type":"Polygon","coordinates":[[[134.869251,-4.261947],[135.265108,-3.759977],[134.258348,-3.399482],[134.679266,-2.835502],[134.155664,-2.195215],[134.25957,-1.362988],[133.974512,-0.744336],[132.625098,-0.358887],[131.257227,-0.855469],[131.29375,-1.393457],[131.930371,-1.559668],[132.307617,-2.242285],[133.191016,-2.437793],[132.348242,-2.975098],[133.24873,-4.062305],[133.973828,-3.817969],[134.869251,-4.261947]]]},"properties":{"featurecla":"Admin-1 scale rank","scalerank":2,"adm1_code":"IDN-1933","diss_me":1933,"iso_3166_2":"ID-PB","wikipedia":null,"iso_a2":"ID","adm0_sr":5,"name":"Papua Barat","name_alt":"West Papua|Irian Jaya Barat|New Guinea|Yos Sudarso or Frederick Hendrik|Waigeo|Supiori Biak|Yapen|Misool|Salawati|Batanta","name_local":null,"type":"Propinsi","type_en":"Province","code_local":null,"code_hasc":"ID.IB","note":null,"hasc_maybe":null,"region":null,"region_cod":null,"provnum_ne":31,"gadm_level":1,"check_me":20,"datarank":1,"abbrev":null,"postal":"IB","area_sqkm":0,"sameascity":-99,"labelrank":2,"name_len":16,"mapcolor9":6,"mapcolor13":11,"fips":"ID39","fips_alt":"ID09","woe_id":28350157,"woe_label":"West Papua, ID, Indonesia","woe_name":"Irian Jaya Barat","latitude":-1.32525,"longitude":132.825,"sov_a3":"IDN","adm0_a3":"IDN","adm0_label":2,"admin":"Indonesia","geonunit":"Indonesia","gu_a3":"IDN","gn_id":1996549,"gn_name":"Provinsi Papua Barat","gns_id":9198111,"gns_name":"Papua Barat, Provinsi","gn_level":1,"gn_region":null,"gn_a1_code":"ID.39","region_sub":null,"sub_code":null,"gns_level":1,"gns_lang":"ind","gns_adm1":"ID39","gns_region":null,"min_label":5,"max_label":10.1,"min_zoom":4.6,"wikidataid":"Q5096","name_ar":"بابوا الغربية","name_bn":"পশ্চিম পাপুয়া প্রদেশ","name_de":"Papua Barat","name_en":"West Papua","name_es":"Papúa Occidental","name_fr":"Papouasie occidentale","name_el":"Επαρχία Δυτικής Παπούα","name_hi":"पश्चिम पापुआ","name_hu":"Papua Barat","name_id":"Papua Barat","name_it":"Papua Occidentale","name_ja":"西パプア州","name_ko":"서파푸아","name_nl":"West-Papoea","name_pl":"Papua Zachodnia","name_pt":"Papua Ocidental","name_ru":"Западное Папуа","name_sv":"Papua Barat","name_tr":"Batı Papua","name_vi":"Tây Papua","name_zh":"西巴布亞省","ne_id":1159311287,"name_he":"פפואה המערבית","name_uk":"Західне Папуа","name_ur":"مغربی پاپوا","name_fa":"پاپوآی غربی","name_zht":"西巴布亞省","FCLASS_ISO":null,"FCLASS_US":null,"FCLASS_FR":null,"FCLASS_RU":null,"FCLASS_ES":null,"FCLASS_CN":null,"FCLASS_TW":null,"FCLASS_IN":null,"FCLASS_NP":null,"FCLASS_PK":null,"FCLASS_DE":null,"FCLASS_GB":null,"FCLASS_BR":null,"FCLASS_IL":null,"FCLASS_PS":null,"FCLASS_SA":null,"FCLASS_EG":null,"FCLASS_MA":null,"FCLASS_PT":null,"FCLASS_AR":null,"FCLASS_JP":null,"FCLASS_KO":null,"FCLASS_VN":null,"FCLASS_TR":null,"FCLASS_ID":null,"FCLASS_PL":null,"FCLASS_GR":null,"FCLASS_IT":null,"FCLASS_NL":null,"FCLASS_SE":null,"FCLASS_BD":null,"FCLASS_UA":null,"FCLASS_TLC":null}},
{"type":"Feature","geometry":{"type":"Polygon","coordinates":[[[99.199298,0.30814],[100.1734,0.757577],[100.104774,1.415211],[100.299625,2.474247],[99.732324,3.183057],[98.307324,4.092871],[98.264751,4.288155],[97.783882,3.744785],[98.086523,2.195068],[98.564258,1.902148],[99.199298,0.30814]]]},"properties":{"featurecla":"Admin-1 scale rank","scalerank":2,"adm1_code":"IDN-381","diss_me":381,"iso_3166_2":"ID-SU","wikipedia":null,"iso_a2":"ID","adm0_sr":4,"name":"Sumatera Utara","name_alt":"Sumut","name_local":null,"type":"Propinsi","type_en":"Province","code_local":null,"code_hasc":"ID.SU","note":null,"hasc_maybe":null,"region":null,"region_cod":null,"provnum_ne":3,"gadm_level":1,"check_me":20,"datarank":1,"abbrev":null,"postal":"SU","area_sqkm":0,"sameascity":-99,"labelrank":2,"name_len":14,"mapcolor9":6,"mapcolor13":11,"fips":"ID26","fips_alt":null,"woe_id":2345735,"woe_label":"North Sumatra, ID, Indonesia","woe_name":"Sumatera Utara","latitude":2.36304,"longitude":99.2161,"sov_a3":"IDN","adm0_a3":"IDN","adm0_label":2,"admin":"Indonesia","geonunit":"Indonesia","gu_a3":"IDN","gn_id":1213642,"gn_name":"Provinsi Sumatera Utara","gns_id":-2698118,"gns_name":"Sumatera Utara, Provinsi","gn_level":1,"gn_region":null,"gn_a1_code":"ID.26","region_sub":null,"sub_code":null,"gns_level":1,"gns_lang":"ind","gns_adm1":"ID26","gns_region":null,"min_label":5,"max_label":10.1,"min_zoom":4.6,"wikidataid":"Q2140","name_ar":"سومطرة الشمالية","name_bn":"উত্তর সুমাত্রা","name_de":"Sumatera Utara","name_en":"North Sumatra","name_es":"Sumatra Septentrional","name_fr":"Sumatra du Nord","name_el":"Βόρεια Σουμάτρα","name_hi":"उत्तर सुमात्रा","name_hu":"Észak-Szumátra","name_id":"Sumatra Utara","name_it":"Sumatra Settentrionale","name_ja":"北スマトラ州","name_ko":"북수마트라","name_nl":"Noord-Sumatra","name_pl":"Sumatra Północna","name_pt":"Sumatra do Norte","name_ru":"Северная Суматра","name_sv":"Sumatera Utara","name_tr":"Kuzey Sumatra","name_vi":"Bắc Sumatera","name_zh":"北苏门答腊省","ne_id":1159308865,"name_he":"צפון סומטרה","name_uk":"Північна Суматра","name_ur":"شمالی سماٹرا","name_fa":"سوماترای شمالی","name_zht":"北苏门答腊省","FCLASS_ISO":null,"FCLASS_US":null,"FCLASS_FR":null,"FCLASS_RU":null,"FCLASS_ES":null,"FCLASS_CN":null,"FCLASS_TW":null,"FCLASS_IN":null,"FCLASS_NP":null,"FCLASS_PK":null,"FCLASS_DE":null,"FCLASS_GB":null,"FCLASS_BR":null,"FCLASS_IL":null,"FCLASS_PS":null,"FCLASS_SA":null,"FCLASS_EG":null,"FCLASS_MA":null,"FCLASS_PT":null,"FCLASS_AR":null,"FCLASS_JP":null,"FCLASS_KO":null,"FCLASS_VN":null,"FCLASS_TR":null,"FCLASS_ID":null,"FCLASS_PL":null,"FCLASS_GR":null,"FCLASS_IT":null,"FCLASS_NL":null,"FCLASS_SE":null,"FCLASS_BD":null,"FCLASS_UA":null,"FCLASS_TLC":null}},
{"type":"Feature","geometry":{"type":"Polygon","coordinates":[[[103.524649,-0.739343],[103.478906,0.480176],[102.469238,0.779297],[101.046191,2.257471],[100.299625,2.474247],[100.104774,1.415211],[100.1734,0.757577],[100.847157,0.185984],[100.855839,-0.322254],[101.769788,-1.038231],[103.524649,-0.739343]]]},"properties":{"featurecla":"Admin-1 scale rank","scalerank":2,"adm1_code":"IDN-492","diss_me":492,"iso_3166_2":"ID-RI","wikipedia":null,"iso_a2":"ID","adm0_sr":4,"name":"Riau","name_alt":"Rhio|Riou|Riouw","name_local":null,"type":"Propinsi","type_en":"Province","code_local":null,"code_hasc":"ID.RI","note":null,"hasc_maybe":null,"region":null,"region_cod":null,"provnum_ne":7,"gadm_level":1,"check_me":20,"datarank":1,"abbrev":null,"postal":"RI","area_sqkm":0,"sameascity":-99,"labelrank":2,"name_len":4,"mapcolor9":6,"mapcolor13":11,"fips":"ID37","fips_alt":"ID19","woe_id":2345728,"woe_label":"Riau, ID, Indonesia","woe_name":"Riau","latitude":0.396892,"longitude":101.745,"sov_a3":"IDN","adm0_a3":"IDN","adm0_label":2,"admin":"Indonesia","geonunit":"Indonesia","gu_a3":"IDN","gn_id":1629652,"gn_name":"Provinsi Riau","gns_id":-2694171,"gns_name":"Riau, Provinsi","gn_level":1,"gn_region":null,"gn_a1_code":"ID.37","region_sub":null,"sub_code":null,"gns_level":1,"gns_lang":"ind","gns_adm1":"ID37","gns_region":null,"min_label":5,"max_label":10.1,"min_zoom":4.6,"wikidataid":"Q2175","name_ar":"رياو","name_bn":"রিয়াউ","name_de":"Riau","name_en":"Riau","name_es":"Riau","name_fr":"Riau","name_el":"Ριάου","name_hi":"रियाउ","name_hu":"Riau","name_id":"Riau","name_it":"Riau","name_ja":"リアウ州","name_ko":"리아우","name_nl":"Riau","name_pl":"Riau","name_pt":"Riau","name_ru":"Риау","name_sv":"Riau","name_tr":"Riau","name_vi":"Riau","name_zh":"廖内省","ne_id":1159307945,"name_he":"ריאו","name_uk":"Ріау","name_ur":"ریاو","name_fa":"ریائو","name_zht":"廖內省","FCLASS_ISO":null,"FCLASS_US":null,"FCLASS_FR":null,"FCLASS_RU":null,"FCLASS_ES":null,"FCLASS_CN":null,"FCLASS_TW":null,"FCLASS_IN":null,"FCLASS_NP":null,"FCLASS_PK":null,"FCLASS_DE":null,"FCLASS_GB":null,"FCLASS_BR":null,"FCLASS_IL":null,"FCLASS_PS":null,"FCLASS_SA":null,"FCLASS_EG":null,"FCLASS_MA":null,"FCLASS_PT":null,"FCLASS_AR":null,"FCLASS_JP":null,"FCLASS_KO":null,"FCLASS_VN":null,"FCLASS_TR":null,"FCLASS_ID":null,"FCLASS_PL":null,"FCLASS_GR":null,"FCLASS_IT":null,"FCLASS_NL":null,"FCLASS_SE":null,"FCLASS_BD":null,"FCLASS_UA":null,"FCLASS_TLC":null}},
{"type":"Feature","geometry":{"type":"Polygon","coordinates":[[[123.074745,0.941263],[123.457047,0.305854],[124.427539,0.470605],[125.233789,1.502295],[124.989258,1.701025],[123.84668,0.838184],[123.074745,0.941263]]]},"properties":{"featurecla":"Admin-1 scale rank","scalerank":2,"adm1_code":"IDN-513","diss_me":513,"iso_3166_2":"ID-SA","wikipedia":null,"iso_a2":"ID","adm0_sr":5,"name":"Sulawesi Utara","name_alt":"Sulut","name_local":null,"type":"Propinsi","type_en":"Province","code_local":null,"code_hasc":"ID.SW","note":null,"hasc_maybe":null,"region":null,"region_cod":null,"provnum_ne":29,"gadm_level":1,"check_me":20,"datarank":1,"abbrev":null,"postal":"SW","area_sqkm":0,"sameascity":-99,"labelrank":2,"name_len":14,"mapcolor9":6,"mapcolor13":11,"fips":"ID31","fips_alt":"ID23","woe_id":28350156,"woe_label":"North Sulawesi, ID, Indonesia","woe_name":"Sulawesi Utara","latitude":0.853039,"longitude":124.446,"sov_a3":"IDN","adm0_a3":"IDN","adm0_label":2,"admin":"Indonesia","geonunit":"Indonesia","gu_a3":"IDN","gn_id":1626229,"gn_name":"Provinsi Sulawesi Utara","gns_id":-2698081,"gns_name":"Sulawesi Utara, Provinsi","gn_level":1,"gn_region":null,"gn_a1_code":"ID.31","region_sub":null,"sub_code":null,"gns_level":1,"gns_lang":"ind","gns_adm1":"ID31","gns_region":null,"min_label":5,"max_label":10.1,"min_zoom":4.6,"wikidataid":"Q5068","name_ar":"سولاوسي الشمالية","name_bn":"উত্তর সুলাওয়েসি","name_de":"Sulawesi Utara","name_en":"North Sulawesi","name_es":"Célebes Septentrional","name_fr":"Sulawesi du Nord","name_el":"Βόρειο Σουλαβέσι","name_hi":"उत्तर सुलावेसी","name_hu":"Észak-Szulavézi","name_id":"Sulawesi Utara","name_it":"Sulawesi Settentrionale","name_ja":"北スラウェシ州","name_ko":"북술라웨시","name_nl":"Noord-Celebes","name_pl":"Celebes Północny","name_pt":"Celebes do Norte","name_ru":"Северный Сулавеси","name_sv":"Sulawesi Utara","name_tr":"Kuzey Sulawesi","name_vi":"Bắc Sulawesi","name_zh":"北苏拉威西省","ne_id":1159307977,"name_he":"סולאווסי אוטארה","name_uk":"Північне Сулавесі","name_ur":"شمالی سولاویسی","name_fa":"سولاوسی شمالی","name_zht":"北苏拉威西省","FCLASS_ISO":null,"FCLASS_US":null,"FCLASS_FR":null,"FCLASS_RU":null,"FCLASS_ES":null,"FCLASS_CN":null,"FCLASS_TW":null,"FCLASS_IN":null,"FCLASS_NP":null,"FCLASS_PK":null,"FCLASS_DE":null,"FCLASS_GB":null,"FCLASS_BR":null,"FCLASS_IL":null,"FCLASS_PS":null,"FCLASS_SA":null,"FCLASS_EG":null,"FCLASS_MA":null,"FCLASS_PT":null,"FCLASS_AR":null,"FCLASS_JP":null,"FCLASS_KO":null,"FCLASS_VN":null,"FCLASS_TR":null,"FCLASS_ID":null,"FCLASS_PL":null,"FCLASS_GR":null,"FCLASS_IT":null,"FCLASS_NL":null,"FCLASS_SE":null,"FCLASS_BD":null,"FCLASS_UA":null,"FCLASS_TLC":null}},
{"type":"Feature","geometry":{"type":"Polygon","coordinates":[[[127.687402,-0.079932],[128.298828,0.876807],[128.010938,1.701221],[127.420313,1.251953],[127.687402,-0.079932]]]},"properties":{"featurecla":"Admin-1 scale rank","scalerank":2,"adm1_code":"IDN-538","diss_me":538,"iso_3166_2":"ID-MU","wikipedia":null,"iso_a2":"ID","adm0_sr":3,"name":"Maluku Utara","name_alt":"Malut","name_local":null,"type":"Propinsi","type_en":"Province","code_local":null,"code_hasc":"ID.LA","note":null,"hasc_maybe":null,"region":null,"region_cod":null,"provnum_ne":1,"gadm_level":1,"check_me":20,"datarank":1,"abbrev":null,"postal":"LA","area_sqkm":0,"sameascity":-99,"labelrank":2,"name_len":12,"mapcolor9":6,"mapcolor13":11,"fips":"ID29","fips_alt":"ID16|ID15","woe_id":20069998,"woe_label":"North Maluku, ID, Indonesia","woe_name":"Maluku Utara","latitude":-2.28945,"longitude":125.976,"sov_a3":"IDN","adm0_a3":"IDN","adm0_label":2,"admin":"Indonesia","geonunit":"Indonesia","gu_a3":"IDN","gn_id":1958070,"gn_name":"Provinsi Maluku Utara","gns_id":9097820,"gns_name":"Maluku Utara, Provinsi","gn_level":1,"gn_region":null,"gn_a1_code":"ID.29","region_sub":null,"sub_code":null,"gns_level":1,"gns_lang":"ind","gns_adm1":"ID29","gns_region":null,"min_label":5,"max_label":10.1,"min_zoom":4.6,"wikidataid":"Q5094","name_ar":"مالوكو الشمالية","name_bn":"উত্তর মালুকু","name_de":"Nordmolukken","name_en":"North Maluku","name_es":"Molucas Septentrional","name_fr":"Moluques du Nord","name_el":"Βόρειο Μαλούκου","name_hi":"उत्तर मालुकू","name_hu":"Maluku Utara","name_id":"Maluku Utara","name_it":"Maluku Settentrionale","name_ja":"北マルク州","name_ko":"북말루쿠","name_nl":"Noord-Molukken","name_pl":"Moluki Północne","name_pt":"Molucas do Norte","name_ru":"Северное Малуку","name_sv":"Maluku Utara","name_tr":"Kuzey Maluku","name_vi":"Bắc Maluku","name_zh":"北马鲁古省","ne_id":1159307939,"name_he":"צפון מאלוקו","name_uk":"Північне Малуку","name_ur":"شمالی مالوکو","name_fa":"ملوک شمالی","name_zht":"北馬魯古省","FCLASS_ISO":null,"FCLASS_US":null,"FCLASS_FR":null,"FCLASS_RU":null,"FCLASS_ES":null,"FCLASS_CN":null,"FCLASS_TW":null,"FCLASS_IN":null,"FCLASS_NP":null,"FCLASS_PK":null,"FCLASS_DE":null,"FCLASS_GB":null,"FCLASS_BR":null,"FCLASS_IL":null,"FCLASS_PS":null,"FCLASS_SA":null,"FCLASS_EG":null,"FCLASS_MA":null,"FCLASS_PT":null,"FCLASS_AR":null,"FCLASS_JP":null,"FCLASS_KO":null,"FCLASS_VN":null,"FCLASS_TR":null,"FCLASS_ID":null,"FCLASS_PL":null,"FCLASS_GR":null,"FCLASS_IT":null,"FCLASS_NL":null,"FCLASS_SE":null,"FCLASS_BD":null,"FCLASS_UA":null,"FCLASS_TLC":null}},
{"type":"Feature","geometry":{"type":"Polygon","coordinates":[[[101.035918,-2.472667],[101.335603,-2.296965],[101.113911,-1.704909],[101.675324,-1.499856],[101.769788,-1.038231],[100.855839,-0.322254],[100.847157,0.185984],[100.1734,0.757577],[99.199298,0.30814],[99.597656,0.102441],[100.308203,-0.82666],[101.035918,-2.472667]]]},"properties":{"featurecla":"Admin-1 scale rank","scalerank":2,"adm1_code":"IDN-539","diss_me":539,"iso_3166_2":"ID-SB","wikipedia":null,"iso_a2":"ID","adm0_sr":5,"name":"Sumatera Barat","name_alt":"Sumbar","name_local":null,"type":"Propinsi","type_en":"Province","code_local":null,"code_hasc":"ID.SB","note":null,"hasc_maybe":null,"region":null,"region_cod":null,"provnum_ne":5,"gadm_level":1,"check_me":20,"datarank":1,"abbrev":null,"postal":"SB","area_sqkm":0,"sameascity":-99,"labelrank":2,"name_len":14,"mapcolor9":6,"mapcolor13":11,"fips":"ID24","fips_alt":null,"woe_id":2345733,"woe_label":"West Sumatra, ID, Indonesia","woe_name":"Sumatera Barat","latitude":-0.642611,"longitude":100.611,"sov_a3":"IDN","adm0_a3":"IDN","adm0_label":2,"admin":"Indonesia","geonunit":"Indonesia","gu_a3":"IDN","gn_id":1626197,"gn_name":"Provinsi Sumatera Barat","gns_id":-2698116,"gns_name":"Sumatera Barat, Provinsi","gn_level":1,"gn_region":null,"gn_a1_code":"ID.24","region_sub":null,"sub_code":null,"gns_level":1,"gns_lang":"ind","gns_adm1":"ID24","gns_region":null,"min_label":5,"max_label":10.1,"min_zoom":4.6,"wikidataid":"Q2772","name_ar":"سومطرة الغربية","name_bn":"পশ্চিম সুমাত্রা","name_de":"Sumatera Barat","name_en":"West Sumatra","name_es":"Sumatra Occidental","name_fr":"Sumatra occidental","name_el":"Δυτική Σουμάτρα","name_hi":"पश्चिम सुमात्रा","name_hu":"Nyugat-Sumatera","name_id":"Sumatra Barat","name_it":"Sumatra Occidentale","name_ja":"西スマトラ州","name_ko":"서수마트라","name_nl":"West-Sumatra","name_pl":"Sumatra Zachodnia","name_pt":"Sumatra Ocidental","name_ru":"Западная Суматра","name_sv":"Sumatera Barat","name_tr":"Batı Sumatra","name_vi":"Tây Sumatera","name_zh":"西苏门答腊省","ne_id":1159307903,"name_he":"סומטרה המערבית","name_uk":"Західна Суматра","name_ur":"مغربی سماٹرا","name_fa":"سوماترای غربی","name_zht":"西苏门答腊省","FCLASS_ISO":null,"FCLASS_US":null,"FCLASS_FR":null,"FCLASS_RU":null,"FCLASS_ES":null,"FCLASS_CN":null,"FCLASS_TW":null,"FCLASS_IN":null,"FCLASS_NP":null,"FCLASS_PK":null,"FCLASS_DE":null,"FCLASS_GB":null,"FCLASS_BR":null,"FCLASS_IL":null,"FCLASS_PS":null,"FCLASS_SA":null,"FCLASS_EG":null,"FCLASS_MA":null,"FCLASS_PT":null,"FCLASS_AR":null,"FCLASS_JP":null,"FCLASS_KO":null,"FCLASS_VN":null,"FCLASS_TR":null,"FCLASS_ID":null,"FCLASS_PL":null,"FCLASS_GR":null,"FCLASS_IT":null,"FCLASS_NL":null,"FCLASS_SE":null,"FCLASS_BD":null,"FCLASS_UA":null,"FCLASS_TLC":null}},
{"type":"Feature","geometry":{"type":"Polygon","coordinates":[[[110.843016,-8.204097],[110.4413,-7.568943],[110.038672,-7.890527],[110.843016,-8.204097]]]},"properties":{"featurecla":"Admin-1 scale rank","scalerank":2,"adm1_code":"IDN-540","diss_me":540,"iso_3166_2":"ID-YO","wikipedia":null,"iso_a2":"ID","adm0_sr":1,"name":"Yogyakarta","name_alt":"Jawa|Daerah Istimewa Yogyakarta","name_local":null,"type":"Daerah Istimewa","type_en":"Special region","code_local":null,"code_hasc":"ID.YO","note":null,"hasc_maybe":null,"region":null,"region_cod":null,"provnum_ne":20,"gadm_level":1,"check_me":20,"datarank":1,"abbrev":null,"postal":"YO","area_sqkm":0,"sameascity":7,"labelrank":7,"name_len":10,"mapcolor9":6,"mapcolor13":11,"fips":"ID10","fips_alt":null,"woe_id":2345719,"woe_label":"Special Region of Yogyakarta, ID, Indonesia","woe_name":"Yogyakarta","latitude":-7.83533,"longitude":110.443,"sov_a3":"IDN","adm0_a3":"IDN","adm0_label":2,"admin":"Indonesia","geonunit":"Indonesia","gu_a3":"IDN","gn_id":1621176,"gn_name":"Daerah Istimewa Yogyakarta","gns_id":-2703547,"gns_name":"Yogyakarta, Daerah Istimewa","gn_level":1,"gn_region":null,"gn_a1_code":"ID.10","region_sub":null,"sub_code":null,"gns_level":1,"gns_lang":"aze","gns_adm1":"ID10","gns_region":null,"min_label":5,"max_label":10.1,"min_zoom":4.6,"wikidataid":"Q3741","name_ar":"يوجياكرتا","name_bn":"যোগ্যকর্তা বিশেষ অঞ্চল","name_de":"Yogyakarta","name_en":"Yogyakarta","name_es":"Especial de Yogyakarta","name_fr":"Territoire spécial de Yogyakarta","name_el":"Γιογκιακάρτα","name_hi":"योग्यकर्ता","name_hu":"Yogyakarta","name_id":"Yogyakarta","name_it":"Yogyakarta","name_ja":"ジョグジャカルタ特別州","name_ko":"욕야카르타","name_nl":"Jogjakarta","name_pl":"Yogyakarta","name_pt":"Yogyakarta","name_ru":"Джокьякарта","name_sv":"Yogyakarta","name_tr":"Yogyakarta Özel Bölgesi","name_vi":"Yogyakarta","name_zh":"日惹特区","ne_id":1159307899,"name_he":"יוגיאקרטה","name_uk":"Джок'якарта","name_ur":"خصوصی علاقہ یوگیاکارتا","name_fa":"یوگیاکارتا","name_zht":"日惹特区","FCLASS_ISO":null,"FCLASS_US":null,"FCLASS_FR":null,"FCLASS_RU":null,"FCLASS_ES":null,"FCLASS_CN":null,"FCLASS_TW":null,"FCLASS_IN":null,"FCLASS_NP":null,"FCLASS_PK":null,"FCLASS_DE":null,"FCLASS_GB":null,"FCLASS_BR":null,"FCLASS_IL":null,"FCLASS_PS":null,"FCLASS_SA":null,"FCLASS_EG":null,"FCLASS_MA":null,"FCLASS_PT":null,"FCLASS_AR":null,"FCLASS_JP":null,"FCLASS_KO":null,"FCLASS_VN":null,"FCLASS_TR":null,"FCLASS_ID":null,"FCLASS_PL":null,"FCLASS_GR":null,"FCLASS_IT":null,"FCLASS_NL":null,"FCLASS_SE":null,"FCLASS_BD":null,"FCLASS_UA":null,"FCLASS_TLC":null}},
{"type":"Feature","geometry":{"type":"Polygon","coordinates":[[[130.773438,-3.41875],[130.379102,-2.989355],[129.542969,-2.790332],[128.198535,-2.865918],[128.419238,-3.416016],[129.844141,-3.327148],[130.773438,-3.41875]]]},"properties":{"featurecla":"Admin-1 scale rank","scalerank":2,"adm1_code":"IDN-554","diss_me":554,"iso_3166_2":"ID-MA","wikipedia":null,"iso_a2":"ID","adm0_sr":5,"name":"Maluku","name_alt":"Molucas||Moluccas|Molucche|Moluckerna|Moluqu","name_local":null,"type":"Propinsi","type_en":"Province","code_local":null,"code_hasc":"ID.MA","note":null,"hasc_maybe":null,"region":null,"region_cod":null,"provnum_ne":30,"gadm_level":1,"check_me":20,"datarank":1,"abbrev":null,"postal":"MA","area_sqkm":0,"sameascity":-99,"labelrank":2,"name_len":6,"mapcolor9":6,"mapcolor13":11,"fips":"ID28","fips_alt":null,"woe_id":20069997,"woe_label":"Maluku, ID, Indonesia","woe_name":"Maluku","latitude":-8.24814,"longitude":128.161,"sov_a3":"IDN","adm0_a3":"IDN","adm0_label":2,"admin":"Indonesia","geonunit":"Indonesia","gu_a3":"IDN","gn_id":1636627,"gn_name":"Provinsi Maluku","gns_id":-2686484,"gns_name":"Maluku, Provinsi","gn_level":1,"gn_region":null,"gn_a1_code":"ID.28","region_sub":null,"sub_code":null,"gns_level":1,"gns_lang":"ind","gns_adm1":"ID28","gns_region":null,"min_label":5,"max_label":10.1,"min_zoom":4.6,"wikidataid":"Q5093","name_ar":"مالوكو","name_bn":"মালুকু প্রদেশ","name_de":"Maluku","name_en":"Maluku","name_es":"Molucas","name_fr":"Moluques","name_el":"Μαλούκου","name_hi":"मालुकू","name_hu":"Maluku","name_id":"Maluku","name_it":"Maluku","name_ja":"マルク州","name_ko":"말루쿠","name_nl":"Maluku","name_pl":"Moluki","name_pt":"Molucas","name_ru":"Малуку","name_sv":"Moluckerna","name_tr":"Maluku","name_vi":"Maluku","name_zh":"马鲁古省","ne_id":1159307875,"name_he":"מאלוקו","name_uk":"Малуку","name_ur":"مالوکو","name_fa":"ملوک","name_zht":"馬魯古省","FCLASS_ISO":null,"FCLASS_US":null,"FCLASS_FR":null,"FCLASS_RU":null,"FCLASS_ES":null,"FCLASS_CN":null,"FCLASS_TW":null,"FCLASS_IN":null,"FCLASS_NP":null,"FCLASS_PK":null,"FCLASS_DE":null,"FCLASS_GB":null,"FCLASS_BR":null,"FCLASS_IL":null,"FCLASS_PS":null,"FCLASS_SA":null,"FCLASS_EG":null,"FCLASS_MA":null,"FCLASS_PT":null,"FCLASS_AR":null,"FCLASS_JP":null,"FCLASS_KO":null,"FCLASS_VN":null,"FCLASS_TR":null,"FCLASS_ID":null,"FCLASS_PL":null,"FCLASS_GR":null,"FCLASS_IT":null,"FCLASS_NL":null,"FCLASS_SE":null,"FCLASS_BD":null,"FCLASS_UA":null,"FCLASS_TLC":null}},
{"type":"Feature","geometry":{"type":"Polygon","coordinates":[[[119.043848,-8.456738],[118.11748,-8.122266],[116.835059,-8.532422],[117.061328,-9.099023],[119.00625,-8.749609],[119.043848,-8.456738]]]},"properties":{"featurecla":"Admin-1 scale rank","scalerank":2,"adm1_code":"IDN-555","diss_me":555,"iso_3166_2":"ID-NB","wikipedia":null,"iso_a2":"ID","adm0_sr":3,"name":"Nusa Tenggara Barat","name_alt":"NTB","name_local":null,"type":"Propinsi","type_en":"Province","code_local":null,"code_hasc":"ID.NB","note":null,"hasc_maybe":null,"region":null,"region_cod":null,"provnum_ne":23,"gadm_level":1,"check_me":20,"datarank":1,"abbrev":null,"postal":"NB","area_sqkm":0,"sameascity":-99,"labelrank":2,"name_len":19,"mapcolor9":6,"mapcolor13":11,"fips":"ID17","fips_alt":null,"woe_id":2345726,"woe_label":"West Nusa Tenggara, ID, Indonesia","woe_name":"Nusa Tenggara Barat","latitude":-8.57106,"longitude":116.294,"sov_a3":"IDN","adm0_a3":"IDN","adm0_label":2,"admin":"Indonesia","geonunit":"Indonesia","gu_a3":"IDN","gn_id":1633792,"gn_name":"Propinsi Nusa Tenggara Barat","gns_id":-2689595,"gns_name":"Nusa Tenggara Barat, Propinsi","gn_level":1,"gn_region":null,"gn_a1_code":"ID.17","region_sub":null,"sub_code":null,"gns_level":1,"gns_lang":"ind","gns_adm1":"ID17","gns_region":null,"min_label":5,"max_label":10.1,"min_zoom":4.6,"wikidataid":"Q5062","name_ar":"نوسا تنقارا الغربية","name_bn":"পশ্চিম নুসা তেঙ্গারা","name_de":"Nusa Tenggara Barat","name_en":"West Nusa Tenggara","name_es":"Nusatenggara Occidental","name_fr":"Petites Îles de la Sonde occidentales","name_el":"Γουέστ Νούσα Τενγκάρα","name_hi":"पश्चिम नुसा तेंगारा","name_hu":"Nusa Tenggara Barat","name_id":"Nusa Tenggara Barat","name_it":"Nusa Tenggara Occidentale","name_ja":"西ヌサ・トゥンガラ州","name_ko":"서누사틍가라","name_nl":"Westelijke Kleine Soenda-eilanden","name_pl":"Małe Wyspy Sundajskie Zachodnie","name_pt":"Sonda Ocidental","name_ru":"Западная Нуса-Тенгара","name_sv":"Nusa Tenggara Barat","name_tr":"Batı Nusa Tenggara","name_vi":"Nusa Tenggara Barat","name_zh":"西努沙登加拉省","ne_id":1159308853,"name_he":"נוסה טנגגרה באראט","name_uk":"Західна Південно-Східна Нуса","name_ur":"مغربی نوسا ٹنگارہ","name_fa":"سوندای غربی","name_zht":"西努沙登加拉省","FCLASS_ISO":null,"FCLASS_US":null,"FCLASS_FR":null,"FCLASS_RU":null,"FCLASS_ES":null,"FCLASS_CN":null,"FCLASS_TW":null,"FCLASS_IN":null,"FCLASS_NP":null,"FCLASS_PK":null,"FCLASS_DE":null,"FCLASS_GB":null,"FCLASS_BR":null,"FCLASS_IL":null,"FCLASS_PS":null,"FCLASS_SA":null,"FCLASS_EG":null,"FCLASS_MA":null,"FCLASS_PT":null,"FCLASS_AR":null,"FCLASS_JP":null,"FCLASS_KO":null,"FCLASS_VN":null,"FCLASS_TR":null,"FCLASS_ID":null,"FCLASS_PL":null,"FCLASS_GR":null,"FCLASS_IT":null,"FCLASS_NL":null,"FCLASS_SE":null,"FCLASS_BD":null,"FCLASS_UA":null,"FCLASS_TLC":null}},
{"type":"Feature","geometry":{"type":"Polygon","coordinates":[[[122.348931,-3.246363],[121.598036,-2.972841],[121.067795,-2.917628],[120.914258,-3.555762],[121.618066,-4.092676],[121.916992,-4.847949],[122.877344,-4.109082],[122.25293,-3.62041],[122.348931,-3.246363]]]},"properties":{"featurecla":"Admin-1 scale rank","scalerank":2,"adm1_code":"IDN-556","diss_me":556,"iso_3166_2":"ID-SG","wikipedia":null,"iso_a2":"ID","adm0_sr":5,"name":"Sulawesi Tenggara","name_alt":"Sultra","name_local":null,"type":"Propinsi","type_en":"Province","code_local":null,"code_hasc":"ID.SG","note":null,"hasc_maybe":null,"region":null,"region_cod":null,"provnum_ne":26,"gadm_level":1,"check_me":20,"datarank":1,"abbrev":null,"postal":"SG","area_sqkm":0,"sameascity":-99,"labelrank":2,"name_len":17,"mapcolor9":6,"mapcolor13":11,"fips":"ID22","fips_alt":null,"woe_id":2345731,"woe_label":"South East Sulawesi, ID, Indonesia","woe_name":"Sulawesi Tenggara","latitude":-4.0746,"longitude":122.119,"sov_a3":"IDN","adm0_a3":"IDN","adm0_label":2,"admin":"Indonesia","geonunit":"Indonesia","gu_a3":"IDN","gn_id":1626230,"gn_name":"Provinsi Sulawesi Tenggara","gns_id":-2698080,"gns_name":"Sulawesi Tenggara, Provinsi","gn_level":1,"gn_region":null,"gn_a1_code":"ID.22","region_sub":null,"sub_code":null,"gns_level":1,"gns_lang":"ind","gns_adm1":"ID22","gns_region":null,"min_label":5,"max_label":10.1,"min_zoom":4.6,"wikidataid":"Q5075","name_ar":"سولاوسي الجنوبية الشرقية","name_bn":"দক্ষিণপূর্ব সুলাওয়েসি","name_de":"Sulawesi Tenggara","name_en":"Southeast Sulawesi","name_es":"Célebes Suroriental","name_fr":"Sulawesi du Sud-Est","name_el":"Νοτιοανατολικό Σουλαβέσι","name_hi":"आग्नेय सुलावेसी","name_hu":"Délkelet-Celebesz","name_id":"Sulawesi Tenggara","name_it":"Sulawesi Sudorientale","name_ja":"南東スラウェシ州","name_ko":"동남술라웨시","name_nl":"Zuidoost-Celebes","name_pl":"Celebes Południowo-Wschodni","name_pt":"Celebes do Sudeste","name_ru":"Юго-Восточный Сулавеси","name_sv":"Sulawesi Tenggara","name_tr":"Güneydoğu Sulawesi","name_vi":"Đông Nam Sulawesi","name_zh":"东南苏拉威西省","ne_id":1159308779,"name_he":"דרום-מזרח סולאווסי","name_uk":"Південно-Східне Сулавесі","name_ur":"جنوب مشرقی سولاویسی","name_fa":"سولاوسی جنوب شرقی","name_zht":"东南苏拉威西省","FCLASS_ISO":null,"FCLASS_US":null,"FCLASS_FR":null,"FCLASS_RU":null,"FCLASS_ES":null,"FCLASS_CN":null,"FCLASS_TW":null,"FCLASS_IN":null,"FCLASS_NP":null,"FCLASS_PK":null,"FCLASS_DE":null,"FCLASS_GB":null,"FCLASS_BR":null,"FCLASS_IL":null,"FCLASS_PS":null,"FCLASS_SA":null,"FCLASS_EG":null,"FCLASS_MA":null,"FCLASS_PT":null,"FCLASS_AR":null,"FCLASS_JP":null,"FCLASS_KO":null,"FCLASS_VN":null,"FCLASS_TR":null,"FCLASS_ID":null,"FCLASS_PL":null,"FCLASS_GR":null,"FCLASS_IT":null,"FCLASS_NL":null,"FCLASS_SE":null,"FCLASS_BD":null,"FCLASS_UA":null,"FCLASS_TLC":null}},
{"type":"Feature","geometry":{"type":"Polygon","coordinates":[[[119.566263,-0.835295],[119.87349,-1.955384],[120.447615,-1.866242],[121.448897,-2.388484],[121.598036,-2.972841],[122.348931,-3.246363],[121.71875,-1.862793],[122.506641,-1.347852],[122.88877,-0.755176],[121.519336,-0.855566],[120.667383,-1.370117],[120.013281,-0.196191],[120.349023,0.449219],[121.3334,0.482935],[121.30317,0.8261],[122.197233,1.027605],[120.912109,1.288965],[120.269531,0.970801],[119.809277,0.238672],[119.566263,-0.835295]]]},"properties":{"featurecla":"Admin-1 scale rank","scalerank":2,"adm1_code":"IDN-557","diss_me":557,"iso_3166_2":"ID-ST","wikipedia":null,"iso_a2":"ID","adm0_sr":5,"name":"Sulawesi Tengah","name_alt":"Sulteng","name_local":null,"type":"Propinsi","type_en":"Province","code_local":null,"code_hasc":"ID.ST","note":null,"hasc_maybe":null,"region":null,"region_cod":null,"provnum_ne":27,"gadm_level":1,"check_me":20,"datarank":1,"abbrev":null,"postal":"ST","area_sqkm":0,"sameascity":-99,"labelrank":2,"name_len":15,"mapcolor9":6,"mapcolor13":11,"fips":"ID21","fips_alt":null,"woe_id":2345730,"woe_label":"Central Sulawesi, ID, Indonesia","woe_name":"Sulawesi Tengah","latitude":-1.30097,"longitude":120.153,"sov_a3":"IDN","adm0_a3":"IDN","adm0_label":2,"admin":"Indonesia","geonunit":"Indonesia","gu_a3":"IDN","gn_id":1626231,"gn_name":"Provinsi Sulawesi Tengah","gns_id":-2698079,"gns_name":"Sulawesi Tengah, Provinsi","gn_level":1,"gn_region":null,"gn_a1_code":"ID.21","region_sub":null,"sub_code":null,"gns_level":1,"gns_lang":"ind","gns_adm1":"ID21","gns_region":null,"min_label":5,"max_label":10.1,"min_zoom":4.6,"wikidataid":"Q5065","name_ar":"سولاوسي الوسطى","name_bn":"মধ্য সুলাওয়েসি","name_de":"Sulawesi Tengah","name_en":"Central Sulawesi","name_es":"Célebes Central","name_fr":"Sulawesi central","name_el":"Κεντρικό Σουλαβέσι","name_hi":"मध्य सुलावेसी","name_hu":"Középső-Szulavézi","name_id":"Sulawesi Tengah","name_it":"Sulawesi Centrale","name_ja":"中部スラウェシ州","name_ko":"중앙술라웨시","name_nl":"Midden-Celebes","name_pl":"Celebes Środkowy","name_pt":"Celebes Central","name_ru":"Центральный Сулавеси","name_sv":"Sulawesi Tengah","name_tr":"Orta Sulawesi","name_vi":"Trung Sulawesi","name_zh":"中苏拉威西省","ne_id":1159308861,"name_he":"סולאווסי טנגה","name_uk":"Центральне Сулавесі","name_ur":"وسطی سولاویسی","name_fa":"سولاوسی مرکزی","name_zht":"中苏拉威西省","FCLASS_ISO":null,"FCLASS_US":null,"FCLASS_FR":null,"FCLASS_RU":null,"FCLASS_ES":null,"FCLASS_CN":null,"FCLASS_TW":null,"FCLASS_IN":null,"FCLASS_NP":null,"FCLASS_PK":null,"FCLASS_DE":null,"FCLASS_GB":null,"FCLASS_BR":null,"FCLASS_IL":null,"FCLASS_PS":null,"FCLASS_SA":null,"FCLASS_EG":null,"FCLASS_MA":null,"FCLASS_PT":null,"FCLASS_AR":null,"FCLASS_JP":null,"FCLASS_KO":null,"FCLASS_VN":null,"FCLASS_TR":null,"FCLASS_ID":null,"FCLASS_PL":null,"FCLASS_GR":null,"FCLASS_IT":null,"FCLASS_NL":null,"FCLASS_SE":null,"FCLASS_BD":null,"FCLASS_UA":null,"FCLASS_TLC":null}},
{"type":"Feature","geometry":{"type":"MultiPolygon","coordinates":[[[[138.769824,-7.39043],[138.00752,-7.641602],[137.685156,-8.262207],[138.296289,-8.405176],[138.989063,-7.696094],[138.769824,-7.39043]]],[[[134.869251,-4.261947],[135.979688,-4.530859],[137.759082,-5.256152],[138.252148,-5.688184],[139.087988,-7.587207],[138.856152,-8.145117],[139.934766,-8.101172],[140.976172,-9.118734],[140.974579,-5.242935],[140.973496,-2.609785],[139.789551,-2.348242],[137.80625,-1.483203],[137.123438,-1.840918],[135.486621,-3.345117],[134.679266,-2.835502],[134.258348,-3.399482],[135.265108,-3.759977],[134.869251,-4.261947]]]]},"properties":{"featurecla":"Admin-1 scale rank","scalerank":2,"adm1_code":"IDN-558","diss_me":558,"iso_3166_2":"ID-PA","wikipedia":null,"iso_a2":"ID","adm0_sr":4,"name":"Papua","name_alt":"New Guinea|Yos Sudarso or Frederick Hendrik|Waigeo|Supiori Biak|Yapen|Misool|Salawati|Batanta","name_local":null,"type":"Propinsi","type_en":"Province","code_local":null,"code_hasc":"ID.PA","note":null,"hasc_maybe":null,"region":null,"region_cod":null,"provnum_ne":32,"gadm_level":1,"check_me":20,"datarank":1,"abbrev":null,"postal":"PA","area_sqkm":0,"sameascity":-99,"labelrank":2,"name_len":5,"mapcolor9":6,"mapcolor13":11,"fips":"ID36","fips_alt":"ID09","woe_id":2345718,"woe_label":"Papua, ID, Indonesia","woe_name":"Papua","latitude":-4.10825,"longitude":138.689,"sov_a3":"IDN","adm0_a3":"IDN","adm0_label":2,"admin":"Indonesia","geonunit":"Indonesia","gu_a3":"IDN","gn_id":1643012,"gn_name":"Provinsi Papua","gns_id":-2679537,"gns_name":"Papua, Provinsi","gn_level":1,"gn_region":null,"gn_a1_code":"ID.36","region_sub":null,"sub_code":null,"gns_level":1,"gns_lang":"ind","gns_adm1":"ID36","gns_region":null,"min_label":5,"max_label":10.1,"min_zoom":4.6,"wikidataid":"Q5095","name_ar":"بابوا","name_bn":"পাপুয়া প্রদেশ","name_de":"Papua","name_en":"Papua","name_es":"Papúa","name_fr":"Papouasie","name_el":"Παπούα","name_hi":"पापुआ प्रान्त","name_hu":"Papua","name_id":"Papua","name_it":"Papua","name_ja":"パプア州","name_ko":"파푸아","name_nl":"Papoea","name_pl":"Papua","name_pt":"Papua","name_ru":"Папуа","name_sv":"Papua","name_tr":"Papua","name_vi":"Papua","name_zh":"巴布亚省","ne_id":1159308857,"name_he":"פפואה","name_uk":"Папуа","name_ur":"پاپوا","name_fa":"پاپوآ","name_zht":"巴布亚省","FCLASS_ISO":null,"FCLASS_US":null,"FCLASS_FR":null,"FCLASS_RU":null,"FCLASS_ES":null,"FCLASS_CN":null,"FCLASS_TW":null,"FCLASS_IN":null,"FCLASS_NP":null,"FCLASS_PK":null,"FCLASS_DE":null,"FCLASS_GB":null,"FCLASS_BR":null,"FCLASS_IL":null,"FCLASS_PS":null,"FCLASS_SA":null,"FCLASS_EG":null,"FCLASS_MA":null,"FCLASS_PT":null,"FCLASS_AR":null,"FCLASS_JP":null,"FCLASS_KO":null,"FCLASS_VN":null,"FCLASS_TR":null,"FCLASS_ID":null,"FCLASS_PL":null,"FCLASS_GR":null,"FCLASS_IT":null,"FCLASS_NL":null,"FCLASS_SE":null,"FCLASS_BD":null,"FCLASS_UA":null,"FCLASS_TLC":null}},
{"type":"Feature","geometry":{"type":"Polygon","coordinates":[[[77.446467,15.95298],[78.73406,16.0303],[79.265636,16.569607],[80.506146,16.792487],[81.469526,17.420487],[81.758969,17.908933],[81.39403,17.806691],[80.270377,18.71369],[79.93107,19.482532],[78.383567,19.684535],[77.551163,18.307875],[77.411534,17.630785],[77.446467,15.95298]]]},"properties":{"featurecla":"Admin-1 scale rank","scalerank":2,"adm1_code":"IND-20011","diss_me":20011,"iso_3166_2":"IN-TG","wikipedia":null,"iso_a2":"IN","adm0_sr":1,"name":"Telangana","name_alt":null,"name_local":null,"type":"State","type_en":"State","code_local":null,"code_hasc":"IN.TG","note":null,"hasc_maybe":null,"region":"South","region_cod":null,"provnum_ne":null,"gadm_level":1,"check_me":20,"datarank":1,"abbrev":null,"postal":"TG","area_sqkm":0,"sameascity":-99,"labelrank":2,"name_len":9,"mapcolor9":2,"mapcolor13":2,"fips":"IN40","fips_alt":null,"woe_id":null,"woe_label":null,"woe_name":null,"latitude":17.4273126817,"longitude":78.468441094,"sov_a3":"IND","adm0_a3":"IND","adm0_label":2,"admin":"India","geonunit":"India","gu_a3":"IND","gn_id":1254788,"gn_name":null,"gns_id":null,"gns_name":null,"gn_level":null,"gn_region":null,"gn_a1_code":"IN.TG","region_sub":null,"sub_code":null,"gns_level":null,"gns_lang":null,"gns_adm1":"IN40","gns_region":null,"min_label":4.6,"max_label":10.1,"min_zoom":4.6,"wikidataid":"Q677037","name_ar":"تيلانغانا","name_bn":"তেলেঙ্গানা","name_de":"Telangana","name_en":"Telangana","name_es":"Telangana","name_fr":"Telangana","name_el":"Τελανγκάνα","name_hi":"तेलंगाना","name_hu":"Telangána","name_id":"Telangana","name_it":"Telangana","name_ja":"テランガナ","name_ko":"텔랑가나","name_nl":"Telangana","name_pl":"Telangana","name_pt":"Telangana","name_ru":"Телангана","name_sv":"Telangana","name_tr":"Telangana","name_vi":"Telangana","name_zh":"特伦甘纳邦","ne_id":1730011373,"name_he":"טלנגאנה","name_uk":"Телангана","name_ur":"تیلنگانا","name_fa":"تلنگانا","name_zht":"泰倫加納邦","FCLASS_ISO":null,"FCLASS_US":null,"FCLASS_FR":null,"FCLASS_RU":null,"FCLASS_ES":null,"FCLASS_CN":null,"FCLASS_TW":null,"FCLASS_IN":null,"FCLASS_NP":null,"FCLASS_PK":null,"FCLASS_DE":null,"FCLASS_GB":null,"FCLASS_BR":null,"FCLASS_IL":null,"FCLASS_PS":null,"FCLASS_SA":null,"FCLASS_EG":null,"FCLASS_MA":null,"FCLASS_PT":null,"FCLASS_AR":null,"FCLASS_JP":null,"FCLASS_KO":null,"FCLASS_VN":null,"FCLASS_TR":null,"FCLASS_ID":null,"FCLASS_PL":null,"FCLASS_GR":null,"FCLASS_IT":null,"FCLASS_NL":null,"FCLASS_SE":null,"FCLASS_BD":null,"FCLASS_UA":null,"FCLASS_TLC":null}},
{"type":"Feature","geometry":{"type":"Polygon","coordinates":[[[77.799365,35.495922],[76.594426,34.735865],[75.347547,34.572708],[76.739843,33.197406],[77.721075,33.012636],[78.39028,32.527268],[78.918987,32.35818],[79.499106,32.73007],[78.801836,33.499713],[78.947317,34.335972],[78.281971,34.653932],[77.799365,35.495922]]]},"properties":{"featurecla":"Admin-1 scale rank","scalerank":2,"adm1_code":"IND-20012","diss_me":20012,"iso_3166_2":"IN-LA","wikipedia":null,"iso_a2":"IN","adm0_sr":1,"name":"Ladakh","name_alt":null,"name_local":null,"type":"Union Territory","type_en":"Union Territory","code_local":null,"code_hasc":"IN.LA","note":null,"hasc_maybe":null,"region":null,"region_cod":null,"provnum_ne":null,"gadm_level":1,"check_me":20,"datarank":1,"abbrev":null,"postal":"LA","area_sqkm":null,"sameascity":-99,"labelrank":2,"name_len":6,"mapcolor9":2,"mapcolor13":2,"fips":"IN42","fips_alt":null,"woe_id":null,"woe_label":null,"woe_name":null,"latitude":34.0255867581,"longitude":77.4806135651,"sov_a3":"IND","adm0_a3":"IND","adm0_label":2,"admin":"India","geonunit":"India","gu_a3":"IND","gn_id":12096464,"gn_name":null,"gns_id":null,"gns_name":null,"gn_level":null,"gn_region":null,"gn_a1_code":"IN.LA","region_sub":null,"sub_code":null,"gns_level":null,"gns_lang":null,"gns_adm1":null,"gns_region":null,"min_label":4.6,"max_label":10.1,"min_zoom":4.6,"wikidataid":"Q200667","name_ar":"لداخ","name_bn":"লাদাখ","name_de":"Ladakh","name_en":"Ladakh","name_es":"Ladakh","name_fr":"Ladakh","name_el":"Λαντάχ","name_hi":"लद्दाख़","name_hu":"Ladak","name_id":"Ladakh","name_it":"Ladakh","name_ja":"ラダック","name_ko":"라다크","name_nl":"Ladakh","name_pl":"Ladakh","name_pt":"Ladaque","name_ru":"Ладакх","name_sv":"Ladakh","name_tr":"Ladakh","name_vi":"Ladakh","name_zh":"拉达克","ne_id":1730014023,"name_he":"לדאק","name_uk":"Ладакх","name_ur":"لداخ","name_fa":"لداخ","name_zht":"拉達克","FCLASS_ISO":null,"FCLASS_US":null,"FCLASS_FR":null,"FCLASS_RU":null,"FCLASS_ES":null,"FCLASS_CN":null,"FCLASS_TW":null,"FCLASS_IN":null,"FCLASS_NP":null,"FCLASS_PK":"Unrecognized","FCLASS_DE":null,"FCLASS_GB":null,"FCLASS_BR":null,"FCLASS_IL":null,"FCLASS_PS":null,"FCLASS_SA":null,"FCLASS_EG":null,"FCLASS_MA":null,"FCLASS_PT":null,"FCLASS_AR":null,"FCLASS_JP":null,"FCLASS_KO":null,"FCLASS_VN":null,"FCLASS_TR":null,"FCLASS_ID":null,"FCLASS_PL":null,"FCLASS_GR":null,"FCLASS_IT":null,"FCLASS_NL":null,"FCLASS_SE":null,"FCLASS_BD":null,"FCLASS_UA":null,"FCLASS_TLC":null}},
{"type":"Feature","geometry":null,"properties":{"featurecla":"Admin-1 scale rank","scalerank":2,"adm1_code":"IND-2427","diss_me":2427,"iso_3166_2":"IN-CH","wikipedia":null,"iso_a2":"IN","adm0_sr":1,"name":"Chandigarh","name_alt":null,"name_local":null,"type":"Union Territor","type_en":"Union Territory","code_local":null,"code_hasc":"IN.CH","note":null,"hasc_maybe":null,"region":"North","region_cod":null,"provnum_ne":20057,"gadm_level":1,"check_me":20,"datarank":1,"abbrev":null,"postal":"CH","area_sqkm":0,"sameascity":9,"labelrank":9,"name_len":10,"mapcolor9":2,"mapcolor13":2,"fips":"IN05","fips_alt":null,"woe_id":20070456,"woe_label":"Chandigarh, IN, India","woe_name":"Chandigarh","latitude":30.7452,"longitude":76.7605,"sov_a3":"IND","adm0_a3":"IND","adm0_label":2,"admin":"India","geonunit":"India","gu_a3":"IND","gn_id":1274744,"gn_name":"Union Territory of Chandigarh","gns_id":-2092772,"gns_name":"Chandigarh, Union Territory of","gn_level":1,"gn_region":null,"gn_a1_code":"IN.05","region_sub":null,"sub_code":null,"gns_level":1,"gns_lang":"nld","gns_adm1":"IN05","gns_region":null,"min_label":4.6,"max_label":10.1,"min_zoom":4.6,"wikidataid":"Q43433","name_ar":"شانديغار","name_bn":"চণ্ডীগড়","name_de":"Chandigarh","name_en":"Chandigarh","name_es":"Chandigarh","name_fr":"Chandigarh","name_el":"Τσαντιγκάρ","name_hi":"चण्डीगढ़","name_hu":"Csandígarh","name_id":"Chandigarh","name_it":"Chandigarh","name_ja":"チャンディーガル","name_ko":"찬디가르","name_nl":"Chandigarh","name_pl":"Czandigarh","name_pt":"Chandigarh","name_ru":"Чандигарх","name_sv":"Chandigarh","name_tr":"Çhandigarh","name_vi":"Chandigarh","name_zh":"昌迪加尔","ne_id":1159311873,"name_he":"צ'אנדיגאר","name_uk":"Чандігарх","name_ur":"چندی گڑھ","name_fa":"چندیگر","name_zht":"昌迪加爾","FCLASS_ISO":null,"FCLASS_US":null,"FCLASS_FR":null,"FCLASS_RU":null,"FCLASS_ES":null,"FCLASS_CN":null,"FCLASS_TW":null,"FCLASS_IN":null,"FCLASS_NP":null,"FCLASS_PK":null,"FCLASS_DE":null,"FCLASS_GB":null,"FCLASS_BR":null,"FCLASS_IL":null,"FCLASS_PS":null,"FCLASS_SA":null,"FCLASS_EG":null,"FCLASS_MA":null,"FCLASS_PT":null,"FCLASS_AR":null,"FCLASS_JP":null,"FCLASS_KO":null,"FCLASS_VN":null,"FCLASS_TR":null,"FCLASS_ID":null,"FCLASS_PL":null,"FCLASS_GR":null,"FCLASS_IT":null,"FCLASS_NL":null,"FCLASS_SE":null,"FCLASS_BD":null,"FCLASS_UA":null,"FCLASS_TLC":null}},
{"type":"Feature","geometry":null,"properties":{"featurecla":"Admin-1 scale rank","scalerank":2,"adm1_code":"IND-2428","diss_me":2428,"iso_3166_2":"IN-DL","wikipedia":null,"iso_a2":"IN","adm0_sr":1,"name":"Delhi","name_alt":null,"name_local":null,"type":"Union Territor","type_en":"Union Territory","code_local":null,"code_hasc":"IN.DL","note":null,"hasc_maybe":null,"region":"Central","region_cod":null,"provnum_ne":20060,"gadm_level":1,"check_me":20,"datarank":1,"abbrev":null,"postal":"DL","area_sqkm":0,"sameascity":9,"labelrank":9,"name_len":5,"mapcolor9":2,"mapcolor13":2,"fips":"IN07","fips_alt":null,"woe_id":20070458,"woe_label":"Delhi, IN, India","woe_name":"Delhi","latitude":28.69,"longitude":77.0856,"sov_a3":"IND","adm0_a3":"IND","adm0_label":2,"admin":"India","geonunit":"India","gu_a3":"IND","gn_id":1273293,"gn_name":"National Capital Territory of Delhi","gns_id":-2094231,"gns_name":"Delhi, National Capital Territory of","gn_level":1,"gn_region":null,"gn_a1_code":"IN.07","region_sub":null,"sub_code":null,"gns_level":1,"gns_lang":"nld","gns_adm1":"IN07","gns_region":null,"min_label":4.6,"max_label":10.1,"min_zoom":4.6,"wikidataid":"Q1353","name_ar":"دلهي","name_bn":"দিল্লি","name_de":"Delhi","name_en":"Delhi","name_es":"Delhi","name_fr":"Delhi","name_el":"Δελχί","name_hi":"दिल्ली","name_hu":"Delhi","name_id":"Delhi","name_it":"Delhi","name_ja":"デリー","name_ko":"델리","name_nl":"Delhi","name_pl":"Delhi","name_pt":"Deli","name_ru":"Дели","name_sv":"Delhi","name_tr":"Delhi","name_vi":"Delhi","name_zh":"德里","ne_id":1159311875,"name_he":"דלהי","name_uk":"Делі","name_ur":"دہلی","name_fa":"دهلی","name_zht":"德里","FCLASS_ISO":null,"FCLASS_US":null,"FCLASS_FR":null,"FCLASS_RU":null,"FCLASS_ES":null,"FCLASS_CN":null,"FCLASS_TW":null,"FCLASS_IN":null,"FCLASS_NP":null,"FCLASS_PK":null,"FCLASS_DE":null,"FCLASS_GB":null,"FCLASS_BR":null,"FCLASS_IL":null,"FCLASS_PS":null,"FCLASS_SA":null,"FCLASS_EG":null,"FCLASS_MA":null,"FCLASS_PT":null,"FCLASS_AR":null,"FCLASS_JP":null,"FCLASS_KO":null,"FCLASS_VN":null,"FCLASS_TR":null,"FCLASS_ID":null,"FCLASS_PL":null,"FCLASS_GR":null,"FCLASS_IT":null,"FCLASS_NL":null,"FCLASS_SE":null,"FCLASS_BD":null,"FCLASS_UA":null,"FCLASS_TLC":null}},
{"type":"Feature","geometry":{"type":"Polygon","coordinates":[[[78.39028,32.527268],[77.721075,33.012636],[76.739843,33.197406],[75.847391,32.516749],[76.158484,31.338553],[76.768162,30.907597],[77.585063,30.382926],[77.806032,31.050508],[78.869351,31.314989],[78.39028,32.527268]]]},"properties":{"featurecla":"Admin-1 scale rank","scalerank":2,"adm1_code":"IND-2429","diss_me":2429,"iso_3166_2":"IN-HP","wikipedia":null,"iso_a2":"IN","adm0_sr":1,"name":"Himachal Pradesh","name_alt":null,"name_local":null,"type":"Union Territor","type_en":"Union Territory","code_local":null,"code_hasc":"IN.HP","note":null,"hasc_maybe":null,"region":"North","region_cod":null,"provnum_ne":20068,"gadm_level":1,"check_me":20,"datarank":1,"abbrev":null,"postal":"HP","area_sqkm":0,"sameascity":-99,"labelrank":2,"name_len":16,"mapcolor9":2,"mapcolor13":2,"fips":"IN11","fips_alt":null,"woe_id":2345745,"woe_label":"Himachal Pradesh, IN, India","woe_name":"Himachal Pradesh","latitude":31.6755,"longitude":77.2875,"sov_a3":"IND","adm0_a3":"IND","adm0_label":2,"admin":"India","geonunit":"India","gu_a3":"IND","gn_id":1270101,"gn_name":"State of Himachal Pradesh","gns_id":-2097441,"gns_name":"Himachal Pradesh","gn_level":1,"gn_region":null,"gn_a1_code":"IN.11","region_sub":null,"sub_code":null,"gns_level":1,"gns_lang":"nld","gns_adm1":"IN11","gns_region":null,"min_label":4.6,"max_label":10.1,"min_zoom":4.6,"wikidataid":"Q1177","name_ar":"هيماجل برديش","name_bn":"হিমাচল প্রদেশ","name_de":"Himachal Pradesh","name_en":"Himachal Pradesh","name_es":"Himachal Pradesh","name_fr":"Himachal Pradesh","name_el":"Χιμάτσαλ Πραντές","name_hi":"हिमाचल प्रदेश","name_hu":"Himácsal Prades","name_id":"Himachal Pradesh","name_it":"Himachal Pradesh","name_ja":"ヒマーチャル・プラデーシュ州","name_ko":"히마찰프라데시","name_nl":"Himachal Pradesh","name_pl":"Himachal Pradesh","name_pt":"Himachal Pradesh","name_ru":"Химачал-Прадеш","name_sv":"Himachal Pradesh","name_tr":"Himaçhal Pradeş","name_vi":"Himachal Pradesh","name_zh":"喜马偕尔邦","ne_id":1159311877,"name_he":"הימאצ'ל פרדש","name_uk":"Хімачал-Прадеш","name_ur":"ہماچل پردیش","name_fa":"هیماچال پرادش","name_zht":"喜馬偕爾邦","FCLASS_ISO":null,"FCLASS_US":null,"FCLASS_FR":null,"FCLASS_RU":null,"FCLASS_ES":null,"FCLASS_CN":null,"FCLASS_TW":null,"FCLASS_IN":null,"FCLASS_NP":null,"FCLASS_PK":null,"FCLASS_DE":null,"FCLASS_GB":null,"FCLASS_BR":null,"FCLASS_IL":null,"FCLASS_PS":null,"FCLASS_SA":null,"FCLASS_EG":null,"FCLASS_MA":null,"FCLASS_PT":null,"FCLASS_AR":null,"FCLASS_JP":null,"FCLASS_KO":null,"FCLASS_VN":null,"FCLASS_TR":null,"FCLASS_ID":null,"FCLASS_PL":null,"FCLASS_GR":null,"FCLASS_IT":null,"FCLASS_NL":null,"FCLASS_SE":null,"FCLASS_BD":null,"FCLASS_UA":null,"FCLASS_TLC":null}},
{"type":"Feature","geometry":{"type":"Polygon","coordinates":[[[77.200797,28.876791],[77.064681,29.569513],[77.585063,30.382926],[76.768162,30.907597],[76.814567,30.789129],[76.82728,30.680712],[76.22556,29.869082],[75.23823,29.748779],[74.516517,29.94719],[74.612841,29.332809],[75.328353,29.296222],[76.026192,28.262229],[76.856632,28.228975],[77.280689,27.80944],[77.327404,28.519707],[77.200797,28.876791]]]},"properties":{"featurecla":"Admin-1 scale rank","scalerank":2,"adm1_code":"IND-2430","diss_me":2430,"iso_3166_2":"IN-HR","wikipedia":null,"iso_a2":"IN","adm0_sr":1,"name":"Haryana","name_alt":null,"name_local":null,"type":"State","type_en":"State","code_local":null,"code_hasc":"IN.HR","note":null,"hasc_maybe":null,"region":"Central","region_cod":null,"provnum_ne":20052,"gadm_level":1,"check_me":20,"datarank":1,"abbrev":null,"postal":"HR","area_sqkm":0,"sameascity":-99,"labelrank":2,"name_len":7,"mapcolor9":2,"mapcolor13":2,"fips":"IN10","fips_alt":null,"woe_id":2345744,"woe_label":"Haryana, IN, India","woe_name":"Haryana","latitude":29.1003,"longitude":76.271,"sov_a3":"IND","adm0_a3":"IND","adm0_label":2,"admin":"India","geonunit":"India","gu_a3":"IND","gn_id":1270260,"gn_name":"State of Haryana","gns_id":-2097281,"gns_name":"Haryana, State of","gn_level":1,"gn_region":null,"gn_a1_code":"IN.10","region_sub":null,"sub_code":null,"gns_level":1,"gns_lang":"nld","gns_adm1":"IN10","gns_region":null,"min_label":4.6,"max_label":10.1,"min_zoom":4.6,"wikidataid":"Q1174","name_ar":"هاريانا","name_bn":"হরিয়ানা","name_de":"Haryana","name_en":"Haryana","name_es":"Haryana","name_fr":"Haryana","name_el":"Χαρυάνα","name_hi":"हरियाणा","name_hu":"Harijána","name_id":"Haryana","name_it":"Haryana","name_ja":"ハリヤーナー州","name_ko":"하리아나","name_nl":"Haryana","name_pl":"Hariana","name_pt":"Haryana","name_ru":"Харьяна","name_sv":"Haryana","name_tr":"Haryana","name_vi":"Haryana","name_zh":"哈里亚纳邦","ne_id":1159311881,"name_he":"הריאנה","name_uk":"Хар'яна","name_ur":"ہریانہ","name_fa":"هاریانا","name_zht":"哈里亞納邦","FCLASS_ISO":null,"FCLASS_US":null,"FCLASS_FR":null,"FCLASS_RU":null,"FCLASS_ES":null,"FCLASS_CN":null,"FCLASS_TW":null,"FCLASS_IN":null,"FCLASS_NP":null,"FCLASS_PK":null,"FCLASS_DE":null,"FCLASS_GB":null,"FCLASS_BR":null,"FCLASS_IL":null,"FCLASS_PS":null,"FCLASS_SA":null,"FCLASS_EG":null,"FCLASS_MA":null,"FCLASS_PT":null,"FCLASS_AR":null,"FCLASS_JP":null,"FCLASS_KO":null,"FCLASS_VN":null,"FCLASS_TR":null,"FCLASS_ID":null,"FCLASS_PL":null,"FCLASS_GR":null,"FCLASS_IT":null,"FCLASS_NL":null,"FCLASS_SE":null,"FCLASS_BD":null,"FCLASS_UA":null,"FCLASS_TLC":null}},
{"type":"Feature","geometry":{"type":"Polygon","coordinates":[[[75.347547,34.572708],[73.961202,34.653466],[73.994223,33.242209],[74.6578,32.51892],[75.293437,32.325995],[75.847391,32.516749],[76.739843,33.197406],[75.347547,34.572708]]]},"properties":{"featurecla":"Admin-1 scale rank","scalerank":2,"adm1_code":"IND-2431","diss_me":2431,"iso_3166_2":"IN-JK","wikipedia":null,"iso_a2":"IN","adm0_sr":1,"name":"Jammu and Kashmir","name_alt":null,"name_local":null,"type":"Union Territory","type_en":"Union Territory","code_local":null,"code_hasc":"IN.JK","note":null,"hasc_maybe":null,"region":"North","region_cod":null,"provnum_ne":20066,"gadm_level":1,"check_me":20,"datarank":1,"abbrev":null,"postal":"JK","area_sqkm":0,"sameascity":-99,"labelrank":2,"name_len":17,"mapcolor9":2,"mapcolor13":2,"fips":"IN12","fips_alt":null,"woe_id":2345746,"woe_label":"Jammu and Kashmir, IN, India","woe_name":"Jammu and Kashmir","latitude":33.9658,"longitude":76.6395,"sov_a3":"IND","adm0_a3":"IND","adm0_label":5,"admin":"India","geonunit":"India","gu_a3":"IND","gn_id":1269320,"gn_name":"State of Jammu and Kashmir","gns_id":-2098229,"gns_name":"Jammu and Kashmir, State of","gn_level":1,"gn_region":null,"gn_a1_code":"IN.12","region_sub":null,"sub_code":null,"gns_level":1,"gns_lang":"nld","gns_adm1":"IN12","gns_region":null,"min_label":4.6,"max_label":10.1,"min_zoom":4.6,"wikidataid":"Q66278313","name_ar":"جامو وكشمير","name_bn":"জম্মু ও কাশ্মীর","name_de":"Jammu und Kashmir","name_en":"Jammu and Kashmir","name_es":"Jammu y Cachemira","name_fr":"Jammu-et-Cachemire","name_el":"Γιαμού και Κασμίρ","name_hi":"जम्मू और कश्मीर","name_hu":"Dzsammu és Kasmír","name_id":"Jammu dan Kashmir","name_it":"Jammu e Kashmir","name_ja":"ジャンムー・カシミール州","name_ko":"잠무 카슈미르","name_nl":"Jammu en Kasjmir","name_pl":"Dżammu i Kaszmir","name_pt":"Jammu e Caxemira","name_ru":"Джамму и Кашмир","name_sv":"Jammu och Kashmir","name_tr":"Cemmu ve Keşmir","name_vi":"Jammu và Kashmir","name_zh":"查谟-克什米尔邦","ne_id":1159311911,"name_he":"ג'אמו וקשמיר","name_uk":"Джамму й Кашмір","name_ur":"جموں و کشمیر","name_fa":"جامو و کشمیر","name_zht":"查謨-克什米爾邦","FCLASS_ISO":null,"FCLASS_US":null,"FCLASS_FR":null,"FCLASS_RU":null,"FCLASS_ES":null,"FCLASS_CN":null,"FCLASS_TW":null,"FCLASS_IN":null,"FCLASS_NP":null,"FCLASS_PK":null,"FCLASS_DE":null,"FCLASS_GB":null,"FCLASS_BR":null,"FCLASS_IL":null,"FCLASS_PS":null,"FCLASS_SA":null,"FCLASS_EG":null,"FCLASS_MA":null,"FCLASS_PT":null,"FCLASS_AR":null,"FCLASS_JP":null,"FCLASS_KO":null,"FCLASS_VN":null,"FCLASS_TR":null,"FCLASS_ID":null,"FCLASS_PL":null,"FCLASS_GR":null,"FCLASS_IT":null,"FCLASS_NL":null,"FCLASS_SE":null,"FCLASS_BD":null,"FCLASS_UA":null,"FCLASS_TLC":null}},
{"type":"Feature","geometry":{"type":"Polygon","coordinates":[[[80.231198,13.467614],[80.053418,15.074023],[80.293457,15.710742],[80.978711,15.75835],[81.238574,16.263965],[82.258789,16.559863],[82.35957,17.096191],[84.104102,18.292676],[84.769629,19.120533],[84.317779,18.80924],[83.612809,19.129789],[82.32989,18.044041],[81.758969,17.908933],[81.469526,17.420487],[80.506146,16.792487],[79.265636,16.569607],[78.73406,16.0303],[77.446467,15.95298],[77.034089,15.873734],[77.44254,13.701955],[77.878792,13.916619],[78.374679,13.579637],[78.229572,12.759893],[80.231198,13.467614]]]},"properties":{"featurecla":"Admin-1 scale rank","scalerank":2,"adm1_code":"IND-2441","diss_me":2441,"iso_3166_2":"IN-AP","wikipedia":null,"iso_a2":"IN","adm0_sr":6,"name":"Andhra Pradesh","name_alt":null,"name_local":null,"type":"State","type_en":"State","code_local":null,"code_hasc":"IN.AD","note":null,"hasc_maybe":null,"region":"South","region_cod":null,"provnum_ne":20004,"gadm_level":1,"check_me":20,"datarank":1,"abbrev":null,"postal":"AP","area_sqkm":0,"sameascity":-99,"labelrank":2,"name_len":14,"mapcolor9":2,"mapcolor13":2,"fips":"IN02","fips_alt":null,"woe_id":2345740,"woe_label":"Andhra Pradesh, IN, India","woe_name":"Andhra Pradesh","latitude":16.4854,"longitude":79.208,"sov_a3":"IND","adm0_a3":"IND","adm0_label":2,"admin":"India","geonunit":"India","gu_a3":"IND","gn_id":1278629,"gn_name":"State of Andhra Pradesh","gns_id":-2088875,"gns_name":"Andhra Pradesh, State of","gn_level":1,"gn_region":null,"gn_a1_code":"IN.02","region_sub":null,"sub_code":null,"gns_level":1,"gns_lang":"nld","gns_adm1":"IN02","gns_region":null,"min_label":4.6,"max_label":10.1,"min_zoom":4.6,"wikidataid":"Q1159","name_ar":"أندرا برديش","name_bn":"অন্ধ্রপ্রদেশ","name_de":"Andhra Pradesh","name_en":"Andhra Pradesh","name_es":"Andhra Pradesh","name_fr":"Andhra Pradesh","name_el":"Άντρα Πραντές","name_hi":"आन्ध्र प्रदेश","name_hu":"Ándhra Prades","name_id":"Andhra Pradesh","name_it":"Andhra Pradesh","name_ja":"アーンドラ・プラデーシュ州","name_ko":"안드라프라데시","name_nl":"Andhra Pradesh","name_pl":"Andhra Pradesh","name_pt":"Andra Pradexe","name_ru":"Андхра-Прадеш","name_sv":"Andhra Pradesh","name_tr":"Andhra Pradeş","name_vi":"Andhra Pradesh","name_zh":"安得拉邦","ne_id":1159311629,"name_he":"אנדרה פרדש","name_uk":"Андхра-Прадеш","name_ur":"آندھرا پردیش","name_fa":"آندرا پرادش","name_zht":"安得拉邦","FCLASS_ISO":null,"FCLASS_US":null,"FCLASS_FR":null,"FCLASS_RU":null,"FCLASS_ES":null,"FCLASS_CN":null,"FCLASS_TW":null,"FCLASS_IN":null,"FCLASS_NP":null,"FCLASS_PK":null,"FCLASS_DE":null,"FCLASS_GB":null,"FCLASS_BR":null,"FCLASS_IL":null,"FCLASS_PS":null,"FCLASS_SA":null,"FCLASS_EG":null,"FCLASS_MA":null,"FCLASS_PT":null,"FCLASS_AR":null,"FCLASS_JP":null,"FCLASS_KO":null,"FCLASS_VN":null,"FCLASS_TR":null,"FCLASS_ID":null,"FCLASS_PL":null,"FCLASS_GR":null,"FCLASS_IT":null,"FCLASS_NL":null,"FCLASS_SE":null,"FCLASS_BD":null,"FCLASS_UA":null,"FCLASS_TLC":null}},
{"type":"Feature","geometry":{"type":"Polygon","coordinates":[[[74.893953,12.751445],[75.723828,11.361768],[76.346484,9.922119],[76.553418,8.902783],[77.109654,8.28424],[77.276968,10.210101],[76.415936,11.666833],[74.893953,12.751445]]]},"properties":{"featurecla":"Admin-1 scale rank","scalerank":2,"adm1_code":"IND-2442","diss_me":2442,"iso_3166_2":"IN-KL","wikipedia":null,"iso_a2":"IN","adm0_sr":1,"name":"Kerala","name_alt":null,"name_local":null,"type":"State","type_en":"State","code_local":null,"code_hasc":"IN.KL","note":null,"hasc_maybe":null,"region":"South","region_cod":null,"provnum_ne":20005,"gadm_level":1,"check_me":20,"datarank":1,"abbrev":null,"postal":"KL","area_sqkm":0,"sameascity":-99,"labelrank":2,"name_len":6,"mapcolor9":2,"mapcolor13":2,"fips":"IN13","fips_alt":null,"woe_id":2345747,"woe_label":"Kerala, IN, India","woe_name":"Kerala","latitude":10.3666,"longitude":76.5237,"sov_a3":"IND","adm0_a3":"IND","adm0_label":2,"admin":"India","geonunit":"India","gu_a3":"IND","gn_id":1267254,"gn_name":"State of Kerala","gns_id":-2100307,"gns_name":"Kerala, State of","gn_level":1,"gn_region":null,"gn_a1_code":"IN.13","region_sub":null,"sub_code":null,"gns_level":1,"gns_lang":"nld","gns_adm1":"IN13","gns_region":null,"min_label":4.6,"max_label":10.1,"min_zoom":4.6,"wikidataid":"Q1186","name_ar":"كيرلا","name_bn":"কেরল","name_de":"Kerala","name_en":"Kerala","name_es":"Kerala","name_fr":"Kerala","name_el":"Κεράλα","name_hi":"केरल","name_hu":"Kerala","name_id":"Kerala","name_it":"Kerala","name_ja":"ケーララ州","name_ko":"케랄라","name_nl":"Kerala","name_pl":"Kerala","name_pt":"Kerala","name_ru":"Керала","name_sv":"Kerala","name_tr":"Kerala","name_vi":"Kerala","name_zh":"喀拉拉邦","ne_id":1159311883,"name_he":"קרלה","name_uk":"Керала","name_ur":"کیرلا","name_fa":"کرالا","name_zht":"喀拉拉邦","FCLASS_ISO":null,"FCLASS_US":null,"FCLASS_FR":null,"FCLASS_RU":null,"FCLASS_ES":null,"FCLASS_CN":null,"FCLASS_TW":null,"FCLASS_IN":null,"FCLASS_NP":null,"FCLASS_PK":null,"FCLASS_DE":null,"FCLASS_GB":null,"FCLASS_BR":null,"FCLASS_IL":null,"FCLASS_PS":null,"FCLASS_SA":null,"FCLASS_EG":null,"FCLASS_MA":null,"FCLASS_PT":null,"FCLASS_AR":null,"FCLASS_JP":null,"FCLASS_KO":null,"FCLASS_VN":null,"FCLASS_TR":null,"FCLASS_ID":null,"FCLASS_PL":null,"FCLASS_GR":null,"FCLASS_IT":null,"FCLASS_NL":null,"FCLASS_SE":null,"FCLASS_BD":null,"FCLASS_UA":null,"FCLASS_TLC":null}},
{"type":"Feature","geometry":null,"properties":{"featurecla":"Admin-1 scale rank","scalerank":2,"adm1_code":"IND-2443","diss_me":2443,"iso_3166_2":"IN-LD","wikipedia":null,"iso_a2":"IN","adm0_sr":4,"name":"Lakshadweep","name_alt":"Íles Laquedives|Laccadive|Minicoy and Amindivi Islands|Laccadives|Lackadiverna|Lakkadiven|Lakkadi","name_local":null,"type":"Union Territor","type_en":"Union Territory","code_local":null,"code_hasc":"IN.LD","note":null,"hasc_maybe":"IN.KL|IND-KER","region":"South","region_cod":null,"provnum_ne":20012,"gadm_level":1,"check_me":20,"datarank":1,"abbrev":null,"postal":"LD","area_sqkm":0,"sameascity":-99,"labelrank":2,"name_len":11,"mapcolor9":2,"mapcolor13":2,"fips":"IN14","fips_alt":"IN13","woe_id":2345748,"woe_label":"Lakshadweep, IN, India","woe_name":"Lakshadweep","latitude":11.2249,"longitude":72.7811,"sov_a3":"IND","adm0_a3":"IND","adm0_label":4,"admin":"India","geonunit":"India","gu_a3":"IND","gn_id":1265206,"gn_name":"Union Territory of Lakshadweep","gns_id":-2102360,"gns_name":"Lakshadweep, Union Territory of","gn_level":1,"gn_region":null,"gn_a1_code":"IN.14","region_sub":null,"sub_code":null,"gns_level":1,"gns_lang":"nld","gns_adm1":"IN14","gns_region":null,"min_label":4.6,"max_label":10.1,"min_zoom":4.6,"wikidataid":"Q26927","name_ar":"لكشديب","name_bn":"লক্ষদ্বীপ","name_de":"Lakshadweep","name_en":"Lakshadweep","name_es":"Laquedivas","name_fr":"Lakshadweep","name_el":"Λακσαντγουίπ","name_hi":"लक्षद्वीप","name_hu":"Laksadíva","name_id":"Lakshadweep","name_it":"Laccadive","name_ja":"ラクシャディープ諸島","name_ko":"락샤드위프 제도","name_nl":"Laccadiven","name_pl":"Lakszadiwy","name_pt":"Laquedivas","name_ru":"Лакшадвип","name_sv":"Lakshadweep","name_tr":"Lakşadvip Adaları","name_vi":"Lakshadweep","name_zh":"拉克沙群岛","ne_id":1159311385,"name_he":"לקשאדוויפ","name_uk":"Лакшадвіп","name_ur":"لکشادیپ","name_fa":"لاکشادویپ","name_zht":"拉克沙群島","FCLASS_ISO":null,"FCLASS_US":null,"FCLASS_FR":null,"FCLASS_RU":null,"FCLASS_ES":null,"FCLASS_CN":null,"FCLASS_TW":null,"FCLASS_IN":null,"FCLASS_NP":null,"FCLASS_PK":null,"FCLASS_DE":null,"FCLASS_GB":null,"FCLASS_BR":null,"FCLASS_IL":null,"FCLASS_PS":null,"FCLASS_SA":null,"FCLASS_EG":null,"FCLASS_MA":null,"FCLASS_PT":null,"FCLASS_AR":null,"FCLASS_JP":null,"FCLASS_KO":null,"FCLASS_VN":null,"FCLASS_TR":null,"FCLASS_ID":null,"FCLASS_PL":null,"FCLASS_GR":null,"FCLASS_IT":null,"FCLASS_NL":null,"FCLASS_SE":null,"FCLASS_BD":null,"FCLASS_UA":null,"FCLASS_TLC":null}},
{"type":"Feature","geometry":{"type":"Polygon","coordinates":[[[87.478635,21.608108],[86.686523,22.218024],[85.974112,22.104594],[83.970203,22.539348],[83.605367,22.195984],[83.198261,21.172558],[82.668164,21.155479],[81.939629,20.104665],[82.224987,19.015196],[81.39403,17.806691],[81.758969,17.908933],[82.32989,18.044041],[83.612809,19.129789],[84.317779,18.80924],[84.769629,19.120533],[85.225586,19.50835],[86.279492,19.919434],[86.975488,20.700146],[86.85957,21.236719],[87.478635,21.608108]]]},"properties":{"featurecla":"Admin-1 scale rank","scalerank":2,"adm1_code":"IND-2444","diss_me":2444,"iso_3166_2":"IN-OR","wikipedia":null,"iso_a2":"IN","adm0_sr":1,"name":"Odisha","name_alt":"Orissa","name_local":null,"type":"State","type_en":"State","code_local":null,"code_hasc":"IN.OR","note":null,"hasc_maybe":null,"region":"East","region_cod":null,"provnum_ne":20042,"gadm_level":1,"check_me":20,"datarank":1,"abbrev":null,"postal":"OR","area_sqkm":0,"sameascity":-99,"labelrank":2,"name_len":6,"mapcolor9":2,"mapcolor13":2,"fips":"IN21","fips_alt":null,"woe_id":2345755,"woe_label":"Orissa, IN, India","woe_name":"Orissa","latitude":20.625,"longitude":84.4341,"sov_a3":"IND","adm0_a3":"IND","adm0_label":2,"admin":"India","geonunit":"India","gu_a3":"IND","gn_id":1261029,"gn_name":"State of Odisha","gns_id":-2106554,"gns_name":"Odisha, State of","gn_level":1,"gn_region":null,"gn_a1_code":"IN.21","region_sub":null,"sub_code":null,"gns_level":1,"gns_lang":"nld","gns_adm1":"IN21","gns_region":null,"min_label":4.6,"max_label":10.1,"min_zoom":4.6,"wikidataid":"Q22048","name_ar":"أوديشا","name_bn":"ওড়িশা","name_de":"Odisha","name_en":"Odisha","name_es":"Orissa","name_fr":"Odisha","name_el":"Ορίσα","name_hi":"ओडिशा","name_hu":"Orisza","name_id":"Orissa","name_it":"Orissa","name_ja":"オリッサ州","name_ko":"오디샤","name_nl":"Odisha","name_pl":"Orisa","name_pt":"Orissa","name_ru":"Одиша","name_sv":"Orissa","name_tr":"Orissa","name_vi":"Orissa","name_zh":"奥里萨邦","ne_id":1159311885,"name_he":"אודישה","name_uk":"Орісса","name_ur":"اڑیسہ","name_fa":"اوریسا","name_zht":"奧里薩邦","FCLASS_ISO":null,"FCLASS_US":null,"FCLASS_FR":null,"FCLASS_RU":null,"FCLASS_ES":null,"FCLASS_CN":null,"FCLASS_TW":null,"FCLASS_IN":null,"FCLASS_NP":null,"FCLASS_PK":null,"FCLASS_DE":null,"FCLASS_GB":null,"FCLASS_BR":null,"FCLASS_IL":null,"FCLASS_PS":null,"FCLASS_SA":null,"FCLASS_EG":null,"FCLASS_MA":null,"FCLASS_PT":null,"FCLASS_AR":null,"FCLASS_JP":null,"FCLASS_KO":null,"FCLASS_VN":null,"FCLASS_TR":null,"FCLASS_ID":null,"FCLASS_PL":null,"FCLASS_GR":null,"FCLASS_IT":null,"FCLASS_NL":null,"FCLASS_SE":null,"FCLASS_BD":null,"FCLASS_UA":null,"FCLASS_TLC":null}},
{"type":"Feature","geometry":null,"properties":{"featurecla":"Admin-1 scale rank","scalerank":2,"adm1_code":"IND-2445","diss_me":2445,"iso_3166_2":"IN-DH","wikipedia":null,"iso_a2":"IN","adm0_sr":1,"name":"Dadra and Nagar Haveli and Daman and Diu","name_alt":"DAdra et Nagar Haveli|Dadra e Nagar Haveli|Dadra and Nagar Haveli","name_local":null,"type":"Union Territory","type_en":"Union Territory","code_local":null,"code_hasc":"IN.DH","note":null,"hasc_maybe":null,"region":"West","region_cod":null,"provnum_ne":20059,"gadm_level":1,"check_me":20,"datarank":1,"abbrev":null,"postal":"DH","area_sqkm":0,"sameascity":9,"labelrank":9,"name_len":22,"mapcolor9":2,"mapcolor13":2,"fips":"IN52","fips_alt":null,"woe_id":20070457,"woe_label":"Dadra and Nagar Haveli, IN, India","woe_name":"Dadra and Nagar Haveli","latitude":20.1841,"longitude":73.029,"sov_a3":"IND","adm0_a3":"IND","adm0_label":2,"admin":"India","geonunit":"India","gu_a3":"IND","gn_id":1273726,"gn_name":"Union Territory of Dadra and Nagar Haveli","gns_id":-2093794,"gns_name":"Dadra and Nagar Haveli, Union Territory of","gn_level":1,"gn_region":null,"gn_a1_code":"IN.06","region_sub":null,"sub_code":null,"gns_level":1,"gns_lang":"nld","gns_adm1":"IN06","gns_region":null,"min_label":4.6,"max_label":10.1,"min_zoom":4.6,"wikidataid":"Q77997266","name_ar":"دادرا وناجار هافيلي ودَمـَن وديو","name_bn":"দাদরা ও নগর হাভেলি এবং দমন ও দিউ","name_de":"Dadra und Nagar Haveli und Daman und Diu","name_en":"Dadra and Nagar Haveli and Daman and Diu","name_es":"Dadra y Nagar Haveli y Damán y Diu","name_fr":"Dadra et Nagar Haveli et Daman et Diu","name_el":"Ντάντρα και Ναγκάρ Χαβέλι και Ντάμαν και Ντιου","name_hi":"दादरा और नगर हवेली और दमन और दीव","name_hu":"Dadra és Nagar Haveli és Daman és Diu","name_id":"Dadra & Nagar Haveli dan Daman & Diu","name_it":"Dadra e Nagar Haveli e Daman e Diu","name_ja":"ダードラー・ナガル・ハヴェーリーおよびダマン・ディーウ連邦直轄領","name_ko":"다드라 나가르하벨리 다만 디우","name_nl":"Dadra en Nagar Haveli en Daman en Diu","name_pl":"Dadra i Nagar Haveli oraz Daman i Diu","name_pt":"Dadrá e Nagar Aveli e Damão e Diu","name_ru":"Дадра и Нагар-Хавели и Даман и Диу","name_sv":"Dadra och Nagar Haveli och Daman och Diu","name_tr":"Dadra ve Nagar Haveli ve Daman ve Diu","name_vi":"Dadra và Nagar Haveli và Daman và Diu","name_zh":"達德拉-納加爾哈維利和達曼-第烏","ne_id":1159311887,"name_he":"דדרה ונגר האבלי ודמן ודיו","name_uk":"Дадра і Нагар Хавелі та Даман і Діу","name_ur":"دادرا و نگر حویلی و دمن و دیو","name_fa":"دادرا و نگر حویلی و دامان و دیو","name_zht":"達德拉-納加爾哈維利和達曼-第烏","FCLASS_ISO":null,"FCLASS_US":null,"FCLASS_FR":null,"FCLASS_RU":null,"FCLASS_ES":null,"FCLASS_CN":null,"FCLASS_TW":null,"FCLASS_IN":null,"FCLASS_NP":null,"FCLASS_PK":null,"FCLASS_DE":null,"FCLASS_GB":null,"FCLASS_BR":null,"FCLASS_IL":null,"FCLASS_PS":null,"FCLASS_SA":null,"FCLASS_EG":null,"FCLASS_MA":null,"FCLASS_PT":null,"FCLASS_AR":null,"FCLASS_JP":null,"FCLASS_KO":null,"FCLASS_VN":null,"FCLASS_TR":null,"FCLASS_ID":null,"FCLASS_PL":null,"FCLASS_GR":null,"FCLASS_IT":null,"FCLASS_NL":null,"FCLASS_SE":null,"FCLASS_BD":null,"FCLASS_UA":null,"FCLASS_TLC":null}},
{"type":"Feature","geometry":{"type":"Polygon","coordinates":[[[74.893953,12.751445],[76.415936,11.666833],[77.433858,11.811527],[77.609351,12.672793],[78.229572,12.759893],[78.374679,13.579637],[77.878792,13.916619],[77.44254,13.701955],[77.034089,15.873734],[77.446467,15.95298],[77.411534,17.630785],[77.551163,18.307875],[76.892909,18.144293],[76.210367,17.388913],[74.292448,16.528371],[74.186097,15.76573],[74.100625,15.640286],[74.097044,14.890286],[74.382227,14.494727],[74.893953,12.751445]]]},"properties":{"featurecla":"Admin-1 scale rank","scalerank":2,"adm1_code":"IND-2446","diss_me":2446,"iso_3166_2":"IN-KA","wikipedia":null,"iso_a2":"IN","adm0_sr":1,"name":"Karnataka","name_alt":"Maisur|Mysore","name_local":null,"type":"State","type_en":"State","code_local":null,"code_hasc":"IN.KA","note":null,"hasc_maybe":null,"region":"South","region_cod":null,"provnum_ne":20043,"gadm_level":1,"check_me":20,"datarank":1,"abbrev":null,"postal":"KA","area_sqkm":0,"sameascity":-99,"labelrank":2,"name_len":9,"mapcolor9":2,"mapcolor13":2,"fips":"IN19","fips_alt":null,"woe_id":2345753,"woe_label":"Karnataka, IN, India","woe_name":"Karnataka","latitude":14.3681,"longitude":75.667,"sov_a3":"IND","adm0_a3":"IND","adm0_label":2,"admin":"India","geonunit":"India","gu_a3":"IND","gn_id":1267701,"gn_name":"State of Karnataka","gns_id":-2099860,"gns_name":"Karnataka, State of","gn_level":1,"gn_region":null,"gn_a1_code":"IN.19","region_sub":null,"sub_code":null,"gns_level":1,"gns_lang":"nld","gns_adm1":"IN19","gns_region":null,"min_label":4.6,"max_label":10.1,"min_zoom":4.6,"wikidataid":"Q1185","name_ar":"كارناتاكا","name_bn":"কর্ণাটক","name_de":"Karnataka","name_en":"Karnataka","name_es":"Karnataka","name_fr":"Karnataka","name_el":"Καρνάτακα","name_hi":"कर्नाटक","name_hu":"Karnátaka","name_id":"Karnataka","name_it":"Karnataka","name_ja":"カルナータカ州","name_ko":"카르나타카","name_nl":"Karnataka","name_pl":"Karnataka","name_pt":"Carnataca","name_ru":"Карнатака","name_sv":"Karnataka","name_tr":"Karnataka","name_vi":"Karnataka","name_zh":"卡纳塔克邦","ne_id":1159311889,"name_he":"קרנאטקה","name_uk":"Карнатака","name_ur":"کرناٹک","name_fa":"کارناتاکا","name_zht":"卡納塔克邦","FCLASS_ISO":null,"FCLASS_US":null,"FCLASS_FR":null,"FCLASS_RU":null,"FCLASS_ES":null,"FCLASS_CN":null,"FCLASS_TW":null,"FCLASS_IN":null,"FCLASS_NP":null,"FCLASS_PK":null,"FCLASS_DE":null,"FCLASS_GB":null,"FCLASS_BR":null,"FCLASS_IL":null,"FCLASS_PS":null,"FCLASS_SA":null,"FCLASS_EG":null,"FCLASS_MA":null,"FCLASS_PT":null,"FCLASS_AR":null,"FCLASS_JP":null,"FCLASS_KO":null,"FCLASS_VN":null,"FCLASS_TR":null,"FCLASS_ID":null,"FCLASS_PL":null,"FCLASS_GR":null,"FCLASS_IT":null,"FCLASS_NL":null,"FCLASS_SE":null,"FCLASS_BD":null,"FCLASS_UA":null,"FCLASS_TLC":null}},
{"type":"Feature","geometry":{"type":"Polygon","coordinates":[[[73.678865,15.711175],[74.097044,14.890286],[74.100625,15.640286],[74.103545,15.644573],[73.678865,15.711175]]]},"properties":{"featurecla":"Admin-1 scale rank","scalerank":2,"adm1_code":"IND-3265","diss_me":3265,"iso_3166_2":"IN-GA","wikipedia":null,"iso_a2":"IN","adm0_sr":1,"name":"Goa","name_alt":"Gôa","name_local":null,"type":"State","type_en":"State","code_local":null,"code_hasc":"IN.GA","note":null,"hasc_maybe":null,"region":"West","region_cod":null,"provnum_ne":20051,"gadm_level":1,"check_me":20,"datarank":1,"abbrev":null,"postal":"GA","area_sqkm":0,"sameascity":-99,"labelrank":2,"name_len":3,"mapcolor9":2,"mapcolor13":2,"fips":"IN08","fips_alt":"IN33","woe_id":2345764,"woe_label":"Goa, IN, India","woe_name":"Goa","latitude":15.3133,"longitude":73.9951,"sov_a3":"IND","adm0_a3":"IND","adm0_label":2,"admin":"India","geonunit":"India","gu_a3":"IND","gn_id":1271157,"gn_name":"State of Goa","gns_id":-2096380,"gns_name":"Goa, State of","gn_level":1,"gn_region":null,"gn_a1_code":"IN.33","region_sub":null,"sub_code":null,"gns_level":1,"gns_lang":"nld","gns_adm1":"IN33","gns_region":null,"min_label":4.6,"max_label":10.1,"min_zoom":4.6,"wikidataid":"Q1171","name_ar":"غوا","name_bn":"গোয়া","name_de":"Goa","name_en":"Goa","name_es":"Goa","name_fr":"Goa","name_el":"Γκόα","name_hi":"गोआ","name_hu":"Goa","name_id":"Goa","name_it":"Goa","name_ja":"ゴア州","name_ko":"고아","name_nl":"Goa","name_pl":"Goa","name_pt":"Goa","name_ru":"Гоа","name_sv":"Goa","name_tr":"Goa","name_vi":"Goa","name_zh":"果阿邦","ne_id":1159314181,"name_he":"גואה","name_uk":"Гоа","name_ur":"گوا","name_fa":"گوا","name_zht":"果阿邦","FCLASS_ISO":null,"FCLASS_US":null,"FCLASS_FR":null,"FCLASS_RU":null,"FCLASS_ES":null,"FCLASS_CN":null,"FCLASS_TW":null,"FCLASS_IN":null,"FCLASS_NP":null,"FCLASS_PK":null,"FCLASS_DE":null,"FCLASS_GB":null,"FCLASS_BR":null,"FCLASS_IL":null,"FCLASS_PS":null,"FCLASS_SA":null,"FCLASS_EG":null,"FCLASS_MA":null,"FCLASS_PT":null,"FCLASS_AR":null,"FCLASS_JP":null,"FCLASS_KO":null,"FCLASS_VN":null,"FCLASS_TR":null,"FCLASS_ID":null,"FCLASS_PL":null,"FCLASS_GR":null,"FCLASS_IT":null,"FCLASS_NL":null,"FCLASS_SE":null,"FCLASS_BD":null,"FCLASS_UA":null,"FCLASS_TLC":null}},
{"type":"Feature","geometry":null,"properties":{"featurecla":"Admin-1 scale rank","scalerank":2,"adm1_code":"IND-2474","diss_me":2474,"iso_3166_2":"IN-AN","wikipedia":null,"iso_a2":"IN","adm0_sr":3,"name":"Andaman and Nicobar","name_alt":"Andaman & Nicobar Islands|Andaman et Nicobar|Iihas de Andama e Nicobar|Inseln Andamanen und Nikobare","name_local":null,"type":"Union Territor","type_en":"Union Territory","code_local":null,"code_hasc":"IN.AN","note":null,"hasc_maybe":null,"region":null,"region_cod":null,"provnum_ne":20031,"gadm_level":1,"check_me":20,"datarank":1,"abbrev":null,"postal":"AN","area_sqkm":0,"sameascity":-99,"labelrank":2,"name_len":19,"mapcolor9":2,"mapcolor13":2,"fips":"IN01","fips_alt":null,"woe_id":2345739,"woe_label":"Andaman and Nicobar Islands, IN, India","woe_name":"Andaman and Nicobar","latitude":6.83654,"longitude":93.7895,"sov_a3":"IND","adm0_a3":"IND","adm0_label":3,"admin":"India","geonunit":"India","gu_a3":"IND","gn_id":1278647,"gn_name":"Union Territory of Andaman and Nicobar Islands","gns_id":-2088857,"gns_name":"Andaman and Nicobar Islands, Union Territory of","gn_level":1,"gn_region":null,"gn_a1_code":"IN.01","region_sub":null,"sub_code":null,"gns_level":1,"gns_lang":"nld","gns_adm1":"IN01","gns_region":null,"min_label":4.6,"max_label":10.1,"min_zoom":4.6,"wikidataid":"Q40888","name_ar":"جزر أندمان ونيكوبار","name_bn":"আন্দামান ও নিকোবর দ্বীপপুঞ্জ","name_de":"Andamanen und Nikobaren","name_en":"Andaman and Nicobar Islands","name_es":"Islas Andamán y Nicobar","name_fr":"Îles Andaman-et-Nicobar","name_el":"Νησιά Άνταμαν και Νίκομπαρ","name_hi":"अण्डमान और निकोबार द्वीपसमूह","name_hu":"Andamán- és Nikobár-szigetek","name_id":"Kepulauan Andaman dan Nikobar","name_it":"Andamane e Nicobare","name_ja":"アンダマン・ニコバル諸島","name_ko":"안다만 니코바르 제도","name_nl":"Andamanen en Nicobaren","name_pl":"Andamany i Nikobary","name_pt":"Andamão e Nicobar","name_ru":"Андаманские и Никобарские острова","name_sv":"Andamanerna och Nikobarerna","name_tr":"Andaman ve Nikobar adaları","name_vi":"Quần đảo Andaman và Nicobar","name_zh":"安达曼-尼科巴群岛","ne_id":1159311381,"name_he":"איי אנדמן וניקובר","name_uk":"Андаманські і Нікобарські острови","name_ur":"جزائر انڈمان و نکوبار","name_fa":"جزایر آندامان و نیکوبار","name_zht":"安達曼-尼科巴群島","FCLASS_ISO":null,"FCLASS_US":null,"FCLASS_FR":null,"FCLASS_RU":null,"FCLASS_ES":null,"FCLASS_CN":null,"FCLASS_TW":null,"FCLASS_IN":null,"FCLASS_NP":null,"FCLASS_PK":null,"FCLASS_DE":null,"FCLASS_GB":null,"FCLASS_BR":null,"FCLASS_IL":null,"FCLASS_PS":null,"FCLASS_SA":null,"FCLASS_EG":null,"FCLASS_MA":null,"FCLASS_PT":null,"FCLASS_AR":null,"FCLASS_JP":null,"FCLASS_KO":null,"FCLASS_VN":null,"FCLASS_TR":null,"FCLASS_ID":null,"FCLASS_PL":null,"FCLASS_GR":null,"FCLASS_IT":null,"FCLASS_NL":null,"FCLASS_SE":null,"FCLASS_BD":null,"FCLASS_UA":null,"FCLASS_TLC":null}},
{"type":"Feature","geometry":{"type":"Polygon","coordinates":[[[89.860038,26.713565],[89.687784,26.195384],[89.80642,25.441048],[90.135615,25.959785],[92.214661,25.919478],[92.789613,25.348892],[92.38605,25.005686],[92.139065,24.545276],[92.29848,24.23772],[93.018436,24.399131],[93.449211,25.302125],[93.335936,25.538028],[94.486564,26.676667],[95.176444,27.033182],[95.903738,27.276087],[95.31318,27.895791],[93.982512,27.327712],[93.694674,27.005949],[92.072848,26.920914],[89.860038,26.713565]]]},"properties":{"featurecla":"Admin-1 scale rank","scalerank":2,"adm1_code":"IND-2477","diss_me":2477,"iso_3166_2":"IN-AS","wikipedia":null,"iso_a2":"IN","adm0_sr":1,"name":"Assam","name_alt":null,"name_local":null,"type":"State","type_en":"State","code_local":null,"code_hasc":"IN.AS","note":null,"hasc_maybe":null,"region":"Northeast","region_cod":null,"provnum_ne":20049,"gadm_level":1,"check_me":20,"datarank":1,"abbrev":null,"postal":"AS","area_sqkm":0,"sameascity":-99,"labelrank":2,"name_len":5,"mapcolor9":2,"mapcolor13":2,"fips":"IN03","fips_alt":null,"woe_id":2345741,"woe_label":"Assam, IN, India","woe_name":"Assam","latitude":26.3302,"longitude":92.9929,"sov_a3":"IND","adm0_a3":"IND","adm0_label":2,"admin":"India","geonunit":"India","gu_a3":"IND","gn_id":1278253,"gn_name":"State of Assam","gns_id":-2089251,"gns_name":"Assam, State of","gn_level":1,"gn_region":null,"gn_a1_code":"IN.03","region_sub":null,"sub_code":null,"gns_level":1,"gns_lang":"nld","gns_adm1":"IN03","gns_region":null,"min_label":4.6,"max_label":10.1,"min_zoom":4.6,"wikidataid":"Q1164","name_ar":"آسام","name_bn":"আসাম","name_de":"Assam","name_en":"Assam","name_es":"Assam","name_fr":"Assam","name_el":"Άσαμ","name_hi":"असम","name_hu":"Asszám","name_id":"Assam","name_it":"Assam","name_ja":"アッサム州","name_ko":"아삼","name_nl":"Assam","name_pl":"Asam","name_pt":"Assam","name_ru":"Ассам","name_sv":"Assam","name_tr":"Assam","name_vi":"Assam","name_zh":"阿萨姆邦","ne_id":1159311865,"name_he":"אסאם","name_uk":"Ассам","name_ur":"آسام","name_fa":"آسام","name_zht":"阿薩姆邦","FCLASS_ISO":null,"FCLASS_US":null,"FCLASS_FR":null,"FCLASS_RU":null,"FCLASS_ES":null,"FCLASS_CN":null,"FCLASS_TW":null,"FCLASS_IN":null,"FCLASS_NP":null,"FCLASS_PK":null,"FCLASS_DE":null,"FCLASS_GB":null,"FCLASS_BR":null,"FCLASS_IL":null,"FCLASS_PS":null,"FCLASS_SA":null,"FCLASS_EG":null,"FCLASS_MA":null,"FCLASS_PT":null,"FCLASS_AR":null,"FCLASS_JP":null,"FCLASS_KO":null,"FCLASS_VN":null,"FCLASS_TR":null,"FCLASS_ID":null,"FCLASS_PL":null,"FCLASS_GR":null,"FCLASS_IT":null,"FCLASS_NL":null,"FCLASS_SE":null,"FCLASS_BD":null,"FCLASS_UA":null,"FCLASS_TLC":null}},
{"type":"Feature","geometry":{"type":"Polygon","coordinates":[[[94.654788,25.444758],[93.803195,25.543557],[93.449211,25.302125],[93.018436,24.399131],[93.312122,24.032525],[94.127671,23.876476],[94.707584,25.048756],[94.654788,25.444758]]]},"properties":{"featurecla":"Admin-1 scale rank","scalerank":2,"adm1_code":"IND-2478","diss_me":2478,"iso_3166_2":"IN-MN","wikipedia":null,"iso_a2":"IN","adm0_sr":1,"name":"Manipur","name_alt":null,"name_local":null,"type":"State","type_en":"State","code_local":null,"code_hasc":"IN.MN","note":null,"hasc_maybe":null,"region":"Northeast","region_cod":null,"provnum_ne":20044,"gadm_level":1,"check_me":20,"datarank":1,"abbrev":null,"postal":"MN","area_sqkm":0,"sameascity":-99,"labelrank":2,"name_len":7,"mapcolor9":2,"mapcolor13":2,"fips":"IN17","fips_alt":null,"woe_id":2345751,"woe_label":"Manipur, IN, India","woe_name":"Manipur","latitude":24.7442,"longitude":93.8457,"sov_a3":"IND","adm0_a3":"IND","adm0_label":2,"admin":"India","geonunit":"India","gu_a3":"IND","gn_id":1263706,"gn_name":"State of Manipur","gns_id":-2103864,"gns_name":"Manipur, State of","gn_level":1,"gn_region":null,"gn_a1_code":"IN.17","region_sub":null,"sub_code":null,"gns_level":1,"gns_lang":"nld","gns_adm1":"IN17","gns_region":null,"min_label":4.6,"max_label":10.1,"min_zoom":4.6,"wikidataid":"Q1193","name_ar":"مانيبور","name_bn":"মণিপুর","name_de":"Manipur","name_en":"Manipur","name_es":"Manipur","name_fr":"Manipur","name_el":"Μανιπούρ","name_hi":"मणिपुर","name_hu":"Manipur","name_id":"Manipur","name_it":"Manipur","name_ja":"マニプル州","name_ko":"마니푸르","name_nl":"Manipur","name_pl":"Manipur","name_pt":"Manipur","name_ru":"Манипур","name_sv":"Manipur","name_tr":"Manipur","name_vi":"Manipur","name_zh":"曼尼普尔邦","ne_id":1159311867,"name_he":"מניפור","name_uk":"Маніпур","name_ur":"منی پور","name_fa":"مانیپور","name_zht":"曼尼普爾邦","FCLASS_ISO":null,"FCLASS_US":null,"FCLASS_FR":null,"FCLASS_RU":null,"FCLASS_ES":null,"FCLASS_CN":null,"FCLASS_TW":null,"FCLASS_IN":null,"FCLASS_NP":null,"FCLASS_PK":null,"FCLASS_DE":null,"FCLASS_GB":null,"FCLASS_BR":null,"FCLASS_IL":null,"FCLASS_PS":null,"FCLASS_SA":null,"FCLASS_EG":null,"FCLASS_MA":null,"FCLASS_PT":null,"FCLASS_AR":null,"FCLASS_JP":null,"FCLASS_KO":null,"FCLASS_VN":null,"FCLASS_TR":null,"FCLASS_ID":null,"FCLASS_PL":null,"FCLASS_GR":null,"FCLASS_IT":null,"FCLASS_NL":null,"FCLASS_SE":null,"FCLASS_BD":null,"FCLASS_UA":null,"FCLASS_TLC":null}},
{"type":"Feature","geometry":{"type":"Polygon","coordinates":[[[95.246448,26.654794],[95.176444,27.033182],[94.486564,26.676667],[93.335936,25.538028],[93.449211,25.302125],[93.803195,25.543557],[94.654788,25.444758],[95.132467,26.041253],[95.246448,26.654794]]]},"properties":{"featurecla":"Admin-1 scale rank","scalerank":2,"adm1_code":"IND-2479","diss_me":2479,"iso_3166_2":"IN-NL","wikipedia":null,"iso_a2":"IN","adm0_sr":1,"name":"Nagaland","name_alt":null,"name_local":null,"type":"State","type_en":"State","code_local":null,"code_hasc":"IN.NL","note":null,"hasc_maybe":null,"region":"Northeast","region_cod":null,"provnum_ne":20046,"gadm_level":1,"check_me":20,"datarank":1,"abbrev":null,"postal":"NL","area_sqkm":0,"sameascity":-99,"labelrank":2,"name_len":8,"mapcolor9":2,"mapcolor13":2,"fips":"IN20","fips_alt":null,"woe_id":2345754,"woe_label":"Nagaland, IN, India","woe_name":"Nagaland","latitude":26.1094,"longitude":94.5664,"sov_a3":"IND","adm0_a3":"IND","adm0_label":2,"admin":"India","geonunit":"India","gu_a3":"IND","gn_id":1262271,"gn_name":"State of Nagaland","gns_id":-2105305,"gns_name":"Nagaland, State of","gn_level":1,"gn_region":null,"gn_a1_code":"IN.20","region_sub":null,"sub_code":null,"gns_level":1,"gns_lang":"nld","gns_adm1":"IN20","gns_region":null,"min_label":4.6,"max_label":10.1,"min_zoom":4.6,"wikidataid":"Q1599","name_ar":"ناجالاند","name_bn":"নাগাল্যান্ড","name_de":"Nagaland","name_en":"Nagaland","name_es":"Nagaland","name_fr":"Nagaland","name_el":"Ναγκαλάντ","name_hi":"नागालैण्ड","name_hu":"Nágaföld","name_id":"Nagaland","name_it":"Nagaland","name_ja":"ナガランド州","name_ko":"나갈랜드","name_nl":"Nagaland","name_pl":"Nagaland","name_pt":"Nagaland","name_ru":"Нагаленд","name_sv":"Nagaland","name_tr":"Nagaland","name_vi":"Nagaland","name_zh":"那加兰邦","ne_id":1159311869,"name_he":"נאגאלנד","name_uk":"Нагаленд","name_ur":"ناگالینڈ","name_fa":"ناگالند","name_zht":"那加蘭邦","FCLASS_ISO":null,"FCLASS_US":null,"FCLASS_FR":null,"FCLASS_RU":null,"FCLASS_ES":null,"FCLASS_CN":null,"FCLASS_TW":null,"FCLASS_IN":null,"FCLASS_NP":null,"FCLASS_PK":null,"FCLASS_DE":null,"FCLASS_GB":null,"FCLASS_BR":null,"FCLASS_IL":null,"FCLASS_PS":null,"FCLASS_SA":null,"FCLASS_EG":null,"FCLASS_MA":null,"FCLASS_PT":null,"FCLASS_AR":null,"FCLASS_JP":null,"FCLASS_KO":null,"FCLASS_VN":null,"FCLASS_TR":null,"FCLASS_ID":null,"FCLASS_PL":null,"FCLASS_GR":null,"FCLASS_IT":null,"FCLASS_NL":null,"FCLASS_SE":null,"FCLASS_BD":null,"FCLASS_UA":null,"FCLASS_TLC":null}},
{"type":"Feature","geometry":{"type":"Polygon","coordinates":[[[92.38605,25.005686],[92.789613,25.348892],[92.214661,25.919478],[90.135615,25.959785],[89.80642,25.441048],[90.439369,25.157715],[92.04971,25.169472],[92.38605,25.005686]]]},"properties":{"featurecla":"Admin-1 scale rank","scalerank":2,"adm1_code":"IND-2489","diss_me":2489,"iso_3166_2":"IN-ML","wikipedia":null,"iso_a2":"IN","adm0_sr":1,"name":"Meghalaya","name_alt":null,"name_local":null,"type":"State","type_en":"State","code_local":null,"code_hasc":"IN.ML","note":null,"hasc_maybe":null,"region":"Northeast","region_cod":null,"provnum_ne":20048,"gadm_level":1,"check_me":20,"datarank":1,"abbrev":null,"postal":"ML","area_sqkm":0,"sameascity":-99,"labelrank":2,"name_len":9,"mapcolor9":2,"mapcolor13":2,"fips":"IN18","fips_alt":null,"woe_id":2345752,"woe_label":"Meghalaya, IN, India","woe_name":"Meghalaya","latitude":25.4804,"longitude":91.3031,"sov_a3":"IND","adm0_a3":"IND","adm0_label":2,"admin":"India","geonunit":"India","gu_a3":"IND","gn_id":1263207,"gn_name":"State of Meghalaya","gns_id":-2104368,"gns_name":"Meghalaya, State of","gn_level":1,"gn_region":null,"gn_a1_code":"IN.18","region_sub":null,"sub_code":null,"gns_level":1,"gns_lang":"nld","gns_adm1":"IN18","gns_region":null,"min_label":4.6,"max_label":10.1,"min_zoom":4.6,"wikidataid":"Q1195","name_ar":"ميغالايا","name_bn":"মেঘালয়","name_de":"Meghalaya","name_en":"Meghalaya","name_es":"Megalaya","name_fr":"Meghalaya","name_el":"Μεγκαλάγια","name_hi":"मेघालय","name_hu":"Meghálaja","name_id":"Meghalaya","name_it":"Meghalaya","name_ja":"メーガーラヤ州","name_ko":"메갈라야","name_nl":"Meghalaya","name_pl":"Meghalaya","name_pt":"Meghalaya","name_ru":"Мегалая","name_sv":"Meghalaya","name_tr":"Meghalaya","name_vi":"Meghalaya","name_zh":"梅加拉亚邦","ne_id":1159311871,"name_he":"מגהלאיה","name_uk":"Меґхалая","name_ur":"میگھالیہ","name_fa":"مگالایا","name_zht":"梅加拉亚邦","FCLASS_ISO":null,"FCLASS_US":null,"FCLASS_FR":null,"FCLASS_RU":null,"FCLASS_ES":null,"FCLASS_CN":null,"FCLASS_TW":null,"FCLASS_IN":null,"FCLASS_NP":null,"FCLASS_PK":null,"FCLASS_DE":null,"FCLASS_GB":null,"FCLASS_BR":null,"FCLASS_IL":null,"FCLASS_PS":null,"FCLASS_SA":null,"FCLASS_EG":null,"FCLASS_MA":null,"FCLASS_PT":null,"FCLASS_AR":null,"FCLASS_JP":null,"FCLASS_KO":null,"FCLASS_VN":null,"FCLASS_TR":null,"FCLASS_ID":null,"FCLASS_PL":null,"FCLASS_GR":null,"FCLASS_IT":null,"FCLASS_NL":null,"FCLASS_SE":null,"FCLASS_BD":null,"FCLASS_UA":null,"FCLASS_TLC":null}},
{"type":"Feature","geometry":{"type":"Polygon","coordinates":[[[75.293437,32.325995],[74.510005,31.712948],[74.63284,31.034643],[73.9334,30.222083],[74.516517,29.94719],[75.23823,29.748779],[76.22556,29.869082],[76.82728,30.680712],[76.814567,30.789129],[76.768162,30.907597],[76.158484,31.338553],[75.847391,32.516749],[75.293437,32.325995]]]},"properties":{"featurecla":"Admin-1 scale rank","scalerank":2,"adm1_code":"IND-3249","diss_me":3249,"iso_3166_2":"IN-PB","wikipedia":null,"iso_a2":"IN","adm0_sr":1,"name":"Punjab","name_alt":null,"name_local":null,"type":"State","type_en":"State","code_local":null,"code_hasc":"IN.PB","note":null,"hasc_maybe":null,"region":"North","region_cod":null,"provnum_ne":20063,"gadm_level":1,"check_me":20,"datarank":2,"abbrev":null,"postal":"PB","area_sqkm":0,"sameascity":-99,"labelrank":2,"name_len":6,"mapcolor9":2,"mapcolor13":2,"fips":"IN23","fips_alt":null,"woe_id":2345756,"woe_label":"Punjab, IN, India","woe_name":"Punjab","latitude":31.0245,"longitude":75.3762,"sov_a3":"IND","adm0_a3":"IND","adm0_label":2,"admin":"India","geonunit":"India","gu_a3":"IND","gn_id":1259223,"gn_name":"State of Punjab","gns_id":-2108367,"gns_name":"Punjab, State of","gn_level":1,"gn_region":null,"gn_a1_code":"IN.23","region_sub":null,"sub_code":null,"gns_level":1,"gns_lang":"nld","gns_adm1":"IN23","gns_region":null,"min_label":4.6,"max_label":10.1,"min_zoom":4.6,"wikidataid":"Q22424","name_ar":"بنجاب","name_bn":"পাঞ্জাব","name_de":"Punjab","name_en":"Punjab","name_es":"Panyab","name_fr":"Pendjab","name_el":"Παντζάμπ","name_hi":"पंजाब","name_hu":"Pandzsáb","name_id":"Punjab","name_it":"Punjab","name_ja":"パンジャーブ州","name_ko":"펀자브","name_nl":"Punjab","name_pl":"Pendżab","name_pt":"Punjab","name_ru":"Пенджаб","name_sv":"Punjab","name_tr":"Pencap","name_vi":"Punjab","name_zh":"旁遮普邦","ne_id":1159314155,"name_he":"פנג'אב","name_uk":"Пенджаб","name_ur":"پنجاب، بھارت","name_fa":"پنجاب","name_zht":"旁遮普邦","FCLASS_ISO":null,"FCLASS_US":null,"FCLASS_FR":null,"FCLASS_RU":null,"FCLASS_ES":null,"FCLASS_CN":null,"FCLASS_TW":null,"FCLASS_IN":null,"FCLASS_NP":null,"FCLASS_PK":null,"FCLASS_DE":null,"FCLASS_GB":null,"FCLASS_BR":null,"FCLASS_IL":null,"FCLASS_PS":null,"FCLASS_SA":null,"FCLASS_EG":null,"FCLASS_MA":null,"FCLASS_PT":null,"FCLASS_AR":null,"FCLASS_JP":null,"FCLASS_KO":null,"FCLASS_VN":null,"FCLASS_TR":null,"FCLASS_ID":null,"FCLASS_PL":null,"FCLASS_GR":null,"FCLASS_IT":null,"FCLASS_NL":null,"FCLASS_SE":null,"FCLASS_BD":null,"FCLASS_UA":null,"FCLASS_TLC":null}},
{"type":"Feature","geometry":{"type":"Polygon","coordinates":[[[71.047891,24.687744],[71.947888,24.662629],[72.897391,24.360581],[73.361652,23.784233],[74.323453,23.036062],[74.939023,23.687366],[74.806525,24.735777],[75.758818,24.777377],[75.805017,24.119122],[76.766612,24.160334],[76.913476,25.309308],[76.478361,25.7198],[78.200116,26.823583],[77.704642,26.929752],[77.280689,27.80944],[76.856632,28.228975],[76.026192,28.262229],[75.328353,29.296222],[74.612841,29.332809],[74.516517,29.94719],[73.9334,30.222083],[73.381599,29.934349],[72.903282,29.028771],[72.341921,28.751915],[71.87027,27.962505],[70.737367,27.729031],[70.403693,28.02506],[69.56793,27.174595],[70.156886,26.471434],[70.077718,26.071949],[71.047891,24.687744]]]},"properties":{"featurecla":"Admin-1 scale rank","scalerank":2,"adm1_code":"IND-3250","diss_me":3250,"iso_3166_2":"IN-RJ","wikipedia":null,"iso_a2":"IN","adm0_sr":1,"name":"Rajasthan","name_alt":"Greater Rajasthan|Rajputana","name_local":null,"type":"State","type_en":"State","code_local":null,"code_hasc":"IN.RJ","note":null,"hasc_maybe":null,"region":"Central","region_cod":null,"provnum_ne":20062,"gadm_level":1,"check_me":20,"datarank":1,"abbrev":null,"postal":"RJ","area_sqkm":0,"sameascity":-99,"labelrank":2,"name_len":9,"mapcolor9":2,"mapcolor13":2,"fips":"IN24","fips_alt":null,"woe_id":2345757,"woe_label":"Rajasthan, IN, India","woe_name":"Rajasthan","latitude":26.7468,"longitude":73.8556,"sov_a3":"IND","adm0_a3":"IND","adm0_label":2,"admin":"India","geonunit":"India","gu_a3":"IND","gn_id":1258899,"gn_name":"State of Rajasthan","gns_id":-2108695,"gns_name":"Rajasthan, State of","gn_level":1,"gn_region":null,"gn_a1_code":"IN.24","region_sub":null,"sub_code":null,"gns_level":1,"gns_lang":"nld","gns_adm1":"IN24","gns_region":null,"min_label":4.6,"max_label":10.1,"min_zoom":4.6,"wikidataid":"Q1437","name_ar":"راجستان","name_bn":"রাজস্থান","name_de":"Rajasthan","name_en":"Rajasthan","name_es":"Rajastán","name_fr":"Rajasthan","name_el":"Ράτζασταν","name_hi":"राजस्थान","name_hu":"Rádzsasztán","name_id":"Rajasthan","name_it":"Rajasthan","name_ja":"ラージャスターン州","name_ko":"라자스탄","name_nl":"Rajasthan","name_pl":"Radżastan","name_pt":"Rajastão","name_ru":"Раджастхан","name_sv":"Rajasthan","name_tr":"Racasthan","name_vi":"Rajasthan","name_zh":"拉贾斯坦邦","ne_id":1159314157,"name_he":"ראג'סטאן","name_uk":"Раджастхан","name_ur":"راجستھان","name_fa":"راجستان","name_zht":"拉賈斯坦邦","FCLASS_ISO":null,"FCLASS_US":null,"FCLASS_FR":null,"FCLASS_RU":null,"FCLASS_ES":null,"FCLASS_CN":null,"FCLASS_TW":null,"FCLASS_IN":null,"FCLASS_NP":null,"FCLASS_PK":null,"FCLASS_DE":null,"FCLASS_GB":null,"FCLASS_BR":null,"FCLASS_IL":null,"FCLASS_PS":null,"FCLASS_SA":null,"FCLASS_EG":null,"FCLASS_MA":null,"FCLASS_PT":null,"FCLASS_AR":null,"FCLASS_JP":null,"FCLASS_KO":null,"FCLASS_VN":null,"FCLASS_TR":null,"FCLASS_ID":null,"FCLASS_PL":null,"FCLASS_GR":null,"FCLASS_IT":null,"FCLASS_NL":null,"FCLASS_SE":null,"FCLASS_BD":null,"FCLASS_UA":null,"FCLASS_TLC":null}},
{"type":"Feature","geometry":{"type":"Polygon","coordinates":[[[80.070699,28.830179],[79.443658,28.849583],[78.38057,29.761569],[77.831456,29.659895],[77.585063,30.382926],[77.064681,29.569513],[77.200797,28.876791],[77.327404,28.519707],[77.280689,27.80944],[77.704642,26.929752],[78.200116,26.823583],[79.060839,26.355084],[78.370545,25.552678],[79.468152,25.103843],[80.283606,25.41447],[80.778667,24.971499],[81.585232,25.079632],[82.423631,24.647514],[82.800869,23.998716],[83.337063,24.140232],[83.523099,24.529666],[83.384089,25.235928],[84.238921,25.64797],[83.992734,26.241138],[84.246362,26.757049],[83.828816,27.377812],[83.289728,27.371017],[81.852606,27.867085],[80.070699,28.830179]]]},"properties":{"featurecla":"Admin-1 scale rank","scalerank":2,"adm1_code":"IND-3253","diss_me":3253,"iso_3166_2":"IN-UP","wikipedia":null,"iso_a2":"IN","adm0_sr":1,"name":"Uttar Pradesh","name_alt":"United Provinces","name_local":null,"type":"State","type_en":"State","code_local":null,"code_hasc":"IN.UP","note":null,"hasc_maybe":null,"region":"Central","region_cod":null,"provnum_ne":20067,"gadm_level":1,"check_me":20,"datarank":1,"abbrev":null,"postal":"UP","area_sqkm":0,"sameascity":-99,"labelrank":2,"name_len":13,"mapcolor9":2,"mapcolor13":2,"fips":"IN36","fips_alt":"IN27","woe_id":2345760,"woe_label":"Uttar Pradesh, IN, India","woe_name":"Uttar Pradesh","latitude":26.7201,"longitude":80.9966,"sov_a3":"IND","adm0_a3":"IND","adm0_label":2,"admin":"India","geonunit":"India","gu_a3":"IND","gn_id":1253626,"gn_name":"State of Uttar Pradesh","gns_id":-2113996,"gns_name":"Uttar Pradesh, State of","gn_level":1,"gn_region":null,"gn_a1_code":"IN.36","region_sub":null,"sub_code":null,"gns_level":1,"gns_lang":"nld","gns_adm1":"IN36","gns_region":null,"min_label":4.6,"max_label":10.1,"min_zoom":4.6,"wikidataid":"Q1498","name_ar":"أتر برديش","name_bn":"উত্তরপ্রদেশ","name_de":"Uttar Pradesh","name_en":"Uttar Pradesh","name_es":"Uttar Pradesh","name_fr":"Uttar Pradesh","name_el":"Ούταρ Πραντές","name_hi":"उत्तर प्रदेश","name_hu":"Uttar Prades","name_id":"Uttar Pradesh","name_it":"Uttar Pradesh","name_ja":"ウッタル・プラデーシュ州","name_ko":"우타르프라데시","name_nl":"Uttar Pradesh","name_pl":"Uttar Pradesh","name_pt":"Uttar Pradesh","name_ru":"Уттар-Прадеш","name_sv":"Uttar Pradesh","name_tr":"Uttar Pradeş","name_vi":"Uttar Pradesh","name_zh":"北方邦","ne_id":1159314159,"name_he":"אוטר פרדש","name_uk":"Уттар-Прадеш","name_ur":"اتر پردیش","name_fa":"اوتار پرادش","name_zht":"北方邦","FCLASS_ISO":null,"FCLASS_US":null,"FCLASS_FR":null,"FCLASS_RU":null,"FCLASS_ES":null,"FCLASS_CN":null,"FCLASS_TW":null,"FCLASS_IN":null,"FCLASS_NP":null,"FCLASS_PK":null,"FCLASS_DE":null,"FCLASS_GB":null,"FCLASS_BR":null,"FCLASS_IL":null,"FCLASS_PS":null,"FCLASS_SA":null,"FCLASS_EG":null,"FCLASS_MA":null,"FCLASS_PT":null,"FCLASS_AR":null,"FCLASS_JP":null,"FCLASS_KO":null,"FCLASS_VN":null,"FCLASS_TR":null,"FCLASS_ID":null,"FCLASS_PL":null,"FCLASS_GR":null,"FCLASS_IT":null,"FCLASS_NL":null,"FCLASS_SE":null,"FCLASS_BD":null,"FCLASS_UA":null,"FCLASS_TLC":null}},
{"type":"Feature","geometry":{"type":"Polygon","coordinates":[[[81.010229,30.164516],[80.19431,30.759208],[78.869351,31.314989],[77.806032,31.050508],[77.585063,30.382926],[77.831456,29.659895],[78.38057,29.761569],[79.443658,28.849583],[80.070699,28.830179],[80.401842,29.730253],[81.010229,30.164516]]]},"properties":{"featurecla":"Admin-1 scale rank","scalerank":2,"adm1_code":"IND-3254","diss_me":3254,"iso_3166_2":"IN-UT","wikipedia":null,"iso_a2":"IN","adm0_sr":1,"name":"Uttarakhand","name_alt":"Uttaranchal","name_local":null,"type":"State","type_en":"State","code_local":null,"code_hasc":"IN.UT","note":null,"hasc_maybe":null,"region":"Central","region_cod":null,"provnum_ne":20065,"gadm_level":1,"check_me":20,"datarank":1,"abbrev":null,"postal":"UT","area_sqkm":0,"sameascity":-99,"labelrank":2,"name_len":11,"mapcolor9":2,"mapcolor13":2,"fips":"IN39","fips_alt":null,"woe_id":20070462,"woe_label":"Uttarakhand, IN, India","woe_name":"Uttaranchal","latitude":30.0576,"longitude":79.2841,"sov_a3":"IND","adm0_a3":"IND","adm0_label":2,"admin":"India","geonunit":"India","gu_a3":"IND","gn_id":1444366,"gn_name":"State of Uttarakhand","gns_id":6240779,"gns_name":"Uttarakhand, State of","gn_level":1,"gn_region":null,"gn_a1_code":"IN.39","region_sub":null,"sub_code":null,"gns_level":1,"gns_lang":"eng","gns_adm1":"IN39","gns_region":null,"min_label":4.6,"max_label":10.1,"min_zoom":4.6,"wikidataid":"Q1499","name_ar":"أوتاراخند","name_bn":"উত্তরাখণ্ড","name_de":"Uttarakhand","name_en":"Uttarakhand","name_es":"Uttarakhand","name_fr":"Uttarakhand","name_el":"Ουταράχαντ","name_hi":"उत्तराखण्ड","name_hu":"Uttarakhand","name_id":"Uttarakhand","name_it":"Uttarakhand","name_ja":"ウッタラーカンド州","name_ko":"우타라칸드","name_nl":"Uttarakhand","name_pl":"Uttarakhand","name_pt":"Uttarakhand","name_ru":"Уттаракханд","name_sv":"Uttarakhand","name_tr":"Uttarakhand","name_vi":"Uttarakhand","name_zh":"北阿坎德邦","ne_id":1159314161,"name_he":"אוטראקהאנד","name_uk":"Уттаракханд","name_ur":"اتراکھنڈ","name_fa":"اوتاراکند","name_zht":"北阿坎德邦","FCLASS_ISO":null,"FCLASS_US":null,"FCLASS_FR":null,"FCLASS_RU":null,"FCLASS_ES":null,"FCLASS_CN":null,"FCLASS_TW":null,"FCLASS_IN":null,"FCLASS_NP":null,"FCLASS_PK":null,"FCLASS_DE":null,"FCLASS_GB":null,"FCLASS_BR":null,"FCLASS_IL":null,"FCLASS_PS":null,"FCLASS_SA":null,"FCLASS_EG":null,"FCLASS_MA":null,"FCLASS_PT":null,"FCLASS_AR":null,"FCLASS_JP":null,"FCLASS_KO":null,"FCLASS_VN":null,"FCLASS_TR":null,"FCLASS_ID":null,"FCLASS_PL":null,"FCLASS_GR":null,"FCLASS_IT":null,"FCLASS_NL":null,"FCLASS_SE":null,"FCLASS_BD":null,"FCLASS_UA":null,"FCLASS_TLC":null}},
{"type":"Feature","geometry":{"type":"Polygon","coordinates":[[[83.970203,22.539348],[85.974112,22.104594],[86.686523,22.218024],[86.749362,22.5448],[85.829831,23.260803],[87.661554,24.186198],[87.783717,25.214094],[87.050015,24.597026],[86.097722,24.690483],[84.471981,24.307354],[83.523099,24.529666],[83.337063,24.140232],[84.115,22.998855],[83.970203,22.539348]]]},"properties":{"featurecla":"Admin-1 scale rank","scalerank":2,"adm1_code":"IND-3256","diss_me":3256,"iso_3166_2":"IN-JH","wikipedia":null,"iso_a2":"IN","adm0_sr":1,"name":"Jharkhand","name_alt":"Vananchal","name_local":null,"type":"State","type_en":"State","code_local":null,"code_hasc":"IN.JH","note":null,"hasc_maybe":null,"region":"East","region_cod":null,"provnum_ne":20061,"gadm_level":1,"check_me":20,"datarank":1,"abbrev":null,"postal":"JH","area_sqkm":0,"sameascity":-99,"labelrank":2,"name_len":9,"mapcolor9":2,"mapcolor13":2,"fips":"IN38","fips_alt":"IN04|IN34","woe_id":20070463,"woe_label":"Jharkhand, IN, India","woe_name":"Jharkhand","latitude":23.5221,"longitude":85.0584,"sov_a3":"IND","adm0_a3":"IND","adm0_label":2,"admin":"India","geonunit":"India","gu_a3":"IND","gn_id":1444365,"gn_name":"State of Jharkhand","gns_id":6240778,"gns_name":"Jharkhand, State of","gn_level":1,"gn_region":null,"gn_a1_code":"IN.38","region_sub":null,"sub_code":null,"gns_level":1,"gns_lang":"eng","gns_adm1":"IN38","gns_region":null,"min_label":4.6,"max_label":10.1,"min_zoom":4.6,"wikidataid":"Q1184","name_ar":"جهارخاند","name_bn":"ঝাড়খণ্ড","name_de":"Jharkhand","name_en":"Jharkhand","name_es":"Jharkhand","name_fr":"Jharkhand","name_el":"Τζαρχάντ","name_hi":"झारखण्ड","name_hu":"Dzshárkhand","name_id":"Jharkhand","name_it":"Jharkhand","name_ja":"ジャールカンド州","name_ko":"자르칸드","name_nl":"Jharkhand","name_pl":"Jharkhand","name_pt":"Jharkhand","name_ru":"Джаркханд","name_sv":"Jharkhand","name_tr":"Jharkhand","name_vi":"Jharkhand","name_zh":"贾坎德邦","ne_id":1159314163,"name_he":"ג'הרקאנד","name_uk":"Джхаркханд","name_ur":"جھاڑکھنڈ","name_fa":"جارکند","name_zht":"賈坎德邦","FCLASS_ISO":null,"FCLASS_US":null,"FCLASS_FR":null,"FCLASS_RU":null,"FCLASS_ES":null,"FCLASS_CN":null,"FCLASS_TW":null,"FCLASS_IN":null,"FCLASS_NP":null,"FCLASS_PK":null,"FCLASS_DE":null,"FCLASS_GB":null,"FCLASS_BR":null,"FCLASS_IL":null,"FCLASS_PS":null,"FCLASS_SA":null,"FCLASS_EG":null,"FCLASS_MA":null,"FCLASS_PT":null,"FCLASS_AR":null,"FCLASS_JP":null,"FCLASS_KO":null,"FCLASS_VN":null,"FCLASS_TR":null,"FCLASS_ID":null,"FCLASS_PL":null,"FCLASS_GR":null,"FCLASS_IT":null,"FCLASS_NL":null,"FCLASS_SE":null,"FCLASS_BD":null,"FCLASS_UA":null,"FCLASS_TLC":null}},
{"type":"Feature","geometry":{"type":"Polygon","coordinates":[[[88.7562,27.148801],[88.000898,27.248035],[88.093596,26.536846],[87.783717,25.214094],[87.661554,24.186198],[85.829831,23.260803],[86.749362,22.5448],[86.686523,22.218024],[87.478635,21.608108],[89.05166,21.654102],[88.740868,23.436606],[88.733582,24.230924],[88.145452,24.485793],[88.452307,25.574434],[88.44037,26.369502],[89.687784,26.195384],[89.860038,26.713565],[88.7562,27.148801]]]},"properties":{"featurecla":"Admin-1 scale rank","scalerank":2,"adm1_code":"IND-3257","diss_me":3257,"iso_3166_2":"IN-WB","wikipedia":null,"iso_a2":"IN","adm0_sr":4,"name":"West Bengal","name_alt":"Bangla|Bengala Occidentale|Bengala Ocidental|Bengale occidental","name_local":null,"type":"State","type_en":"State","code_local":null,"code_hasc":"IN.WB","note":null,"hasc_maybe":null,"region":"East","region_cod":null,"provnum_ne":20010,"gadm_level":1,"check_me":20,"datarank":1,"abbrev":null,"postal":"WB","area_sqkm":0,"sameascity":-99,"labelrank":2,"name_len":11,"mapcolor9":2,"mapcolor13":2,"fips":"IN28","fips_alt":null,"woe_id":2345761,"woe_label":"West Bengal, IN, India","woe_name":"West Bengal","latitude":23.0523,"longitude":87.7289,"sov_a3":"IND","adm0_a3":"IND","adm0_label":2,"admin":"India","geonunit":"India","gu_a3":"IND","gn_id":1252881,"gn_name":"State of West Bengal","gns_id":-2114741,"gns_name":"West Bengal, State of","gn_level":1,"gn_region":null,"gn_a1_code":"IN.28","region_sub":null,"sub_code":null,"gns_level":1,"gns_lang":"nld","gns_adm1":"IN28","gns_region":null,"min_label":4.6,"max_label":10.1,"min_zoom":4.6,"wikidataid":"Q1356","name_ar":"بنغال الغربية","name_bn":"পশ্চিমবঙ্গ","name_de":"Westbengalen","name_en":"West Bengal","name_es":"Bengala Occidental","name_fr":"Bengale-Occidental","name_el":"Δυτική Βεγγάλη","name_hi":"पश्चिम बंगाल","name_hu":"Nyugat-Bengál","name_id":"Benggala Barat","name_it":"Bengala Occidentale","name_ja":"西ベンガル州","name_ko":"서벵골","name_nl":"West-Bengalen","name_pl":"Bengal Zachodni","name_pt":"Bengala Ocidental","name_ru":"Западная Бенгалия","name_sv":"Västbengalen","name_tr":"Batı Bengal","name_vi":"Tây Bengal","name_zh":"西孟加拉邦","ne_id":1159313981,"name_he":"מערב בנגל","name_uk":"Західний Бенгал","name_ur":"مغربی بنگال","name_fa":"بنگال غربی","name_zht":"西孟加拉邦","FCLASS_ISO":null,"FCLASS_US":null,"FCLASS_FR":null,"FCLASS_RU":null,"FCLASS_ES":null,"FCLASS_CN":null,"FCLASS_TW":null,"FCLASS_IN":null,"FCLASS_NP":null,"FCLASS_PK":null,"FCLASS_DE":null,"FCLASS_GB":null,"FCLASS_BR":null,"FCLASS_IL":null,"FCLASS_PS":null,"FCLASS_SA":null,"FCLASS_EG":null,"FCLASS_MA":null,"FCLASS_PT":null,"FCLASS_AR":null,"FCLASS_JP":null,"FCLASS_KO":null,"FCLASS_VN":null,"FCLASS_TR":null,"FCLASS_ID":null,"FCLASS_PL":null,"FCLASS_GR":null,"FCLASS_IT":null,"FCLASS_NL":null,"FCLASS_SE":null,"FCLASS_BD":null,"FCLASS_UA":null,"FCLASS_TLC":null}},
{"type":"Feature","geometry":{"type":"Polygon","coordinates":[[[83.828816,27.377812],[84.246362,26.757049],[83.992734,26.241138],[84.238921,25.64797],[83.384089,25.235928],[83.523099,24.529666],[84.471981,24.307354],[86.097722,24.690483],[87.050015,24.597026],[87.783717,25.214094],[88.093596,26.536846],[85.293016,26.741004],[84.610216,27.298696],[83.828816,27.377812]]]},"properties":{"featurecla":"Admin-1 scale rank","scalerank":2,"adm1_code":"IND-3258","diss_me":3258,"iso_3166_2":"IN-BR","wikipedia":null,"iso_a2":"IN","adm0_sr":1,"name":"Bihar","name_alt":null,"name_local":null,"type":"State","type_en":"State","code_local":null,"code_hasc":"IN.BR","note":null,"hasc_maybe":null,"region":"East","region_cod":null,"provnum_ne":20053,"gadm_level":1,"check_me":20,"datarank":1,"abbrev":null,"postal":"BR","area_sqkm":0,"sameascity":-99,"labelrank":2,"name_len":5,"mapcolor9":2,"mapcolor13":2,"fips":"IN34","fips_alt":null,"woe_id":2345742,"woe_label":"Bihar, IN, India","woe_name":"Bihar","latitude":25.6853,"longitude":85.8134,"sov_a3":"IND","adm0_a3":"IND","adm0_label":2,"admin":"India","geonunit":"India","gu_a3":"IND","gn_id":1275715,"gn_name":"State of Bihar","gns_id":-2091798,"gns_name":"Bihar State of","gn_level":1,"gn_region":null,"gn_a1_code":"IN.34","region_sub":null,"sub_code":null,"gns_level":1,"gns_lang":"nld","gns_adm1":"IN34","gns_region":null,"min_label":4.6,"max_label":10.1,"min_zoom":4.6,"wikidataid":"Q1165","name_ar":"بهار","name_bn":"বিহার","name_de":"Bihar","name_en":"Bihar","name_es":"Bihar","name_fr":"Bihar","name_el":"Μπιχάρ","name_hi":"बिहार","name_hu":"Bihár","name_id":"Bihar","name_it":"Bihar","name_ja":"ビハール州","name_ko":"비하르","name_nl":"Bihar","name_pl":"Bihar","name_pt":"Bihar","name_ru":"Бихар","name_sv":"Bihar","name_tr":"Bihar","name_vi":"Bihar","name_zh":"比哈尔邦","ne_id":1159314167,"name_he":"ביהר","name_uk":"Біхар","name_ur":"بہار","name_fa":"بیهار","name_zht":"比哈爾邦","FCLASS_ISO":null,"FCLASS_US":null,"FCLASS_FR":null,"FCLASS_RU":null,"FCLASS_ES":null,"FCLASS_CN":null,"FCLASS_TW":null,"FCLASS_IN":null,"FCLASS_NP":null,"FCLASS_PK":null,"FCLASS_DE":null,"FCLASS_GB":null,"FCLASS_BR":null,"FCLASS_IL":null,"FCLASS_PS":null,"FCLASS_SA":null,"FCLASS_EG":null,"FCLASS_MA":null,"FCLASS_PT":null,"FCLASS_AR":null,"FCLASS_JP":null,"FCLASS_KO":null,"FCLASS_VN":null,"FCLASS_TR":null,"FCLASS_ID":null,"FCLASS_PL":null,"FCLASS_GR":null,"FCLASS_IT":null,"FCLASS_NL":null,"FCLASS_SE":null,"FCLASS_BD":null,"FCLASS_UA":null,"FCLASS_TLC":null}},
{"type":"Feature","geometry":{"type":"Polygon","coordinates":[[[80.270377,18.71369],[81.39403,17.806691],[82.224987,19.015196],[81.939629,20.104665],[82.668164,21.155479],[83.198261,21.172558],[83.605367,22.195984],[83.970203,22.539348],[84.115,22.998855],[83.337063,24.140232],[82.800869,23.998716],[81.76641,22.663992],[81.122522,22.400519],[80.679034,21.351152],[80.575992,19.391969],[80.270377,18.71369]]]},"properties":{"featurecla":"Admin-1 scale rank","scalerank":2,"adm1_code":"IND-3260","diss_me":3260,"iso_3166_2":"IN-CT","wikipedia":null,"iso_a2":"IN","adm0_sr":1,"name":"Chhattisgarh","name_alt":null,"name_local":null,"type":"State","type_en":"State","code_local":null,"code_hasc":"IN.CT","note":null,"hasc_maybe":null,"region":"Central","region_cod":null,"provnum_ne":20054,"gadm_level":1,"check_me":20,"datarank":1,"abbrev":null,"postal":"CT","area_sqkm":0,"sameascity":-99,"labelrank":2,"name_len":12,"mapcolor9":2,"mapcolor13":2,"fips":"IN37","fips_alt":"IN02","woe_id":20070464,"woe_label":"Chhattisgarh, IN, India","woe_name":"Chhattisgarh","latitude":21.8044,"longitude":82.3069,"sov_a3":"IND","adm0_a3":"IND","adm0_label":2,"admin":"India","geonunit":"India","gu_a3":"IND","gn_id":1444364,"gn_name":"State of Chhattisgarh","gns_id":6240777,"gns_name":"Chhattisgarh, State of","gn_level":1,"gn_region":null,"gn_a1_code":"IN.37","region_sub":null,"sub_code":null,"gns_level":1,"gns_lang":"eng","gns_adm1":"IN37","gns_region":null,"min_label":4.6,"max_label":10.1,"min_zoom":4.6,"wikidataid":"Q1168","name_ar":"تشاتيسغار","name_bn":"ছত্তিশগড়","name_de":"Chhattisgarh","name_en":"Chhattisgarh","name_es":"Chhattisgarh","name_fr":"Chhattisgarh","name_el":"Τσατίσγκαρ","name_hi":"छत्तीसगढ़","name_hu":"Cshattíszgarh","name_id":"Chhattisgarh","name_it":"Chhattisgarh","name_ja":"チャッティースガル州","name_ko":"차티스가르","name_nl":"Chhattisgarh","name_pl":"Chhattisgarh","name_pt":"Chhattisgarh","name_ru":"Чхаттисгарх","name_sv":"Chhattisgarh","name_tr":"Chhattisgarh","name_vi":"Chhattisgarh","name_zh":"恰蒂斯加尔邦","ne_id":1159314171,"name_he":"צ'האטיסגאר","name_uk":"Чхаттісґарх","name_ur":"چھتیس گڑھ","name_fa":"چتیسگر","name_zht":"恰蒂斯加爾邦","FCLASS_ISO":null,"FCLASS_US":null,"FCLASS_FR":null,"FCLASS_RU":null,"FCLASS_ES":null,"FCLASS_CN":null,"FCLASS_TW":null,"FCLASS_IN":null,"FCLASS_NP":null,"FCLASS_PK":null,"FCLASS_DE":null,"FCLASS_GB":null,"FCLASS_BR":null,"FCLASS_IL":null,"FCLASS_PS":null,"FCLASS_SA":null,"FCLASS_EG":null,"FCLASS_MA":null,"FCLASS_PT":null,"FCLASS_AR":null,"FCLASS_JP":null,"FCLASS_KO":null,"FCLASS_VN":null,"FCLASS_TR":null,"FCLASS_ID":null,"FCLASS_PL":null,"FCLASS_GR":null,"FCLASS_IT":null,"FCLASS_NL":null,"FCLASS_SE":null,"FCLASS_BD":null,"FCLASS_UA":null,"FCLASS_TLC":null}},
{"type":"Feature","geometry":{"type":"Polygon","coordinates":[[[80.679034,21.351152],[81.122522,22.400519],[81.76641,22.663992],[82.800869,23.998716],[82.423631,24.647514],[81.585232,25.079632],[80.778667,24.971499],[80.283606,25.41447],[79.468152,25.103843],[78.370545,25.552678],[79.060839,26.355084],[78.200116,26.823583],[76.478361,25.7198],[76.913476,25.309308],[76.766612,24.160334],[75.805017,24.119122],[75.758818,24.777377],[74.806525,24.735777],[74.939023,23.687366],[74.323453,23.036062],[74.12884,21.951761],[75.31192,21.38146],[76.614063,21.202479],[77.332985,21.774459],[77.578035,21.384457],[78.413333,21.606304],[80.186661,21.63948],[80.679034,21.351152]]]},"properties":{"featurecla":"Admin-1 scale rank","scalerank":2,"adm1_code":"IND-3261","diss_me":3261,"iso_3166_2":"IN-MP","wikipedia":null,"iso_a2":"IN","adm0_sr":1,"name":"Madhya Pradesh","name_alt":null,"name_local":null,"type":"State","type_en":"State","code_local":null,"code_hasc":"IN.MP","note":null,"hasc_maybe":null,"region":"Central","region_cod":null,"provnum_ne":20056,"gadm_level":1,"check_me":20,"datarank":1,"abbrev":null,"postal":"MP","area_sqkm":0,"sameascity":-99,"labelrank":2,"name_len":14,"mapcolor9":2,"mapcolor13":2,"fips":"IN35","fips_alt":"IN15","woe_id":2345749,"woe_label":"Madhya Pradesh, IN, India","woe_name":"Madhya Pradesh","latitude":22.9404,"longitude":78.4214,"sov_a3":"IND","adm0_a3":"IND","adm0_label":2,"admin":"India","geonunit":"India","gu_a3":"IND","gn_id":1264542,"gn_name":"State of Madhya Pradesh","gns_id":-2103026,"gns_name":"Madhya Pradesh, State of","gn_level":1,"gn_region":null,"gn_a1_code":"IN.35","region_sub":null,"sub_code":null,"gns_level":1,"gns_lang":"nld","gns_adm1":"IN35","gns_region":null,"min_label":4.6,"max_label":10.1,"min_zoom":4.6,"wikidataid":"Q1188","name_ar":"ماديا براديش","name_bn":"মধ্যপ্রদেশ","name_de":"Madhya Pradesh","name_en":"Madhya Pradesh","name_es":"Madhya Pradesh","name_fr":"Madhya Pradesh","name_el":"Μαντία Πραντές","name_hi":"मध्य प्रदेश","name_hu":"Madhja Prades","name_id":"Madhya Pradesh","name_it":"Madhya Pradesh","name_ja":"マディヤ・プラデーシュ州","name_ko":"마디아프라데시","name_nl":"Madhya Pradesh","name_pl":"Madhya Pradesh","name_pt":"Madhya Pradesh","name_ru":"Мадхья-Прадеш","name_sv":"Madhya Pradesh","name_tr":"Madhya Pradeş","name_vi":"Madhya Pradesh","name_zh":"中央邦","ne_id":1159314173,"name_he":"מאדהיה פרדש","name_uk":"Мадх'я-Прадеш","name_ur":"مدھیہ پردیش","name_fa":"مادایا پرادش","name_zht":"中央邦","FCLASS_ISO":null,"FCLASS_US":null,"FCLASS_FR":null,"FCLASS_RU":null,"FCLASS_ES":null,"FCLASS_CN":null,"FCLASS_TW":null,"FCLASS_IN":null,"FCLASS_NP":null,"FCLASS_PK":null,"FCLASS_DE":null,"FCLASS_GB":null,"FCLASS_BR":null,"FCLASS_IL":null,"FCLASS_PS":null,"FCLASS_SA":null,"FCLASS_EG":null,"FCLASS_MA":null,"FCLASS_PT":null,"FCLASS_AR":null,"FCLASS_JP":null,"FCLASS_KO":null,"FCLASS_VN":null,"FCLASS_TR":null,"FCLASS_ID":null,"FCLASS_PL":null,"FCLASS_GR":null,"FCLASS_IT":null,"FCLASS_NL":null,"FCLASS_SE":null,"FCLASS_BD":null,"FCLASS_UA":null,"FCLASS_TLC":null}},
{"type":"Feature","geometry":null,"properties":{"featurecla":"Admin-1 scale rank","scalerank":2,"adm1_code":"IND-3262","diss_me":3262,"iso_3166_2":"IN-PY","wikipedia":null,"iso_a2":"IN","adm0_sr":1,"name":"Puducherry","name_alt":"Pondicherry|Puduchcheri|Pondichéry","name_local":null,"type":"Union Territor","type_en":"Union Territory","code_local":null,"code_hasc":"IN.PY","note":null,"hasc_maybe":null,"region":"South","region_cod":null,"provnum_ne":20001,"gadm_level":1,"check_me":20,"datarank":1,"abbrev":null,"postal":"PY","area_sqkm":0,"sameascity":-99,"labelrank":2,"name_len":10,"mapcolor9":2,"mapcolor13":2,"fips":"IN22","fips_alt":null,"woe_id":20070459,"woe_label":"Puducherry, IN, India","woe_name":"Puducherry","latitude":10.9224,"longitude":79.7758,"sov_a3":"IND","adm0_a3":"IND","adm0_label":2,"admin":"India","geonunit":"India","gu_a3":"IND","gn_id":1259424,"gn_name":"Union Territory of Puducherry","gns_id":-2108166,"gns_name":"Puducherry, Union Territory of","gn_level":1,"gn_region":null,"gn_a1_code":"IN.22","region_sub":null,"sub_code":null,"gns_level":1,"gns_lang":"nld","gns_adm1":"IN22","gns_region":null,"min_label":4.6,"max_label":10.1,"min_zoom":4.6,"wikidataid":"Q66743","name_ar":"بودوتشيري","name_bn":"পুদুচেরি","name_de":"Puducherry","name_en":"Puducherry","name_es":"Puducherry","name_fr":"Territoire de Pondichéry","name_el":"Ποντιτσερί","name_hi":"पुदुच्चेरी","name_hu":"Puduccseri","name_id":"Puducherry","name_it":"Pondicherry","name_ja":"ポンディシェリ連邦直轄領","name_ko":"푸두체리","name_nl":"Puducherry","name_pl":"Puducherry","name_pt":"Puducherry","name_ru":"Пондичерри","name_sv":"Pondicherry","name_tr":"Puduçeri","name_vi":"Puducherry","name_zh":"本地治里","ne_id":1159314175,"name_he":"פודוצ'רי","name_uk":"Пудучеррі","name_ur":"پونڈیچری","name_fa":"پودوچری","name_zht":"本地治里","FCLASS_ISO":null,"FCLASS_US":null,"FCLASS_FR":null,"FCLASS_RU":null,"FCLASS_ES":null,"FCLASS_CN":null,"FCLASS_TW":null,"FCLASS_IN":null,"FCLASS_NP":null,"FCLASS_PK":null,"FCLASS_DE":null,"FCLASS_GB":null,"FCLASS_BR":null,"FCLASS_IL":null,"FCLASS_PS":null,"FCLASS_SA":null,"FCLASS_EG":null,"FCLASS_MA":null,"FCLASS_PT":null,"FCLASS_AR":null,"FCLASS_JP":null,"FCLASS_KO":null,"FCLASS_VN":null,"FCLASS_TR":null,"FCLASS_ID":null,"FCLASS_PL":null,"FCLASS_GR":null,"FCLASS_IT":null,"FCLASS_NL":null,"FCLASS_SE":null,"FCLASS_BD":null,"FCLASS_UA":null,"FCLASS_TLC":null}},
{"type":"Feature","geometry":{"type":"Polygon","coordinates":[[[79.850195,10.768848],[79.849425,10.979844],[79.812867,11.832394],[79.848488,11.954472],[80.229102,12.690332],[80.231198,13.467614],[78.229572,12.759893],[77.609351,12.672793],[77.433858,11.811527],[76.415936,11.666833],[77.276968,10.210101],[77.109654,8.28424],[77.517578,8.07832],[78.060156,8.38457],[78.19248,8.890869],[78.97959,9.268555],[78.996289,9.683105],[79.850195,10.768848]]]},"properties":{"featurecla":"Admin-1 scale rank","scalerank":2,"adm1_code":"IND-3263","diss_me":3263,"iso_3166_2":"IN-TN","wikipedia":null,"iso_a2":"IN","adm0_sr":1,"name":"Tamil Nadu","name_alt":null,"name_local":null,"type":"State","type_en":"State","code_local":null,"code_hasc":"IN.TN","note":null,"hasc_maybe":"IN.TN|IND-TNA","region":"South","region_cod":null,"provnum_ne":20002,"gadm_level":1,"check_me":20,"datarank":1,"abbrev":null,"postal":"TN","area_sqkm":0,"sameascity":-99,"labelrank":2,"name_len":10,"mapcolor9":2,"mapcolor13":2,"fips":"IN22","fips_alt":"IN25","woe_id":2345758,"woe_label":"Tamil Nadu, IN, India","woe_name":"Tamil Nadu","latitude":11.0159,"longitude":78.2704,"sov_a3":"IND","adm0_a3":"IND","adm0_label":2,"admin":"India","geonunit":"India","gu_a3":"IND","gn_id":1255053,"gn_name":"State of Tamil Nadu","gns_id":-2112557,"gns_name":"Tamil Nadu, State of","gn_level":1,"gn_region":null,"gn_a1_code":"IN.25","region_sub":null,"sub_code":null,"gns_level":1,"gns_lang":"nld","gns_adm1":"IN25","gns_region":null,"min_label":4.6,"max_label":10.1,"min_zoom":4.6,"wikidataid":"Q1445","name_ar":"تاميل نادو","name_bn":"তামিলনাড়ু","name_de":"Tamil Nadu","name_en":"Tamil Nadu","name_es":"Tamil Nadu","name_fr":"Tamil Nadu","name_el":"Ταμίλ Ναντού","name_hi":"तमिल नाडु","name_hu":"Tamilnádu","name_id":"Tamil Nadu","name_it":"Tamil Nadu","name_ja":"タミル・ナードゥ州","name_ko":"타밀나두","name_nl":"Tamil Nadu","name_pl":"Tamilnadu","name_pt":"Tamil Nadu","name_ru":"Тамилнад","name_sv":"Tamil Nadu","name_tr":"Tamil Nadu","name_vi":"Tamil Nadu","name_zh":"泰米尔纳德邦","ne_id":1159314177,"name_he":"טאמיל נאדו","name_uk":"Тамілнаду","name_ur":"تامل ناڈو","name_fa":"تامیل نادو","name_zht":"坦米爾納杜邦","FCLASS_ISO":null,"FCLASS_US":null,"FCLASS_FR":null,"FCLASS_RU":null,"FCLASS_ES":null,"FCLASS_CN":null,"FCLASS_TW":null,"FCLASS_IN":null,"FCLASS_NP":null,"FCLASS_PK":null,"FCLASS_DE":null,"FCLASS_GB":null,"FCLASS_BR":null,"FCLASS_IL":null,"FCLASS_PS":null,"FCLASS_SA":null,"FCLASS_EG":null,"FCLASS_MA":null,"FCLASS_PT":null,"FCLASS_AR":null,"FCLASS_JP":null,"FCLASS_KO":null,"FCLASS_VN":null,"FCLASS_TR":null,"FCLASS_ID":null,"FCLASS_PL":null,"FCLASS_GR":null,"FCLASS_IT":null,"FCLASS_NL":null,"FCLASS_SE":null,"FCLASS_BD":null,"FCLASS_UA":null,"FCLASS_TLC":null}},
{"type":"Feature","geometry":{"type":"Polygon","coordinates":[[[71.047891,24.687744],[69.716189,24.172608],[68.728136,24.265625],[68.165039,23.857324],[68.640723,23.189941],[70.177246,22.572754],[69.008789,22.196777],[70.127344,21.094678],[71.024609,20.738867],[72.015234,21.155713],[72.332617,22.270215],[72.813867,21.117188],[72.708984,20.078027],[72.947207,20.127402],[73.166315,20.114871],[74.12884,21.951761],[74.323453,23.036062],[73.361652,23.784233],[72.897391,24.360581],[71.947888,24.662629],[71.047891,24.687744]]]},"properties":{"featurecla":"Admin-1 scale rank","scalerank":2,"adm1_code":"IND-3264","diss_me":3264,"iso_3166_2":"IN-GJ","wikipedia":null,"iso_a2":"IN","adm0_sr":1,"name":"Gujarat","name_alt":null,"name_local":null,"type":null,"type_en":null,"code_local":null,"code_hasc":"IN.GJ","note":null,"hasc_maybe":null,"region":"West","region_cod":null,"provnum_ne":20064,"gadm_level":1,"check_me":20,"datarank":1,"abbrev":null,"postal":null,"area_sqkm":0,"sameascity":-99,"labelrank":2,"name_len":7,"mapcolor9":2,"mapcolor13":2,"fips":"IN32","fips_alt":null,"woe_id":2345743,"woe_label":"Gujarat, IN, India","woe_name":"Gujarat","latitude":22.7501,"longitude":71.3013,"sov_a3":"IND","adm0_a3":"IND","adm0_label":2,"admin":"India","geonunit":"India","gu_a3":"IND","gn_id":1270770,"gn_name":"State of Gujarat","gns_id":-2096768,"gns_name":"Gujarat, State of","gn_level":1,"gn_region":null,"gn_a1_code":"IN.09","region_sub":null,"sub_code":null,"gns_level":1,"gns_lang":"nld","gns_adm1":"IN09","gns_region":null,"min_label":4.6,"max_label":10.1,"min_zoom":4.6,"wikidataid":"Q1061","name_ar":"كجرات","name_bn":"গুজরাত","name_de":"Gujarat","name_en":"Gujarat","name_es":"Guyarat","name_fr":"Gujarat","name_el":"Γκουτζαράτ","name_hi":"गुजरात","name_hu":"Gudzsarát","name_id":"Gujarat","name_it":"Gujarat","name_ja":"グジャラート州","name_ko":"구자라트","name_nl":"Gujarat","name_pl":"Gudźarat","name_pt":"Gujarate","name_ru":"Гуджарат","name_sv":"Gujarat","name_tr":"Gucerat","name_vi":"Gujarat","name_zh":"古吉拉特邦","ne_id":1159314179,"name_he":"גוג'ראט","name_uk":"Гуджарат","name_ur":"گجرات","name_fa":"گجرات","name_zht":"古吉拉特邦","FCLASS_ISO":null,"FCLASS_US":null,"FCLASS_FR":null,"FCLASS_RU":null,"FCLASS_ES":null,"FCLASS_CN":null,"FCLASS_TW":null,"FCLASS_IN":null,"FCLASS_NP":null,"FCLASS_PK":null,"FCLASS_DE":null,"FCLASS_GB":null,"FCLASS_BR":null,"FCLASS_IL":null,"FCLASS_PS":null,"FCLASS_SA":null,"FCLASS_EG":null,"FCLASS_MA":null,"FCLASS_PT":null,"FCLASS_AR":null,"FCLASS_JP":null,"FCLASS_KO":null,"FCLASS_VN":null,"FCLASS_TR":null,"FCLASS_ID":null,"FCLASS_PL":null,"FCLASS_GR":null,"FCLASS_IT":null,"FCLASS_NL":null,"FCLASS_SE":null,"FCLASS_BD":null,"FCLASS_UA":null,"FCLASS_TLC":null}},
{"type":"Feature","geometry":{"type":"Polygon","coordinates":[[[91.631906,27.75996],[92.072848,26.920914],[93.694674,27.005949],[93.982512,27.327712],[95.31318,27.895791],[95.903738,27.276087],[95.176444,27.033182],[95.246448,26.654794],[96.061455,27.217099],[96.665759,27.339262],[97.322515,28.217994],[96.602662,28.459917],[96.035306,29.447143],[95.420202,29.054299],[94.62299,29.312423],[93.206539,28.590813],[92.664349,27.94894],[91.631906,27.75996]]]},"properties":{"featurecla":"Admin-1 scale rank","scalerank":2,"adm1_code":"IND-3299","diss_me":3299,"iso_3166_2":"IN-AR","wikipedia":null,"iso_a2":"IN","adm0_sr":1,"name":"Arunachal Pradesh","name_alt":"Agence de la Frontisre du Nord-Est(French-obsolete)|North East Frontier Agency","name_local":null,"type":"State","type_en":"State","code_local":null,"code_hasc":"IN.AR","note":null,"hasc_maybe":null,"region":"Northeast","region_cod":null,"provnum_ne":20045,"gadm_level":1,"check_me":20,"datarank":1,"abbrev":null,"postal":"AR","area_sqkm":0,"sameascity":-99,"labelrank":2,"name_len":17,"mapcolor9":2,"mapcolor13":2,"fips":"IN30","fips_alt":null,"woe_id":2345763,"woe_label":"Arunachal Pradesh, IN, India","woe_name":"Arunachal Pradesh","latitude":28.4056,"longitude":94.4673,"sov_a3":"IND","adm0_a3":"IND","adm0_label":5,"admin":"India","geonunit":"India","gu_a3":"IND","gn_id":1278341,"gn_name":"State of Arunachal Pradesh","gns_id":-2089163,"gns_name":"Arunachal Pradesh, State of","gn_level":1,"gn_region":null,"gn_a1_code":"IN.30","region_sub":null,"sub_code":null,"gns_level":1,"gns_lang":"nld","gns_adm1":"IN30","gns_region":null,"min_label":4.6,"max_label":10.1,"min_zoom":4.6,"wikidataid":"Q1162","name_ar":"أروناجل برديش","name_bn":"অরুণাচল প্রদেশ","name_de":"Arunachal Pradesh","name_en":"Arunachal Pradesh","name_es":"Arunachal Pradesh","name_fr":"Arunachal Pradesh","name_el":"Αρουνάτσαλ Πραντές","name_hi":"अरुणाचल प्रदेश","name_hu":"Arunácsal Prades","name_id":"Arunachal Pradesh","name_it":"Arunachal Pradesh","name_ja":"アルナーチャル・プラデーシュ州","name_ko":"아루나찰프라데시","name_nl":"Arunachal Pradesh","name_pl":"Arunachal Pradesh","name_pt":"Arunachal Pradesh","name_ru":"Аруначал-Прадеш","name_sv":"Arunachal Pradesh","name_tr":"Arunaçhal Pradesh","name_vi":"Arunachal Pradesh","name_zh":"阿鲁纳恰尔邦","ne_id":1159315223,"name_he":"ארונאצ'ל פרדש","name_uk":"Аруначал-Прадеш","name_ur":"اروناچل پردیش","name_fa":"آروناچال پرادش","name_zht":"阿魯納恰爾邦","FCLASS_ISO":null,"FCLASS_US":null,"FCLASS_FR":null,"FCLASS_RU":null,"FCLASS_ES":null,"FCLASS_CN":"Unrecognized","FCLASS_TW":null,"FCLASS_IN":null,"FCLASS_NP":null,"FCLASS_PK":null,"FCLASS_DE":null,"FCLASS_GB":null,"FCLASS_BR":null,"FCLASS_IL":null,"FCLASS_PS":null,"FCLASS_SA":null,"FCLASS_EG":null,"FCLASS_MA":null,"FCLASS_PT":null,"FCLASS_AR":null,"FCLASS_JP":null,"FCLASS_KO":null,"FCLASS_VN":null,"FCLASS_TR":null,"FCLASS_ID":null,"FCLASS_PL":null,"FCLASS_GR":null,"FCLASS_IT":null,"FCLASS_NL":null,"FCLASS_SE":null,"FCLASS_BD":null,"FCLASS_UA":null,"FCLASS_TLC":null}},
{"type":"Feature","geometry":{"type":"Polygon","coordinates":[[[93.312122,24.032525],[93.018436,24.399131],[92.29848,24.23772],[92.24608,23.683619],[92.561255,22.048034],[92.964538,22.003774],[93.366012,23.132516],[93.312122,24.032525]]]},"properties":{"featurecla":"Admin-1 scale rank","scalerank":2,"adm1_code":"IND-3300","diss_me":3300,"iso_3166_2":"IN-MZ","wikipedia":null,"iso_a2":"IN","adm0_sr":1,"name":"Mizoram","name_alt":null,"name_local":null,"type":"State","type_en":"State","code_local":null,"code_hasc":"IN.MZ","note":null,"hasc_maybe":null,"region":"Northeast","region_cod":null,"provnum_ne":20047,"gadm_level":1,"check_me":20,"datarank":1,"abbrev":null,"postal":"MZ","area_sqkm":0,"sameascity":-99,"labelrank":2,"name_len":7,"mapcolor9":2,"mapcolor13":2,"fips":"IN31","fips_alt":null,"woe_id":20070461,"woe_label":"Mizoram, IN, India","woe_name":"Mizoram","latitude":23.2037,"longitude":92.8409,"sov_a3":"IND","adm0_a3":"IND","adm0_label":2,"admin":"India","geonunit":"India","gu_a3":"IND","gn_id":1262963,"gn_name":"State of Mizoram","gns_id":-2104612,"gns_name":"Mizoram, State of","gn_level":1,"gn_region":null,"gn_a1_code":"IN.31","region_sub":null,"sub_code":null,"gns_level":1,"gns_lang":"nld","gns_adm1":"IN31","gns_region":null,"min_label":4.6,"max_label":10.1,"min_zoom":4.6,"wikidataid":"Q1502","name_ar":"ميزورام","name_bn":"মিজোরাম","name_de":"Mizoram","name_en":"Mizoram","name_es":"Mizoram","name_fr":"Mizoram","name_el":"Μιζόραμ","name_hi":"मिज़ोरम","name_hu":"Mizoram","name_id":"Mizoram","name_it":"Mizoram","name_ja":"ミゾラム州","name_ko":"미조람","name_nl":"Mizoram","name_pl":"Mizoram","name_pt":"Mizoram","name_ru":"Мизорам","name_sv":"Mizoram","name_tr":"Mizoram","name_vi":"Mizoram","name_zh":"米佐拉姆邦","ne_id":1159315237,"name_he":"מיזוראם","name_uk":"Мізорам","name_ur":"میزورم","name_fa":"میزورام","name_zht":"米佐拉姆邦","FCLASS_ISO":null,"FCLASS_US":null,"FCLASS_FR":null,"FCLASS_RU":null,"FCLASS_ES":null,"FCLASS_CN":null,"FCLASS_TW":null,"FCLASS_IN":null,"FCLASS_NP":null,"FCLASS_PK":null,"FCLASS_DE":null,"FCLASS_GB":null,"FCLASS_BR":null,"FCLASS_IL":null,"FCLASS_PS":null,"FCLASS_SA":null,"FCLASS_EG":null,"FCLASS_MA":null,"FCLASS_PT":null,"FCLASS_AR":null,"FCLASS_JP":null,"FCLASS_KO":null,"FCLASS_VN":null,"FCLASS_TR":null,"FCLASS_ID":null,"FCLASS_PL":null,"FCLASS_GR":null,"FCLASS_IT":null,"FCLASS_NL":null,"FCLASS_SE":null,"FCLASS_BD":null,"FCLASS_UA":null,"FCLASS_TLC":null}},
{"type":"Feature","geometry":{"type":"Polygon","coordinates":[[[92.24608,23.683619],[92.29848,24.23772],[92.139065,24.545276],[91.367064,24.093517],[91.160462,23.660623],[91.619555,22.979683],[92.24608,23.683619]]]},"properties":{"featurecla":"Admin-1 scale rank","scalerank":2,"adm1_code":"IND-3301","diss_me":3301,"iso_3166_2":"IN-TR","wikipedia":null,"iso_a2":"IN","adm0_sr":1,"name":"Tripura","name_alt":null,"name_local":null,"type":"State","type_en":"State","code_local":null,"code_hasc":"IN.TR","note":null,"hasc_maybe":null,"region":"Northeast","region_cod":null,"provnum_ne":20050,"gadm_level":1,"check_me":20,"datarank":1,"abbrev":null,"postal":"TR","area_sqkm":0,"sameascity":-99,"labelrank":2,"name_len":7,"mapcolor9":2,"mapcolor13":2,"fips":"IN26","fips_alt":null,"woe_id":2345759,"woe_label":"Tripura, IN, India","woe_name":"Tripura","latitude":23.8519,"longitude":91.7031,"sov_a3":"IND","adm0_a3":"IND","adm0_label":2,"admin":"India","geonunit":"India","gu_a3":"IND","gn_id":1254169,"gn_name":"State of Tripura","gns_id":-2113451,"gns_name":"Tripura, State of","gn_level":1,"gn_region":null,"gn_a1_code":"IN.26","region_sub":null,"sub_code":null,"gns_level":1,"gns_lang":"nld","gns_adm1":"IN26","gns_region":null,"min_label":4.6,"max_label":10.1,"min_zoom":4.6,"wikidataid":"Q1363","name_ar":"ترايبورا","name_bn":"ত্রিপুরা","name_de":"Tripura","name_en":"Tripura","name_es":"Tripura","name_fr":"Tripura","name_el":"Τρίπουρα","name_hi":"त्रिपुरा","name_hu":"Tripura","name_id":"Tripura","name_it":"Tripura","name_ja":"トリプラ州","name_ko":"트리푸라","name_nl":"Tripura","name_pl":"Tripura","name_pt":"Tripura","name_ru":"Трипура","name_sv":"Tripura","name_tr":"Tripura","name_vi":"Tripura","name_zh":"特里普拉邦","ne_id":1159315239,"name_he":"טריפורה","name_uk":"Тріпура","name_ur":"تری پورہ","name_fa":"تریپورا","name_zht":"特里普拉邦","FCLASS_ISO":null,"FCLASS_US":null,"FCLASS_FR":null,"FCLASS_RU":null,"FCLASS_ES":null,"FCLASS_CN":null,"FCLASS_TW":null,"FCLASS_IN":null,"FCLASS_NP":null,"FCLASS_PK":null,"FCLASS_DE":null,"FCLASS_GB":null,"FCLASS_BR":null,"FCLASS_IL":null,"FCLASS_PS":null,"FCLASS_SA":null,"FCLASS_EG":null,"FCLASS_MA":null,"FCLASS_PT":null,"FCLASS_AR":null,"FCLASS_JP":null,"FCLASS_KO":null,"FCLASS_VN":null,"FCLASS_TR":null,"FCLASS_ID":null,"FCLASS_PL":null,"FCLASS_GR":null,"FCLASS_IT":null,"FCLASS_NL":null,"FCLASS_SE":null,"FCLASS_BD":null,"FCLASS_UA":null,"FCLASS_TLC":null}},
{"type":"Feature","geometry":{"type":"Polygon","coordinates":[[[88.623976,56.832965],[89.328429,57.950003],[88.155684,58.106531],[87.936266,59.26615],[87.084122,59.882753],[84.531306,59.974996],[84.259591,60.855511],[80.165371,60.663584],[77.136098,60.856131],[76.645482,59.585097],[75.628387,59.23778],[75.159475,58.650219],[75.105214,58.581024],[75.092915,58.110148],[76.108667,57.250253],[78.444339,57.161317],[79.589799,56.928567],[80.24857,56.45472],[81.55743,56.258272],[83.096045,56.549313],[83.56816,55.692699],[84.410383,56.044073],[86.706677,56.631892],[87.77917,56.54797],[88.623976,56.832965]]]},"properties":{"featurecla":"Admin-1 scale rank","scalerank":2,"adm1_code":"RUS-2167","diss_me":2167,"iso_3166_2":"RU-TOM","wikipedia":null,"iso_a2":"RU","adm0_sr":1,"name":"Tomsk","name_alt":"Tomskaya","name_local":"Томская область","type":"Oblast","type_en":"Region","code_local":null,"code_hasc":"RU.TO","note":null,"hasc_maybe":null,"region":"Siberian","region_cod":null,"provnum_ne":20099,"gadm_level":1,"check_me":20,"datarank":2,"abbrev":null,"postal":"TO","area_sqkm":0,"sameascity":6,"labelrank":6,"name_len":5,"mapcolor9":7,"mapcolor13":7,"fips":"RS75","fips_alt":null,"woe_id":2346928,"woe_label":"Tomskaya Oblast, RU, Russia","woe_name":"Tomsk","latitude":58.4467,"longitude":82.2299,"sov_a3":"RUS","adm0_a3":"RUS","adm0_label":2,"admin":"Russia","geonunit":"Russia","gu_a3":"RUS","gn_id":1489421,"gn_name":"Tomskaya Oblast'","gns_id":-3019683,"gns_name":"Tomskaya Oblast'","gn_level":1,"gn_region":null,"gn_a1_code":"RU.75","region_sub":"West Siberian","sub_code":null,"gns_level":1,"gns_lang":"fas","gns_adm1":"RS75","gns_region":null,"min_label":5,"max_label":10.2,"min_zoom":4.7,"wikidataid":"Q5884","name_ar":"تومسك أوبلاست","name_bn":"টোমস্ক ওব্লাস্ট","name_de":"Tomsk","name_en":"Tomsk","name_es":"Tomsk","name_fr":"Tomsk","name_el":"Όμπλαστ του Τομσκ","name_hi":"टॉमस्क ओब्लास्ट","name_hu":"Tomszki terület","name_id":"Tomsk","name_it":"Tomsk","name_ja":"トムスク州","name_ko":"톰스크","name_nl":"Tomsk","name_pl":"tomski","name_pt":"Tomsk","name_ru":"Томская область","name_sv":"Tomsk","name_tr":"Tomsk Oblastı","name_vi":"Tomsk","name_zh":"托木斯克州","ne_id":1159313233,"name_he":"מחוז טומסק","name_uk":"Томська область","name_ur":"تومسک اوبلاست","name_fa":"استان تومسک","name_zht":"托木斯克州","FCLASS_ISO":null,"FCLASS_US":null,"FCLASS_FR":null,"FCLASS_RU":null,"FCLASS_ES":null,"FCLASS_CN":null,"FCLASS_TW":null,"FCLASS_IN":null,"FCLASS_NP":null,"FCLASS_PK":null,"FCLASS_DE":null,"FCLASS_GB":null,"FCLASS_BR":null,"FCLASS_IL":null,"FCLASS_PS":null,"FCLASS_SA":null,"FCLASS_EG":null,"FCLASS_MA":null,"FCLASS_PT":null,"FCLASS_AR":null,"FCLASS_JP":null,"FCLASS_KO":null,"FCLASS_VN":null,"FCLASS_TR":null,"FCLASS_ID":null,"FCLASS_PL":null,"FCLASS_GR":null,"FCLASS_IT":null,"FCLASS_NL":null,"FCLASS_SE":null,"FCLASS_BD":null,"FCLASS_UA":null,"FCLASS_TLC":null}},
{"type":"Feature","geometry":null,"properties":{"featurecla":"Admin-1 scale rank","scalerank":2,"adm1_code":"RUS-2279","diss_me":2279,"iso_3166_2":"RU-AD","wikipedia":null,"iso_a2":"RU","adm0_sr":1,"name":"Adygey","name_alt":"Adygea|Adygeya|Adygheya|Republic of Adygeya|Adygeyskaya A.Obl.|Respublika Adygeya","name_local":"Республика Адыгея","type":"Respublika","type_en":"Republic","code_local":null,"code_hasc":"RU.AD","note":null,"hasc_maybe":null,"region":"Volga","region_cod":null,"provnum_ne":20028,"gadm_level":1,"check_me":20,"datarank":2,"abbrev":null,"postal":"AD","area_sqkm":0,"sameascity":-99,"labelrank":2,"name_len":6,"mapcolor9":7,"mapcolor13":7,"fips":"RS01","fips_alt":null,"woe_id":20070520,"woe_label":"Adygeya, RU, Russia","woe_name":"Adygey","latitude":44.4658,"longitude":40.1293,"sov_a3":"RUS","adm0_a3":"RUS","adm0_label":2,"admin":"Russia","geonunit":"Russia","gu_a3":"RUS","gn_id":584222,"gn_name":"Respublika Adygeya","gns_id":-2874328,"gns_name":"Adygeya, Respublika","gn_level":1,"gn_region":null,"gn_a1_code":"RU.01","region_sub":"North Caucasus","sub_code":null,"gns_level":1,"gns_lang":"rus","gns_adm1":"RS01","gns_region":null,"min_label":5,"max_label":10.2,"min_zoom":4.7,"wikidataid":"Q3734","name_ar":"أديغيا","name_bn":"আদিগিয়া রিপাবলিক","name_de":"Adygeja","name_en":"Republic of Adygea","name_es":"Adigueya","name_fr":"Adyguée","name_el":"Δημοκρατία της Αντιγκέα","name_hi":"आदिगेया","name_hu":"Adigeföld","name_id":"Adygea","name_it":"Adighezia","name_ja":"アディゲ共和国","name_ko":"아디게야 공화국","name_nl":"Adygea","name_pl":"Adygeja","name_pt":"Adiguésia","name_ru":"Адыгея","name_sv":"Adygeiska republiken","name_tr":"Adıge Cumhuriyeti","name_vi":"Adygea","name_zh":"阿迪格共和国","ne_id":1159313137,"name_he":"אדיגיה","name_uk":"Адигея","name_ur":"ادیگیا","name_fa":"آدیغیه","name_zht":"阿迪格共和国","FCLASS_ISO":null,"FCLASS_US":null,"FCLASS_FR":null,"FCLASS_RU":null,"FCLASS_ES":null,"FCLASS_CN":null,"FCLASS_TW":null,"FCLASS_IN":null,"FCLASS_NP":null,"FCLASS_PK":null,"FCLASS_DE":null,"FCLASS_GB":null,"FCLASS_BR":null,"FCLASS_IL":null,"FCLASS_PS":null,"FCLASS_SA":null,"FCLASS_EG":null,"FCLASS_MA":null,"FCLASS_PT":null,"FCLASS_AR":null,"FCLASS_JP":null,"FCLASS_KO":null,"FCLASS_VN":null,"FCLASS_TR":null,"FCLASS_ID":null,"FCLASS_PL":null,"FCLASS_GR":null,"FCLASS_IT":null,"FCLASS_NL":null,"FCLASS_SE":null,"FCLASS_BD":null,"FCLASS_UA":null,"FCLASS_TLC":null}},
{"type":"Feature","geometry":{"type":"Polygon","coordinates":[[[42.362302,43.225792],[42.683214,43.807171],[41.729371,44.458553],[40.985437,44.11555],[40.688726,43.519599],[42.362302,43.225792]]]},"properties":{"featurecla":"Admin-1 scale rank","scalerank":2,"adm1_code":"RUS-2280","diss_me":2280,"iso_3166_2":"RU-KC","wikipedia":null,"iso_a2":"RU","adm0_sr":1,"name":"Karachay-Cherkess","name_alt":"Karaçay-Çerkes|Karachay-Cherkessiya|Karachayevo-Cherkesskaya Respublika|Karachayevo-Cherkessiya|Karachayevo-Cherkess Republic|K","name_local":"Карачаево-Черкессия Республика","type":"Respublika","type_en":"Republic","code_local":null,"code_hasc":"RU.KC","note":null,"hasc_maybe":null,"region":"Volga","region_cod":null,"provnum_ne":20046,"gadm_level":1,"check_me":20,"datarank":2,"abbrev":null,"postal":"KC","area_sqkm":0,"sameascity":-99,"labelrank":2,"name_len":17,"mapcolor9":7,"mapcolor13":7,"fips":"RS27","fips_alt":"RS27","woe_id":20070522,"woe_label":"Karachayevo-Cherkesiya, RU, Russia","woe_name":"Karachay-Cherkess","latitude":43.7073,"longitude":41.6866,"sov_a3":"RUS","adm0_a3":"RUS","adm0_label":2,"admin":"Russia","geonunit":"Russia","gu_a3":"RUS","gn_id":552927,"gn_name":"Karachayevo-Cherkesskaya Respublika","gns_id":-2920821,"gns_name":"Karachayevo-Cherkesskaya Respublika","gn_level":1,"gn_region":null,"gn_a1_code":"RU.27","region_sub":"North Caucasus","sub_code":null,"gns_level":1,"gns_lang":"rus","gns_adm1":"RS27","gns_region":null,"min_label":5,"max_label":10.2,"min_zoom":4.7,"wikidataid":"Q5328","name_ar":"قراتشاي - تشيركيسيا","name_bn":"কারাকায় চেরকিস রিপাবলিক","name_de":"Karatschai-Tscherkessien","name_en":"Karachay-Cherkess Republic","name_es":"Karacháyevo-Cherkesia","name_fr":"Karatchaïévo-Tcherkessie","name_el":"Δημοκρατία των Καρατσάι - Τσερκεσίων","name_hi":"काराचाए-चरकस्सिया","name_hu":"Karacsáj- és Cserkeszföld","name_id":"Karachay-Cherkessia","name_it":"Karačaj-Circassia","name_ja":"カラチャイ・チェルケス共和国","name_ko":"카라차예보체르케스카야 공화국","name_nl":"Karatsjaj-Tsjerkessië","name_pl":"Karaczajo-Czerkiesja","name_pt":"Carachai-Circássia","name_ru":"Карачаево-Черкесия","name_sv":"Karatjajen-Tjerkessien","name_tr":"Karaçay-Çerkesya","name_vi":"Karachay-Cherkessia","name_zh":"卡拉恰伊-切尔克斯共和国","ne_id":1159313141,"name_he":"קאראצ'אי-צ'רקסיה","name_uk":"Карачаєво-Черкесія","name_ur":"کراچائے-چرکیسیا","name_fa":"قرهچای و چرکس","name_zht":"卡拉恰伊-切尔克斯共和国","FCLASS_ISO":null,"FCLASS_US":null,"FCLASS_FR":null,"FCLASS_RU":null,"FCLASS_ES":null,"FCLASS_CN":null,"FCLASS_TW":null,"FCLASS_IN":null,"FCLASS_NP":null,"FCLASS_PK":null,"FCLASS_DE":null,"FCLASS_GB":null,"FCLASS_BR":null,"FCLASS_IL":null,"FCLASS_PS":null,"FCLASS_SA":null,"FCLASS_EG":null,"FCLASS_MA":null,"FCLASS_PT":null,"FCLASS_AR":null,"FCLASS_JP":null,"FCLASS_KO":null,"FCLASS_VN":null,"FCLASS_TR":null,"FCLASS_ID":null,"FCLASS_PL":null,"FCLASS_GR":null,"FCLASS_IT":null,"FCLASS_NL":null,"FCLASS_SE":null,"FCLASS_BD":null,"FCLASS_UA":null,"FCLASS_TLC":null}},
{"type":"Feature","geometry":{"type":"Polygon","coordinates":[[[45.077442,42.692902],[44.838535,43.58411],[44.644335,42.73473],[45.077442,42.692902]]]},"properties":{"featurecla":"Admin-1 scale rank","scalerank":2,"adm1_code":"RUS-2303","diss_me":2303,"iso_3166_2":"RU-IN","wikipedia":null,"iso_a2":"RU","adm0_sr":1,"name":"Ingush","name_alt":"Ingouchie|Inguchétia|Inguschetien|Ingushetia|Ingushetiya|Ingush Republic|Ingushskaya Respublika|Respublika Ingushetiya","name_local":"Респу́блика Ингуше́тия","type":"Respublika","type_en":"Republic","code_local":null,"code_hasc":"RU.IN","note":null,"hasc_maybe":null,"region":"Volga","region_cod":null,"provnum_ne":20037,"gadm_level":1,"check_me":20,"datarank":2,"abbrev":null,"postal":"IN","area_sqkm":0,"sameascity":-99,"labelrank":2,"name_len":6,"mapcolor9":7,"mapcolor13":7,"fips":"RS19","fips_alt":null,"woe_id":20070521,"woe_label":"Ingushetiya, RU, Russia","woe_name":"Ingush","latitude":43.3661,"longitude":44.8468,"sov_a3":"RUS","adm0_a3":"RUS","adm0_label":2,"admin":"Russia","geonunit":"Russia","gu_a3":"RUS","gn_id":556349,"gn_name":"Respublika Ingushetiya","gns_id":-2915754,"gns_name":"Ingushetiya, Respublika","gn_level":1,"gn_region":null,"gn_a1_code":"RU.19","region_sub":"North Caucasus","sub_code":null,"gns_level":1,"gns_lang":"rus","gns_adm1":"RS19","gns_region":null,"min_label":5,"max_label":10.2,"min_zoom":4.7,"wikidataid":"Q5219","name_ar":"إنغوشيتيا","name_bn":"ইঙ্গুশেতিয়া","name_de":"Inguschetien","name_en":"Republic of Ingushetia","name_es":"Ingusetia","name_fr":"Ingouchie","name_el":"Δημοκρατία της Ινγκουσετίας","name_hi":"इन्गुशेतिया","name_hu":"Ingusföld","name_id":"Ingushetia","name_it":"Inguscezia","name_ja":"イングーシ共和国","name_ko":"인구시 공화국","name_nl":"Ingoesjetië","name_pl":"Inguszetia","name_pt":"Inguchétia","name_ru":"Ингушетия","name_sv":"Ingusjien","name_tr":"İnguşetya","name_vi":"Ingushetiya","name_zh":"印古什共和国","ne_id":1159313119,"name_he":"אינגושטיה","name_uk":"Інгушетія","name_ur":"انگوشتیا","name_fa":"اینگوشتیا","name_zht":"印古什共和国","FCLASS_ISO":null,"FCLASS_US":null,"FCLASS_FR":null,"FCLASS_RU":null,"FCLASS_ES":null,"FCLASS_CN":null,"FCLASS_TW":null,"FCLASS_IN":null,"FCLASS_NP":null,"FCLASS_PK":null,"FCLASS_DE":null,"FCLASS_GB":null,"FCLASS_BR":null,"FCLASS_IL":null,"FCLASS_PS":null,"FCLASS_SA":null,"FCLASS_EG":null,"FCLASS_MA":null,"FCLASS_PT":null,"FCLASS_AR":null,"FCLASS_JP":null,"FCLASS_KO":null,"FCLASS_VN":null,"FCLASS_TR":null,"FCLASS_ID":null,"FCLASS_PL":null,"FCLASS_GR":null,"FCLASS_IT":null,"FCLASS_NL":null,"FCLASS_SE":null,"FCLASS_BD":null,"FCLASS_UA":null,"FCLASS_TLC":null}},
{"type":"Feature","geometry":{"type":"Polygon","coordinates":[[[43.38636,42.887111],[44.379751,43.490214],[44.284873,43.81885],[42.683214,43.807171],[42.362302,43.225792],[43.38636,42.887111]]]},"properties":{"featurecla":"Admin-1 scale rank","scalerank":2,"adm1_code":"RUS-2304","diss_me":2304,"iso_3166_2":"RU-KB","wikipedia":null,"iso_a2":"RU","adm0_sr":1,"name":"Kabardin-Balkar","name_alt":"Kabardin A.S.S.R.|Kabardino-Balkarskaya A.S.S.R.|Kabardino-Balkariya|Kabardino-Balkarsk|Kabard|Kabardino-Balkarskaya Republic","name_local":"Кабардино-Балкарская Республика","type":"Respublika","type_en":"Republic","code_local":null,"code_hasc":"RU.KB","note":null,"hasc_maybe":null,"region":"Volga","region_cod":null,"provnum_ne":20039,"gadm_level":1,"check_me":20,"datarank":2,"abbrev":null,"postal":"KB","area_sqkm":0,"sameascity":-99,"labelrank":2,"name_len":15,"mapcolor9":7,"mapcolor13":7,"fips":"RS22","fips_alt":null,"woe_id":2346871,"woe_label":"Kabardino-Balkariya, RU, Russia","woe_name":"Kabardin-Balkar","latitude":43.3757,"longitude":43.3982,"sov_a3":"RUS","adm0_a3":"RUS","adm0_label":2,"admin":"Russia","geonunit":"Russia","gu_a3":"RUS","gn_id":554667,"gn_name":"Kabardino-Balkarskaya Respublika","gns_id":-2918183,"gns_name":"Kabardino-Balkarskaya Respublika","gn_level":1,"gn_region":null,"gn_a1_code":"RU.22","region_sub":"North Caucasus","sub_code":null,"gns_level":1,"gns_lang":"rus","gns_adm1":"RS22","gns_region":null,"min_label":5,"max_label":10.2,"min_zoom":4.7,"wikidataid":"Q5267","name_ar":"قبردينو - بلقاريا","name_bn":"কাবার্ডিনো-বল্কার রিপাবলিক","name_de":"Kabardino-Balkarien","name_en":"Kabardino-Balkaria","name_es":"Kabardia-Balkaria","name_fr":"Kabardino-Balkarie","name_el":"Δημοκρατία της Καμπαρντίνο - Μπαλκάρια","name_hi":"काबारदीनो-बल्कारिया","name_hu":"Kabard- és Balkárföld","name_id":"Kabardino-Balkaria","name_it":"Cabardino-Balcaria","name_ja":"カバルダ・バルカル共和国","name_ko":"카바르디노발카르 공화국","name_nl":"Kabardië-Balkarië","name_pl":"Kabardo-Bałkaria","name_pt":"Cabárdia-Balcária","name_ru":"Кабардино-Балкария","name_sv":"Kabardinien-Balkarien","name_tr":"Kabardino-Balkarya","name_vi":"Kabardino-Balkaria","name_zh":"卡巴尔达-巴尔卡尔共和国","ne_id":1159313143,"name_he":"קברדינו-בלקריה","name_uk":"Кабардино-Балкарія","name_ur":"کباردینو-بالکاریا جمہوریہ","name_fa":"کاباردینو-بالکاریا","name_zht":"卡巴爾達-巴爾卡爾共和國","FCLASS_ISO":null,"FCLASS_US":null,"FCLASS_FR":null,"FCLASS_RU":null,"FCLASS_ES":null,"FCLASS_CN":null,"FCLASS_TW":null,"FCLASS_IN":null,"FCLASS_NP":null,"FCLASS_PK":null,"FCLASS_DE":null,"FCLASS_GB":null,"FCLASS_BR":null,"FCLASS_IL":null,"FCLASS_PS":null,"FCLASS_SA":null,"FCLASS_EG":null,"FCLASS_MA":null,"FCLASS_PT":null,"FCLASS_AR":null,"FCLASS_JP":null,"FCLASS_KO":null,"FCLASS_VN":null,"FCLASS_TR":null,"FCLASS_ID":null,"FCLASS_PL":null,"FCLASS_GR":null,"FCLASS_IT":null,"FCLASS_NL":null,"FCLASS_SE":null,"FCLASS_BD":null,"FCLASS_UA":null,"FCLASS_TLC":null}},
{"type":"Feature","geometry":{"type":"Polygon","coordinates":[[[44.644335,42.73473],[44.838535,43.58411],[44.838741,43.661056],[44.284873,43.81885],[44.379751,43.490214],[43.38636,42.887111],[43.957452,42.566549],[44.644335,42.73473]]]},"properties":{"featurecla":"Admin-1 scale rank","scalerank":2,"adm1_code":"RUS-2305","diss_me":2305,"iso_3166_2":"RU-SE","wikipedia":null,"iso_a2":"RU","adm0_sr":1,"name":"North Ossetia","name_alt":"Kuzey Osetya|Respublika Severnaya Osetiya|Severnaya Osetiya-Alaniya|North Ossetian A.S.S.R.|Republic of North Osetia-Alania","name_local":"Республика Северная Осетия-Алания","type":"Respublika","type_en":"Republic","code_local":null,"code_hasc":"RU.NO","note":null,"hasc_maybe":null,"region":"Volga","region_cod":null,"provnum_ne":20040,"gadm_level":1,"check_me":20,"datarank":2,"abbrev":null,"postal":"NO","area_sqkm":0,"sameascity":-99,"labelrank":2,"name_len":13,"mapcolor9":7,"mapcolor13":7,"fips":"RS68","fips_alt":null,"woe_id":2346877,"woe_label":null,"woe_name":null,"latitude":42.9969,"longitude":44.1653,"sov_a3":"RUS","adm0_a3":"RUS","adm0_label":2,"admin":"Russia","geonunit":"Russia","gu_a3":"RUS","gn_id":519969,"gn_name":"North Ossetia","gns_id":-2967729,"gns_name":"Severnaya Osetiya-Alaniya, Respublika","gn_level":1,"gn_region":null,"gn_a1_code":"RU.68","region_sub":"North Caucasus","sub_code":null,"gns_level":1,"gns_lang":"rus","gns_adm1":"RS68","gns_region":null,"min_label":5,"max_label":10.2,"min_zoom":4.7,"wikidataid":"Q5237","name_ar":"أوسيتيا الشمالية-ألانيا","name_bn":"উত্তর ওশেতিয়া-আলানিয়া","name_de":"Nordossetien-Alanien","name_en":"Republic of North Ossetia-Alania","name_es":"Osetia del Norte - Alania","name_fr":"Ossétie du Nord-Alanie","name_el":"Δημοκρατία της Βόρειας Οσετίας - Αλανίας","name_hi":"उत्तर ओसेतिया-आलानिया","name_hu":"Észak-Oszétia","name_id":"Ossetia Utara-Alania","name_it":"Ossezia Settentrionale-Alania","name_ja":"北オセチア共和国","name_ko":"세베로오세티야 공화국","name_nl":"Noord-Ossetië","name_pl":"Osetia Północna","name_pt":"Ossétia do Norte-Alânia","name_ru":"Республика Северная Осетия-Алания","name_sv":"Nordossetien","name_tr":"Kuzey Osetya-Alanya","name_vi":"Bắc Osetiya-Alaniya","name_zh":"北奥塞梯-阿兰共和国","ne_id":1159313145,"name_he":"צפון אוסטיה - אלניה","name_uk":"Північна Осетія","name_ur":"شمالی اوسیشیا-الانیا","name_fa":"اوستیای شمالی-آلانیا","name_zht":"北奧塞提亞-阿蘭共和國","FCLASS_ISO":null,"FCLASS_US":null,"FCLASS_FR":null,"FCLASS_RU":null,"FCLASS_ES":null,"FCLASS_CN":null,"FCLASS_TW":null,"FCLASS_IN":null,"FCLASS_NP":null,"FCLASS_PK":null,"FCLASS_DE":null,"FCLASS_GB":null,"FCLASS_BR":null,"FCLASS_IL":null,"FCLASS_PS":null,"FCLASS_SA":null,"FCLASS_EG":null,"FCLASS_MA":null,"FCLASS_PT":null,"FCLASS_AR":null,"FCLASS_JP":null,"FCLASS_KO":null,"FCLASS_VN":null,"FCLASS_TR":null,"FCLASS_ID":null,"FCLASS_PL":null,"FCLASS_GR":null,"FCLASS_IT":null,"FCLASS_NL":null,"FCLASS_SE":null,"FCLASS_BD":null,"FCLASS_UA":null,"FCLASS_TLC":null}},
{"type":"Feature","geometry":{"type":"Polygon","coordinates":[[[41.712627,45.996004],[41.162377,45.953552],[41.03825,45.21817],[41.729371,44.458553],[42.683214,43.807171],[44.284873,43.81885],[44.838741,43.661056],[45.509398,44.015195],[45.705975,44.975782],[42.991412,46.179559],[41.712627,45.996004]]]},"properties":{"featurecla":"Admin-1 scale rank","scalerank":2,"adm1_code":"RUS-2306","diss_me":2306,"iso_3166_2":"RU-STA","wikipedia":null,"iso_a2":"RU","adm0_sr":1,"name":"Stavropol'","name_alt":"Stavropol'skiy Kray|Stavropolskiy Kray","name_local":"Ставропольский край","type":"Kray","type_en":"Territory","code_local":null,"code_hasc":"RU.ST","note":null,"hasc_maybe":null,"region":"Volga","region_cod":null,"provnum_ne":20085,"gadm_level":1,"check_me":20,"datarank":2,"abbrev":null,"postal":"ST","area_sqkm":0,"sameascity":7,"labelrank":7,"name_len":10,"mapcolor9":7,"mapcolor13":7,"fips":"RS70","fips_alt":null,"woe_id":2346887,"woe_label":"Stavropolrskiy Kray, RU, Russia","woe_name":"Stavropol'","latitude":44.981,"longitude":43.2791,"sov_a3":"RUS","adm0_a3":"RUS","adm0_label":2,"admin":"Russia","geonunit":"Russia","gu_a3":"RUS","gn_id":487839,"gn_name":"Stavropol'skiy Kray","gns_id":-3011280,"gns_name":"Stavropol'skiy Kray","gn_level":1,"gn_region":null,"gn_a1_code":"RU.70","region_sub":"North Caucasus","sub_code":null,"gns_level":1,"gns_lang":"fas","gns_adm1":"RS70","gns_region":null,"min_label":5,"max_label":10.2,"min_zoom":4.7,"wikidataid":"Q5207","name_ar":"كراي ستافروبول","name_bn":"স্ট্যাভরোপোল ক্রাই","name_de":"Stawropol","name_en":"Stavropol Krai","name_es":"Stávropol","name_fr":"Stavropol","name_el":"Κράι Σταυρούπολης","name_hi":"स्ताव्रोपोल क्राय","name_hu":"Sztavropoli határterület","name_id":"Krai Stavropol","name_it":"Territorio di Stavropol'","name_ja":"スタヴロポリ地方","name_ko":"스타브로폴 지방","name_nl":"Kraj Stavropol","name_pl":"Kraj Stawropolski","name_pt":"Krai de Stavropol","name_ru":"Ставропольский край","name_sv":"Stavropol kraj","name_tr":"Stavropol Krayı","name_vi":"Stavropol","name_zh":"斯塔夫罗波尔边疆区","ne_id":1159313147,"name_he":"מחוז סטברופול","name_uk":"Ставропольський край","name_ur":"سٹاوروپول کرائی","name_fa":"سرزمین استاوروپول","name_zht":"斯塔夫罗波尔边疆区","FCLASS_ISO":null,"FCLASS_US":null,"FCLASS_FR":null,"FCLASS_RU":null,"FCLASS_ES":null,"FCLASS_CN":null,"FCLASS_TW":null,"FCLASS_IN":null,"FCLASS_NP":null,"FCLASS_PK":null,"FCLASS_DE":null,"FCLASS_GB":null,"FCLASS_BR":null,"FCLASS_IL":null,"FCLASS_PS":null,"FCLASS_SA":null,"FCLASS_EG":null,"FCLASS_MA":null,"FCLASS_PT":null,"FCLASS_AR":null,"FCLASS_JP":null,"FCLASS_KO":null,"FCLASS_VN":null,"FCLASS_TR":null,"FCLASS_ID":null,"FCLASS_PL":null,"FCLASS_GR":null,"FCLASS_IT":null,"FCLASS_NL":null,"FCLASS_SE":null,"FCLASS_BD":null,"FCLASS_UA":null,"FCLASS_TLC":null}},
{"type":"Feature","geometry":{"type":"MultiPolygon","coordinates":[[[[162.408447,69.651012],[162.846939,68.869285],[161.4062,68.411845],[158.276572,68.076],[157.692008,67.54549],[158.905164,66.802744],[158.52896,66.359387],[158.9217,65.743016],[163.136947,64.770207],[165.262709,64.850616],[168.498687,64.317366],[169.582238,63.643402],[168.79562,63.303087],[170.159361,62.341828],[174.079845,62.447041],[174.454226,61.822033],[177.35127,62.587451],[179.120703,62.320361],[179.570508,62.6875],[178.706445,63.521533],[178.519531,64.602979],[179.999563,65.067153],[179.999783,68.983496],[176.10752,69.860303],[173.277441,69.823828],[170.486816,70.107568],[170.99541,69.045312],[169.609863,68.786035],[166.820312,69.499561],[162.408447,69.651012]]],[[[-179.999951,68.983447],[-180,65.067236],[-178.310205,65.484863],[-176.093262,65.471045],[-175.853857,65.01084],[-173.009131,64.297461],[-172.211572,65.425195],[-170.666309,65.621533],[-170.191943,66.20127],[-171.795557,66.931738],[-174.447607,67.103125],[-175.345215,67.678076],[-179.999951,68.983447]]]]},"properties":{"featurecla":"Admin-1 scale rank","scalerank":2,"adm1_code":"RUS-2321","diss_me":2321,"iso_3166_2":"RU-CHU","wikipedia":null,"iso_a2":"RU","adm0_sr":5,"name":"Chukchi Autonomous Okrug","name_alt":"Chukotskiy Avtonomnyy Okrug","name_local":null,"type":"Avtonomnyy Okrug","type_en":"Autonomous Province","code_local":null,"code_hasc":"RU.CK","note":null,"hasc_maybe":"RU.CK|RUS-CHU","region":"Far Eastern","region_cod":null,"provnum_ne":20011,"gadm_level":1,"check_me":20,"datarank":2,"abbrev":null,"postal":"CK","area_sqkm":0,"sameascity":-99,"labelrank":2,"name_len":24,"mapcolor9":7,"mapcolor13":7,"fips":"RS15","fips_alt":null,"woe_id":20070513,"woe_label":null,"woe_name":null,"latitude":66.7517,"longitude":170.516,"sov_a3":"RUS","adm0_a3":"RUS","adm0_label":2,"admin":"Russia","geonunit":"Russia","gu_a3":"RUS","gn_id":2126099,"gn_name":"Chukotskiy Avtonomnyy Okrug","gns_id":-2899578,"gns_name":"Chukotskiy Avtonomnyy Okrug","gn_level":1,"gn_region":null,"gn_a1_code":"RU.15","region_sub":"Far Eastern","sub_code":null,"gns_level":1,"gns_lang":"rus","gns_adm1":"RS15","gns_region":null,"min_label":5,"max_label":10.2,"min_zoom":4.7,"wikidataid":"Q7984","name_ar":"أوكروغ تشوكوتكا الذاتية","name_bn":"চুকোটকা স্বায়ত্তশাসিত ওব্লাস্ট","name_de":"Autonomer Kreis der Tschuktschen","name_en":"Chukotka Autonomous Okrug","name_es":"Chukotka","name_fr":"Tchoukotka","name_el":"Αυτόνομος θύλακας Τσουκότκα","name_hi":"चुकोतका स्वायत्त ऑक्रग","name_hu":"Csukcsföld","name_id":"Okrug otonom Chukotka","name_it":"della Čukotka","name_ja":"チュクチ自治管区","name_ko":"축치 자치구","name_nl":"Tsjoekotka","name_pl":"Czukocki","name_pt":"Chukotka","name_ru":"Чукотский автономный округ","name_sv":"Tjuktjien","name_tr":"Çukotka Özerk Okrugu","name_vi":"Khu tự trị Chukotka","name_zh":"楚科奇自治区","ne_id":1159313109,"name_he":"צ'וקוטקה","name_uk":"Чукотський автономний округ","name_ur":"چوکوتکا خود مختار آکرگ","name_fa":"چوکوتکا","name_zht":"楚科奇自治区","FCLASS_ISO":null,"FCLASS_US":null,"FCLASS_FR":null,"FCLASS_RU":null,"FCLASS_ES":null,"FCLASS_CN":null,"FCLASS_TW":null,"FCLASS_IN":null,"FCLASS_NP":null,"FCLASS_PK":null,"FCLASS_DE":null,"FCLASS_GB":null,"FCLASS_BR":null,"FCLASS_IL":null,"FCLASS_PS":null,"FCLASS_SA":null,"FCLASS_EG":null,"FCLASS_MA":null,"FCLASS_PT":null,"FCLASS_AR":null,"FCLASS_JP":null,"FCLASS_KO":null,"FCLASS_VN":null,"FCLASS_TR":null,"FCLASS_ID":null,"FCLASS_PL":null,"FCLASS_GR":null,"FCLASS_IT":null,"FCLASS_NL":null,"FCLASS_SE":null,"FCLASS_BD":null,"FCLASS_UA":null,"FCLASS_TLC":null}},
{"type":"Feature","geometry":{"type":"Polygon","coordinates":[[[20.899789,55.286652],[19.644207,54.44709],[22.731822,54.35012],[22.831196,54.838462],[20.899789,55.286652]]]},"properties":{"featurecla":"Admin-1 scale rank","scalerank":2,"adm1_code":"RUS-2324","diss_me":2324,"iso_3166_2":"RU-KGD","wikipedia":null,"iso_a2":"RU","adm0_sr":1,"name":"Kaliningrad","name_alt":"Kaliningradskaya Oblast","name_local":"Калининградская область","type":"Oblast","type_en":"Region","code_local":null,"code_hasc":"RU.KN","note":null,"hasc_maybe":null,"region":"Northwestern","region_cod":null,"provnum_ne":7,"gadm_level":1,"check_me":20,"datarank":2,"abbrev":null,"postal":"KN","area_sqkm":0,"sameascity":7,"labelrank":7,"name_len":11,"mapcolor9":7,"mapcolor13":7,"fips":"RS23","fips_alt":null,"woe_id":2346938,"woe_label":"Kaliningradskaya Oblast, RU, Russia","woe_name":"Kaliningrad","latitude":54.6636,"longitude":21.2287,"sov_a3":"RUS","adm0_a3":"RUS","adm0_label":2,"admin":"Russia","geonunit":"Russia","gu_a3":"RUS","gn_id":554230,"gn_name":"Kaliningradskaya Oblast'","gns_id":-2918856,"gns_name":"Kaliningradskaya Oblast'","gn_level":1,"gn_region":null,"gn_a1_code":"RU.23","region_sub":"Kaliningrad","sub_code":null,"gns_level":1,"gns_lang":"rus","gns_adm1":"RS23","gns_region":null,"min_label":5,"max_label":10.2,"min_zoom":4.7,"wikidataid":"Q1749","name_ar":"أوبلاست كالينينغرادسكايا","name_bn":"কালিনিনগ্রাদ ওব্লাস্ট","name_de":"Kaliningrad","name_en":"Kaliningrad","name_es":"Kaliningrado","name_fr":"Kaliningrad","name_el":"Όμπλαστ του Καλίνινγκραντ","name_hi":"कलिनिनग्रैड ओब्लास्ट","name_hu":"Kalinyingrádi terület","name_id":"Kaliningrad","name_it":"Kaliningrad","name_ja":"カリーニングラード州","name_ko":"칼리닌그라드","name_nl":"Kaliningrad","name_pl":"kaliningradzki","name_pt":"Kaliningrado","name_ru":"Калининградская область","name_sv":"Kaliningrad","name_tr":"Kaliningrad Oblastı","name_vi":"Kaliningrad","name_zh":"加里宁格勒州","ne_id":1159312831,"name_he":"מחוז קלינינגרד","name_uk":"Калінінградська область","name_ur":"کیلننگراڈ اوبلاست","name_fa":"استان کالینینگراد","name_zht":"加里宁格勒州","FCLASS_ISO":null,"FCLASS_US":null,"FCLASS_FR":null,"FCLASS_RU":null,"FCLASS_ES":null,"FCLASS_CN":null,"FCLASS_TW":null,"FCLASS_IN":null,"FCLASS_NP":null,"FCLASS_PK":null,"FCLASS_DE":null,"FCLASS_GB":null,"FCLASS_BR":null,"FCLASS_IL":null,"FCLASS_PS":null,"FCLASS_SA":null,"FCLASS_EG":null,"FCLASS_MA":null,"FCLASS_PT":null,"FCLASS_AR":null,"FCLASS_JP":null,"FCLASS_KO":null,"FCLASS_VN":null,"FCLASS_TR":null,"FCLASS_ID":null,"FCLASS_PL":null,"FCLASS_GR":null,"FCLASS_IT":null,"FCLASS_NL":null,"FCLASS_SE":null,"FCLASS_BD":null,"FCLASS_UA":null,"FCLASS_TLC":null}},
{"type":"Feature","geometry":{"type":"Polygon","coordinates":[[[36.524238,63.976454],[34.869531,64.56001],[34.406445,65.395752],[35.513477,66.395801],[38.397559,66.064453],[40.521582,66.446631],[41.188965,66.826172],[40.966406,67.713477],[35.85791,69.191748],[33.684375,69.310254],[31.452734,69.6896],[29.388315,69.298148],[28.470748,68.488378],[29.941253,67.547479],[29.08699,66.970951],[29.903426,66.091082],[29.604219,64.968386],[31.180867,63.208287],[31.285667,62.567809],[29.27736,61.304507],[32.703358,60.645704],[33.534935,61.220811],[35.603853,61.188307],[37.77292,61.522137],[37.504926,62.645324],[36.500542,62.826036],[36.524238,63.976454]]]},"properties":{"featurecla":"Admin-1 scale rank","scalerank":2,"adm1_code":"RUS-2333","diss_me":2333,"iso_3166_2":"RU-MUR","wikipedia":null,"iso_a2":"RU","adm0_sr":5,"name":"Murmansk","name_alt":"Murmanskaya Oblast","name_local":"Мурманская область","type":"Oblast","type_en":"Region","code_local":null,"code_hasc":"RU.MM","note":null,"hasc_maybe":null,"region":"Northwestern","region_cod":null,"provnum_ne":20015,"gadm_level":1,"check_me":20,"datarank":2,"abbrev":null,"postal":"MM","area_sqkm":0,"sameascity":6,"labelrank":6,"name_len":8,"mapcolor9":7,"mapcolor13":7,"fips":"RS49","fips_alt":"RS49","woe_id":2346912,"woe_label":"Murmanskaya Oblast, RU, Russia","woe_name":"Murmansk","latitude":67.9609,"longitude":34.3212,"sov_a3":"RUS","adm0_a3":"RUS","adm0_label":2,"admin":"Russia","geonunit":"Russia","gu_a3":"RUS","gn_id":524304,"gn_name":"Murmanskaya Oblast'","gns_id":-2961507,"gns_name":"Murmanskaya Oblast'","gn_level":1,"gn_region":null,"gn_a1_code":"RU.49","region_sub":"Northern","sub_code":null,"gns_level":1,"gns_lang":"rus","gns_adm1":"RS49","gns_region":null,"min_label":5,"max_label":10.2,"min_zoom":4.7,"wikidataid":"Q1759","name_ar":"أوبلاست مورمانسك","name_bn":"মুরমানস্ক ওব্লাস্ট","name_de":"Murmansk","name_en":"Murmansk","name_es":"Múrmansk","name_fr":"Mourmansk","name_el":"Όμπλαστ του Μούρμανσκ","name_hi":"मूरमान्स्क ओब्लास्त","name_hu":"Murmanszki terület","name_id":"Murmansk","name_it":"Murmansk","name_ja":"ムルマンスク州","name_ko":"무르만스크","name_nl":"Moermansk","name_pl":"murmański","name_pt":"Murmansk","name_ru":"Мурманская область","name_sv":"Murmansk","name_tr":"Murmansk Oblastı","name_vi":"Murmansk","name_zh":"摩尔曼斯克州","ne_id":1159313115,"name_he":"מחוז מורמנסק","name_uk":"Мурманська область","name_ur":"مورمانسک اوبلاست","name_fa":"استان مورمانسک","name_zht":"摩爾曼斯克州","FCLASS_ISO":null,"FCLASS_US":null,"FCLASS_FR":null,"FCLASS_RU":null,"FCLASS_ES":null,"FCLASS_CN":null,"FCLASS_TW":null,"FCLASS_IN":null,"FCLASS_NP":null,"FCLASS_PK":null,"FCLASS_DE":null,"FCLASS_GB":null,"FCLASS_BR":null,"FCLASS_IL":null,"FCLASS_PS":null,"FCLASS_SA":null,"FCLASS_EG":null,"FCLASS_MA":null,"FCLASS_PT":null,"FCLASS_AR":null,"FCLASS_JP":null,"FCLASS_KO":null,"FCLASS_VN":null,"FCLASS_TR":null,"FCLASS_ID":null,"FCLASS_PL":null,"FCLASS_GR":null,"FCLASS_IT":null,"FCLASS_NL":null,"FCLASS_SE":null,"FCLASS_BD":null,"FCLASS_UA":null,"FCLASS_TLC":null}},
{"type":"Feature","geometry":{"type":"Polygon","coordinates":[[[34.729901,59.103214],[32.954816,59.4218],[31.563066,59.368418],[29.975049,58.44465],[31.000103,56.965205],[33.216195,57.453909],[33.7188,58.158001],[36.173327,58.524955],[34.729901,59.103214]]]},"properties":{"featurecla":"Admin-1 scale rank","scalerank":2,"adm1_code":"RUS-2334","diss_me":2334,"iso_3166_2":"RU-NGR","wikipedia":null,"iso_a2":"RU","adm0_sr":1,"name":"Novgorod","name_alt":"Novgorodskaya Oblast","name_local":"Новгородская область","type":"Oblast","type_en":"Region","code_local":null,"code_hasc":"RU.NG","note":null,"hasc_maybe":null,"region":"Northwestern","region_cod":null,"provnum_ne":20075,"gadm_level":1,"check_me":20,"datarank":2,"abbrev":null,"postal":"NG","area_sqkm":0,"sameascity":6,"labelrank":6,"name_len":8,"mapcolor9":7,"mapcolor13":7,"fips":"RS52","fips_alt":null,"woe_id":2346913,"woe_label":"Novgorodskaya Oblast, RU, Russia","woe_name":"Novgorod","latitude":58.4228,"longitude":32.9454,"sov_a3":"RUS","adm0_a3":"RUS","adm0_label":2,"admin":"Russia","geonunit":"Russia","gu_a3":"RUS","gn_id":519324,"gn_name":"Novgorodskaya Oblast'","gns_id":-2968545,"gns_name":"Novgorodskaya Oblast'","gn_level":1,"gn_region":null,"gn_a1_code":"RU.52","region_sub":"Northwestern","sub_code":null,"gns_level":1,"gns_lang":"fas","gns_adm1":"RS52","gns_region":null,"min_label":5,"max_label":10.2,"min_zoom":4.7,"wikidataid":"Q2240","name_ar":"أوبلاست نوفغورود","name_bn":"নোভগরদ ওব্লাস্ট","name_de":"Nowgorod","name_en":"Novgorod","name_es":"Nóvgorod","name_fr":"Novgorod","name_el":"Όμπλαστ του Νόβγκοροντ","name_hi":"नोवगोरोड ओब्लास्ट","name_hu":"Novgorodi terület","name_id":"Novgorod","name_it":"Novgorod","name_ja":"ノヴゴロド州","name_ko":"노브고로드","name_nl":"Novgorod","name_pl":"nowogrodzki","name_pt":"Novgorod","name_ru":"Новгородская область","name_sv":"Novgorod","name_tr":"Novgorod Oblastı","name_vi":"Novgorod","name_zh":"诺夫哥罗德州","ne_id":1159313149,"name_he":"מחוז נובגורוד","name_uk":"Новгородська область","name_ur":"نووگورود اوبلاست","name_fa":"استان نووگورود","name_zht":"諾夫哥羅德州","FCLASS_ISO":null,"FCLASS_US":null,"FCLASS_FR":null,"FCLASS_RU":null,"FCLASS_ES":null,"FCLASS_CN":null,"FCLASS_TW":null,"FCLASS_IN":null,"FCLASS_NP":null,"FCLASS_PK":null,"FCLASS_DE":null,"FCLASS_GB":null,"FCLASS_BR":null,"FCLASS_IL":null,"FCLASS_PS":null,"FCLASS_SA":null,"FCLASS_EG":null,"FCLASS_MA":null,"FCLASS_PT":null,"FCLASS_AR":null,"FCLASS_JP":null,"FCLASS_KO":null,"FCLASS_VN":null,"FCLASS_TR":null,"FCLASS_ID":null,"FCLASS_PL":null,"FCLASS_GR":null,"FCLASS_IT":null,"FCLASS_NL":null,"FCLASS_SE":null,"FCLASS_BD":null,"FCLASS_UA":null,"FCLASS_TLC":null}},
{"type":"Feature","geometry":{"type":"Polygon","coordinates":[[[27.66939,58.982474],[27.427039,58.733056],[27.806086,56.867072],[28.2843,56.055907],[30.233638,55.845222],[30.903138,55.574044],[31.467361,55.729002],[31.000103,56.965205],[29.975049,58.44465],[27.66939,58.982474]]]},"properties":{"featurecla":"Admin-1 scale rank","scalerank":2,"adm1_code":"RUS-2335","diss_me":2335,"iso_3166_2":"RU-PSK","wikipedia":null,"iso_a2":"RU","adm0_sr":1,"name":"Pskov","name_alt":"Pskovskaya Oblast","name_local":"Псковская область","type":"Oblast","type_en":"Region","code_local":null,"code_hasc":"RU.PS","note":null,"hasc_maybe":null,"region":"Northwestern","region_cod":null,"provnum_ne":20043,"gadm_level":1,"check_me":20,"datarank":2,"abbrev":null,"postal":"PS","area_sqkm":0,"sameascity":6,"labelrank":6,"name_len":5,"mapcolor9":7,"mapcolor13":7,"fips":"RS60","fips_alt":null,"woe_id":2346920,"woe_label":"Pskovskaya Oblast, RU, Russia","woe_name":"Pskov","latitude":57.2449,"longitude":29.1229,"sov_a3":"RUS","adm0_a3":"RUS","adm0_label":2,"admin":"Russia","geonunit":"Russia","gu_a3":"RUS","gn_id":504338,"gn_name":"Pskovskaya Oblast'","gns_id":-2989172,"gns_name":"Pskovskaya Oblast'","gn_level":1,"gn_region":null,"gn_a1_code":"RU.60","region_sub":"Northwestern","sub_code":null,"gns_level":1,"gns_lang":"fas","gns_adm1":"RS60","gns_region":null,"min_label":5,"max_label":10.2,"min_zoom":4.7,"wikidataid":"Q2218","name_ar":"بسكوف أوبلاست","name_bn":"পেস্কোভ ওব্লাস্ট","name_de":"Pskow","name_en":"Pskov","name_es":"Pskov","name_fr":"Pskov","name_el":"Όμπλαστ του Πσκοφ","name_hi":"प्सकोव ओब्लास्ट","name_hu":"Pszkovi terület","name_id":"Pskov","name_it":"Pskov","name_ja":"プスコフ州","name_ko":"프스코프","name_nl":"Pskov","name_pl":"pskowski","name_pt":"Pskov","name_ru":"Псковская область","name_sv":"Pskov","name_tr":"Pskov Oblastı","name_vi":"Pskov","name_zh":"普斯科夫州","ne_id":1159313151,"name_he":"מחוז פסקוב","name_uk":"Псковська область","name_ur":"پسکوف اوبلاست","name_fa":"استان پسکوف","name_zht":"普斯科夫州","FCLASS_ISO":null,"FCLASS_US":null,"FCLASS_FR":null,"FCLASS_RU":null,"FCLASS_ES":null,"FCLASS_CN":null,"FCLASS_TW":null,"FCLASS_IN":null,"FCLASS_NP":null,"FCLASS_PK":null,"FCLASS_DE":null,"FCLASS_GB":null,"FCLASS_BR":null,"FCLASS_IL":null,"FCLASS_PS":null,"FCLASS_SA":null,"FCLASS_EG":null,"FCLASS_MA":null,"FCLASS_PT":null,"FCLASS_AR":null,"FCLASS_JP":null,"FCLASS_KO":null,"FCLASS_VN":null,"FCLASS_TR":null,"FCLASS_ID":null,"FCLASS_PL":null,"FCLASS_GR":null,"FCLASS_IT":null,"FCLASS_NL":null,"FCLASS_SE":null,"FCLASS_BD":null,"FCLASS_UA":null,"FCLASS_TLC":null}},
{"type":"Feature","geometry":{"type":"Polygon","coordinates":[[[29.27736,61.304507],[27.797656,60.536133],[29.459169,60.187496],[29.669727,59.955664],[28.013965,59.724756],[27.66939,58.982474],[29.975049,58.44465],[31.563066,59.368418],[32.954816,59.4218],[34.729901,59.103214],[35.495849,59.553523],[35.157059,60.067032],[35.603853,61.188307],[33.534935,61.220811],[32.703358,60.645704],[29.27736,61.304507]]]},"properties":{"featurecla":"Admin-1 scale rank","scalerank":2,"adm1_code":"RUS-2336","diss_me":2336,"iso_3166_2":"RU-LEN","wikipedia":null,"iso_a2":"RU","adm0_sr":4,"name":"Leningrad","name_alt":"Saint Petersburg|Sankt-Peterburgskaya G.|Leningradskaya Oblast","name_local":"Ленинградская область","type":"Oblast","type_en":"Region","code_local":null,"code_hasc":"RU.LN","note":null,"hasc_maybe":null,"region":"Northwestern","region_cod":null,"provnum_ne":20001,"gadm_level":1,"check_me":20,"datarank":2,"abbrev":null,"postal":"LN","area_sqkm":0,"sameascity":-99,"labelrank":2,"name_len":9,"mapcolor9":7,"mapcolor13":7,"fips":"RS42","fips_alt":null,"woe_id":2346907,"woe_label":"Leningradskaya Oblast, RU, Russia","woe_name":"Leningrad","latitude":59.9905,"longitude":32.7736,"sov_a3":"RUS","adm0_a3":"RUS","adm0_label":2,"admin":"Russia","geonunit":"Russia","gu_a3":"RUS","gn_id":536199,"gn_name":"Leningradskaya Oblast'","gns_id":-2945114,"gns_name":"Leningradskaya Oblast'","gn_level":1,"gn_region":null,"gn_a1_code":"RU.42","region_sub":"Northwestern","sub_code":null,"gns_level":1,"gns_lang":"rus","gns_adm1":"RS42","gns_region":null,"min_label":5,"max_label":10.2,"min_zoom":4.7,"wikidataid":"Q2191","name_ar":"لينينغراد أوبلاست","name_bn":"লেনিনগ্রাড ওব্লাস্ট","name_de":"Leningrad","name_en":"Leningrad","name_es":"Leningrado","name_fr":"Léningrad","name_el":"Όμπλαστ του Λένινγκραντ","name_hi":"लेनिनग्राद ओब्लास्ट","name_hu":"Leningrádi terület","name_id":"Leningrad","name_it":"Leningrado","name_ja":"レニングラード州","name_ko":"레닌그라드","name_nl":"Leningrad","name_pl":"leningradzki","name_pt":"Leningrado","name_ru":"Ленинградская область","name_sv":"Leningrad","name_tr":"Leningrad eyaleti","name_vi":"Leningrad","name_zh":"列宁格勒州","ne_id":1159313101,"name_he":"מחוז לנינגרד","name_uk":"Ленінградська область","name_ur":"لیننگراڈ اوبلاست","name_fa":"استان لنینگراد","name_zht":"列寧格勒州","FCLASS_ISO":null,"FCLASS_US":null,"FCLASS_FR":null,"FCLASS_RU":null,"FCLASS_ES":null,"FCLASS_CN":null,"FCLASS_TW":null,"FCLASS_IN":null,"FCLASS_NP":null,"FCLASS_PK":null,"FCLASS_DE":null,"FCLASS_GB":null,"FCLASS_BR":null,"FCLASS_IL":null,"FCLASS_PS":null,"FCLASS_SA":null,"FCLASS_EG":null,"FCLASS_MA":null,"FCLASS_PT":null,"FCLASS_AR":null,"FCLASS_JP":null,"FCLASS_KO":null,"FCLASS_VN":null,"FCLASS_TR":null,"FCLASS_ID":null,"FCLASS_PL":null,"FCLASS_GR":null,"FCLASS_IT":null,"FCLASS_NL":null,"FCLASS_SE":null,"FCLASS_BD":null,"FCLASS_UA":null,"FCLASS_TLC":null}},
{"type":"Feature","geometry":null,"properties":{"featurecla":"Admin-1 scale rank","scalerank":2,"adm1_code":"RUS-2337","diss_me":2337,"iso_3166_2":"RU-SPE","wikipedia":null,"iso_a2":"RU","adm0_sr":4,"name":"City of St. Petersburg","name_alt":"Sankt-Peterburg gorsovet","name_local":"Санкт-Петербург (горсовет)","type":"Gorod Federalnogo Znacheniya","type_en":"Federal City","code_local":null,"code_hasc":"RU.SP","note":null,"hasc_maybe":null,"region":"Northwestern","region_cod":null,"provnum_ne":20002,"gadm_level":1,"check_me":20,"datarank":2,"abbrev":null,"postal":"SP","area_sqkm":0,"sameascity":7,"labelrank":7,"name_len":22,"mapcolor9":7,"mapcolor13":7,"fips":"RS66","fips_alt":"RS66","woe_id":20070507,"woe_label":"St. Peterburg, RU, Russia","woe_name":"City of St. Petersburg","latitude":59.8064,"longitude":30.2901,"sov_a3":"RUS","adm0_a3":"RUS","adm0_label":2,"admin":"Russia","geonunit":"Russia","gu_a3":"RUS","gn_id":536203,"gn_name":"Sankt-Peterburg","gns_id":-2945108,"gns_name":"Sankt-Peterburg, Gorod","gn_level":1,"gn_region":null,"gn_a1_code":"RU.66","region_sub":"Northwestern","sub_code":null,"gns_level":1,"gns_lang":"rus","gns_adm1":"RS66","gns_region":null,"min_label":5,"max_label":9,"min_zoom":4.7,"wikidataid":"Q656","name_ar":"سانت بطرسبرغ","name_bn":"সেন্ট পিটার্সবার্গ","name_de":"Sankt Petersburg","name_en":"Saint Petersburg","name_es":"San Petersburgo","name_fr":"Saint-Pétersbourg","name_el":"Αγία Πετρούπολη","name_hi":"सेंट पीटर्सबर्ग","name_hu":"Szentpétervár","name_id":"St. Petersburg","name_it":"San Pietroburgo","name_ja":"サンクトペテルブルク","name_ko":"상트페테르부르크","name_nl":"Sint-Petersburg","name_pl":"Petersburg","name_pt":"São Petersburgo","name_ru":"Санкт-Петербург","name_sv":"Sankt Petersburg","name_tr":"Sankt Petersburg","name_vi":"Sankt-Peterburg","name_zh":"圣彼得堡","ne_id":1159313099,"name_he":"סנקט פטרבורג","name_uk":"Санкт-Петербург","name_ur":"سینٹ پیٹرز برگ","name_fa":"سن پترزبورگ","name_zht":"聖彼得堡","FCLASS_ISO":null,"FCLASS_US":null,"FCLASS_FR":null,"FCLASS_RU":null,"FCLASS_ES":null,"FCLASS_CN":null,"FCLASS_TW":null,"FCLASS_IN":null,"FCLASS_NP":null,"FCLASS_PK":null,"FCLASS_DE":null,"FCLASS_GB":null,"FCLASS_BR":null,"FCLASS_IL":null,"FCLASS_PS":null,"FCLASS_SA":null,"FCLASS_EG":null,"FCLASS_MA":null,"FCLASS_PT":null,"FCLASS_AR":null,"FCLASS_JP":null,"FCLASS_KO":null,"FCLASS_VN":null,"FCLASS_TR":null,"FCLASS_ID":null,"FCLASS_PL":null,"FCLASS_GR":null,"FCLASS_IT":null,"FCLASS_NL":null,"FCLASS_SE":null,"FCLASS_BD":null,"FCLASS_UA":null,"FCLASS_TLC":null}},
{"type":"Feature","geometry":{"type":"Polygon","coordinates":[[[32.706151,53.419852],[31.417855,53.19603],[31.577329,52.312311],[33.735233,52.344764],[34.397828,51.780406],[34.896816,52.353239],[35.103522,53.310777],[33.501242,54.015799],[32.706151,53.419852]]]},"properties":{"featurecla":"Admin-1 scale rank","scalerank":2,"adm1_code":"RUS-2342","diss_me":2342,"iso_3166_2":"RU-BRY","wikipedia":null,"iso_a2":"RU","adm0_sr":1,"name":"Bryansk","name_alt":"Bryanskaya Oblast","name_local":"Брянская область","type":"Oblast","type_en":"Region","code_local":null,"code_hasc":"RU.BR","note":null,"hasc_maybe":null,"region":"Central","region_cod":null,"provnum_ne":20042,"gadm_level":1,"check_me":20,"datarank":2,"abbrev":null,"postal":"BR","area_sqkm":0,"sameascity":7,"labelrank":7,"name_len":7,"mapcolor9":7,"mapcolor13":7,"fips":"RS10","fips_alt":null,"woe_id":2346892,"woe_label":"Bryanskaya Oblast, RU, Russia","woe_name":"Bryansk","latitude":53.0868,"longitude":33.2803,"sov_a3":"RUS","adm0_a3":"RUS","adm0_label":2,"admin":"Russia","geonunit":"Russia","gu_a3":"RUS","gn_id":571473,"gn_name":"Bryanskaya Oblast'","gns_id":-2893498,"gns_name":"Bryanskaya Oblast'","gn_level":1,"gn_region":null,"gn_a1_code":"RU.10","region_sub":"Central","sub_code":null,"gns_level":1,"gns_lang":"rus","gns_adm1":"RS10","gns_region":null,"min_label":5,"max_label":10.2,"min_zoom":4.7,"wikidataid":"Q2810","name_ar":"أوبلاست بريانسك","name_bn":"ব্রিয়ানস্ক ওব্লাস্ট","name_de":"Brjansk","name_en":"Bryansk","name_es":"Briansk","name_fr":"Briansk","name_el":"Όμπλαστ του Μπριάνσκ","name_hi":"ब्रियांस्क ओब्लास्ट","name_hu":"Brjanszki terület","name_id":"Bryansk","name_it":"Brjansk","name_ja":"ブリャンスク州","name_ko":"브랸스크","name_nl":"Brjansk","name_pl":"briański","name_pt":"Briansk","name_ru":"Брянская область","name_sv":"Brjansk","name_tr":"Bryansk Oblastı","name_vi":"Bryansk","name_zh":"布良斯克州","ne_id":1159313153,"name_he":"מחוז בריאנסק","name_uk":"Брянська область","name_ur":"بریانسک اوبلاست","name_fa":"استان بریانسک","name_zht":"布良斯克州","FCLASS_ISO":null,"FCLASS_US":null,"FCLASS_FR":null,"FCLASS_RU":null,"FCLASS_ES":null,"FCLASS_CN":null,"FCLASS_TW":null,"FCLASS_IN":null,"FCLASS_NP":null,"FCLASS_PK":null,"FCLASS_DE":null,"FCLASS_GB":null,"FCLASS_BR":null,"FCLASS_IL":null,"FCLASS_PS":null,"FCLASS_SA":null,"FCLASS_EG":null,"FCLASS_MA":null,"FCLASS_PT":null,"FCLASS_AR":null,"FCLASS_JP":null,"FCLASS_KO":null,"FCLASS_VN":null,"FCLASS_TR":null,"FCLASS_ID":null,"FCLASS_PL":null,"FCLASS_GR":null,"FCLASS_IT":null,"FCLASS_NL":null,"FCLASS_SE":null,"FCLASS_BD":null,"FCLASS_UA":null,"FCLASS_TLC":null}},
{"type":"Feature","geometry":{"type":"Polygon","coordinates":[[[32.706151,53.419852],[33.501242,54.015799],[33.728722,54.561683],[34.817338,54.709374],[35.369655,55.238799],[35.174112,55.948265],[33.916617,56.073115],[33.187876,55.652521],[31.467361,55.729002],[30.903138,55.574044],[31.121284,54.648499],[31.754217,53.810463],[32.706151,53.419852]]]},"properties":{"featurecla":"Admin-1 scale rank","scalerank":2,"adm1_code":"RUS-2343","diss_me":2343,"iso_3166_2":"RU-SMO","wikipedia":null,"iso_a2":"RU","adm0_sr":1,"name":"Smolensk","name_alt":"Smolenskaya Oblast","name_local":"Смоленская область","type":"Oblast","type_en":"Region","code_local":null,"code_hasc":"RU.SM","note":null,"hasc_maybe":null,"region":"Central","region_cod":null,"provnum_ne":20045,"gadm_level":1,"check_me":20,"datarank":2,"abbrev":null,"postal":"SM","area_sqkm":0,"sameascity":6,"labelrank":6,"name_len":8,"mapcolor9":7,"mapcolor13":7,"fips":"RS69","fips_alt":null,"woe_id":2346925,"woe_label":"Smolenskaya Oblast, RU, Russia","woe_name":"Smolensk","latitude":54.6726,"longitude":33.0803,"sov_a3":"RUS","adm0_a3":"RUS","adm0_label":2,"admin":"Russia","geonunit":"Russia","gu_a3":"RUS","gn_id":491684,"gn_name":"Smolenskaya Oblast'","gns_id":-3006143,"gns_name":"Smolenskaya Oblast'","gn_level":1,"gn_region":null,"gn_a1_code":"RU.69","region_sub":"Central","sub_code":null,"gns_level":1,"gns_lang":"fas","gns_adm1":"RS69","gns_region":null,"min_label":5,"max_label":10.2,"min_zoom":4.7,"wikidataid":"Q2347","name_ar":"أوبلاست سمولينسك","name_bn":"সি্মো স্মোলেনস্ক ওব্লাস্ট","name_de":"Smolensk","name_en":"Smolensk","name_es":"Smolensk","name_fr":"Smolensk","name_el":"Όμπλαστ του Σμολένσκ","name_hi":"स्मोलेंस्क ओब्लास्ट","name_hu":"Szmolenszki terület","name_id":"Smolensk","name_it":"Smolensk","name_ja":"スモレンスク州","name_ko":"스몰렌스크","name_nl":"Smolensk","name_pl":"smoleński","name_pt":"Smolensk","name_ru":"Смоленская область","name_sv":"Smolensk","name_tr":"Smolensk Oblastı","name_vi":"Smolensk","name_zh":"斯摩棱斯克州","ne_id":1159313155,"name_he":"סמולנסק","name_uk":"Смоленська область","name_ur":"سمولنسک اوبلاست","name_fa":"استان اسمولنسک","name_zht":"斯摩棱斯克州","FCLASS_ISO":null,"FCLASS_US":null,"FCLASS_FR":null,"FCLASS_RU":null,"FCLASS_ES":null,"FCLASS_CN":null,"FCLASS_TW":null,"FCLASS_IN":null,"FCLASS_NP":null,"FCLASS_PK":null,"FCLASS_DE":null,"FCLASS_GB":null,"FCLASS_BR":null,"FCLASS_IL":null,"FCLASS_PS":null,"FCLASS_SA":null,"FCLASS_EG":null,"FCLASS_MA":null,"FCLASS_PT":null,"FCLASS_AR":null,"FCLASS_JP":null,"FCLASS_KO":null,"FCLASS_VN":null,"FCLASS_TR":null,"FCLASS_ID":null,"FCLASS_PL":null,"FCLASS_GR":null,"FCLASS_IT":null,"FCLASS_NL":null,"FCLASS_SE":null,"FCLASS_BD":null,"FCLASS_UA":null,"FCLASS_TLC":null}},
{"type":"Feature","geometry":null,"properties":{"featurecla":"Admin-1 scale rank","scalerank":2,"adm1_code":"RUS-2353","diss_me":2353,"iso_3166_2":"RU-KR","wikipedia":null,"iso_a2":"RU","adm0_sr":5,"name":"Karelia","name_alt":"Karelian A.S.S.R.|Karelo-Finnish A.S.S.R.|Karel'skaya A.S.S.R.|Olonets|Olonetskaya G.|Kareliya|Republic of Karelia","name_local":"Республика Карелия","type":"Respublika","type_en":"Republic","code_local":null,"code_hasc":"RU.KI","note":null,"hasc_maybe":null,"region":"Northwestern","region_cod":null,"provnum_ne":20014,"gadm_level":1,"check_me":20,"datarank":2,"abbrev":null,"postal":"KI","area_sqkm":0,"sameascity":-99,"labelrank":2,"name_len":7,"mapcolor9":7,"mapcolor13":7,"fips":"RS28","fips_alt":null,"woe_id":2346873,"woe_label":"Kareliya, RU, Russia","woe_name":"Karelia","latitude":63.5295,"longitude":33.1446,"sov_a3":"RUS","adm0_a3":"RUS","adm0_label":2,"admin":"Russia","geonunit":"Russia","gu_a3":"RUS","gn_id":552548,"gn_name":"Respublika Kareliya","gns_id":-2921465,"gns_name":"Kareliya, Respublika","gn_level":1,"gn_region":null,"gn_a1_code":"RU.28","region_sub":"Northern","sub_code":null,"gns_level":1,"gns_lang":"rus","gns_adm1":"RS28","gns_region":null,"min_label":5,"max_label":10.2,"min_zoom":4.7,"wikidataid":"Q1914","name_ar":"جمهورية كاريليا","name_bn":"কারেলিয়া প্রজাতন্ত্র","name_de":"Republik Karelien","name_en":"Karelia","name_es":"Carelia","name_fr":"Carélie","name_el":"Δημοκρατία της Καρελίας","name_hi":"कारेलिया गणतंत्र","name_hu":"Karélia","name_id":"Republik Karelia","name_it":"Carelia","name_ja":"カレリア共和国","name_ko":"카렐리야 공화국","name_nl":"Karelië","name_pl":"Karelia","name_pt":"República da Carélia","name_ru":"Карелия","name_sv":"Karelska republiken","name_tr":"Karelya Cumhuriyeti","name_vi":"Cộng hòa Kareliya","name_zh":"卡累利阿共和国","ne_id":1159313107,"name_he":"קרליה","name_uk":"Республіка Карелія","name_ur":"جمہوریہ کریلیا","name_fa":"جمهوری کارلیا","name_zht":"卡累利阿共和国","FCLASS_ISO":null,"FCLASS_US":null,"FCLASS_FR":null,"FCLASS_RU":null,"FCLASS_ES":null,"FCLASS_CN":null,"FCLASS_TW":null,"FCLASS_IN":null,"FCLASS_NP":null,"FCLASS_PK":null,"FCLASS_DE":null,"FCLASS_GB":null,"FCLASS_BR":null,"FCLASS_IL":null,"FCLASS_PS":null,"FCLASS_SA":null,"FCLASS_EG":null,"FCLASS_MA":null,"FCLASS_PT":null,"FCLASS_AR":null,"FCLASS_JP":null,"FCLASS_KO":null,"FCLASS_VN":null,"FCLASS_TR":null,"FCLASS_ID":null,"FCLASS_PL":null,"FCLASS_GR":null,"FCLASS_IT":null,"FCLASS_NL":null,"FCLASS_SE":null,"FCLASS_BD":null,"FCLASS_UA":null,"FCLASS_TLC":null}},
{"type":"Feature","geometry":{"type":"MultiPolygon","coordinates":[[[[36.524238,63.976454],[36.500542,62.826036],[37.504926,62.645324],[37.77292,61.522137],[38.632712,60.723219],[41.339937,60.675987],[43.510864,60.767454],[45.332355,61.18934],[47.042948,60.853805],[48.418988,60.853805],[49.302242,61.176163],[49.051611,61.690963],[49.608993,62.770226],[47.234874,62.351492],[46.819189,63.746962],[45.824521,64.283622],[48.840151,64.357312],[50.063022,64.8902],[48.989393,65.268523],[49.006032,66.119117],[47.110437,65.821176],[44.220833,66.407181],[42.210547,66.519678],[39.816504,65.597949],[39.758008,64.577051],[36.882812,65.172363],[36.528223,64.847363],[38.070801,64.02583],[36.524238,63.976454]]],[[[58.617871,74.227393],[61.355957,75.314844],[66.282422,75.983691],[68.899805,76.572949],[67.534961,77.007764],[62.971484,76.23667],[58.88125,75.854785],[57.0875,75.383838],[54.642676,73.95957],[55.006836,73.453857],[56.963867,73.366553],[58.617871,74.227393]]],[[[51.58252,72.071191],[53.363867,71.54165],[53.722363,70.814453],[57.145898,70.589111],[55.297852,71.935352],[56.42959,73.201172],[53.753223,73.293262],[52.62207,72.300977],[51.58252,72.071191]]]]},"properties":{"featurecla":"Admin-1 scale rank","scalerank":2,"adm1_code":"RUS-2354","diss_me":2354,"iso_3166_2":"RU-ARK","wikipedia":null,"iso_a2":"RU","adm0_sr":4,"name":"Arkhangel'sk","name_alt":"Vologodskaya Oblast","name_local":"Вологодская область","type":"Oblast","type_en":"Region","code_local":null,"code_hasc":"RU.AR","note":null,"hasc_maybe":"RU.AR|RUS-ARK","region":"Northwestern","region_cod":null,"provnum_ne":20013,"gadm_level":1,"check_me":20,"datarank":2,"abbrev":null,"postal":"VO","area_sqkm":0,"sameascity":6,"labelrank":6,"name_len":12,"mapcolor9":7,"mapcolor13":7,"fips":"RS06","fips_alt":null,"woe_id":20070508,"woe_label":"Arkhangelrskaya Oblast, RU, Russia","woe_name":"Arkhangel'sk","latitude":63.3132,"longitude":41.9939,"sov_a3":"RUS","adm0_a3":"RUS","adm0_label":2,"admin":"Russia","geonunit":"Russia","gu_a3":"RUS","gn_id":581043,"gn_name":"Arkhangel'skaya Oblast'","gns_id":-2879197,"gns_name":"Arkhangel'skaya Oblast'","gn_level":1,"gn_region":null,"gn_a1_code":"RU.06","region_sub":"Northern","sub_code":null,"gns_level":1,"gns_lang":"rus","gns_adm1":"RS06","gns_region":null,"min_label":5,"max_label":10.2,"min_zoom":4.7,"wikidataid":"Q1875","name_ar":"أوبلاست أرخانغلسك","name_bn":"আরখানগেলস্ক ওব্লাস্ট","name_de":"Archangelsk","name_en":"Arkhangelsk","name_es":"Arjánguelsk","name_fr":"d'Arkhangelsk","name_el":"Όμπλαστ του Αρχάνγκελσκ","name_hi":"अर्खांगेल्स्क ओब्लास्ट","name_hu":"Arhangelszki terület","name_id":"Arkhangelsk","name_it":"Arcangelo","name_ja":"アルハンゲリスク州","name_ko":"아르한겔스크","name_nl":"Archangelsk","name_pl":"archangielski","name_pt":"Arkhangelsk","name_ru":"Архангельская область","name_sv":"Archangelsk","name_tr":"Arhangelsk Oblastı","name_vi":"Arkhangelsk","name_zh":"阿尔汉格尔斯克州","ne_id":1159313111,"name_he":"מחוז ארכנגלסק","name_uk":"Архангельська область","name_ur":"آرخانگلسک اوبلاست","name_fa":"استان آرخانگلسک","name_zht":"阿尔汉格尔斯克州","FCLASS_ISO":null,"FCLASS_US":null,"FCLASS_FR":null,"FCLASS_RU":null,"FCLASS_ES":null,"FCLASS_CN":null,"FCLASS_TW":null,"FCLASS_IN":null,"FCLASS_NP":null,"FCLASS_PK":null,"FCLASS_DE":null,"FCLASS_GB":null,"FCLASS_BR":null,"FCLASS_IL":null,"FCLASS_PS":null,"FCLASS_SA":null,"FCLASS_EG":null,"FCLASS_MA":null,"FCLASS_PT":null,"FCLASS_AR":null,"FCLASS_JP":null,"FCLASS_KO":null,"FCLASS_VN":null,"FCLASS_TR":null,"FCLASS_ID":null,"FCLASS_PL":null,"FCLASS_GR":null,"FCLASS_IT":null,"FCLASS_NL":null,"FCLASS_SE":null,"FCLASS_BD":null,"FCLASS_UA":null,"FCLASS_TLC":null}},
{"type":"Feature","geometry":{"type":"Polygon","coordinates":[[[43.727388,57.465795],[41.88595,57.685575],[40.445211,57.276349],[39.41716,56.772091],[40.155927,56.434282],[42.587923,56.420226],[43.727388,57.465795]]]},"properties":{"featurecla":"Admin-1 scale rank","scalerank":2,"adm1_code":"RUS-2355","diss_me":2355,"iso_3166_2":"RU-IVA","wikipedia":null,"iso_a2":"RU","adm0_sr":1,"name":"Ivanovo","name_alt":"Ivanovskaya Oblast","name_local":"Ивановская область","type":"Oblast","type_en":"Region","code_local":null,"code_hasc":"RU.IV","note":null,"hasc_maybe":null,"region":"Central","region_cod":null,"provnum_ne":20082,"gadm_level":1,"check_me":20,"datarank":2,"abbrev":null,"postal":"IV","area_sqkm":0,"sameascity":7,"labelrank":7,"name_len":7,"mapcolor9":7,"mapcolor13":7,"fips":"RS21","fips_alt":null,"woe_id":2346897,"woe_label":"Ivanovskaya Oblast, RU, Russia","woe_name":"Ivanovo","latitude":57.1213,"longitude":41.6244,"sov_a3":"RUS","adm0_a3":"RUS","adm0_label":2,"admin":"Russia","geonunit":"Russia","gu_a3":"RUS","gn_id":555235,"gn_name":"Ivanovskaya Oblast'","gns_id":-2917425,"gns_name":"Ivanovskaya Oblast'","gn_level":1,"gn_region":null,"gn_a1_code":"RU.21","region_sub":"Central","sub_code":null,"gns_level":1,"gns_lang":"rus","gns_adm1":"RS21","gns_region":null,"min_label":5,"max_label":10.2,"min_zoom":4.7,"wikidataid":"Q2654","name_ar":"أوبلاست إيفانوفو","name_bn":"ইভানোভো ওব্লাস্ট","name_de":"Iwanowo","name_en":"Ivanovo","name_es":"Ivánovo","name_fr":"d'Ivanovo","name_el":"Όμπλαστ του Ιβάνοβο","name_hi":"इवानोवो ओब्लास्ट","name_hu":"Ivanovói terület","name_id":"Ivanovo","name_it":"Ivanovo","name_ja":"イヴァノヴォ州","name_ko":"이바노보","name_nl":"Ivanovo","name_pl":"iwanowski","name_pt":"Ivanovo","name_ru":"Ивановская область","name_sv":"Ivanovo","name_tr":"İvanovo Oblastı","name_vi":"Ivanovo","name_zh":"伊万诺沃州","ne_id":1159313123,"name_he":"מחוז איבנובו","name_uk":"Івановська область","name_ur":"ایوانوو اوبلاست","name_fa":"استان ایوانوف","name_zht":"伊萬諾沃州","FCLASS_ISO":null,"FCLASS_US":null,"FCLASS_FR":null,"FCLASS_RU":null,"FCLASS_ES":null,"FCLASS_CN":null,"FCLASS_TW":null,"FCLASS_IN":null,"FCLASS_NP":null,"FCLASS_PK":null,"FCLASS_DE":null,"FCLASS_GB":null,"FCLASS_BR":null,"FCLASS_IL":null,"FCLASS_PS":null,"FCLASS_SA":null,"FCLASS_EG":null,"FCLASS_MA":null,"FCLASS_PT":null,"FCLASS_AR":null,"FCLASS_JP":null,"FCLASS_KO":null,"FCLASS_VN":null,"FCLASS_TR":null,"FCLASS_ID":null,"FCLASS_PL":null,"FCLASS_GR":null,"FCLASS_IT":null,"FCLASS_NL":null,"FCLASS_SE":null,"FCLASS_BD":null,"FCLASS_UA":null,"FCLASS_TLC":null}},
{"type":"Feature","geometry":{"type":"Polygon","coordinates":[[[47.113538,59.611297],[46.749529,60.261128],[47.042948,60.853805],[45.332355,61.18934],[43.510864,60.767454],[41.339937,60.675987],[38.632712,60.723219],[37.77292,61.522137],[35.603853,61.188307],[35.157059,60.067032],[35.495849,59.553523],[34.729901,59.103214],[36.173327,58.524955],[37.626262,58.490229],[39.619525,58.894545],[40.926009,58.579112],[42.197042,59.303486],[45.918262,59.184424],[47.113538,59.611297]]]},"properties":{"featurecla":"Admin-1 scale rank","scalerank":2,"adm1_code":"RUS-2359","diss_me":2359,"iso_3166_2":"RU-VLG","wikipedia":null,"iso_a2":"RU","adm0_sr":1,"name":"Vologda","name_alt":"Vologodskaya Oblast","name_local":"Вологодская область","type":"Oblast","type_en":"Region","code_local":null,"code_hasc":"RU.VO","note":null,"hasc_maybe":null,"region":"Northwestern","region_cod":null,"provnum_ne":20077,"gadm_level":1,"check_me":20,"datarank":2,"abbrev":null,"postal":"VO","area_sqkm":0,"sameascity":6,"labelrank":6,"name_len":7,"mapcolor9":7,"mapcolor13":7,"fips":"RS85","fips_alt":null,"woe_id":2346934,"woe_label":"Vologodskaya Oblast, RU, Russia","woe_name":"Vologda","latitude":59.6397,"longitude":40.9333,"sov_a3":"RUS","adm0_a3":"RUS","adm0_label":2,"admin":"Russia","geonunit":"Russia","gu_a3":"RUS","gn_id":472454,"gn_name":"Vologodskaya Oblast'","gns_id":-3034708,"gns_name":"Vologodskaya Oblast'","gn_level":1,"gn_region":null,"gn_a1_code":"RU.85","region_sub":"Northern","sub_code":null,"gns_level":1,"gns_lang":"fas","gns_adm1":"RS85","gns_region":null,"min_label":5,"max_label":10.2,"min_zoom":4.7,"wikidataid":"Q2015","name_ar":"فولوغدا أوبلاست","name_bn":"ভোলোগদা ওব্লাস্ট","name_de":"Wologda","name_en":"Vologda","name_es":"Vólogda","name_fr":"Vologda","name_el":"Όμπλαστ της Βόλογκντα","name_hi":"वोलोडा ओब्लास्ट","name_hu":"Vologdai terület","name_id":"Vologda","name_it":"Vologda","name_ja":"ヴォログダ州","name_ko":"볼로그다","name_nl":"Vologda","name_pl":"wołogodzki","name_pt":"Vologda","name_ru":"Вологодская область","name_sv":"Vologda","name_tr":"Vologda Oblastı","name_vi":"Vologda","name_zh":"沃洛格达州","ne_id":1159313131,"name_he":"מחוז וולוגדה","name_uk":"Вологодська область","name_ur":"ولوگدا اوبلاست","name_fa":"استان ولوگدا","name_zht":"沃洛格達州","FCLASS_ISO":null,"FCLASS_US":null,"FCLASS_FR":null,"FCLASS_RU":null,"FCLASS_ES":null,"FCLASS_CN":null,"FCLASS_TW":null,"FCLASS_IN":null,"FCLASS_NP":null,"FCLASS_PK":null,"FCLASS_DE":null,"FCLASS_GB":null,"FCLASS_BR":null,"FCLASS_IL":null,"FCLASS_PS":null,"FCLASS_SA":null,"FCLASS_EG":null,"FCLASS_MA":null,"FCLASS_PT":null,"FCLASS_AR":null,"FCLASS_JP":null,"FCLASS_KO":null,"FCLASS_VN":null,"FCLASS_TR":null,"FCLASS_ID":null,"FCLASS_PL":null,"FCLASS_GR":null,"FCLASS_IT":null,"FCLASS_NL":null,"FCLASS_SE":null,"FCLASS_BD":null,"FCLASS_UA":null,"FCLASS_TLC":null}},
{"type":"Feature","geometry":{"type":"Polygon","coordinates":[[[47.113538,59.611297],[45.918262,59.184424],[42.197042,59.303486],[40.926009,58.579112],[40.445211,57.276349],[41.88595,57.685575],[43.727388,57.465795],[44.862616,58.075422],[46.341285,58.074647],[47.570874,59.059858],[47.113538,59.611297]]]},"properties":{"featurecla":"Admin-1 scale rank","scalerank":2,"adm1_code":"RUS-2356","diss_me":2356,"iso_3166_2":"RU-KOS","wikipedia":null,"iso_a2":"RU","adm0_sr":1,"name":"Kostroma","name_alt":"Kostromskaya","name_local":"Костромская область","type":"Oblast","type_en":"Region","code_local":null,"code_hasc":"RU.KT","note":null,"hasc_maybe":null,"region":"Central","region_cod":null,"provnum_ne":20090,"gadm_level":1,"check_me":20,"datarank":2,"abbrev":null,"postal":"KT","area_sqkm":0,"sameascity":6,"labelrank":6,"name_len":8,"mapcolor9":7,"mapcolor13":7,"fips":"RS37","fips_alt":null,"woe_id":2346903,"woe_label":"Kostromskaya Oblast, RU, Russia","woe_name":"Kostroma","latitude":58.3882,"longitude":43.4689,"sov_a3":"RUS","adm0_a3":"RUS","adm0_label":2,"admin":"Russia","geonunit":"Russia","gu_a3":"RUS","gn_id":543871,"gn_name":"Kostromskaya Oblast'","gns_id":-2934427,"gns_name":"Kostromskaya Oblast'","gn_level":1,"gn_region":null,"gn_a1_code":"RU.37","region_sub":"Central","sub_code":null,"gns_level":1,"gns_lang":"rus","gns_adm1":"RS37","gns_region":null,"min_label":5,"max_label":10.2,"min_zoom":4.7,"wikidataid":"Q2596","name_ar":"كوستروما أوبلاست","name_bn":"কস্ট্রোমা ওব্লাস্ট","name_de":"Kostroma","name_en":"Kostroma","name_es":"Kostromá","name_fr":"Kostroma","name_el":"Όμπλαστ της Κοστρομά","name_hi":"कोस्ट्रोमा ओब्लास्ट","name_hu":"Kosztromai terület","name_id":"Kostroma","name_it":"Kostroma","name_ja":"コストロマ州","name_ko":"코스트로마","name_nl":"Kostroma","name_pl":"kostromski","name_pt":"Kostroma","name_ru":"Костромская область","name_sv":"Kostroma","name_tr":"Kostroma Oblastı","name_vi":"Kostroma","name_zh":"科斯特罗马州","ne_id":1159313125,"name_he":"מחוז קוסטרומה","name_uk":"Костромська область","name_ur":"کوستروما اوبلاست","name_fa":"استان کوستروما","name_zht":"科斯特罗马州","FCLASS_ISO":null,"FCLASS_US":null,"FCLASS_FR":null,"FCLASS_RU":null,"FCLASS_ES":null,"FCLASS_CN":null,"FCLASS_TW":null,"FCLASS_IN":null,"FCLASS_NP":null,"FCLASS_PK":null,"FCLASS_DE":null,"FCLASS_GB":null,"FCLASS_BR":null,"FCLASS_IL":null,"FCLASS_PS":null,"FCLASS_SA":null,"FCLASS_EG":null,"FCLASS_MA":null,"FCLASS_PT":null,"FCLASS_AR":null,"FCLASS_JP":null,"FCLASS_KO":null,"FCLASS_VN":null,"FCLASS_TR":null,"FCLASS_ID":null,"FCLASS_PL":null,"FCLASS_GR":null,"FCLASS_IT":null,"FCLASS_NL":null,"FCLASS_SE":null,"FCLASS_BD":null,"FCLASS_UA":null,"FCLASS_TLC":null}},
{"type":"Feature","geometry":{"type":"Polygon","coordinates":[[[43.727388,57.465795],[42.587923,56.420226],[42.694066,56.002784],[41.783217,55.119117],[42.466793,54.871302],[43.36896,54.94967],[44.917186,54.476236],[46.055721,55.042119],[46.213955,56.049809],[45.95857,56.872084],[46.714906,56.966342],[46.341285,58.074647],[44.862616,58.075422],[43.727388,57.465795]]]},"properties":{"featurecla":"Admin-1 scale rank","scalerank":2,"adm1_code":"RUS-2357","diss_me":2357,"iso_3166_2":"RU-NIZ","wikipedia":null,"iso_a2":"RU","adm0_sr":1,"name":"Nizhegorod","name_alt":"Gor'kiy|Gor'kovskaya|Gorky|Nizhegorodskaya|Nizhniy-Novgorod","name_local":"Нижегородская область","type":"Oblast","type_en":"Region","code_local":null,"code_hasc":"RU.NZ","note":null,"hasc_maybe":null,"region":"Volga","region_cod":null,"provnum_ne":20081,"gadm_level":1,"check_me":20,"datarank":2,"abbrev":null,"postal":"NZ","area_sqkm":0,"sameascity":-99,"labelrank":2,"name_len":10,"mapcolor9":7,"mapcolor13":7,"fips":"RS51","fips_alt":null,"woe_id":2346895,"woe_label":"Nizhegorodskaya Oblast, RU, Russia","woe_name":"Nizhegorod","latitude":56.1384,"longitude":44.7751,"sov_a3":"RUS","adm0_a3":"RUS","adm0_label":2,"admin":"Russia","geonunit":"Russia","gu_a3":"RUS","gn_id":559838,"gn_name":"Nizhegorodskaya Oblast'","gns_id":-2910855,"gns_name":"Nizhegorodskaya Oblast'","gn_level":1,"gn_region":null,"gn_a1_code":"RU.51","region_sub":"Volga-Vyatka","sub_code":null,"gns_level":1,"gns_lang":"rus","gns_adm1":"RS51","gns_region":null,"min_label":5,"max_label":10.2,"min_zoom":4.7,"wikidataid":"Q2246","name_ar":"نيجني نوفغورود أوبلاست","name_bn":"নিঝনি ওব্লাস্ট","name_de":"Nischni Nowgorod","name_en":"Nizhny Novgorod","name_es":"Nizhni Nóvgorod","name_fr":"Nijni Novgorod","name_el":"Όμπλαστ του Νίζνι Νόβγκοροντ","name_hi":"निज़्नी नॉवग्रोद ओब्लास्ट","name_hu":"Nyizsnyij Novgorod-i terület","name_id":"Nizhny Novgorod","name_it":"Nižnij Novgorod","name_ja":"ニジニ・ノヴゴロド州","name_ko":"니즈니노브고로드","name_nl":"Nizjni Novgorod","name_pl":"niżnonowogrodzki","name_pt":"Níjni Novgorod","name_ru":"Нижегородская область","name_sv":"Nizjnij Novgorod","name_tr":"Nijniy Novgorod Oblastı","name_vi":"Nizhny Novgorod","name_zh":"下诺夫哥罗德州","ne_id":1159313127,"name_he":"מחוז ניז'ני נובגורוד","name_uk":"Нижньогородська область","name_ur":"نزہنی نووگورود اوبلاست","name_fa":"استان نیژنی نووگورود","name_zht":"下诺夫哥罗德州","FCLASS_ISO":null,"FCLASS_US":null,"FCLASS_FR":null,"FCLASS_RU":null,"FCLASS_ES":null,"FCLASS_CN":null,"FCLASS_TW":null,"FCLASS_IN":null,"FCLASS_NP":null,"FCLASS_PK":null,"FCLASS_DE":null,"FCLASS_GB":null,"FCLASS_BR":null,"FCLASS_IL":null,"FCLASS_PS":null,"FCLASS_SA":null,"FCLASS_EG":null,"FCLASS_MA":null,"FCLASS_PT":null,"FCLASS_AR":null,"FCLASS_JP":null,"FCLASS_KO":null,"FCLASS_VN":null,"FCLASS_TR":null,"FCLASS_ID":null,"FCLASS_PL":null,"FCLASS_GR":null,"FCLASS_IT":null,"FCLASS_NL":null,"FCLASS_SE":null,"FCLASS_BD":null,"FCLASS_UA":null,"FCLASS_TLC":null}},
{"type":"Feature","geometry":{"type":"Polygon","coordinates":[[[37.626262,58.490229],[36.173327,58.524955],[33.7188,58.158001],[33.216195,57.453909],[31.000103,56.965205],[31.467361,55.729002],[33.187876,55.652521],[33.916617,56.073115],[35.174112,55.948265],[35.645091,56.474124],[38.256508,56.77023],[38.306427,57.276349],[37.390927,57.827995],[37.626262,58.490229]]]},"properties":{"featurecla":"Admin-1 scale rank","scalerank":2,"adm1_code":"RUS-2358","diss_me":2358,"iso_3166_2":"RU-TVE","wikipedia":null,"iso_a2":"RU","adm0_sr":1,"name":"Tver'","name_alt":"Kalinin|Kalininskaya|Tverskaya Oblast","name_local":"Тверская область","type":"Oblast","type_en":"Region","code_local":null,"code_hasc":"RU.TV","note":null,"hasc_maybe":null,"region":"Central","region_cod":null,"provnum_ne":20074,"gadm_level":1,"check_me":20,"datarank":2,"abbrev":null,"postal":"TV","area_sqkm":0,"sameascity":6,"labelrank":6,"name_len":5,"mapcolor9":7,"mapcolor13":7,"fips":"RS77","fips_alt":null,"woe_id":2346898,"woe_label":"Tverskaya Oblast, RU, Russia","woe_name":"Tver'","latitude":57.0297,"longitude":34.5445,"sov_a3":"RUS","adm0_a3":"RUS","adm0_label":2,"admin":"Russia","geonunit":"Russia","gu_a3":"RUS","gn_id":480041,"gn_name":"Tverskaya Oblast'","gns_id":-3023050,"gns_name":"Tverskaya Oblast'","gn_level":1,"gn_region":null,"gn_a1_code":"RU.77","region_sub":"Central","sub_code":null,"gns_level":1,"gns_lang":"fas","gns_adm1":"RS77","gns_region":null,"min_label":5,"max_label":10.2,"min_zoom":4.7,"wikidataid":"Q2292","name_ar":"تفير أوبلاست","name_bn":"টেভার ওব্লাস্ট","name_de":"Twer","name_en":"Tver","name_es":"Tver","name_fr":"Tver","name_el":"Όμπλαστ του Τβερ","name_hi":"त्वेर ओब्लास्ट","name_hu":"Tveri terület","name_id":"Tver","name_it":"Tver'","name_ja":"トヴェリ州","name_ko":"트베리","name_nl":"Tver","name_pl":"twerski","name_pt":"Tver","name_ru":"Тверская область","name_sv":"Tver","name_tr":"Tver Oblastı","name_vi":"Tver","name_zh":"特维尔州","ne_id":1159313129,"name_he":"מחוז טבר","name_uk":"Тверська область","name_ur":"توور اوبلاست","name_fa":"استان تور","name_zht":"特维尔州","FCLASS_ISO":null,"FCLASS_US":null,"FCLASS_FR":null,"FCLASS_RU":null,"FCLASS_ES":null,"FCLASS_CN":null,"FCLASS_TW":null,"FCLASS_IN":null,"FCLASS_NP":null,"FCLASS_PK":null,"FCLASS_DE":null,"FCLASS_GB":null,"FCLASS_BR":null,"FCLASS_IL":null,"FCLASS_PS":null,"FCLASS_SA":null,"FCLASS_EG":null,"FCLASS_MA":null,"FCLASS_PT":null,"FCLASS_AR":null,"FCLASS_JP":null,"FCLASS_KO":null,"FCLASS_VN":null,"FCLASS_TR":null,"FCLASS_ID":null,"FCLASS_PL":null,"FCLASS_GR":null,"FCLASS_IT":null,"FCLASS_NL":null,"FCLASS_SE":null,"FCLASS_BD":null,"FCLASS_UA":null,"FCLASS_TLC":null}},
{"type":"Feature","geometry":{"type":"Polygon","coordinates":[[[37.626262,58.490229],[37.390927,57.827995],[38.306427,57.276349],[38.256508,56.77023],[38.374123,56.696591],[39.41716,56.772091],[40.445211,57.276349],[40.926009,58.579112],[39.619525,58.894545],[37.626262,58.490229]]]},"properties":{"featurecla":"Admin-1 scale rank","scalerank":2,"adm1_code":"RUS-2360","diss_me":2360,"iso_3166_2":"RU-YAR","wikipedia":null,"iso_a2":"RU","adm0_sr":1,"name":"Yaroslavl'","name_alt":"Yaroslavskaya Oblast","name_local":"Ярославская область","type":"Oblast","type_en":"Region","code_local":null,"code_hasc":"RU.YS","note":null,"hasc_maybe":null,"region":"Central","region_cod":null,"provnum_ne":20089,"gadm_level":1,"check_me":20,"datarank":2,"abbrev":null,"postal":"YS","area_sqkm":0,"sameascity":6,"labelrank":6,"name_len":10,"mapcolor9":7,"mapcolor13":7,"fips":"RS88","fips_alt":null,"woe_id":2346936,"woe_label":"Yaroslavskaya Oblast, RU, Russia","woe_name":"Yaroslavl'","latitude":57.7329,"longitude":39.2547,"sov_a3":"RUS","adm0_a3":"RUS","adm0_label":2,"admin":"Russia","geonunit":"Russia","gu_a3":"RUS","gn_id":468898,"gn_name":"Yaroslavskaya Oblast'","gns_id":-3039271,"gns_name":"Yaroslavskaya Oblast'","gn_level":1,"gn_region":null,"gn_a1_code":"RU.88","region_sub":"Central","sub_code":null,"gns_level":1,"gns_lang":"fas","gns_adm1":"RS88","gns_region":null,"min_label":5,"max_label":10.2,"min_zoom":4.7,"wikidataid":"Q2448","name_ar":"ياروسلافل أوبلاست","name_bn":"ইয়রোস্লাভ্ল ওব্লাস্ট","name_de":"Jaroslawl","name_en":"Yaroslavl","name_es":"Yaroslavl","name_fr":"d'Iaroslavl","name_el":"Όμπλαστ του Γιαροσλάβλ","name_hi":"यरोस्लावी ओब्लास्ट","name_hu":"Jaroszlavli terület","name_id":"Yaroslavl","name_it":"Jaroslavl'","name_ja":"ヤロスラヴリ州","name_ko":"야로슬라블","name_nl":"Jaroslavl","name_pl":"jarosławski","name_pt":"Iaroslavl","name_ru":"Ярославская область","name_sv":"Jaroslavl","name_tr":"Yaroslavl Oblastı","name_vi":"Yaroslavl","name_zh":"雅罗斯拉夫尔州","ne_id":1159313133,"name_he":"ירוסלבל","name_uk":"Ярославська область","name_ur":"یاروسلاول اوبلاست","name_fa":"استان یاروسلاول","name_zht":"雅羅斯拉夫爾州","FCLASS_ISO":null,"FCLASS_US":null,"FCLASS_FR":null,"FCLASS_RU":null,"FCLASS_ES":null,"FCLASS_CN":null,"FCLASS_TW":null,"FCLASS_IN":null,"FCLASS_NP":null,"FCLASS_PK":null,"FCLASS_DE":null,"FCLASS_GB":null,"FCLASS_BR":null,"FCLASS_IL":null,"FCLASS_PS":null,"FCLASS_SA":null,"FCLASS_EG":null,"FCLASS_MA":null,"FCLASS_PT":null,"FCLASS_AR":null,"FCLASS_JP":null,"FCLASS_KO":null,"FCLASS_VN":null,"FCLASS_TR":null,"FCLASS_ID":null,"FCLASS_PL":null,"FCLASS_GR":null,"FCLASS_IT":null,"FCLASS_NL":null,"FCLASS_SE":null,"FCLASS_BD":null,"FCLASS_UA":null,"FCLASS_TLC":null}},
{"type":"Feature","geometry":{"type":"Polygon","coordinates":[[[37.259049,54.835826],[37.120039,54.990824],[36.904342,55.229136],[35.369655,55.238799],[34.817338,54.709374],[33.728722,54.561683],[33.501242,54.015799],[35.103522,53.310777],[36.009616,53.618278],[36.237199,54.229093],[37.259049,54.835826]]]},"properties":{"featurecla":"Admin-1 scale rank","scalerank":2,"adm1_code":"RUS-2361","diss_me":2361,"iso_3166_2":"RU-KLU","wikipedia":null,"iso_a2":"RU","adm0_sr":1,"name":"Kaluga","name_alt":"Kaluzhskaya Oblast","name_local":"Калужская область","type":"Oblast","type_en":"Region","code_local":null,"code_hasc":"RU.KG","note":null,"hasc_maybe":null,"region":"Central","region_cod":null,"provnum_ne":20091,"gadm_level":1,"check_me":20,"datarank":2,"abbrev":null,"postal":"KG","area_sqkm":0,"sameascity":7,"labelrank":7,"name_len":6,"mapcolor9":7,"mapcolor13":7,"fips":"RS25","fips_alt":null,"woe_id":2346899,"woe_label":"Kaluzhskaya Oblast, RU, Russia","woe_name":"Kaluga","latitude":54.2421,"longitude":35.3416,"sov_a3":"RUS","adm0_a3":"RUS","adm0_label":2,"admin":"Russia","geonunit":"Russia","gu_a3":"RUS","gn_id":553899,"gn_name":"Kaluzhskaya Oblast'","gns_id":-2919307,"gns_name":"Kaluzhskaya Oblast'","gn_level":1,"gn_region":null,"gn_a1_code":"RU.25","region_sub":"Central","sub_code":null,"gns_level":1,"gns_lang":"rus","gns_adm1":"RS25","gns_region":null,"min_label":5,"max_label":10.2,"min_zoom":4.7,"wikidataid":"Q2842","name_ar":"كالوغا أوبلاست","name_bn":"কালুগা ওব্লাস্ট","name_de":"Kaluga","name_en":"Kaluga","name_es":"Kaluga","name_fr":"Kalouga","name_el":"Όμπλαστ της Καλούγκα","name_hi":"कलुगा ओब्लास्ट","name_hu":"Kalugai terület","name_id":"Kaluga","name_it":"Kaluga","name_ja":"カルーガ州","name_ko":"칼루가","name_nl":"Kaloega","name_pl":"kałuski","name_pt":"Kaluga","name_ru":"Калужская область","name_sv":"Kaluga","name_tr":"Kaluga Oblastı","name_vi":"Kaluga","name_zh":"卡卢加州","ne_id":1159313135,"name_he":"מחוז קלוגה","name_uk":"Калузька область","name_ur":"کالوگا اوبلاست","name_fa":"استان کالوگا","name_zht":"卡卢加州","FCLASS_ISO":null,"FCLASS_US":null,"FCLASS_FR":null,"FCLASS_RU":null,"FCLASS_ES":null,"FCLASS_CN":null,"FCLASS_TW":null,"FCLASS_IN":null,"FCLASS_NP":null,"FCLASS_PK":null,"FCLASS_DE":null,"FCLASS_GB":null,"FCLASS_BR":null,"FCLASS_IL":null,"FCLASS_PS":null,"FCLASS_SA":null,"FCLASS_EG":null,"FCLASS_MA":null,"FCLASS_PT":null,"FCLASS_AR":null,"FCLASS_JP":null,"FCLASS_KO":null,"FCLASS_VN":null,"FCLASS_TR":null,"FCLASS_ID":null,"FCLASS_PL":null,"FCLASS_GR":null,"FCLASS_IT":null,"FCLASS_NL":null,"FCLASS_SE":null,"FCLASS_BD":null,"FCLASS_UA":null,"FCLASS_TLC":null}},
{"type":"Feature","geometry":{"type":"Polygon","coordinates":[[[35.313343,50.959216],[37.144224,51.342913],[38.291544,51.292451],[38.298779,51.961015],[37.747081,52.016903],[37.353514,51.936158],[35.39632,52.41401],[34.896816,52.353239],[34.397828,51.780406],[34.280678,51.311675],[35.313343,50.959216]]]},"properties":{"featurecla":"Admin-1 scale rank","scalerank":2,"adm1_code":"RUS-2362","diss_me":2362,"iso_3166_2":"RU-KRS","wikipedia":null,"iso_a2":"RU","adm0_sr":1,"name":"Kursk","name_alt":"Kurskaya Oblast","name_local":"Курская область","type":"Oblast","type_en":"Region","code_local":null,"code_hasc":"RU.KS","note":null,"hasc_maybe":null,"region":"Central","region_cod":null,"provnum_ne":20044,"gadm_level":1,"check_me":20,"datarank":2,"abbrev":null,"postal":"KS","area_sqkm":0,"sameascity":7,"labelrank":7,"name_len":5,"mapcolor9":7,"mapcolor13":7,"fips":"RS41","fips_alt":null,"woe_id":2346905,"woe_label":"Kurskaya Oblast, RU, Russia","woe_name":"Kursk","latitude":51.7358,"longitude":36.2921,"sov_a3":"RUS","adm0_a3":"RUS","adm0_label":2,"admin":"Russia","geonunit":"Russia","gu_a3":"RUS","gn_id":538555,"gn_name":"Kurskaya Oblast'","gns_id":-2941655,"gns_name":"Kurskaya Oblast'","gn_level":1,"gn_region":null,"gn_a1_code":"RU.41","region_sub":"Central Black Earth","sub_code":null,"gns_level":1,"gns_lang":"rus","gns_adm1":"RS41","gns_region":null,"min_label":5,"max_label":10.2,"min_zoom":4.7,"wikidataid":"Q3178","name_ar":"كورسك أوبلاست","name_bn":"কুরস্ক ওব্লাস্ট","name_de":"Kursk","name_en":"Kursk","name_es":"Kursk","name_fr":"Koursk","name_el":"Όμπλαστ του Κουρσκ","name_hi":"कुर्सक ओब्लास्ट","name_hu":"Kurszki terület","name_id":"Kursk","name_it":"Kursk","name_ja":"クルスク州","name_ko":"쿠르스크","name_nl":"Koersk","name_pl":"kurski","name_pt":"Kursk","name_ru":"Курская область","name_sv":"Kursk","name_tr":"Kursk Oblastı","name_vi":"Kursk","name_zh":"库尔斯克州","ne_id":1159313159,"name_he":"מחוז קורסק","name_uk":"Курська область","name_ur":"کورسک اوبلاست","name_fa":"استان کورسک","name_zht":"库尔斯克州","FCLASS_ISO":null,"FCLASS_US":null,"FCLASS_FR":null,"FCLASS_RU":null,"FCLASS_ES":null,"FCLASS_CN":null,"FCLASS_TW":null,"FCLASS_IN":null,"FCLASS_NP":null,"FCLASS_PK":null,"FCLASS_DE":null,"FCLASS_GB":null,"FCLASS_BR":null,"FCLASS_IL":null,"FCLASS_PS":null,"FCLASS_SA":null,"FCLASS_EG":null,"FCLASS_MA":null,"FCLASS_PT":null,"FCLASS_AR":null,"FCLASS_JP":null,"FCLASS_KO":null,"FCLASS_VN":null,"FCLASS_TR":null,"FCLASS_ID":null,"FCLASS_PL":null,"FCLASS_GR":null,"FCLASS_IT":null,"FCLASS_NL":null,"FCLASS_SE":null,"FCLASS_BD":null,"FCLASS_UA":null,"FCLASS_TLC":null}},
{"type":"Feature","geometry":{"type":"Polygon","coordinates":[[[38.895435,53.565206],[37.841029,53.008548],[37.747081,52.016903],[38.298779,51.961015],[40.503812,51.953522],[39.953148,52.654357],[40.160164,53.342171],[38.895435,53.565206]]]},"properties":{"featurecla":"Admin-1 scale rank","scalerank":2,"adm1_code":"RUS-2363","diss_me":2363,"iso_3166_2":"RU-LIP","wikipedia":null,"iso_a2":"RU","adm0_sr":1,"name":"Lipetsk","name_alt":"Lipetskaya Oblast","name_local":"Липецкая область","type":"Oblast","type_en":"Region","code_local":null,"code_hasc":"RU.LP","note":null,"hasc_maybe":null,"region":"Central","region_cod":null,"provnum_ne":7,"gadm_level":1,"check_me":20,"datarank":2,"abbrev":null,"postal":"LP","area_sqkm":0,"sameascity":7,"labelrank":7,"name_len":7,"mapcolor9":7,"mapcolor13":7,"fips":"RS43","fips_alt":null,"woe_id":2346908,"woe_label":"Lipetskaya Oblast, RU, Russia","woe_name":"Lipetsk","latitude":52.7462,"longitude":39.2073,"sov_a3":"RUS","adm0_a3":"RUS","adm0_label":2,"admin":"Russia","geonunit":"Russia","gu_a3":"RUS","gn_id":535120,"gn_name":"Lipetskaya Oblast'","gns_id":-2946569,"gns_name":"Lipetskaya Oblast'","gn_level":1,"gn_region":null,"gn_a1_code":"RU.43","region_sub":"Central Black Earth","sub_code":null,"gns_level":1,"gns_lang":"rus","gns_adm1":"RS43","gns_region":null,"min_label":5,"max_label":10.2,"min_zoom":4.7,"wikidataid":"Q3510","name_ar":"ليبيتسك أوبلاست","name_bn":"লিপেটস্ক ওব্লাস্ট","name_de":"Lipezk","name_en":"Lipetsk","name_es":"Lípetsk","name_fr":"Lipetsk","name_el":"Όμπλαστ του Λίπετσκ","name_hi":"लिपेट्सक ओब्लास्ट","name_hu":"Lipecki terület","name_id":"Lipetsk","name_it":"Lipeck","name_ja":"リペツク州","name_ko":"리페츠크","name_nl":"Lipetsk","name_pl":"lipiecki","name_pt":"Lipetsk","name_ru":"Липецкая область","name_sv":"Lipetsk","name_tr":"Lipetsk Oblastı","name_vi":"Lipetsk","name_zh":"利佩茨克州","ne_id":1159313161,"name_he":"מחוז ליפצק","name_uk":"Липецька область","name_ur":"لیپٹسک اوبلاست","name_fa":"استان لیپتسک","name_zht":"利佩茨克州","FCLASS_ISO":null,"FCLASS_US":null,"FCLASS_FR":null,"FCLASS_RU":null,"FCLASS_ES":null,"FCLASS_CN":null,"FCLASS_TW":null,"FCLASS_IN":null,"FCLASS_NP":null,"FCLASS_PK":null,"FCLASS_DE":null,"FCLASS_GB":null,"FCLASS_BR":null,"FCLASS_IL":null,"FCLASS_PS":null,"FCLASS_SA":null,"FCLASS_EG":null,"FCLASS_MA":null,"FCLASS_PT":null,"FCLASS_AR":null,"FCLASS_JP":null,"FCLASS_KO":null,"FCLASS_VN":null,"FCLASS_TR":null,"FCLASS_ID":null,"FCLASS_PL":null,"FCLASS_GR":null,"FCLASS_IT":null,"FCLASS_NL":null,"FCLASS_SE":null,"FCLASS_BD":null,"FCLASS_UA":null,"FCLASS_TLC":null}},
{"type":"Feature","geometry":{"type":"Polygon","coordinates":[[[36.904342,55.229136],[37.120039,54.990824],[37.259049,54.835826],[38.46218,54.640334],[38.675087,54.244674],[38.820401,54.601939],[40.206466,55.309337],[39.82313,55.83282],[38.605634,55.958859],[38.374123,56.696591],[38.256508,56.77023],[35.645091,56.474124],[35.174112,55.948265],[35.369655,55.238799],[36.904342,55.229136]]]},"properties":{"featurecla":"Admin-1 scale rank","scalerank":2,"adm1_code":"RUS-2364","diss_me":2364,"iso_3166_2":"RU-MOW","wikipedia":null,"iso_a2":"RU","adm0_sr":1,"name":"Moskovskaya","name_alt":"Moskovskaya Oblast","name_local":"Московская область","type":"Oblast","type_en":"Region","code_local":null,"code_hasc":"RU.MS","note":null,"hasc_maybe":null,"region":"Central","region_cod":null,"provnum_ne":20009,"gadm_level":1,"check_me":20,"datarank":2,"abbrev":null,"postal":"MS","area_sqkm":0,"sameascity":-99,"labelrank":2,"name_len":12,"mapcolor9":7,"mapcolor13":7,"fips":null,"fips_alt":null,"woe_id":2346911,"woe_label":"Moskovskaya Oblast, RU, Russia","woe_name":"Moskovsskaya","latitude":55.1508,"longitude":38.671,"sov_a3":"RUS","adm0_a3":"RUS","adm0_label":2,"admin":"Russia","geonunit":"Russia","gu_a3":"RUS","gn_id":524925,"gn_name":"Moskovskaya Oblast'","gns_id":-2960527,"gns_name":"Moskovskaya Oblast'","gn_level":1,"gn_region":null,"gn_a1_code":"RU.47","region_sub":"Central","sub_code":null,"gns_level":1,"gns_lang":"rus","gns_adm1":"RS47","gns_region":null,"min_label":5,"max_label":9,"min_zoom":4.7,"wikidataid":"Q1697","name_ar":"محافظة موسكو","name_bn":"মস্কো ওব্লাস্ট","name_de":"Moskau","name_en":"Moscow","name_es":"Moscú","name_fr":"Moscou","name_el":"Όμπλαστ της Μόσχας","name_hi":"मास्को ओब्लास्ट","name_hu":"Moszkvai terület","name_id":"Moskwa","name_it":"Mosca","name_ja":"モスクワ州","name_ko":"모스크바","name_nl":"Moskou","name_pl":"moskiewski","name_pt":"Moscovo","name_ru":"Московская область","name_sv":"Moskva","name_tr":"Moskova Oblastı","name_vi":"Moskva","name_zh":"莫斯科州","ne_id":1159313163,"name_he":"מחוז מוסקבה","name_uk":"Московська область","name_ur":"ماسکو اوبلاست","name_fa":"استان مسکو","name_zht":"莫斯科州","FCLASS_ISO":null,"FCLASS_US":null,"FCLASS_FR":null,"FCLASS_RU":null,"FCLASS_ES":null,"FCLASS_CN":null,"FCLASS_TW":null,"FCLASS_IN":null,"FCLASS_NP":null,"FCLASS_PK":null,"FCLASS_DE":null,"FCLASS_GB":null,"FCLASS_BR":null,"FCLASS_IL":null,"FCLASS_PS":null,"FCLASS_SA":null,"FCLASS_EG":null,"FCLASS_MA":null,"FCLASS_PT":null,"FCLASS_AR":null,"FCLASS_JP":null,"FCLASS_KO":null,"FCLASS_VN":null,"FCLASS_TR":null,"FCLASS_ID":null,"FCLASS_PL":null,"FCLASS_GR":null,"FCLASS_IT":null,"FCLASS_NL":null,"FCLASS_SE":null,"FCLASS_BD":null,"FCLASS_UA":null,"FCLASS_TLC":null}},
{"type":"Feature","geometry":null,"properties":{"featurecla":"Admin-1 scale rank","scalerank":2,"adm1_code":"RUS-2365","diss_me":2365,"iso_3166_2":"RU-MOS","wikipedia":null,"iso_a2":"RU","adm0_sr":1,"name":"Moskva","name_alt":"Mosca|Moscou|Moscow|Mosc£|Moskau|Moskova|Moskovskaya","name_local":"Московская область","type":"Gorod Federalnogo Znacheniya","type_en":"Federal City","code_local":null,"code_hasc":"RU.MS","note":null,"hasc_maybe":null,"region":"Central","region_cod":null,"provnum_ne":20010,"gadm_level":1,"check_me":20,"datarank":2,"abbrev":null,"postal":"MS","area_sqkm":0,"sameascity":9,"labelrank":9,"name_len":6,"mapcolor9":7,"mapcolor13":7,"fips":"RS47","fips_alt":"RS48","woe_id":2346910,"woe_label":"Moskva, RU, Russia","woe_name":"Moskva","latitude":55.7177,"longitude":37.6188,"sov_a3":"RUS","adm0_a3":"RUS","adm0_label":2,"admin":"Russia","geonunit":"Russia","gu_a3":"RUS","gn_id":524894,"gn_name":"Moskva","gns_id":-2960570,"gns_name":"Moskva, Gorod","gn_level":1,"gn_region":null,"gn_a1_code":"RU.48","region_sub":"Central","sub_code":null,"gns_level":1,"gns_lang":"rus","gns_adm1":"RS48","gns_region":null,"min_label":5,"max_label":9,"min_zoom":4.7,"wikidataid":"Q649","name_ar":"موسكو","name_bn":"মস্কো","name_de":"Moskau","name_en":"Moscow","name_es":"Moscú","name_fr":"Moscou","name_el":"Μόσχα","name_hi":"मास्को","name_hu":"Moszkva","name_id":"Moskwa","name_it":"Mosca","name_ja":"モスクワ","name_ko":"모스크바","name_nl":"Moskou","name_pl":"Moskwa","name_pt":"Moscovo","name_ru":"Москва","name_sv":"Moskva","name_tr":"Moskova","name_vi":"Moskva","name_zh":"莫斯科","ne_id":1159313165,"name_he":"מוסקבה","name_uk":"Москва","name_ur":"ماسکو","name_fa":"مسکو","name_zht":"莫斯科","FCLASS_ISO":null,"FCLASS_US":null,"FCLASS_FR":null,"FCLASS_RU":null,"FCLASS_ES":null,"FCLASS_CN":null,"FCLASS_TW":null,"FCLASS_IN":null,"FCLASS_NP":null,"FCLASS_PK":null,"FCLASS_DE":null,"FCLASS_GB":null,"FCLASS_BR":null,"FCLASS_IL":null,"FCLASS_PS":null,"FCLASS_SA":null,"FCLASS_EG":null,"FCLASS_MA":null,"FCLASS_PT":null,"FCLASS_AR":null,"FCLASS_JP":null,"FCLASS_KO":null,"FCLASS_VN":null,"FCLASS_TR":null,"FCLASS_ID":null,"FCLASS_PL":null,"FCLASS_GR":null,"FCLASS_IT":null,"FCLASS_NL":null,"FCLASS_SE":null,"FCLASS_BD":null,"FCLASS_UA":null,"FCLASS_TLC":null}},
{"type":"Feature","geometry":{"type":"Polygon","coordinates":[[[37.841029,53.008548],[36.009616,53.618278],[35.103522,53.310777],[34.896816,52.353239],[35.39632,52.41401],[37.353514,51.936158],[37.747081,52.016903],[37.841029,53.008548]]]},"properties":{"featurecla":"Admin-1 scale rank","scalerank":2,"adm1_code":"RUS-2366","diss_me":2366,"iso_3166_2":"RU-ORL","wikipedia":null,"iso_a2":"RU","adm0_sr":1,"name":"Orel","name_alt":"Orlovskaya|Or'ol|Oryol|Orlovskaya Oblast","name_local":"Орловская область","type":"Oblast","type_en":"Region","code_local":null,"code_hasc":"RU.OL","note":null,"hasc_maybe":null,"region":"Central","region_cod":null,"provnum_ne":20093,"gadm_level":1,"check_me":20,"datarank":2,"abbrev":null,"postal":"OL","area_sqkm":0,"sameascity":7,"labelrank":7,"name_len":4,"mapcolor9":7,"mapcolor13":7,"fips":"RS56","fips_alt":null,"woe_id":2346917,"woe_label":"Orlovskaya Oblast, RU, Russia","woe_name":"Orel","latitude":52.8778,"longitude":36.4166,"sov_a3":"RUS","adm0_a3":"RUS","adm0_label":2,"admin":"Russia","geonunit":"Russia","gu_a3":"RUS","gn_id":514801,"gn_name":"Orlovskaya Oblast'","gns_id":-2975241,"gns_name":"Orlovskaya Oblast'","gn_level":1,"gn_region":null,"gn_a1_code":"RU.56","region_sub":"Central","sub_code":null,"gns_level":1,"gns_lang":"fas","gns_adm1":"RS56","gns_region":null,"min_label":5,"max_label":10.2,"min_zoom":4.7,"wikidataid":"Q3129","name_ar":"أوريول أوبلاست","name_bn":"ওরিওল ওব্লাস্ট","name_de":"Orjol","name_en":"Oryol","name_es":"Oriol","name_fr":"d'Orel","name_el":"Όμπλαστ του Οριόλ","name_hi":"ओर्योल ओब्लास्ट","name_hu":"Orjoli terület","name_id":"Oryol","name_it":"Orël","name_ja":"オリョール州","name_ko":"오룔","name_nl":"Orjol","name_pl":"orłowski","name_pt":"Oriol","name_ru":"Орловская область","name_sv":"Orjol","name_tr":"Oryol Oblastı","name_vi":"Oryol","name_zh":"奥廖尔州","ne_id":1159313167,"name_he":"מחוז אוריול","name_uk":"Орловська область","name_ur":"اوریول اوبلاست","name_fa":"استان اریول","name_zht":"奥廖尔州","FCLASS_ISO":null,"FCLASS_US":null,"FCLASS_FR":null,"FCLASS_RU":null,"FCLASS_ES":null,"FCLASS_CN":null,"FCLASS_TW":null,"FCLASS_IN":null,"FCLASS_NP":null,"FCLASS_PK":null,"FCLASS_DE":null,"FCLASS_GB":null,"FCLASS_BR":null,"FCLASS_IL":null,"FCLASS_PS":null,"FCLASS_SA":null,"FCLASS_EG":null,"FCLASS_MA":null,"FCLASS_PT":null,"FCLASS_AR":null,"FCLASS_JP":null,"FCLASS_KO":null,"FCLASS_VN":null,"FCLASS_TR":null,"FCLASS_ID":null,"FCLASS_PL":null,"FCLASS_GR":null,"FCLASS_IT":null,"FCLASS_NL":null,"FCLASS_SE":null,"FCLASS_BD":null,"FCLASS_UA":null,"FCLASS_TLC":null}},
{"type":"Feature","geometry":{"type":"Polygon","coordinates":[[[40.080634,49.576845],[39.68655,49.007913],[39.735952,47.844806],[38.28741,47.559165],[38.66561,46.879821],[40.023428,46.764846],[40.339481,46.279889],[41.162377,45.953552],[41.712627,45.996004],[42.180919,46.577881],[43.646049,46.215732],[44.262446,46.900135],[43.731522,47.476611],[42.955342,47.51033],[42.16521,48.463967],[42.739748,48.786325],[42.178439,49.66839],[41.362054,50.22634],[40.884771,49.690301],[40.080634,49.576845]]]},"properties":{"featurecla":"Admin-1 scale rank","scalerank":2,"adm1_code":"RUS-2367","diss_me":2367,"iso_3166_2":"RU-ROS","wikipedia":null,"iso_a2":"RU","adm0_sr":1,"name":"Rostov","name_alt":"Province of the Don Cossacks|Provinz des Donischen Heeres|Voyska Donskovo|Rostovskaya Oblast","name_local":"Ростовская область","type":"Oblast","type_en":"Region","code_local":null,"code_hasc":"RU.RO","note":null,"hasc_maybe":null,"region":"Volga","region_cod":null,"provnum_ne":20048,"gadm_level":1,"check_me":20,"datarank":2,"abbrev":null,"postal":"RO","area_sqkm":0,"sameascity":6,"labelrank":6,"name_len":6,"mapcolor9":7,"mapcolor13":7,"fips":"RS61","fips_alt":null,"woe_id":2346921,"woe_label":"Rostovskaya Oblast, RU, Russia","woe_name":"Rostov","latitude":47.9913,"longitude":41.2613,"sov_a3":"RUS","adm0_a3":"RUS","adm0_label":2,"admin":"Russia","geonunit":"Russia","gu_a3":"RUS","gn_id":501165,"gn_name":"Rostovskaya Oblast'","gns_id":-2993228,"gns_name":"Rostovskaya Oblast'","gn_level":1,"gn_region":null,"gn_a1_code":"RU.61","region_sub":"North Caucasus","sub_code":null,"gns_level":1,"gns_lang":"fas","gns_adm1":"RS61","gns_region":null,"min_label":5,"max_label":10.2,"min_zoom":4.7,"wikidataid":"Q3573","name_ar":"روستوف أوبلاست","name_bn":"রসতোভ ওব্লাস্ট","name_de":"Rostow","name_en":"Rostov","name_es":"Rostov","name_fr":"Rostov","name_el":"Όμπλαστ του Ροστόφ","name_hi":"रोस्तोव ओब्लास्ट","name_hu":"Rosztovi terület","name_id":"Rostov","name_it":"Rostov","name_ja":"ロストフ州","name_ko":"로스토프","name_nl":"Rostov","name_pl":"rostowski","name_pt":"Rostov","name_ru":"Ростовская область","name_sv":"Rostov","name_tr":"Rostov Oblastı","name_vi":"Rostov","name_zh":"罗斯托夫州","ne_id":1159313169,"name_he":"מחוז רוסטוב","name_uk":"Ростовська область","name_ur":"روستوف اوبلاست","name_fa":"استان روستوف","name_zht":"羅斯托夫州","FCLASS_ISO":null,"FCLASS_US":null,"FCLASS_FR":null,"FCLASS_RU":null,"FCLASS_ES":null,"FCLASS_CN":null,"FCLASS_TW":null,"FCLASS_IN":null,"FCLASS_NP":null,"FCLASS_PK":null,"FCLASS_DE":null,"FCLASS_GB":null,"FCLASS_BR":null,"FCLASS_IL":null,"FCLASS_PS":null,"FCLASS_SA":null,"FCLASS_EG":null,"FCLASS_MA":null,"FCLASS_PT":null,"FCLASS_AR":null,"FCLASS_JP":null,"FCLASS_KO":null,"FCLASS_VN":null,"FCLASS_TR":null,"FCLASS_ID":null,"FCLASS_PL":null,"FCLASS_GR":null,"FCLASS_IT":null,"FCLASS_NL":null,"FCLASS_SE":null,"FCLASS_BD":null,"FCLASS_UA":null,"FCLASS_TLC":null}},
{"type":"Feature","geometry":{"type":"Polygon","coordinates":[[[38.895435,53.565206],[38.675087,54.244674],[38.46218,54.640334],[37.259049,54.835826],[36.237199,54.229093],[36.009616,53.618278],[37.841029,53.008548],[38.895435,53.565206]]]},"properties":{"featurecla":"Admin-1 scale rank","scalerank":2,"adm1_code":"RUS-2368","diss_me":2368,"iso_3166_2":"RU-TUL","wikipedia":null,"iso_a2":"RU","adm0_sr":1,"name":"Tula","name_alt":"Tul'skaya|Tulskaya Oblast","name_local":"Тульская область","type":"Oblast","type_en":"Region","code_local":null,"code_hasc":"RU.TL","note":null,"hasc_maybe":null,"region":"Central","region_cod":null,"provnum_ne":20079,"gadm_level":1,"check_me":20,"datarank":2,"abbrev":null,"postal":"TL","area_sqkm":0,"sameascity":7,"labelrank":7,"name_len":4,"mapcolor9":7,"mapcolor13":7,"fips":"RS76","fips_alt":null,"woe_id":2346929,"woe_label":"Tulrskaya Oblast, RU, Russia","woe_name":"Tula","latitude":54.0668,"longitude":37.4161,"sov_a3":"RUS","adm0_a3":"RUS","adm0_label":2,"admin":"Russia","geonunit":"Russia","gu_a3":"RUS","gn_id":480508,"gn_name":"Tul'skaya Oblast'","gns_id":-3022183,"gns_name":"Tul'skaya Oblast'","gn_level":1,"gn_region":null,"gn_a1_code":"RU.76","region_sub":"Central","sub_code":null,"gns_level":1,"gns_lang":"fas","gns_adm1":"RS76","gns_region":null,"min_label":5,"max_label":10.2,"min_zoom":4.7,"wikidataid":"Q2792","name_ar":"تولا أوبلاست","name_bn":"তুলা ওব্লাস্ট","name_de":"Tula","name_en":"Tula","name_es":"Tula","name_fr":"Toula","name_el":"Όμπλαστ της Τούλα","name_hi":"टूला ओब्लास्ट","name_hu":"Tulai terület","name_id":"Tula","name_it":"Tula","name_ja":"トゥーラ州","name_ko":"툴라","name_nl":"Toela","name_pl":"tulski","name_pt":"Tula","name_ru":"Тульская область","name_sv":"Tula","name_tr":"Tula Oblastı","name_vi":"Tula","name_zh":"图拉州","ne_id":1159313171,"name_he":"טולה","name_uk":"Тульська область","name_ur":"تولا اوبلاست","name_fa":"استان تولا","name_zht":"图拉州","FCLASS_ISO":null,"FCLASS_US":null,"FCLASS_FR":null,"FCLASS_RU":null,"FCLASS_ES":null,"FCLASS_CN":null,"FCLASS_TW":null,"FCLASS_IN":null,"FCLASS_NP":null,"FCLASS_PK":null,"FCLASS_DE":null,"FCLASS_GB":null,"FCLASS_BR":null,"FCLASS_IL":null,"FCLASS_PS":null,"FCLASS_SA":null,"FCLASS_EG":null,"FCLASS_MA":null,"FCLASS_PT":null,"FCLASS_AR":null,"FCLASS_JP":null,"FCLASS_KO":null,"FCLASS_VN":null,"FCLASS_TR":null,"FCLASS_ID":null,"FCLASS_PL":null,"FCLASS_GR":null,"FCLASS_IT":null,"FCLASS_NL":null,"FCLASS_SE":null,"FCLASS_BD":null,"FCLASS_UA":null,"FCLASS_TLC":null}},
{"type":"Feature","geometry":{"type":"Polygon","coordinates":[[[47.446631,50.368456],[45.241094,50.586267],[45.04245,51.126259],[43.32979,51.017661],[42.872867,51.231343],[41.854944,51.188555],[41.362054,50.22634],[42.178439,49.66839],[42.739748,48.786325],[42.16521,48.463967],[42.955342,47.51033],[43.731522,47.476611],[44.546666,48.063061],[45.300625,48.097685],[45.948338,48.835934],[46.643564,48.659068],[47.446631,50.368456]]]},"properties":{"featurecla":"Admin-1 scale rank","scalerank":2,"adm1_code":"RUS-2369","diss_me":2369,"iso_3166_2":"RU-VGG","wikipedia":null,"iso_a2":"RU","adm0_sr":1,"name":"Volgograd","name_alt":"Stalingrad|Volgogradskaya Oblast","name_local":"Волгоградская область","type":"Oblast","type_en":"Region","code_local":null,"code_hasc":"RU.VG","note":null,"hasc_maybe":null,"region":"Volga","region_cod":null,"provnum_ne":20036,"gadm_level":1,"check_me":20,"datarank":2,"abbrev":null,"postal":"VG","area_sqkm":0,"sameascity":6,"labelrank":6,"name_len":9,"mapcolor9":7,"mapcolor13":7,"fips":"RS84","fips_alt":null,"woe_id":2346933,"woe_label":"Volgogradskaya Oblast, RU, Russia","woe_name":"Volgograd","latitude":49.5014,"longitude":44.4488,"sov_a3":"RUS","adm0_a3":"RUS","adm0_label":2,"admin":"Russia","geonunit":"Russia","gu_a3":"RUS","gn_id":472755,"gn_name":"Volgogradskaya Oblast'","gns_id":-3034355,"gns_name":"Volgogradskaya Oblast'","gn_level":1,"gn_region":null,"gn_a1_code":"RU.84","region_sub":"Volga","sub_code":null,"gns_level":1,"gns_lang":"fas","gns_adm1":"RS84","gns_region":null,"min_label":5,"max_label":10.2,"min_zoom":4.7,"wikidataid":"Q3819","name_ar":"فولغوغراد أوبلاست","name_bn":"ভল্গোগ্রাড ওব্লাস্ট","name_de":"Wolgograd","name_en":"Volgograd","name_es":"Volgogrado","name_fr":"Volgograd","name_el":"Όμπλαστ του Βολγκογκράντ","name_hi":"वोल्गोग्राद ओब्लास्ट","name_hu":"Volgográdi terület","name_id":"Volgograd","name_it":"Volgograd","name_ja":"ヴォルゴグラード州","name_ko":"볼고그라드","name_nl":"Wolgograd","name_pl":"wołgogradzki","name_pt":"Volgogrado","name_ru":"Волгоградская область","name_sv":"Volgograd","name_tr":"Volgograd Oblastı","name_vi":"Volgograd","name_zh":"伏尔加格勒州","ne_id":1159313173,"name_he":"וולגוגרד","name_uk":"Волгоградська область","name_ur":"وولگوگراڈ اوبلاست","name_fa":"استان ولگوگراد","name_zht":"伏尔加格勒州","FCLASS_ISO":null,"FCLASS_US":null,"FCLASS_FR":null,"FCLASS_RU":null,"FCLASS_ES":null,"FCLASS_CN":null,"FCLASS_TW":null,"FCLASS_IN":null,"FCLASS_NP":null,"FCLASS_PK":null,"FCLASS_DE":null,"FCLASS_GB":null,"FCLASS_BR":null,"FCLASS_IL":null,"FCLASS_PS":null,"FCLASS_SA":null,"FCLASS_EG":null,"FCLASS_MA":null,"FCLASS_PT":null,"FCLASS_AR":null,"FCLASS_JP":null,"FCLASS_KO":null,"FCLASS_VN":null,"FCLASS_TR":null,"FCLASS_ID":null,"FCLASS_PL":null,"FCLASS_GR":null,"FCLASS_IT":null,"FCLASS_NL":null,"FCLASS_SE":null,"FCLASS_BD":null,"FCLASS_UA":null,"FCLASS_TLC":null}},
{"type":"Feature","geometry":{"type":"Polygon","coordinates":[[[39.174561,49.855899],[39.097697,50.506065],[38.291544,51.292451],[37.144224,51.342913],[35.313343,50.959216],[35.411617,50.53968],[36.61945,50.209235],[37.422812,50.411497],[39.174561,49.855899]]]},"properties":{"featurecla":"Admin-1 scale rank","scalerank":2,"adm1_code":"RUS-2370","diss_me":2370,"iso_3166_2":"RU-BEL","wikipedia":null,"iso_a2":"RU","adm0_sr":1,"name":"Belgorod","name_alt":"Belgorodskaya Oblast","name_local":"Белгородская область","type":"Oblast","type_en":"Region","code_local":null,"code_hasc":"RU.BL","note":null,"hasc_maybe":null,"region":"Central","region_cod":null,"provnum_ne":20049,"gadm_level":1,"check_me":20,"datarank":2,"abbrev":null,"postal":"BL","area_sqkm":0,"sameascity":7,"labelrank":7,"name_len":8,"mapcolor9":7,"mapcolor13":7,"fips":"RS09","fips_alt":null,"woe_id":2346891,"woe_label":"Belgorodskaya Oblast, RU, Russia","woe_name":"Belgorod","latitude":50.8757,"longitude":37.277,"sov_a3":"RUS","adm0_a3":"RUS","adm0_label":2,"admin":"Russia","geonunit":"Russia","gu_a3":"RUS","gn_id":578071,"gn_name":"Belgorodskaya Oblast'","gns_id":-2883931,"gns_name":"Belgorodskaya Oblast'","gn_level":1,"gn_region":null,"gn_a1_code":"RU.09","region_sub":"Central Black Earth","sub_code":null,"gns_level":1,"gns_lang":"rus","gns_adm1":"RS09","gns_region":null,"min_label":5,"max_label":10.2,"min_zoom":4.7,"wikidataid":"Q3329","name_ar":"أوبلاست بيلغورود","name_bn":"বেল্গ্রোদ ওব্লাস্ট","name_de":"Belgorod","name_en":"Belgorod","name_es":"Bélgorod","name_fr":"Belgorod","name_el":"Όμπλαστ του Μπέλγκοροντ","name_hi":"बेल्गोरोद ओब्लास्त","name_hu":"Belgorodi terület","name_id":"Belgorod","name_it":"Belgorod","name_ja":"ベルゴロド州","name_ko":"벨고로드","name_nl":"Belgorod","name_pl":"biełgorodzki","name_pt":"Belgorod","name_ru":"Белгородская область","name_sv":"Belgorod","name_tr":"Belgorod Oblastı","name_vi":"Belgorod","name_zh":"别尔哥罗德州","ne_id":1159313177,"name_he":"מחוז בלגורוד","name_uk":"Бєлгородська область","name_ur":"بلگورود اوبلاست","name_fa":"استان بلگورود","name_zht":"别尔哥罗德州","FCLASS_ISO":null,"FCLASS_US":null,"FCLASS_FR":null,"FCLASS_RU":null,"FCLASS_ES":null,"FCLASS_CN":null,"FCLASS_TW":null,"FCLASS_IN":null,"FCLASS_NP":null,"FCLASS_PK":null,"FCLASS_DE":null,"FCLASS_GB":null,"FCLASS_BR":null,"FCLASS_IL":null,"FCLASS_PS":null,"FCLASS_SA":null,"FCLASS_EG":null,"FCLASS_MA":null,"FCLASS_PT":null,"FCLASS_AR":null,"FCLASS_JP":null,"FCLASS_KO":null,"FCLASS_VN":null,"FCLASS_TR":null,"FCLASS_ID":null,"FCLASS_PL":null,"FCLASS_GR":null,"FCLASS_IT":null,"FCLASS_NL":null,"FCLASS_SE":null,"FCLASS_BD":null,"FCLASS_UA":null,"FCLASS_TLC":null}},
{"type":"Feature","geometry":{"type":"Polygon","coordinates":[[[40.688726,43.519599],[40.985437,44.11555],[41.729371,44.458553],[41.03825,45.21817],[41.162377,45.953552],[40.339481,46.279889],[40.023428,46.764846],[38.66561,46.879821],[37.967969,46.618018],[37.411328,44.735352],[38.717285,44.288086],[39.978315,43.419831],[40.688726,43.519599]]]},"properties":{"featurecla":"Admin-1 scale rank","scalerank":2,"adm1_code":"RUS-2371","diss_me":2371,"iso_3166_2":"RU-KDA","wikipedia":null,"iso_a2":"RU","adm0_sr":1,"name":"Krasnodar","name_alt":"Cossacks of the Black Sea|Kuban|Kubanskaya|Yekaterinodar|Krasnodarskiy Kray","name_local":"Краснодарский край","type":"Kray","type_en":"Territory","code_local":null,"code_hasc":"RU.KD","note":null,"hasc_maybe":"RU.AD|RUS-KSN","region":"Volga","region_cod":null,"provnum_ne":20047,"gadm_level":1,"check_me":20,"datarank":2,"abbrev":null,"postal":"KD","area_sqkm":0,"sameascity":6,"labelrank":6,"name_len":9,"mapcolor9":7,"mapcolor13":7,"fips":"RS38","fips_alt":"RS01","woe_id":2346884,"woe_label":"Krasnodarskiy Kray, RU, Russia","woe_name":"Krasnodar","latitude":45.8397,"longitude":39.4688,"sov_a3":"RUS","adm0_a3":"RUS","adm0_label":2,"admin":"Russia","geonunit":"Russia","gu_a3":"RUS","gn_id":542415,"gn_name":"Krasnodarskiy Kray","gns_id":-2936269,"gns_name":"Krasnodarskiy Kray","gn_level":1,"gn_region":null,"gn_a1_code":"RU.38","region_sub":"North Caucasus","sub_code":null,"gns_level":1,"gns_lang":"rus","gns_adm1":"RS38","gns_region":null,"min_label":5,"max_label":10.2,"min_zoom":4.7,"wikidataid":"Q3680","name_ar":"كراسنودار كراي","name_bn":"কারস্নুদার কারি","name_de":"Krasnodar","name_en":"Krasnodar Krai","name_es":"Krai de Krasnodar","name_fr":"Krasnodar","name_el":"Κράι Κρασνοντάρ","name_hi":"क्रास्नोदार क्राय","name_hu":"Krasznodari határterület","name_id":"Krai Krasnodar","name_it":"Territorio di Krasnodar","name_ja":"クラスノダール地方","name_ko":"크라스노다르 지방","name_nl":"Kraj Krasnodar","name_pl":"Kraj Krasnodarski","name_pt":"Krai de Krasnodar","name_ru":"Краснодарский край","name_sv":"Krasnodar kraj","name_tr":"Krasnodar Krayı","name_vi":"Krasnodar","name_zh":"克拉斯诺达尔边疆区","ne_id":1159313179,"name_he":"מחוז קרסנודאר","name_uk":"Краснодарський край","name_ur":"کریسنوڈار کرائی","name_fa":"سرزمین کراسنودار","name_zht":"克拉斯诺达尔边疆区","FCLASS_ISO":null,"FCLASS_US":null,"FCLASS_FR":null,"FCLASS_RU":null,"FCLASS_ES":null,"FCLASS_CN":null,"FCLASS_TW":null,"FCLASS_IN":null,"FCLASS_NP":null,"FCLASS_PK":null,"FCLASS_DE":null,"FCLASS_GB":null,"FCLASS_BR":null,"FCLASS_IL":null,"FCLASS_PS":null,"FCLASS_SA":null,"FCLASS_EG":null,"FCLASS_MA":null,"FCLASS_PT":null,"FCLASS_AR":null,"FCLASS_JP":null,"FCLASS_KO":null,"FCLASS_VN":null,"FCLASS_TR":null,"FCLASS_ID":null,"FCLASS_PL":null,"FCLASS_GR":null,"FCLASS_IT":null,"FCLASS_NL":null,"FCLASS_SE":null,"FCLASS_BD":null,"FCLASS_UA":null,"FCLASS_TLC":null}},
{"type":"Feature","geometry":{"type":"Polygon","coordinates":[[[42.466793,54.871302],[42.307733,53.847463],[44.099355,53.735635],[45.791552,54.003887],[46.441331,54.772161],[46.055721,55.042119],[44.917186,54.476236],[43.36896,54.94967],[42.466793,54.871302]]]},"properties":{"featurecla":"Admin-1 scale rank","scalerank":2,"adm1_code":"RUS-2372","diss_me":2372,"iso_3166_2":"RU-MO","wikipedia":null,"iso_a2":"RU","adm0_sr":1,"name":"Mordovia","name_alt":"Mordov|Mordvian Autonomous Republic|Mordvinia|Republic of Mordovia|Mordovian A.S.S.R.","name_local":"Республика Мордовия","type":"Respublika","type_en":"Republic","code_local":null,"code_hasc":"RU.MR","note":null,"hasc_maybe":null,"region":"Volga","region_cod":null,"provnum_ne":20092,"gadm_level":1,"check_me":20,"datarank":2,"abbrev":null,"postal":"MR","area_sqkm":0,"sameascity":-99,"labelrank":2,"name_len":8,"mapcolor9":7,"mapcolor13":7,"fips":"RS46","fips_alt":null,"woe_id":2346876,"woe_label":"Mordoviya, RU, Russia","woe_name":"Mordovia","latitude":54.1154,"longitude":44.4631,"sov_a3":"RUS","adm0_a3":"RUS","adm0_label":2,"admin":"Russia","geonunit":"Russia","gu_a3":"RUS","gn_id":525369,"gn_name":"Respublika Mordoviya","gns_id":-2959959,"gns_name":"Mordoviya, Respublika","gn_level":1,"gn_region":null,"gn_a1_code":"RU.46","region_sub":"Volga-Vyatka","sub_code":null,"gns_level":1,"gns_lang":"rus","gns_adm1":"RS46","gns_region":null,"min_label":5,"max_label":10.2,"min_zoom":4.7,"wikidataid":"Q5340","name_ar":"موردوفيا","name_bn":"মরডোভিয়া প্রজাতন্ত্র","name_de":"Mordwinien","name_en":"Republic of Mordovia","name_es":"Mordovia","name_fr":"Mordovie","name_el":"Δημοκρατία της Μορδοβίας","name_hi":"मॉर्डोविया गणराज्य","name_hu":"Mordvinföld","name_id":"Mordovia","name_it":"Mordovia","name_ja":"モルドヴィア共和国","name_ko":"모르도바 공화국","name_nl":"Mordovië","name_pl":"Mordowia","name_pt":"Mordóvia","name_ru":"Мордовия","name_sv":"Mordvinien","name_tr":"Mordovya","name_vi":"Mordovia","name_zh":"莫尔多瓦共和国","ne_id":1159313181,"name_he":"מורדוביה","name_uk":"Мордовія","name_ur":"موردوویا","name_fa":"موردوویا","name_zht":"莫尔多瓦共和国","FCLASS_ISO":null,"FCLASS_US":null,"FCLASS_FR":null,"FCLASS_RU":null,"FCLASS_ES":null,"FCLASS_CN":null,"FCLASS_TW":null,"FCLASS_IN":null,"FCLASS_NP":null,"FCLASS_PK":null,"FCLASS_DE":null,"FCLASS_GB":null,"FCLASS_BR":null,"FCLASS_IL":null,"FCLASS_PS":null,"FCLASS_SA":null,"FCLASS_EG":null,"FCLASS_MA":null,"FCLASS_PT":null,"FCLASS_AR":null,"FCLASS_JP":null,"FCLASS_KO":null,"FCLASS_VN":null,"FCLASS_TR":null,"FCLASS_ID":null,"FCLASS_PL":null,"FCLASS_GR":null,"FCLASS_IT":null,"FCLASS_NL":null,"FCLASS_SE":null,"FCLASS_BD":null,"FCLASS_UA":null,"FCLASS_TLC":null}},
{"type":"Feature","geometry":{"type":"Polygon","coordinates":[[[45.791552,54.003887],[44.099355,53.735635],[42.307733,53.847463],[42.13441,53.812168],[43.236565,52.66123],[43.079572,52.402745],[44.346679,52.316135],[46.830661,52.616272],[46.905902,53.335324],[45.791552,54.003887]]]},"properties":{"featurecla":"Admin-1 scale rank","scalerank":2,"adm1_code":"RUS-2373","diss_me":2373,"iso_3166_2":"RU-PNZ","wikipedia":null,"iso_a2":"RU","adm0_sr":1,"name":"Penza","name_alt":"Penzenskaya Oblast","name_local":"Пензенская область","type":"Oblast","type_en":"Region","code_local":null,"code_hasc":"RU.PZ","note":null,"hasc_maybe":null,"region":"Volga","region_cod":null,"provnum_ne":20096,"gadm_level":1,"check_me":20,"datarank":2,"abbrev":null,"postal":"PZ","area_sqkm":0,"sameascity":7,"labelrank":7,"name_len":5,"mapcolor9":7,"mapcolor13":7,"fips":"RS57","fips_alt":null,"woe_id":2346918,"woe_label":"Penzenskaya Oblast, RU, Russia","woe_name":"Penza","latitude":53.0562,"longitude":44.8159,"sov_a3":"RUS","adm0_a3":"RUS","adm0_label":2,"admin":"Russia","geonunit":"Russia","gu_a3":"RUS","gn_id":511555,"gn_name":"Penzenskaya Oblast'","gns_id":-2979697,"gns_name":"Penzenskaya Oblast'","gn_level":1,"gn_region":null,"gn_a1_code":"RU.57","region_sub":"Volga","sub_code":null,"gns_level":1,"gns_lang":"fas","gns_adm1":"RS57","gns_region":null,"min_label":5,"max_label":10.2,"min_zoom":4.7,"wikidataid":"Q5545","name_ar":"بانزا أوبلاست","name_bn":"পেঞ্জা ওব্লাস্ট","name_de":"Pensa","name_en":"Penza","name_es":"Penza","name_fr":"Penza","name_el":"Όμπλαστ της Πένζα","name_hi":"पेन्ज़ा ओब्लास्ट","name_hu":"Penzai terület","name_id":"Penza","name_it":"Penza","name_ja":"ペンザ州","name_ko":"펜자","name_nl":"Penza","name_pl":"penzeński","name_pt":"Penza","name_ru":"Пензенская область","name_sv":"Penza","name_tr":"Penza Oblastı","name_vi":"Penza","name_zh":"奔萨州","ne_id":1159313183,"name_he":"מחוז פנזה","name_uk":"Пензенська область","name_ur":"پینزا اوبلاست","name_fa":"استان پنزا","name_zht":"奔萨州","FCLASS_ISO":null,"FCLASS_US":null,"FCLASS_FR":null,"FCLASS_RU":null,"FCLASS_ES":null,"FCLASS_CN":null,"FCLASS_TW":null,"FCLASS_IN":null,"FCLASS_NP":null,"FCLASS_PK":null,"FCLASS_DE":null,"FCLASS_GB":null,"FCLASS_BR":null,"FCLASS_IL":null,"FCLASS_PS":null,"FCLASS_SA":null,"FCLASS_EG":null,"FCLASS_MA":null,"FCLASS_PT":null,"FCLASS_AR":null,"FCLASS_JP":null,"FCLASS_KO":null,"FCLASS_VN":null,"FCLASS_TR":null,"FCLASS_ID":null,"FCLASS_PL":null,"FCLASS_GR":null,"FCLASS_IT":null,"FCLASS_NL":null,"FCLASS_SE":null,"FCLASS_BD":null,"FCLASS_UA":null,"FCLASS_TLC":null}},
{"type":"Feature","geometry":{"type":"Polygon","coordinates":[[[40.160164,53.342171],[42.13441,53.812168],[42.307733,53.847463],[42.466793,54.871302],[41.783217,55.119117],[40.206466,55.309337],[38.820401,54.601939],[38.675087,54.244674],[38.895435,53.565206],[40.160164,53.342171]]]},"properties":{"featurecla":"Admin-1 scale rank","scalerank":2,"adm1_code":"RUS-2374","diss_me":2374,"iso_3166_2":"RU-RYA","wikipedia":null,"iso_a2":"RU","adm0_sr":1,"name":"Ryazan'","name_alt":"Ryazanskaya Oblast|Ryazanskaya Oblast","name_local":"Рязанская область","type":"Oblast","type_en":"Region","code_local":null,"code_hasc":"RU.RZ","note":null,"hasc_maybe":null,"region":"Central","region_cod":null,"provnum_ne":20087,"gadm_level":1,"check_me":20,"datarank":2,"abbrev":null,"postal":"RZ","area_sqkm":0,"sameascity":6,"labelrank":6,"name_len":7,"mapcolor9":7,"mapcolor13":7,"fips":"RS62","fips_alt":null,"woe_id":2346922,"woe_label":"Ryazanskaya Oblast, RU, Russia","woe_name":"Ryazan'","latitude":54.3363,"longitude":40.6258,"sov_a3":"RUS","adm0_a3":"RUS","adm0_label":2,"admin":"Russia","geonunit":"Russia","gu_a3":"RUS","gn_id":500059,"gn_name":"Ryazanskaya Oblast'","gns_id":-2994575,"gns_name":"Ryazanskaya Oblast'","gn_level":1,"gn_region":null,"gn_a1_code":"RU.62","region_sub":"Central","sub_code":null,"gns_level":1,"gns_lang":"fas","gns_adm1":"RS62","gns_region":null,"min_label":5,"max_label":10.2,"min_zoom":4.7,"wikidataid":"Q2753","name_ar":"ريازان أوبلاست","name_bn":"রেয়াজান ওব্লাস্ট","name_de":"Rjasan","name_en":"Ryazan","name_es":"Riazán","name_fr":"Riazan","name_el":"Όμπλαστ του Ριαζάν","name_hi":"रियाज़ान ओब्लास्ट","name_hu":"Rjazanyi terület","name_id":"Ryazan","name_it":"Rjazan'","name_ja":"リャザン州","name_ko":"랴잔","name_nl":"Rjazan","name_pl":"riazański","name_pt":"Riazan","name_ru":"Рязанская область","name_sv":"Rjazan","name_tr":"Ryazan Oblastı","name_vi":"Ryazan","name_zh":"梁赞州","ne_id":1159313185,"name_he":"מחוז ריאזאן","name_uk":"Рязанська область","name_ur":"ریازان اوبلاست","name_fa":"استان ریازان","name_zht":"梁赞州","FCLASS_ISO":null,"FCLASS_US":null,"FCLASS_FR":null,"FCLASS_RU":null,"FCLASS_ES":null,"FCLASS_CN":null,"FCLASS_TW":null,"FCLASS_IN":null,"FCLASS_NP":null,"FCLASS_PK":null,"FCLASS_DE":null,"FCLASS_GB":null,"FCLASS_BR":null,"FCLASS_IL":null,"FCLASS_PS":null,"FCLASS_SA":null,"FCLASS_EG":null,"FCLASS_MA":null,"FCLASS_PT":null,"FCLASS_AR":null,"FCLASS_JP":null,"FCLASS_KO":null,"FCLASS_VN":null,"FCLASS_TR":null,"FCLASS_ID":null,"FCLASS_PL":null,"FCLASS_GR":null,"FCLASS_IT":null,"FCLASS_NL":null,"FCLASS_SE":null,"FCLASS_BD":null,"FCLASS_UA":null,"FCLASS_TLC":null}},
{"type":"Feature","geometry":{"type":"Polygon","coordinates":[[[42.13441,53.812168],[40.160164,53.342171],[39.953148,52.654357],[40.503812,51.953522],[42.489221,51.607703],[43.079572,52.402745],[43.236565,52.66123],[42.13441,53.812168]]]},"properties":{"featurecla":"Admin-1 scale rank","scalerank":2,"adm1_code":"RUS-2375","diss_me":2375,"iso_3166_2":"RU-TAM","wikipedia":null,"iso_a2":"RU","adm0_sr":1,"name":"Tambov","name_alt":"Tambovskaya Oblast","name_local":"Тамбовская область","type":"Oblast","type_en":"Region","code_local":null,"code_hasc":"RU.TB","note":null,"hasc_maybe":null,"region":"Central","region_cod":null,"provnum_ne":7,"gadm_level":1,"check_me":20,"datarank":2,"abbrev":null,"postal":"TB","area_sqkm":0,"sameascity":7,"labelrank":7,"name_len":6,"mapcolor9":7,"mapcolor13":7,"fips":"RS72","fips_alt":null,"woe_id":2346927,"woe_label":"Tambovskaya Oblast, RU, Russia","woe_name":"Tambov","latitude":52.7808,"longitude":41.5945,"sov_a3":"RUS","adm0_a3":"RUS","adm0_label":2,"admin":"Russia","geonunit":"Russia","gu_a3":"RUS","gn_id":484638,"gn_name":"Tambovskaya Oblast'","gns_id":-3015840,"gns_name":"Tambovskaya Oblast'","gn_level":1,"gn_region":null,"gn_a1_code":"RU.72","region_sub":"Central Black Earth","sub_code":null,"gns_level":1,"gns_lang":"fas","gns_adm1":"RS72","gns_region":null,"min_label":5,"max_label":10.2,"min_zoom":4.7,"wikidataid":"Q3550","name_ar":"تامبوف أوبلاست","name_bn":"তাম্বোভ ওব্লাস্ট","name_de":"Tambow","name_en":"Tambov","name_es":"Tambov","name_fr":"Tambov","name_el":"Όμπλαστ του Ταμπόφ","name_hi":"तांबोव ओब्लास्ट","name_hu":"Tambovi terület","name_id":"Tambov","name_it":"Tambov","name_ja":"タンボフ州","name_ko":"탐보프","name_nl":"Tambov","name_pl":"tambowski","name_pt":"Tambov","name_ru":"Тамбовская область","name_sv":"Tambov","name_tr":"Tambov Oblastı","name_vi":"Tambov","name_zh":"坦波夫州","ne_id":1159313187,"name_he":"מחוז טמבוב","name_uk":"Тамбовська область","name_ur":"تیمبوف اوبلاست","name_fa":"استان تامبوف","name_zht":"坦波夫州","FCLASS_ISO":null,"FCLASS_US":null,"FCLASS_FR":null,"FCLASS_RU":null,"FCLASS_ES":null,"FCLASS_CN":null,"FCLASS_TW":null,"FCLASS_IN":null,"FCLASS_NP":null,"FCLASS_PK":null,"FCLASS_DE":null,"FCLASS_GB":null,"FCLASS_BR":null,"FCLASS_IL":null,"FCLASS_PS":null,"FCLASS_SA":null,"FCLASS_EG":null,"FCLASS_MA":null,"FCLASS_PT":null,"FCLASS_AR":null,"FCLASS_JP":null,"FCLASS_KO":null,"FCLASS_VN":null,"FCLASS_TR":null,"FCLASS_ID":null,"FCLASS_PL":null,"FCLASS_GR":null,"FCLASS_IT":null,"FCLASS_NL":null,"FCLASS_SE":null,"FCLASS_BD":null,"FCLASS_UA":null,"FCLASS_TLC":null}},
{"type":"Feature","geometry":{"type":"Polygon","coordinates":[[[40.206466,55.309337],[41.783217,55.119117],[42.694066,56.002784],[42.587923,56.420226],[40.155927,56.434282],[39.41716,56.772091],[38.374123,56.696591],[38.605634,55.958859],[39.82313,55.83282],[40.206466,55.309337]]]},"properties":{"featurecla":"Admin-1 scale rank","scalerank":2,"adm1_code":"RUS-2376","diss_me":2376,"iso_3166_2":"RU-VLA","wikipedia":null,"iso_a2":"RU","adm0_sr":1,"name":"Vladimir","name_alt":"Vladimirskaya","name_local":"Владимирская область","type":"Oblast","type_en":"Region","code_local":null,"code_hasc":"RU.VL","note":null,"hasc_maybe":null,"region":"Central","region_cod":null,"provnum_ne":20088,"gadm_level":1,"check_me":20,"datarank":2,"abbrev":null,"postal":"VL","area_sqkm":0,"sameascity":7,"labelrank":7,"name_len":8,"mapcolor9":7,"mapcolor13":7,"fips":"RS83","fips_alt":null,"woe_id":2346932,"woe_label":"Vladimirskaya Oblast, RU, Russia","woe_name":"Vladimir","latitude":55.8966,"longitude":40.6207,"sov_a3":"RUS","adm0_a3":"RUS","adm0_label":2,"admin":"Russia","geonunit":"Russia","gu_a3":"RUS","gn_id":826294,"gn_name":"Vladimirskaya Oblast'","gns_id":222545,"gns_name":"Vladimirskaya Oblast'","gn_level":1,"gn_region":null,"gn_a1_code":"RU.83","region_sub":"Central","sub_code":null,"gns_level":1,"gns_lang":"khm","gns_adm1":"RS83","gns_region":null,"min_label":5,"max_label":10.2,"min_zoom":4.7,"wikidataid":"Q2702","name_ar":"فلاديمير أوبلاست","name_bn":"ভ্লাদিমির ওব্লাস্ট","name_de":"Wladimir","name_en":"Vladimir","name_es":"Vladímir","name_fr":"Vladimir","name_el":"Όμπλαστ του Βλαντίμιρ","name_hi":"व्लादिमीर ओब्लास्ट","name_hu":"Vlagyimiri terület","name_id":"Vladimir","name_it":"Vladimir","name_ja":"ヴラジーミル州","name_ko":"블라디미르","name_nl":"Vladimir","name_pl":"włodzimierski","name_pt":"Vladimir","name_ru":"Владимирская область","name_sv":"Vladimir","name_tr":"Vladimir Oblastı","name_vi":"Vladimir","name_zh":"弗拉基米尔州","ne_id":1159313189,"name_he":"ולדימיר","name_uk":"Владимирська область","name_ur":"ولادیمیر اوبلاست","name_fa":"استان ولادیمیر","name_zht":"弗拉基米尔州","FCLASS_ISO":null,"FCLASS_US":null,"FCLASS_FR":null,"FCLASS_RU":null,"FCLASS_ES":null,"FCLASS_CN":null,"FCLASS_TW":null,"FCLASS_IN":null,"FCLASS_NP":null,"FCLASS_PK":null,"FCLASS_DE":null,"FCLASS_GB":null,"FCLASS_BR":null,"FCLASS_IL":null,"FCLASS_PS":null,"FCLASS_SA":null,"FCLASS_EG":null,"FCLASS_MA":null,"FCLASS_PT":null,"FCLASS_AR":null,"FCLASS_JP":null,"FCLASS_KO":null,"FCLASS_VN":null,"FCLASS_TR":null,"FCLASS_ID":null,"FCLASS_PL":null,"FCLASS_GR":null,"FCLASS_IT":null,"FCLASS_NL":null,"FCLASS_SE":null,"FCLASS_BD":null,"FCLASS_UA":null,"FCLASS_TLC":null}},
{"type":"Feature","geometry":{"type":"Polygon","coordinates":[[[40.080634,49.576845],[40.884771,49.690301],[41.362054,50.22634],[41.854944,51.188555],[42.872867,51.231343],[42.489221,51.607703],[40.503812,51.953522],[38.298779,51.961015],[38.291544,51.292451],[39.097697,50.506065],[39.174561,49.855899],[40.080634,49.576845]]]},"properties":{"featurecla":"Admin-1 scale rank","scalerank":2,"adm1_code":"RUS-2377","diss_me":2377,"iso_3166_2":"RU-VOR","wikipedia":null,"iso_a2":"RU","adm0_sr":1,"name":"Voronezh","name_alt":"Voronezhskaya Oblast","name_local":"Воронежская область","type":"Oblast","type_en":"Region","code_local":null,"code_hasc":"RU.VR","note":null,"hasc_maybe":null,"region":"Central","region_cod":null,"provnum_ne":20050,"gadm_level":1,"check_me":20,"datarank":2,"abbrev":null,"postal":"VR","area_sqkm":0,"sameascity":6,"labelrank":6,"name_len":8,"mapcolor9":7,"mapcolor13":7,"fips":"RS86","fips_alt":null,"woe_id":2346935,"woe_label":"Voronezhskaya Oblast, RU, Russia","woe_name":"Voronezh","latitude":50.7774,"longitude":40.5223,"sov_a3":"RUS","adm0_a3":"RUS","adm0_label":2,"admin":"Russia","geonunit":"Russia","gu_a3":"RUS","gn_id":472039,"gn_name":"Voronezhskaya Oblast'","gns_id":-3035179,"gns_name":"Voronezhskaya Oblast'","gn_level":1,"gn_region":null,"gn_a1_code":"RU.86","region_sub":"Central Black Earth","sub_code":null,"gns_level":1,"gns_lang":"fas","gns_adm1":"RS86","gns_region":null,"min_label":5,"max_label":10.2,"min_zoom":4.7,"wikidataid":"Q3447","name_ar":"فورونيج أوبلاست","name_bn":"ভোরওনেঝ ওব্লাস্ট","name_de":"Woronesch","name_en":"Voronezh","name_es":"Vorónezh","name_fr":"Voronej","name_el":"Όμπλαστ του Βορόνεζ","name_hi":"वोरोनेज़ ओब्लास्ट","name_hu":"Voronyezsi terület","name_id":"Voronezh","name_it":"Voronež","name_ja":"ヴォロネジ州","name_ko":"보로네시","name_nl":"Voronezj","name_pl":"woroneski","name_pt":"Voronej","name_ru":"Воронежская область","name_sv":"Voronezj","name_tr":"Voronej Oblastı","name_vi":"Voronezh","name_zh":"沃罗涅日州","ne_id":1159313191,"name_he":"מחוז וורונז'","name_uk":"Воронезька область","name_ur":"ورونیش اوبلاست","name_fa":"استان ورونژ","name_zht":"沃罗涅日州","FCLASS_ISO":null,"FCLASS_US":null,"FCLASS_FR":null,"FCLASS_RU":null,"FCLASS_ES":null,"FCLASS_CN":null,"FCLASS_TW":null,"FCLASS_IN":null,"FCLASS_NP":null,"FCLASS_PK":null,"FCLASS_DE":null,"FCLASS_GB":null,"FCLASS_BR":null,"FCLASS_IL":null,"FCLASS_PS":null,"FCLASS_SA":null,"FCLASS_EG":null,"FCLASS_MA":null,"FCLASS_PT":null,"FCLASS_AR":null,"FCLASS_JP":null,"FCLASS_KO":null,"FCLASS_VN":null,"FCLASS_TR":null,"FCLASS_ID":null,"FCLASS_PL":null,"FCLASS_GR":null,"FCLASS_IT":null,"FCLASS_NL":null,"FCLASS_SE":null,"FCLASS_BD":null,"FCLASS_UA":null,"FCLASS_TLC":null}},
{"type":"Feature","geometry":{"type":"Polygon","coordinates":[[[53.631693,55.906691],[53.470463,54.045745],[54.108357,53.416559],[54.926601,53.219543],[55.545581,52.384942],[56.36517,52.523099],[56.780131,51.5922],[58.576404,51.793066],[58.827965,52.432717],[58.906203,53.861571],[59.227837,54.611189],[57.971377,54.392804],[57.165121,54.81898],[57.517968,55.334039],[58.619502,54.94967],[59.159211,55.331558],[59.026299,56.169388],[57.408414,56.32912],[54.352476,56.358524],[53.631693,55.906691]]]},"properties":{"featurecla":"Admin-1 scale rank","scalerank":2,"adm1_code":"RUS-2378","diss_me":2378,"iso_3166_2":"RU-BA","wikipedia":null,"iso_a2":"RU","adm0_sr":1,"name":"Bashkortostan","name_alt":"Bashkir|Bashkiriya|Bashkirskaya A.S.S.R.|Republic of Bashkortostan|Respublika Bashkortostan","name_local":"Республика Башкортостан","type":"Respublika","type_en":"Republic","code_local":null,"code_hasc":"RU.BK","note":null,"hasc_maybe":null,"region":"Volga","region_cod":null,"provnum_ne":7,"gadm_level":1,"check_me":20,"datarank":2,"abbrev":null,"postal":"BK","area_sqkm":0,"sameascity":-99,"labelrank":2,"name_len":13,"mapcolor9":7,"mapcolor13":7,"fips":"RS08","fips_alt":null,"woe_id":2346866,"woe_label":"Bashkortostan, RU, Russia","woe_name":"Bashkortostan","latitude":54.2086,"longitude":56.5575,"sov_a3":"RUS","adm0_a3":"RUS","adm0_label":2,"admin":"Russia","geonunit":"Russia","gu_a3":"RUS","gn_id":578853,"gn_name":"Respublika Bashkortostan","gns_id":-2882700,"gns_name":"Bashkortostan, Respublika","gn_level":1,"gn_region":null,"gn_a1_code":"RU.08","region_sub":"Urals","sub_code":null,"gns_level":1,"gns_lang":"rus","gns_adm1":"RS08","gns_region":null,"min_label":5,"max_label":10.2,"min_zoom":4.7,"wikidataid":"Q5710","name_ar":"باشقورستان","name_bn":"বাশকোরতোস্তান","name_de":"Baschkortostan","name_en":"Bashkortostan","name_es":"Bashkortostán","name_fr":"Bachkirie","name_el":"Δημοκρατία του Μπασκορτοστάν","name_hi":"बश्कोरतोस्तान","name_hu":"Baskíria","name_id":"Bashkortostan","name_it":"Baschiria","name_ja":"バシコルトスタン共和国","name_ko":"바시키르 공화국","name_nl":"Basjkirostan","name_pl":"Baszkortostan","name_pt":"Bascortostão","name_ru":"Республика Башкортостан","name_sv":"Basjkirien","name_tr":"Başkurdistan","name_vi":"Bashkortostan","name_zh":"巴什科尔托斯坦共和国","ne_id":1159313195,"name_he":"בשקורטוסטן","name_uk":"Башкортостан","name_ur":"باشکورتوستان","name_fa":"باشقیرستان","name_zht":"巴什科尔托斯坦共和国","FCLASS_ISO":null,"FCLASS_US":null,"FCLASS_FR":null,"FCLASS_RU":null,"FCLASS_ES":null,"FCLASS_CN":null,"FCLASS_TW":null,"FCLASS_IN":null,"FCLASS_NP":null,"FCLASS_PK":null,"FCLASS_DE":null,"FCLASS_GB":null,"FCLASS_BR":null,"FCLASS_IL":null,"FCLASS_PS":null,"FCLASS_SA":null,"FCLASS_EG":null,"FCLASS_MA":null,"FCLASS_PT":null,"FCLASS_AR":null,"FCLASS_JP":null,"FCLASS_KO":null,"FCLASS_VN":null,"FCLASS_TR":null,"FCLASS_ID":null,"FCLASS_PL":null,"FCLASS_GR":null,"FCLASS_IT":null,"FCLASS_NL":null,"FCLASS_SE":null,"FCLASS_BD":null,"FCLASS_UA":null,"FCLASS_TLC":null}},
{"type":"Feature","geometry":{"type":"Polygon","coordinates":[[[63.319128,54.17323],[63.192143,54.68643],[62.147246,54.644417],[62.579261,55.51749],[62.071798,56.133525],[61.384915,56.366999],[59.026299,56.169388],[59.159211,55.331558],[58.619502,54.94967],[57.517968,55.334039],[57.165121,54.81898],[57.971377,54.392804],[59.227837,54.611189],[58.906203,53.861571],[58.827965,52.432717],[60.148608,52.420522],[60.064415,51.975119],[60.937604,52.280582],[60.802315,52.744739],[61.333704,54.049259],[63.319128,54.17323]]]},"properties":{"featurecla":"Admin-1 scale rank","scalerank":2,"adm1_code":"RUS-2379","diss_me":2379,"iso_3166_2":"RU-CHE","wikipedia":null,"iso_a2":"RU","adm0_sr":1,"name":"Chelyabinsk","name_alt":"Chelyabinskaya","name_local":"Челябинская область","type":"Oblast","type_en":"Region","code_local":null,"code_hasc":"RU.CL","note":null,"hasc_maybe":null,"region":"Urals","region_cod":null,"provnum_ne":20059,"gadm_level":1,"check_me":20,"datarank":2,"abbrev":null,"postal":"CL","area_sqkm":0,"sameascity":6,"labelrank":6,"name_len":11,"mapcolor9":7,"mapcolor13":7,"fips":"RS13","fips_alt":null,"woe_id":2346893,"woe_label":"Chelyabinskaya Oblast, RU, Russia","woe_name":"Chelyabinsk","latitude":54.1131,"longitude":60.2383,"sov_a3":"RUS","adm0_a3":"RUS","adm0_label":2,"admin":"Russia","geonunit":"Russia","gu_a3":"RUS","gn_id":1508290,"gn_name":"Chelyabinskaya Oblast'","gns_id":-2896750,"gns_name":"Chelyabinskaya Oblast'","gn_level":1,"gn_region":null,"gn_a1_code":"RU.13","region_sub":"Urals","sub_code":null,"gns_level":1,"gns_lang":"rus","gns_adm1":"RS13","gns_region":null,"min_label":5,"max_label":10.2,"min_zoom":4.7,"wikidataid":"Q5714","name_ar":"أوبلاست تشيليابنسك","name_bn":"চেলিয়াবিনস্ক ওব্লাস্ট","name_de":"Tscheljabinsk","name_en":"Chelyabinsk","name_es":"Cheliábinsk","name_fr":"Tcheliabinsk","name_el":"Όμπλαστ του Τσελιάμπινσκ","name_hi":"चेल्याबिन्स्क ओब्लास्त","name_hu":"Cseljabinszki terület","name_id":"Chelyabinsk","name_it":"Čeljabinsk","name_ja":"チェリャビンスク州","name_ko":"첼랴빈스크","name_nl":"Tsjeljabinsk","name_pl":"czelabiński","name_pt":"Cheliabinsk","name_ru":"Челябинская область","name_sv":"Tjeljabinsk","name_tr":"Çelyabinsk Oblastı","name_vi":"Chelyabinsk","name_zh":"车里雅宾斯克州","ne_id":1159313221,"name_he":"מחוז צ'ליאבינסק","name_uk":"Челябінська область","name_ur":"چیلیابنسک اوبلاست","name_fa":"استان چلیابینسک","name_zht":"車里雅賓斯克州","FCLASS_ISO":null,"FCLASS_US":null,"FCLASS_FR":null,"FCLASS_RU":null,"FCLASS_ES":null,"FCLASS_CN":null,"FCLASS_TW":null,"FCLASS_IN":null,"FCLASS_NP":null,"FCLASS_PK":null,"FCLASS_DE":null,"FCLASS_GB":null,"FCLASS_BR":null,"FCLASS_IL":null,"FCLASS_PS":null,"FCLASS_SA":null,"FCLASS_EG":null,"FCLASS_MA":null,"FCLASS_PT":null,"FCLASS_AR":null,"FCLASS_JP":null,"FCLASS_KO":null,"FCLASS_VN":null,"FCLASS_TR":null,"FCLASS_ID":null,"FCLASS_PL":null,"FCLASS_GR":null,"FCLASS_IT":null,"FCLASS_NL":null,"FCLASS_SE":null,"FCLASS_BD":null,"FCLASS_UA":null,"FCLASS_TLC":null}},
{"type":"Feature","geometry":{"type":"Polygon","coordinates":[[[68.771528,55.330969],[68.189461,55.700166],[65.116884,56.325399],[64.995444,56.768267],[62.332971,56.469163],[62.071798,56.133525],[62.579261,55.51749],[62.147246,54.644417],[63.192143,54.68643],[63.319128,54.17323],[68.073861,54.959591],[68.771528,55.330969]]]},"properties":{"featurecla":"Admin-1 scale rank","scalerank":2,"adm1_code":"RUS-2380","diss_me":2380,"iso_3166_2":"RU-KGN","wikipedia":null,"iso_a2":"RU","adm0_sr":1,"name":"Kurgan","name_alt":"Kurganskaya Oblast","name_local":"Курганская область","type":"Oblast","type_en":"Region","code_local":null,"code_hasc":"RU.KU","note":null,"hasc_maybe":null,"region":"Urals","region_cod":null,"provnum_ne":20058,"gadm_level":1,"check_me":20,"datarank":2,"abbrev":null,"postal":"KU","area_sqkm":0,"sameascity":6,"labelrank":6,"name_len":6,"mapcolor9":7,"mapcolor13":7,"fips":"RS40","fips_alt":null,"woe_id":2346904,"woe_label":"Kurganskaya Oblast, RU, Russia","woe_name":"Kurgan","latitude":55.4316,"longitude":65.3505,"sov_a3":"RUS","adm0_a3":"RUS","adm0_label":2,"admin":"Russia","geonunit":"Russia","gu_a3":"RUS","gn_id":1501312,"gn_name":"Kurganskaya Oblast'","gns_id":-2941319,"gns_name":"Kurganskaya Oblast'","gn_level":1,"gn_region":null,"gn_a1_code":"RU.40","region_sub":"Urals","sub_code":null,"gns_level":1,"gns_lang":"rus","gns_adm1":"RS40","gns_region":null,"min_label":5,"max_label":10.2,"min_zoom":4.7,"wikidataid":"Q5741","name_ar":"أوبلاست كورغان","name_bn":"কুরগ্যান ওব্লাস্ট","name_de":"Kurgan","name_en":"Kurgan","name_es":"Kurgán","name_fr":"Kourgan","name_el":"Όμπλαστ του Κουργκάν","name_hi":"कुर्गन ओब्लास्ट","name_hu":"Kurgani terület","name_id":"Kurgan","name_it":"Kurgan","name_ja":"クルガン州","name_ko":"쿠르간","name_nl":"Koergan","name_pl":"kurgański","name_pt":"Kurgan","name_ru":"Курганская область","name_sv":"Kurgan","name_tr":"Kurgan Oblastı","name_vi":"Kurgan","name_zh":"库尔干州","ne_id":1159313223,"name_he":"מחוז קורגן","name_uk":"Курганська область","name_ur":"کورگان اوبلاست","name_fa":"استان کورگان","name_zht":"库尔干州","FCLASS_ISO":null,"FCLASS_US":null,"FCLASS_FR":null,"FCLASS_RU":null,"FCLASS_ES":null,"FCLASS_CN":null,"FCLASS_TW":null,"FCLASS_IN":null,"FCLASS_NP":null,"FCLASS_PK":null,"FCLASS_DE":null,"FCLASS_GB":null,"FCLASS_BR":null,"FCLASS_IL":null,"FCLASS_PS":null,"FCLASS_SA":null,"FCLASS_EG":null,"FCLASS_MA":null,"FCLASS_PT":null,"FCLASS_AR":null,"FCLASS_JP":null,"FCLASS_KO":null,"FCLASS_VN":null,"FCLASS_TR":null,"FCLASS_ID":null,"FCLASS_PL":null,"FCLASS_GR":null,"FCLASS_IT":null,"FCLASS_NL":null,"FCLASS_SE":null,"FCLASS_BD":null,"FCLASS_UA":null,"FCLASS_TLC":null}},
{"type":"Feature","geometry":{"type":"Polygon","coordinates":[[[44.220833,66.407181],[47.110437,65.821176],[49.006032,66.119117],[52.245525,67.089135],[53.77246,66.998546],[61.431734,66.999683],[62.821313,67.388032],[64.745123,68.404455],[65.480479,68.430449],[65.03624,69.268735],[63.361426,69.675293],[61.015918,69.851465],[58.918945,69.003809],[57.126855,68.554004],[56.043652,68.648877],[53.967871,68.227344],[52.550098,68.592432],[47.874707,67.58418],[47.709082,67.04502],[45.986035,66.853125],[44.939453,67.477441],[46.69043,67.848828],[45.891992,68.479687],[44.048047,68.548828],[43.782422,67.254492],[44.220833,66.407181]]]},"properties":{"featurecla":"Admin-1 scale rank","scalerank":2,"adm1_code":"RUS-2381","diss_me":2381,"iso_3166_2":"RU-NEN","wikipedia":null,"iso_a2":"RU","adm0_sr":4,"name":"Nenets","name_alt":"Nenetskiy A.Okr.|Nenetskiy AOk","name_local":"Ненецкий АОк","type":"Avtonomnyy Okrug","type_en":"Autonomous Province","code_local":null,"code_hasc":"RU.NN","note":null,"hasc_maybe":null,"region":"Northwestern","region_cod":null,"provnum_ne":20016,"gadm_level":1,"check_me":20,"datarank":2,"abbrev":null,"postal":"NN","area_sqkm":0,"sameascity":-99,"labelrank":2,"name_len":6,"mapcolor9":7,"mapcolor13":7,"fips":"RS50","fips_alt":null,"woe_id":20070509,"woe_label":null,"woe_name":null,"latitude":67.8271,"longitude":56.2877,"sov_a3":"RUS","adm0_a3":"RUS","adm0_label":2,"admin":"Russia","geonunit":"Russia","gu_a3":"RUS","gn_id":522652,"gn_name":"Nenetskiy Avtonomnyy Okrug","gns_id":-2964004,"gns_name":"Nenetskiy Avtonomnyy Okrug","gn_level":1,"gn_region":null,"gn_a1_code":"RU.50","region_sub":"Northern","sub_code":null,"gns_level":1,"gns_lang":"rus","gns_adm1":"RS50","gns_region":null,"min_label":5,"max_label":10.2,"min_zoom":4.7,"wikidataid":"Q2164","name_ar":"أوكروغ نينيتس الذاتية","name_bn":"নেনেটস স্বায়ত্তশাসিত অক্রুগ","name_de":"Autonomer Kreis der Nenzen","name_en":"Nenets Autonomous Okrug","name_es":"Nenetsia","name_fr":"Nénétsie","name_el":"Αυτόνομος θύλακας της Νενετσίας","name_hi":"नेनेट्स औटोनोमस ओक्रुग","name_hu":"Nyenyecföld","name_id":"Nenetsia","name_it":"Nenec","name_ja":"ネネツ自治管区","name_ko":"네네츠 자치구","name_nl":"Nenetsië","name_pl":"Nieniecki","name_pt":"Nenetsia","name_ru":"Ненецкий автономный округ","name_sv":"Nentsien","name_tr":"Nenets Özerk Okrugu","name_vi":"Nenetsia","name_zh":"涅涅茨自治区","ne_id":1159313117,"name_he":"הניינץ","name_uk":"Ненецький автономний округ","name_ur":"نینیتس خود مختار آکرگ","name_fa":"ننتسیا","name_zht":"涅涅茨自治区","FCLASS_ISO":null,"FCLASS_US":null,"FCLASS_FR":null,"FCLASS_RU":null,"FCLASS_ES":null,"FCLASS_CN":null,"FCLASS_TW":null,"FCLASS_IN":null,"FCLASS_NP":null,"FCLASS_PK":null,"FCLASS_DE":null,"FCLASS_GB":null,"FCLASS_BR":null,"FCLASS_IL":null,"FCLASS_PS":null,"FCLASS_SA":null,"FCLASS_EG":null,"FCLASS_MA":null,"FCLASS_PT":null,"FCLASS_AR":null,"FCLASS_JP":null,"FCLASS_KO":null,"FCLASS_VN":null,"FCLASS_TR":null,"FCLASS_ID":null,"FCLASS_PL":null,"FCLASS_GR":null,"FCLASS_IT":null,"FCLASS_NL":null,"FCLASS_SE":null,"FCLASS_BD":null,"FCLASS_UA":null,"FCLASS_TLC":null}},
{"type":"Feature","geometry":{"type":"Polygon","coordinates":[[[65.03624,69.268735],[65.480479,68.430449],[66.110001,67.488775],[65.11616,66.908319],[63.305728,66.400237],[62.018468,65.717126],[62.816662,65.291571],[62.69915,64.492188],[63.611446,64.268481],[65.399657,64.571356],[66.936307,64.487046],[67.679104,64.079035],[69.244074,64.465833],[70.768942,64.19355],[71.60796,63.185239],[72.655028,63.280169],[74.914528,63.032019],[77.026234,62.975019],[77.966539,62.477996],[81.349174,62.821153],[83.798224,62.560264],[84.435704,62.177962],[85.518326,62.932567],[85.096749,63.534158],[86.028062,64.279798],[84.312818,65.098456],[84.550219,65.433422],[82.117293,67.243803],[82.680566,68.282757],[82.256923,69.156709],[79.854279,69.354527],[78.912941,69.860904],[80.569067,70.460816],[80.55005,71.044449],[79.244703,71.316732],[80.339107,71.889798],[78.482617,72.394971],[76.032422,71.9104],[73.671777,71.845068],[73.08623,71.444922],[74.310938,70.653613],[73.560156,69.707227],[74.57959,68.751221],[74.769531,67.766357],[73.79209,66.995312],[71.551172,66.760449],[73.152148,67.865039],[73.548047,68.574512],[72.527344,69.080518],[72.731641,70.822852],[71.912012,71.547949],[72.812109,72.691406],[71.500195,72.913672],[69.039062,72.669922],[68.269238,71.682812],[66.917578,71.282373],[67.002441,68.873584],[65.03624,69.268735]]]},"properties":{"featurecla":"Admin-1 scale rank","scalerank":2,"adm1_code":"RUS-2382","diss_me":2382,"iso_3166_2":"RU-YAN","wikipedia":null,"iso_a2":"RU","adm0_sr":4,"name":"Yamal-Nenets","name_alt":"Yamalo-Nenetskiy A.Okr","name_local":"Ямало-Ненецкий АОк","type":"Avtonomnyy Okrug","type_en":"Autonomous Province","code_local":null,"code_hasc":"RU.YN","note":null,"hasc_maybe":null,"region":"Urals","region_cod":null,"provnum_ne":20017,"gadm_level":1,"check_me":20,"datarank":2,"abbrev":null,"postal":"YN","area_sqkm":0,"sameascity":-99,"labelrank":2,"name_len":12,"mapcolor9":7,"mapcolor13":7,"fips":"RS87","fips_alt":null,"woe_id":20070525,"woe_label":"Yamalo-Nenetskiy Avtonomnyy Okrug, RU, Russia","woe_name":"Yamal-Nenets","latitude":65.4117,"longitude":75.1874,"sov_a3":"RUS","adm0_a3":"RUS","adm0_label":2,"admin":"Russia","geonunit":"Russia","gu_a3":"RUS","gn_id":1486462,"gn_name":"Yamalo-Nenetskiy Avtonomnyy Okrug","gns_id":-3038630,"gns_name":"Yamalo-Nenetskiy Avtonomnyy Okrug","gn_level":1,"gn_region":null,"gn_a1_code":"RU.87","region_sub":"West Siberian","sub_code":null,"gns_level":1,"gns_lang":"fas","gns_adm1":"RS87","gns_region":null,"min_label":5,"max_label":10.2,"min_zoom":4.7,"wikidataid":"Q6407","name_ar":"أوكروغ يامالو-نينيتس الذاتية","name_bn":"ইয়ামালো-নেনেটস স্বায়ত্তশাসিত ওক্রুগ","name_de":"Autonomer Kreis der Jamal-Nenzen","name_en":"Yamalo-Nenets Autonomous Okrug","name_es":"Yamalia-Nenetsia","name_fr":"Iamalie","name_el":"Αυτόνομος θύλακας των Γιαμάλων Νένετς","name_hi":"यामालो-नेनेट ऑटोनॉमस ऑक्रग","name_hu":"Jamali Nyenyecföld","name_id":"Yamalia","name_it":"Jamalo-Nenec","name_ja":"ヤマロ・ネネツ自治管区","name_ko":"야말로네네츠 자치구","name_nl":"Jamalië","name_pl":"Jamalsko-Nieniecki","name_pt":"Iamália","name_ru":"Ямало-Ненецкий автономный округ","name_sv":"Jamalo-Nenetien","name_tr":"Yamalo-Nenets Özerk Okrugu","name_vi":"Yamalo-Nenets","name_zh":"亚马尔-涅涅茨自治区","ne_id":1159313113,"name_he":"ימלו-ננץ","name_uk":"Ямало-Ненецький автономний округ","name_ur":"یامالو-نینیتس خود مختار آکرگ","name_fa":"یامالو-ننتس","name_zht":"亚马尔-涅涅茨自治区","FCLASS_ISO":null,"FCLASS_US":null,"FCLASS_FR":null,"FCLASS_RU":null,"FCLASS_ES":null,"FCLASS_CN":null,"FCLASS_TW":null,"FCLASS_IN":null,"FCLASS_NP":null,"FCLASS_PK":null,"FCLASS_DE":null,"FCLASS_GB":null,"FCLASS_BR":null,"FCLASS_IL":null,"FCLASS_PS":null,"FCLASS_SA":null,"FCLASS_EG":null,"FCLASS_MA":null,"FCLASS_PT":null,"FCLASS_AR":null,"FCLASS_JP":null,"FCLASS_KO":null,"FCLASS_VN":null,"FCLASS_TR":null,"FCLASS_ID":null,"FCLASS_PL":null,"FCLASS_GR":null,"FCLASS_IT":null,"FCLASS_NL":null,"FCLASS_SE":null,"FCLASS_BD":null,"FCLASS_UA":null,"FCLASS_TLC":null}},
{"type":"Feature","geometry":{"type":"Polygon","coordinates":[[[59.348657,61.682178],[59.485393,61.993271],[59.278067,62.970239],[59.484152,64.497252],[62.018468,65.717126],[63.305728,66.400237],[65.11616,66.908319],[66.110001,67.488775],[65.480479,68.430449],[64.745123,68.404455],[62.821313,67.388032],[61.431734,66.999683],[53.77246,66.998546],[52.245525,67.089135],[49.006032,66.119117],[48.989393,65.268523],[50.063022,64.8902],[48.840151,64.357312],[45.824521,64.283622],[46.819189,63.746962],[47.234874,62.351492],[49.608993,62.770226],[49.051611,61.690963],[49.302242,61.176163],[48.418988,60.853805],[48.507561,59.715115],[49.833992,59.638143],[52.297821,60.241595],[51.774235,60.605603],[52.876494,61.093842],[54.979518,60.86383],[56.70241,61.524772],[59.348657,61.682178]]]},"properties":{"featurecla":"Admin-1 scale rank","scalerank":2,"adm1_code":"RUS-2383","diss_me":2383,"iso_3166_2":"RU-KO","wikipedia":null,"iso_a2":"RU","adm0_sr":1,"name":"Komi","name_alt":"Komi A.S.S.R.|Republic of Komi|Respublika Komi","name_local":"Республика Коми","type":"Respublika","type_en":"Republic","code_local":null,"code_hasc":"RU.KO","note":null,"hasc_maybe":null,"region":"Northwestern","region_cod":null,"provnum_ne":20069,"gadm_level":1,"check_me":20,"datarank":2,"abbrev":null,"postal":"KO","area_sqkm":0,"sameascity":-99,"labelrank":2,"name_len":4,"mapcolor9":7,"mapcolor13":7,"fips":"RS34","fips_alt":null,"woe_id":2346874,"woe_label":"Komi, RU, Russia","woe_name":"Komi","latitude":64.1194,"longitude":55.8183,"sov_a3":"RUS","adm0_a3":"RUS","adm0_label":2,"admin":"Russia","geonunit":"Russia","gu_a3":"RUS","gn_id":545854,"gn_name":"Respublika Komi","gns_id":-2931736,"gns_name":"Komi, Respublika","gn_level":1,"gn_region":null,"gn_a1_code":"RU.34","region_sub":"Northern","sub_code":null,"gns_level":1,"gns_lang":"rus","gns_adm1":"RS34","gns_region":null,"min_label":5,"max_label":10.2,"min_zoom":4.7,"wikidataid":"Q2073","name_ar":"جمهورية كومي","name_bn":"কোমি রিপাবলিক","name_de":"Republik Komi","name_en":"Komi Republic","name_es":"Komi","name_fr":"république des Komis","name_el":"Δημοκρατία των Κόμι","name_hi":"कोमी गणराज्य","name_hu":"Komiföld","name_id":"Republik Komi","name_it":"Repubblica dei Komi","name_ja":"コミ共和国","name_ko":"코미 공화국","name_nl":"Komi","name_pl":"Republika Komi","name_pt":"República de Komi","name_ru":"Республика Коми","name_sv":"Komi","name_tr":"Komi Cumhuriyeti","name_vi":"Cộng hòa Komi","name_zh":"科米共和国","ne_id":1159313197,"name_he":"רפובליקת קומי","name_uk":"Республіка Комі","name_ur":"کومی جمہوریہ","name_fa":"کومی","name_zht":"科米共和国","FCLASS_ISO":null,"FCLASS_US":null,"FCLASS_FR":null,"FCLASS_RU":null,"FCLASS_ES":null,"FCLASS_CN":null,"FCLASS_TW":null,"FCLASS_IN":null,"FCLASS_NP":null,"FCLASS_PK":null,"FCLASS_DE":null,"FCLASS_GB":null,"FCLASS_BR":null,"FCLASS_IL":null,"FCLASS_PS":null,"FCLASS_SA":null,"FCLASS_EG":null,"FCLASS_MA":null,"FCLASS_PT":null,"FCLASS_AR":null,"FCLASS_JP":null,"FCLASS_KO":null,"FCLASS_VN":null,"FCLASS_TR":null,"FCLASS_ID":null,"FCLASS_PL":null,"FCLASS_GR":null,"FCLASS_IT":null,"FCLASS_NL":null,"FCLASS_SE":null,"FCLASS_BD":null,"FCLASS_UA":null,"FCLASS_TLC":null}},
{"type":"Feature","geometry":{"type":"Polygon","coordinates":[[[51.436478,56.144429],[51.971019,58.464132],[53.784552,58.439896],[53.876536,59.092802],[53.205776,59.364],[53.607612,60.142738],[52.297821,60.241595],[49.833992,59.638143],[48.507561,59.715115],[48.418988,60.853805],[47.042948,60.853805],[46.749529,60.261128],[47.113538,59.611297],[47.570874,59.059858],[46.341285,58.074647],[46.714906,56.966342],[48.822271,57.16354],[50.072014,56.622746],[51.436478,56.144429]]]},"properties":{"featurecla":"Admin-1 scale rank","scalerank":2,"adm1_code":"RUS-2384","diss_me":2384,"iso_3166_2":"RU-KIR","wikipedia":null,"iso_a2":"RU","adm0_sr":1,"name":"Kirov","name_alt":"Vyatka|Vyatskaya G.|Kirovskaya Oblast","name_local":"Кировская область","type":"Oblast","type_en":"Region","code_local":null,"code_hasc":"RU.KV","note":null,"hasc_maybe":null,"region":"Volga","region_cod":null,"provnum_ne":20071,"gadm_level":1,"check_me":20,"datarank":2,"abbrev":null,"postal":"KV","area_sqkm":0,"sameascity":6,"labelrank":6,"name_len":5,"mapcolor9":7,"mapcolor13":7,"fips":"RS33","fips_alt":null,"woe_id":2346902,"woe_label":"Kirovskaya Oblast, RU, Russia","woe_name":"Kirov","latitude":58.1926,"longitude":50.1112,"sov_a3":"RUS","adm0_a3":"RUS","adm0_label":2,"admin":"Russia","geonunit":"Russia","gu_a3":"RUS","gn_id":548389,"gn_name":"Kirovskaya Oblast'","gns_id":-2928308,"gns_name":"Kirovskaya Oblast'","gn_level":1,"gn_region":null,"gn_a1_code":"RU.33","region_sub":"Volga-Vyatka","sub_code":null,"gns_level":1,"gns_lang":"rus","gns_adm1":"RS33","gns_region":null,"min_label":5,"max_label":10.2,"min_zoom":4.7,"wikidataid":"Q5387","name_ar":"أوبلاست كيروف","name_bn":"কিরোভ ওব্লাস্ট","name_de":"Kirow","name_en":"Kirov","name_es":"Kírov","name_fr":"Kirov","name_el":"Όμπλαστ του Κίροφ","name_hi":"किरोव ओब्लास्ट","name_hu":"Kirovi terület","name_id":"Kirov","name_it":"Kirov","name_ja":"キーロフ州","name_ko":"키로프","name_nl":"Kirov","name_pl":"kirowski","name_pt":"Kirov","name_ru":"Кировская область","name_sv":"Kirov","name_tr":"Kirov Oblastı","name_vi":"Kirov","name_zh":"基洛夫州","ne_id":1159313199,"name_he":"מחוז קירוב","name_uk":"Кіровська область","name_ur":"کیروف اوبلاست","name_fa":"استان کیروف","name_zht":"基洛夫州","FCLASS_ISO":null,"FCLASS_US":null,"FCLASS_FR":null,"FCLASS_RU":null,"FCLASS_ES":null,"FCLASS_CN":null,"FCLASS_TW":null,"FCLASS_IN":null,"FCLASS_NP":null,"FCLASS_PK":null,"FCLASS_DE":null,"FCLASS_GB":null,"FCLASS_BR":null,"FCLASS_IL":null,"FCLASS_PS":null,"FCLASS_SA":null,"FCLASS_EG":null,"FCLASS_MA":null,"FCLASS_PT":null,"FCLASS_AR":null,"FCLASS_JP":null,"FCLASS_KO":null,"FCLASS_VN":null,"FCLASS_TR":null,"FCLASS_ID":null,"FCLASS_PL":null,"FCLASS_GR":null,"FCLASS_IT":null,"FCLASS_NL":null,"FCLASS_SE":null,"FCLASS_BD":null,"FCLASS_UA":null,"FCLASS_TLC":null}},
{"type":"Feature","geometry":{"type":"Polygon","coordinates":[[[50.072014,56.622746],[48.822271,57.16354],[46.714906,56.966342],[45.95857,56.872084],[46.213955,56.049809],[47.05566,56.287727],[48.412373,55.829357],[50.072014,56.622746]]]},"properties":{"featurecla":"Admin-1 scale rank","scalerank":2,"adm1_code":"RUS-2385","diss_me":2385,"iso_3166_2":"RU-ME","wikipedia":null,"iso_a2":"RU","adm0_sr":1,"name":"Mariy-El","name_alt":"Mari|Mari-El|Republic of Mari El|Mariyskaya A.S.S.R.|Respublika Mariy El","name_local":"Республика Марий Эл","type":"Respublika","type_en":"Republic","code_local":null,"code_hasc":"RU.ME","note":null,"hasc_maybe":null,"region":"Volga","region_cod":null,"provnum_ne":20072,"gadm_level":1,"check_me":20,"datarank":2,"abbrev":null,"postal":"ME","area_sqkm":0,"sameascity":-99,"labelrank":2,"name_len":8,"mapcolor9":7,"mapcolor13":7,"fips":"RS45","fips_alt":null,"woe_id":2346875,"woe_label":"Mariy-El, RU, Russia","woe_name":"Mariy-El","latitude":56.5407,"longitude":47.9131,"sov_a3":"RUS","adm0_a3":"RUS","adm0_label":2,"admin":"Russia","geonunit":"Russia","gu_a3":"RUS","gn_id":529352,"gn_name":"Respublika Mariy-El","gns_id":-2954338,"gns_name":"Mariy-El, Respublika","gn_level":1,"gn_region":null,"gn_a1_code":"RU.45","region_sub":"Volga-Vyatka","sub_code":null,"gns_level":1,"gns_lang":"rus","gns_adm1":"RS45","gns_region":null,"min_label":5,"max_label":10.2,"min_zoom":4.7,"wikidataid":"Q5446","name_ar":"ماري إل","name_bn":"মারি এল প্রজাতন্ত্র","name_de":"Mari El","name_en":"Mari El Republic","name_es":"Mari-El","name_fr":"république des Maris","name_el":"Δημοκρατία της Μαρί Ελ","name_hi":"मरी ऍल","name_hu":"Mariföld","name_id":"Mari El","name_it":"Repubblica dei Mari","name_ja":"マリ・エル共和国","name_ko":"마리옐 공화국","name_nl":"Mari El","name_pl":"Mari El","name_pt":"Mari El","name_ru":"Марий Эл","name_sv":"Marij El","name_tr":"Mari El","name_vi":"Cộng hòa Mari El","name_zh":"马里埃尔共和国","ne_id":1159313201,"name_he":"מארי אל","name_uk":"Марій Ел","name_ur":"ماری ال","name_fa":"ماری ال","name_zht":"马里埃尔共和国","FCLASS_ISO":null,"FCLASS_US":null,"FCLASS_FR":null,"FCLASS_RU":null,"FCLASS_ES":null,"FCLASS_CN":null,"FCLASS_TW":null,"FCLASS_IN":null,"FCLASS_NP":null,"FCLASS_PK":null,"FCLASS_DE":null,"FCLASS_GB":null,"FCLASS_BR":null,"FCLASS_IL":null,"FCLASS_PS":null,"FCLASS_SA":null,"FCLASS_EG":null,"FCLASS_MA":null,"FCLASS_PT":null,"FCLASS_AR":null,"FCLASS_JP":null,"FCLASS_KO":null,"FCLASS_VN":null,"FCLASS_TR":null,"FCLASS_ID":null,"FCLASS_PL":null,"FCLASS_GR":null,"FCLASS_IT":null,"FCLASS_NL":null,"FCLASS_SE":null,"FCLASS_BD":null,"FCLASS_UA":null,"FCLASS_TLC":null}},
{"type":"Feature","geometry":{"type":"Polygon","coordinates":[[[59.485393,61.993271],[59.348657,61.682178],[59.467719,60.807865],[58.403081,59.552283],[59.45604,58.492761],[57.408414,56.32912],[59.026299,56.169388],[61.384915,56.366999],[62.071798,56.133525],[62.332971,56.469163],[64.995444,56.768267],[64.839278,57.64072],[66.196611,58.032505],[65.934508,58.614355],[65.001645,59.33767],[63.825076,59.477042],[62.419684,61.305096],[59.485393,61.993271]]]},"properties":{"featurecla":"Admin-1 scale rank","scalerank":2,"adm1_code":"RUS-2386","diss_me":2386,"iso_3166_2":"RU-SVE","wikipedia":null,"iso_a2":"RU","adm0_sr":1,"name":"Sverdlovsk","name_alt":"Yekaterinburg|Sverdlovskaya Oblast","name_local":"Свердловская область","type":"Oblast","type_en":"Region","code_local":null,"code_hasc":"RU.SV","note":null,"hasc_maybe":null,"region":"Urals","region_cod":null,"provnum_ne":7,"gadm_level":1,"check_me":20,"datarank":2,"abbrev":null,"postal":"SV","area_sqkm":0,"sameascity":6,"labelrank":6,"name_len":10,"mapcolor9":7,"mapcolor13":7,"fips":"RS71","fips_alt":null,"woe_id":2346926,"woe_label":"Sverdlovskaya Oblast, RU, Russia","woe_name":"Sverdlovsk","latitude":58.8952,"longitude":61.7078,"sov_a3":"RUS","adm0_a3":"RUS","adm0_label":2,"admin":"Russia","geonunit":"Russia","gu_a3":"RUS","gn_id":1490542,"gn_name":"Sverdlovskaya Oblast'","gns_id":-3014006,"gns_name":"Sverdlovskaya Oblast'","gn_level":1,"gn_region":null,"gn_a1_code":"RU.71","region_sub":"Urals","sub_code":null,"gns_level":1,"gns_lang":"fas","gns_adm1":"RS71","gns_region":null,"min_label":5,"max_label":10.2,"min_zoom":4.7,"wikidataid":"Q5462","name_ar":"أوبلاست سفردلوفسك","name_bn":"ভার্দলোভস্ক ওব্লাস্ট","name_de":"Swerdlowsk","name_en":"Sverdlovsk","name_es":"Sverdlovsk","name_fr":"Sverdlovsk","name_el":"Όμπλαστ του Σβερντλόφσκ","name_hi":"स्वर्दलोव्स्क ओब्लास्ट","name_hu":"Szverdlovszki terület","name_id":"Sverdlovsk","name_it":"Sverdlovsk","name_ja":"スヴェルドロフスク州","name_ko":"스베르들롭스크","name_nl":"Sverdlovsk","name_pl":"swierdłowski","name_pt":"Sverdlovsk","name_ru":"Свердловская область","name_sv":"Sverdlovsk","name_tr":"Sverdlovsk Oblastı","name_vi":"Sverdlovsk","name_zh":"斯维尔德洛夫斯克州","ne_id":1159313225,"name_he":"מחוז סברדלובסק","name_uk":"Свердловська область","name_ur":"سوردلووسک اوبلاست","name_fa":"استان سوردلوفسک","name_zht":"斯維爾德洛夫斯克州","FCLASS_ISO":null,"FCLASS_US":null,"FCLASS_FR":null,"FCLASS_RU":null,"FCLASS_ES":null,"FCLASS_CN":null,"FCLASS_TW":null,"FCLASS_IN":null,"FCLASS_NP":null,"FCLASS_PK":null,"FCLASS_DE":null,"FCLASS_GB":null,"FCLASS_BR":null,"FCLASS_IL":null,"FCLASS_PS":null,"FCLASS_SA":null,"FCLASS_EG":null,"FCLASS_MA":null,"FCLASS_PT":null,"FCLASS_AR":null,"FCLASS_JP":null,"FCLASS_KO":null,"FCLASS_VN":null,"FCLASS_TR":null,"FCLASS_ID":null,"FCLASS_PL":null,"FCLASS_GR":null,"FCLASS_IT":null,"FCLASS_NL":null,"FCLASS_SE":null,"FCLASS_BD":null,"FCLASS_UA":null,"FCLASS_TLC":null}},
{"type":"Feature","geometry":{"type":"Polygon","coordinates":[[[53.631693,55.906691],[54.352476,56.358524],[53.784552,58.439896],[51.971019,58.464132],[51.436478,56.144429],[52.958246,56.252226],[53.631693,55.906691]]]},"properties":{"featurecla":"Admin-1 scale rank","scalerank":2,"adm1_code":"RUS-2387","diss_me":2387,"iso_3166_2":"RU-UD","wikipedia":null,"iso_a2":"RU","adm0_sr":1,"name":"Udmurt","name_alt":"Udmurtiya|Udmurt Republic|Udmurtskaya A.S.S.R.|Udmurtskaya Respublika","name_local":"Удмуртская Республика","type":"Respublika","type_en":"Republic","code_local":null,"code_hasc":"RU.UD","note":null,"hasc_maybe":null,"region":"Volga","region_cod":null,"provnum_ne":20070,"gadm_level":1,"check_me":20,"datarank":2,"abbrev":null,"postal":"UD","area_sqkm":0,"sameascity":-99,"labelrank":2,"name_len":6,"mapcolor9":7,"mapcolor13":7,"fips":"RS80","fips_alt":null,"woe_id":2346880,"woe_label":"Udmurtiya, RU, Russia","woe_name":"Udmurt","latitude":57.3433,"longitude":52.7957,"sov_a3":"RUS","adm0_a3":"RUS","adm0_label":2,"admin":"Russia","geonunit":"Russia","gu_a3":"RUS","gn_id":479613,"gn_name":"Udmurtskaya Respublika","gns_id":-3023910,"gns_name":"Udmurtskaya Respublika","gn_level":1,"gn_region":null,"gn_a1_code":"RU.80","region_sub":"Urals","sub_code":null,"gns_level":1,"gns_lang":"fas","gns_adm1":"RS80","gns_region":null,"min_label":5,"max_label":10.2,"min_zoom":4.7,"wikidataid":"Q5422","name_ar":"أودمورتيا","name_bn":"আডমুর্ত রিপাবলিক","name_de":"Udmurtien","name_en":"Udmurt Republic","name_es":"Udmurtia","name_fr":"Oudmourtie","name_el":"Δημοκρατία των Ουντμούρτ","name_hi":"उदमूर्तिया","name_hu":"Udmurtföld","name_id":"Udmurtia","name_it":"Udmurtia","name_ja":"ウドムルト共和国","name_ko":"우드무르트 공화국","name_nl":"Oedmoertië","name_pl":"Udmurcja","name_pt":"Udmúrtia","name_ru":"Удмуртия","name_sv":"Udmurtien","name_tr":"Udmurtya","name_vi":"Udmurtia","name_zh":"乌德穆尔特共和国","ne_id":1159313203,"name_he":"אודמורטיה","name_uk":"Удмуртія","name_ur":"ادمورتیا","name_fa":"اودمورتیا","name_zht":"乌德穆尔特共和国","FCLASS_ISO":null,"FCLASS_US":null,"FCLASS_FR":null,"FCLASS_RU":null,"FCLASS_ES":null,"FCLASS_CN":null,"FCLASS_TW":null,"FCLASS_IN":null,"FCLASS_NP":null,"FCLASS_PK":null,"FCLASS_DE":null,"FCLASS_GB":null,"FCLASS_BR":null,"FCLASS_IL":null,"FCLASS_PS":null,"FCLASS_SA":null,"FCLASS_EG":null,"FCLASS_MA":null,"FCLASS_PT":null,"FCLASS_AR":null,"FCLASS_JP":null,"FCLASS_KO":null,"FCLASS_VN":null,"FCLASS_TR":null,"FCLASS_ID":null,"FCLASS_PL":null,"FCLASS_GR":null,"FCLASS_IT":null,"FCLASS_NL":null,"FCLASS_SE":null,"FCLASS_BD":null,"FCLASS_UA":null,"FCLASS_TLC":null}},
{"type":"Feature","geometry":{"type":"Polygon","coordinates":[[[46.643564,48.659068],[45.948338,48.835934],[45.300625,48.097685],[46.511301,47.406435],[47.21348,46.742315],[46.906212,45.63675],[47.528354,45.545652],[49.184264,46.348851],[48.109963,47.745406],[47.093281,47.94772],[46.643564,48.659068]]]},"properties":{"featurecla":"Admin-1 scale rank","scalerank":2,"adm1_code":"RUS-2388","diss_me":2388,"iso_3166_2":"RU-AST","wikipedia":null,"iso_a2":"RU","adm0_sr":4,"name":"Astrakhan'","name_alt":"Astrachan|Astrakhanskaya Oblast","name_local":"Астраханская область","type":"Oblast","type_en":"Region","code_local":null,"code_hasc":"RU.AS","note":null,"hasc_maybe":null,"region":"Volga","region_cod":null,"provnum_ne":20025,"gadm_level":1,"check_me":20,"datarank":2,"abbrev":null,"postal":"AS","area_sqkm":0,"sameascity":7,"labelrank":7,"name_len":10,"mapcolor9":7,"mapcolor13":7,"fips":"RS07","fips_alt":null,"woe_id":2346890,"woe_label":"Astrakhanskaya Oblast, RU, Russia","woe_name":"Astrakhan'","latitude":47.0334,"longitude":47.7227,"sov_a3":"RUS","adm0_a3":"RUS","adm0_label":2,"admin":"Russia","geonunit":"Russia","gu_a3":"RUS","gn_id":580491,"gn_name":"Astrakhanskaya Oblast'","gns_id":-2880031,"gns_name":"Astrakhanskaya Oblast'","gn_level":1,"gn_region":null,"gn_a1_code":"RU.07","region_sub":"Volga","sub_code":null,"gns_level":1,"gns_lang":"rus","gns_adm1":"RS07","gns_region":null,"min_label":5,"max_label":10.2,"min_zoom":4.7,"wikidataid":"Q3941","name_ar":"أوبلاست أستراخان","name_bn":"আস্ট্রখান ওব্লাস্ট","name_de":"Astrachan","name_en":"Astrakhan","name_es":"Astracán","name_fr":"d'Astrakhan","name_el":"Όμπλαστ του Άστραχαν","name_hi":"अस्त्राखान ओब्लास्ट","name_hu":"Asztraháni terület","name_id":"Astrakhan","name_it":"Astrachan'","name_ja":"アストラハン州","name_ko":"아스트라한","name_nl":"Astrachan","name_pl":"astrachański","name_pt":"Astracã","name_ru":"Астраханская область","name_sv":"Astrachan","name_tr":"Astrahan Oblastı","name_vi":"Astrakhan","name_zh":"阿斯特拉罕州","ne_id":1159312521,"name_he":"מחוז אסטרחן","name_uk":"Астраханська область","name_ur":"استراخان اوبلاست","name_fa":"استان آستراخان","name_zht":"阿斯特拉罕州","FCLASS_ISO":null,"FCLASS_US":null,"FCLASS_FR":null,"FCLASS_RU":null,"FCLASS_ES":null,"FCLASS_CN":null,"FCLASS_TW":null,"FCLASS_IN":null,"FCLASS_NP":null,"FCLASS_PK":null,"FCLASS_DE":null,"FCLASS_GB":null,"FCLASS_BR":null,"FCLASS_IL":null,"FCLASS_PS":null,"FCLASS_SA":null,"FCLASS_EG":null,"FCLASS_MA":null,"FCLASS_PT":null,"FCLASS_AR":null,"FCLASS_JP":null,"FCLASS_KO":null,"FCLASS_VN":null,"FCLASS_TR":null,"FCLASS_ID":null,"FCLASS_PL":null,"FCLASS_GR":null,"FCLASS_IT":null,"FCLASS_NL":null,"FCLASS_SE":null,"FCLASS_BD":null,"FCLASS_UA":null,"FCLASS_TLC":null}},
{"type":"Feature","geometry":{"type":"Polygon","coordinates":[[[48.412373,55.829357],[47.05566,56.287727],[46.213955,56.049809],[46.055721,55.042119],[46.441331,54.772161],[47.241902,54.677722],[47.996275,54.968247],[48.412373,55.829357]]]},"properties":{"featurecla":"Admin-1 scale rank","scalerank":2,"adm1_code":"RUS-2389","diss_me":2389,"iso_3166_2":"RU-CU","wikipedia":null,"iso_a2":"RU","adm0_sr":1,"name":"Chuvash","name_alt":"Chuvashskaya A.S.S.R.|Chuvashskaya Respublika|Chuvashiya|Chuvash Republic","name_local":"Чувашская Республика","type":"Respublika","type_en":"Republic","code_local":null,"code_hasc":"RU.CV","note":null,"hasc_maybe":null,"region":"Volga","region_cod":null,"provnum_ne":20078,"gadm_level":1,"check_me":20,"datarank":2,"abbrev":null,"postal":"CV","area_sqkm":0,"sameascity":-99,"labelrank":2,"name_len":7,"mapcolor9":7,"mapcolor13":7,"fips":"RS16","fips_alt":null,"woe_id":2346869,"woe_label":"Chuvashiya, RU, Russia","woe_name":"Chuvash","latitude":55.4883,"longitude":47.1662,"sov_a3":"RUS","adm0_a3":"RUS","adm0_label":2,"admin":"Russia","geonunit":"Russia","gu_a3":"RUS","gn_id":567395,"gn_name":"Chuvashskaya Respublika","gns_id":-2900046,"gns_name":"Chuvashskaya Respublika","gn_level":1,"gn_region":null,"gn_a1_code":"RU.16","region_sub":"Volga-Vyatka","sub_code":null,"gns_level":1,"gns_lang":"rus","gns_adm1":"RS16","gns_region":null,"min_label":5,"max_label":10.2,"min_zoom":4.7,"wikidataid":"Q5466","name_ar":"تشوفاشيا","name_bn":"চুভাশিয়া","name_de":"Tschuwaschien","name_en":"Chuvash Republic","name_es":"Chuvasia","name_fr":"Tchouvachie","name_el":"Τσουβασία","name_hi":"चुवैश गणतंत्र","name_hu":"Csuvasföld","name_id":"Chuvashia","name_it":"Ciuvascia","name_ja":"チュヴァシ共和国","name_ko":"추바시 공화국","name_nl":"Tsjoevasjië","name_pl":"Czuwaszja","name_pt":"Chuváchia","name_ru":"Чувашия","name_sv":"Tjuvasjien","name_tr":"Çuvaşistan","name_vi":"Chuvashia","name_zh":"楚瓦什共和国","ne_id":1159313205,"name_he":"צ'ובשיה","name_uk":"Чуваська Республіка","name_ur":"چوواشیا","name_fa":"چواشستان","name_zht":"楚瓦什共和国","FCLASS_ISO":null,"FCLASS_US":null,"FCLASS_FR":null,"FCLASS_RU":null,"FCLASS_ES":null,"FCLASS_CN":null,"FCLASS_TW":null,"FCLASS_IN":null,"FCLASS_NP":null,"FCLASS_PK":null,"FCLASS_DE":null,"FCLASS_GB":null,"FCLASS_BR":null,"FCLASS_IL":null,"FCLASS_PS":null,"FCLASS_SA":null,"FCLASS_EG":null,"FCLASS_MA":null,"FCLASS_PT":null,"FCLASS_AR":null,"FCLASS_JP":null,"FCLASS_KO":null,"FCLASS_VN":null,"FCLASS_TR":null,"FCLASS_ID":null,"FCLASS_PL":null,"FCLASS_GR":null,"FCLASS_IT":null,"FCLASS_NL":null,"FCLASS_SE":null,"FCLASS_BD":null,"FCLASS_UA":null,"FCLASS_TLC":null}},
{"type":"Feature","geometry":{"type":"Polygon","coordinates":[[[47.528354,45.545652],[46.906212,45.63675],[47.21348,46.742315],[46.511301,47.406435],[45.300625,48.097685],[44.546666,48.063061],[43.731522,47.476611],[44.262446,46.900135],[43.646049,46.215732],[42.180919,46.577881],[41.712627,45.996004],[42.991412,46.179559],[45.705975,44.975782],[46.891376,44.746021],[47.528354,45.545652]]]},"properties":{"featurecla":"Admin-1 scale rank","scalerank":2,"adm1_code":"RUS-2390","diss_me":2390,"iso_3166_2":"RU-KL","wikipedia":null,"iso_a2":"RU","adm0_sr":1,"name":"Kalmyk","name_alt":"Kalmykiya|Khalmg Tangch|Republic of Kalmykia|Kalmytskaya A.S.S.R.|Respublika Kalmykiya","name_local":"Республика Калмыкия","type":"Respublika","type_en":"Republic","code_local":null,"code_hasc":"RU.KL","note":null,"hasc_maybe":null,"region":"Volga","region_cod":null,"provnum_ne":20041,"gadm_level":1,"check_me":20,"datarank":2,"abbrev":null,"postal":"KL","area_sqkm":0,"sameascity":-99,"labelrank":2,"name_len":6,"mapcolor9":7,"mapcolor13":7,"fips":"RS24","fips_alt":null,"woe_id":2346872,"woe_label":"Kalmykiya, RU, Russia","woe_name":"Kalmyk","latitude":46.5191,"longitude":45.4681,"sov_a3":"RUS","adm0_a3":"RUS","adm0_label":2,"admin":"Russia","geonunit":"Russia","gu_a3":"RUS","gn_id":553972,"gn_name":"Respublika Kalmykiya","gns_id":-2919206,"gns_name":"Kalmykiya, Respublika","gn_level":1,"gn_region":null,"gn_a1_code":"RU.24","region_sub":"Volga","sub_code":null,"gns_level":1,"gns_lang":"rus","gns_adm1":"RS24","gns_region":null,"min_label":5,"max_label":10.2,"min_zoom":4.7,"wikidataid":"Q3953","name_ar":"قلميقيا","name_bn":"কালমিকিয়া","name_de":"Kalmückien","name_en":"Republic of Kalmykia","name_es":"Kalmukia","name_fr":"Kalmoukie","name_el":"Δημοκρατία της Καλμίκια","name_hi":"कालमिकिया","name_hu":"Kalmükföld","name_id":"Kalmykia","name_it":"Calmucchia","name_ja":"カルムイク共和国","name_ko":"칼미크 공화국","name_nl":"Kalmukkië","name_pl":"Kałmucja","name_pt":"Calmúquia","name_ru":"Калмыкия","name_sv":"Kalmuckien","name_tr":"Kalmukya","name_vi":"Kalmykia","name_zh":"卡尔梅克共和国","ne_id":1159313207,"name_he":"קלמיקיה","name_uk":"Калмикія","name_ur":"کلمیکیا","name_fa":"قالموقستان","name_zht":"卡尔梅克共和国","FCLASS_ISO":null,"FCLASS_US":null,"FCLASS_FR":null,"FCLASS_RU":null,"FCLASS_ES":null,"FCLASS_CN":null,"FCLASS_TW":null,"FCLASS_IN":null,"FCLASS_NP":null,"FCLASS_PK":null,"FCLASS_DE":null,"FCLASS_GB":null,"FCLASS_BR":null,"FCLASS_IL":null,"FCLASS_PS":null,"FCLASS_SA":null,"FCLASS_EG":null,"FCLASS_MA":null,"FCLASS_PT":null,"FCLASS_AR":null,"FCLASS_JP":null,"FCLASS_KO":null,"FCLASS_VN":null,"FCLASS_TR":null,"FCLASS_ID":null,"FCLASS_PL":null,"FCLASS_GR":null,"FCLASS_IT":null,"FCLASS_NL":null,"FCLASS_SE":null,"FCLASS_BD":null,"FCLASS_UA":null,"FCLASS_TLC":null}},
{"type":"Feature","geometry":{"type":"Polygon","coordinates":[[[48.436971,52.780448],[50.793934,51.729194],[51.415188,52.102711],[52.060936,52.999659],[52.53853,54.37725],[51.168794,54.637285],[50.077491,54.516466],[50.197381,54.038149],[48.491128,53.770517],[48.034515,53.314627],[48.436971,52.780448]]]},"properties":{"featurecla":"Admin-1 scale rank","scalerank":2,"adm1_code":"RUS-2392","diss_me":2392,"iso_3166_2":"RU-SAM","wikipedia":null,"iso_a2":"RU","adm0_sr":1,"name":"Samara","name_alt":"Kuybyshev|Kuybyshevskaya|Samarskaya Oblast","name_local":"Самарская область","type":"Oblast","type_en":"Region","code_local":null,"code_hasc":"RU.SA","note":null,"hasc_maybe":null,"region":"Volga","region_cod":null,"provnum_ne":20062,"gadm_level":1,"check_me":20,"datarank":2,"abbrev":null,"postal":"SA","area_sqkm":0,"sameascity":6,"labelrank":6,"name_len":6,"mapcolor9":7,"mapcolor13":7,"fips":"RS65","fips_alt":null,"woe_id":2346906,"woe_label":"Samarskaya Oblast, RU, Russia","woe_name":"Samara","latitude":53.1783,"longitude":50.4377,"sov_a3":"RUS","adm0_a3":"RUS","adm0_label":2,"admin":"Russia","geonunit":"Russia","gu_a3":"RUS","gn_id":499068,"gn_name":"Samarskaya Oblast'","gns_id":-2995975,"gns_name":"Samarskaya Oblast'","gn_level":1,"gn_region":null,"gn_a1_code":"RU.65","region_sub":"Volga","sub_code":null,"gns_level":1,"gns_lang":"fas","gns_adm1":"RS65","gns_region":null,"min_label":5,"max_label":10.2,"min_zoom":4.7,"wikidataid":"Q1727","name_ar":"سمارا أوبلاست","name_bn":"সামারা ওব্লাস্ট","name_de":"Samara","name_en":"Samara","name_es":"Samara","name_fr":"Samara","name_el":"Όμπλαστ της Σαμάρα","name_hi":"समारा ओब्लास्त","name_hu":"Szamarai terület","name_id":"Samara","name_it":"Samara","name_ja":"サマラ州","name_ko":"사마라","name_nl":"Samara","name_pl":"samarski","name_pt":"Samara","name_ru":"Самарская область","name_sv":"Samara","name_tr":"Samara Oblastı","name_vi":"Samara","name_zh":"萨马拉州","ne_id":1159313209,"name_he":"מחוז סמרה","name_uk":"Самарська область","name_ur":"سمارا اوبلاست","name_fa":"استان سامارا","name_zht":"薩馬拉州","FCLASS_ISO":null,"FCLASS_US":null,"FCLASS_FR":null,"FCLASS_RU":null,"FCLASS_ES":null,"FCLASS_CN":null,"FCLASS_TW":null,"FCLASS_IN":null,"FCLASS_NP":null,"FCLASS_PK":null,"FCLASS_DE":null,"FCLASS_GB":null,"FCLASS_BR":null,"FCLASS_IL":null,"FCLASS_PS":null,"FCLASS_SA":null,"FCLASS_EG":null,"FCLASS_MA":null,"FCLASS_PT":null,"FCLASS_AR":null,"FCLASS_JP":null,"FCLASS_KO":null,"FCLASS_VN":null,"FCLASS_TR":null,"FCLASS_ID":null,"FCLASS_PL":null,"FCLASS_GR":null,"FCLASS_IT":null,"FCLASS_NL":null,"FCLASS_SE":null,"FCLASS_BD":null,"FCLASS_UA":null,"FCLASS_TLC":null}},
{"type":"Feature","geometry":{"type":"Polygon","coordinates":[[[60.064415,51.975119],[60.148608,52.420522],[58.827965,52.432717],[58.576404,51.793066],[56.780131,51.5922],[56.36517,52.523099],[55.545581,52.384942],[54.926601,53.219543],[54.108357,53.416559],[53.470463,54.045745],[52.53853,54.37725],[52.060936,52.999659],[51.415188,52.102711],[50.793934,51.729194],[53.338119,51.482362],[54.421516,50.780312],[55.797659,50.602028],[56.491467,51.019522],[58.359157,51.063834],[59.812401,50.582029],[61.389411,50.86103],[61.363108,51.441873],[60.064415,51.975119]]]},"properties":{"featurecla":"Admin-1 scale rank","scalerank":2,"adm1_code":"RUS-2391","diss_me":2391,"iso_3166_2":"RU-ORE","wikipedia":null,"iso_a2":"RU","adm0_sr":1,"name":"Orenburg","name_alt":"Chkalov|Orenburgskaya|Orenburgskaya Oblast","name_local":"Оренбургская область","type":"Oblast","type_en":"Region","code_local":null,"code_hasc":"RU.OB","note":null,"hasc_maybe":null,"region":"Volga","region_cod":null,"provnum_ne":20057,"gadm_level":1,"check_me":20,"datarank":2,"abbrev":null,"postal":"OB","area_sqkm":0,"sameascity":6,"labelrank":6,"name_len":8,"mapcolor9":7,"mapcolor13":7,"fips":"RS55","fips_alt":null,"woe_id":2346916,"woe_label":"Orenburgskaya Oblast, RU, Russia","woe_name":"Orenburg","latitude":51.5157,"longitude":56.2149,"sov_a3":"RUS","adm0_a3":"RUS","adm0_label":2,"admin":"Russia","geonunit":"Russia","gu_a3":"RUS","gn_id":515001,"gn_name":"Orenburgskaya Oblast'","gns_id":-2974930,"gns_name":"Orenburgskaya Oblast'","gn_level":1,"gn_region":null,"gn_a1_code":"RU.55","region_sub":"Urals","sub_code":null,"gns_level":1,"gns_lang":"fas","gns_adm1":"RS55","gns_region":null,"min_label":5,"max_label":10.2,"min_zoom":4.7,"wikidataid":"Q5338","name_ar":"أورنبرغ أوبلاست","name_bn":"ওরেনবার্গ ওব্লাস্ট","name_de":"Orenburg","name_en":"Orenburg","name_es":"Oremburgo","name_fr":"d'Orenbourg","name_el":"Όμπλαστ του Ορενμπούργκ","name_hi":"ओरेनबूर्ग ओब्लास्त","name_hu":"Orenburgi terület","name_id":"Orenburg","name_it":"Orenburg","name_ja":"オレンブルク州","name_ko":"오렌부르크","name_nl":"Orenburg","name_pl":"orenburski","name_pt":"Oremburgo","name_ru":"Оренбургская область","name_sv":"Orenburg","name_tr":"Orenburg Oblastı","name_vi":"Orenburg","name_zh":"奥伦堡州","ne_id":1159313227,"name_he":"מחוז אורנבורג","name_uk":"Оренбурзька область","name_ur":"اورنبرگ اوبلاست","name_fa":"استان ارنبورگ","name_zht":"奧倫堡","FCLASS_ISO":null,"FCLASS_US":null,"FCLASS_FR":null,"FCLASS_RU":null,"FCLASS_ES":null,"FCLASS_CN":null,"FCLASS_TW":null,"FCLASS_IN":null,"FCLASS_NP":null,"FCLASS_PK":null,"FCLASS_DE":null,"FCLASS_GB":null,"FCLASS_BR":null,"FCLASS_IL":null,"FCLASS_PS":null,"FCLASS_SA":null,"FCLASS_EG":null,"FCLASS_MA":null,"FCLASS_PT":null,"FCLASS_AR":null,"FCLASS_JP":null,"FCLASS_KO":null,"FCLASS_VN":null,"FCLASS_TR":null,"FCLASS_ID":null,"FCLASS_PL":null,"FCLASS_GR":null,"FCLASS_IT":null,"FCLASS_NL":null,"FCLASS_SE":null,"FCLASS_BD":null,"FCLASS_UA":null,"FCLASS_TLC":null}},
{"type":"Feature","geometry":{"type":"Polygon","coordinates":[[[50.793934,51.729194],[48.436971,52.780448],[46.830661,52.616272],[44.346679,52.316135],[43.079572,52.402745],[42.489221,51.607703],[42.872867,51.231343],[43.32979,51.017661],[45.04245,51.126259],[45.241094,50.586267],[47.446631,50.368456],[48.434284,49.828535],[48.808422,50.601304],[50.793934,51.729194]]]},"properties":{"featurecla":"Admin-1 scale rank","scalerank":2,"adm1_code":"RUS-2393","diss_me":2393,"iso_3166_2":"RU-SAR","wikipedia":null,"iso_a2":"RU","adm0_sr":1,"name":"Saratov","name_alt":"Saratovskaya Oblast","name_local":"Саратовская область","type":"Oblast","type_en":"Region","code_local":null,"code_hasc":"RU.SR","note":null,"hasc_maybe":null,"region":"Volga","region_cod":null,"provnum_ne":20053,"gadm_level":1,"check_me":20,"datarank":2,"abbrev":null,"postal":"SR","area_sqkm":0,"sameascity":6,"labelrank":6,"name_len":7,"mapcolor9":7,"mapcolor13":7,"fips":"RS67","fips_alt":null,"woe_id":2346924,"woe_label":"Saratovskaya Oblast, RU, Russia","woe_name":"Saratov","latitude":51.6742,"longitude":46.6368,"sov_a3":"RUS","adm0_a3":"RUS","adm0_label":2,"admin":"Russia","geonunit":"Russia","gu_a3":"RUS","gn_id":498671,"gn_name":"Saratovskaya Oblast'","gns_id":-2996578,"gns_name":"Saratovskaya Oblast'","gn_level":1,"gn_region":null,"gn_a1_code":"RU.67","region_sub":"Volga","sub_code":null,"gns_level":1,"gns_lang":"fas","gns_adm1":"RS67","gns_region":null,"min_label":5,"max_label":10.2,"min_zoom":4.7,"wikidataid":"Q5334","name_ar":"ساراتوف أوبلاست","name_bn":"সারাতোভ ওব্লাস্ট","name_de":"Saratow","name_en":"Saratov","name_es":"Sarátov","name_fr":"Saratov","name_el":"Όμπλαστ του Σαράτοφ","name_hi":"साराटोव ओब्लास्ट","name_hu":"Szaratovi terület","name_id":"Saratov","name_it":"Saratov","name_ja":"サラトフ州","name_ko":"사라토프","name_nl":"Saratov","name_pl":"saratowski","name_pt":"Saratov","name_ru":"Саратовская область","name_sv":"Saratov","name_tr":"Saratov Oblastı","name_vi":"Saratov","name_zh":"萨拉托夫州","ne_id":1159313213,"name_he":"מחוז סראטוב","name_uk":"Саратовська область","name_ur":"ساراتوو اوبلاست","name_fa":"استان ساراتوف","name_zht":"薩拉托夫州","FCLASS_ISO":null,"FCLASS_US":null,"FCLASS_FR":null,"FCLASS_RU":null,"FCLASS_ES":null,"FCLASS_CN":null,"FCLASS_TW":null,"FCLASS_IN":null,"FCLASS_NP":null,"FCLASS_PK":null,"FCLASS_DE":null,"FCLASS_GB":null,"FCLASS_BR":null,"FCLASS_IL":null,"FCLASS_PS":null,"FCLASS_SA":null,"FCLASS_EG":null,"FCLASS_MA":null,"FCLASS_PT":null,"FCLASS_AR":null,"FCLASS_JP":null,"FCLASS_KO":null,"FCLASS_VN":null,"FCLASS_TR":null,"FCLASS_ID":null,"FCLASS_PL":null,"FCLASS_GR":null,"FCLASS_IT":null,"FCLASS_NL":null,"FCLASS_SE":null,"FCLASS_BD":null,"FCLASS_UA":null,"FCLASS_TLC":null}},
{"type":"Feature","geometry":{"type":"Polygon","coordinates":[[[50.072014,56.622746],[48.412373,55.829357],[47.996275,54.968247],[47.241902,54.677722],[50.077491,54.516466],[51.168794,54.637285],[52.53853,54.37725],[53.470463,54.045745],[53.631693,55.906691],[52.958246,56.252226],[51.436478,56.144429],[50.072014,56.622746]]]},"properties":{"featurecla":"Admin-1 scale rank","scalerank":2,"adm1_code":"RUS-2394","diss_me":2394,"iso_3166_2":"RU-TA","wikipedia":null,"iso_a2":"RU","adm0_sr":1,"name":"Tatarstan","name_alt":"Kazan|Kazanskaya G.|Tatar A.S.S.R.|Tatarskaya A.S.S.R.|Republic of Tatarstan|Respublika Tatars","name_local":"Республика Татарстан","type":"Respublika","type_en":"Republic","code_local":null,"code_hasc":"RU.TT","note":null,"hasc_maybe":null,"region":"Volga","region_cod":null,"provnum_ne":20098,"gadm_level":1,"check_me":20,"datarank":2,"abbrev":null,"postal":"TT","area_sqkm":0,"sameascity":-99,"labelrank":2,"name_len":9,"mapcolor9":7,"mapcolor13":7,"fips":"RS73","fips_alt":null,"woe_id":2346878,"woe_label":"Tatarstan, RU, Russia","woe_name":"Tatarstan","latitude":55.374,"longitude":50.7364,"sov_a3":"RUS","adm0_a3":"RUS","adm0_label":2,"admin":"Russia","geonunit":"Russia","gu_a3":"RUS","gn_id":484048,"gn_name":"Respublika Tatarstan","gns_id":-3016810,"gns_name":"Tatarstan, Respublika","gn_level":1,"gn_region":null,"gn_a1_code":"RU.73","region_sub":"Volga","sub_code":null,"gns_level":1,"gns_lang":"fas","gns_adm1":"RS73","gns_region":null,"min_label":5,"max_label":10.2,"min_zoom":4.7,"wikidataid":"Q5481","name_ar":"تتارستان","name_bn":"তাতারস্তান","name_de":"Tatarstan","name_en":"Republic of Tatarstan","name_es":"Tartaristán","name_fr":"Tatarstan","name_el":"Δημοκρατία του Ταταρστάν","name_hi":"तातारस्तान","name_hu":"Tatárföld","name_id":"Tatarstan","name_it":"Tatarstan","name_ja":"タタールスタン共和国","name_ko":"타타르 공화국","name_nl":"Tatarije","name_pl":"Tatarstan","name_pt":"Tartaristão","name_ru":"Татарстан","name_sv":"Tatarstan","name_tr":"Tataristan","name_vi":"Tatarstan","name_zh":"鞑靼斯坦共和国","ne_id":1159313215,"name_he":"טטרסטן","name_uk":"Татарстан","name_ur":"تاتارستان","name_fa":"تاتارستان","name_zht":"鞑靼斯坦共和国","FCLASS_ISO":null,"FCLASS_US":null,"FCLASS_FR":null,"FCLASS_RU":null,"FCLASS_ES":null,"FCLASS_CN":null,"FCLASS_TW":null,"FCLASS_IN":null,"FCLASS_NP":null,"FCLASS_PK":null,"FCLASS_DE":null,"FCLASS_GB":null,"FCLASS_BR":null,"FCLASS_IL":null,"FCLASS_PS":null,"FCLASS_SA":null,"FCLASS_EG":null,"FCLASS_MA":null,"FCLASS_PT":null,"FCLASS_AR":null,"FCLASS_JP":null,"FCLASS_KO":null,"FCLASS_VN":null,"FCLASS_TR":null,"FCLASS_ID":null,"FCLASS_PL":null,"FCLASS_GR":null,"FCLASS_IT":null,"FCLASS_NL":null,"FCLASS_SE":null,"FCLASS_BD":null,"FCLASS_UA":null,"FCLASS_TLC":null}},
{"type":"Feature","geometry":{"type":"Polygon","coordinates":[[[50.077491,54.516466],[47.241902,54.677722],[46.441331,54.772161],[45.791552,54.003887],[46.905902,53.335324],[46.830661,52.616272],[48.436971,52.780448],[48.034515,53.314627],[48.491128,53.770517],[50.197381,54.038149],[50.077491,54.516466]]]},"properties":{"featurecla":"Admin-1 scale rank","scalerank":2,"adm1_code":"RUS-2395","diss_me":2395,"iso_3166_2":"RU-ULY","wikipedia":null,"iso_a2":"RU","adm0_sr":1,"name":"Ul'yanovsk","name_alt":"Simbirsk|Simbirskaya G.|Ul'yanovskaya Oblast","name_local":"Ульяновская область","type":"Oblast","type_en":"Region","code_local":null,"code_hasc":"RU.UL","note":null,"hasc_maybe":null,"region":"Volga","region_cod":null,"provnum_ne":20095,"gadm_level":1,"check_me":20,"datarank":2,"abbrev":null,"postal":"UL","area_sqkm":0,"sameascity":7,"labelrank":7,"name_len":10,"mapcolor9":7,"mapcolor13":7,"fips":"RS81","fips_alt":null,"woe_id":2346931,"woe_label":"Ulryanovskaya Oblast, RU, Russia","woe_name":"Ul'yanovsk","latitude":53.9248,"longitude":47.3773,"sov_a3":"RUS","adm0_a3":"RUS","adm0_label":2,"admin":"Russia","geonunit":"Russia","gu_a3":"RUS","gn_id":479119,"gn_name":"Ul'yanovskaya Oblast'","gns_id":-3025029,"gns_name":"Ul'yanovskaya Oblast'","gn_level":1,"gn_region":null,"gn_a1_code":"RU.81","region_sub":"Volga","sub_code":null,"gns_level":1,"gns_lang":"fas","gns_adm1":"RS81","gns_region":null,"min_label":5,"max_label":10.2,"min_zoom":4.7,"wikidataid":"Q5634","name_ar":"أوليانوفسك أوبلاست","name_bn":"উলিয়ানভস্ক ওব্লাস্ট","name_de":"Uljanowsk","name_en":"Ulyanovsk","name_es":"Uliánovsk","name_fr":"d'Oulianovsk","name_el":"Όμπλαστ του Ουλιάνοφσκ","name_hi":"उल्यानोव्स्क ओब्लास्ट","name_hu":"Uljanovszki terület","name_id":"Ulyanovsk","name_it":"Ul'janovsk","name_ja":"ウリヤノフスク州","name_ko":"울리야놉스크","name_nl":"Oeljanovsk","name_pl":"uljanowski","name_pt":"Ulianovsk","name_ru":"Ульяновская область","name_sv":"Uljanovsk","name_tr":"Ulyanovsk Oblastı","name_vi":"Ulyanovsk","name_zh":"乌里扬诺夫斯克州","ne_id":1159313217,"name_he":"מחוז אולייאנובסק","name_uk":"Ульяновська область","name_ur":"اولیانووسک اوبلاست","name_fa":"استان اولیانوفسک","name_zht":"乌里扬诺夫斯克州","FCLASS_ISO":null,"FCLASS_US":null,"FCLASS_FR":null,"FCLASS_RU":null,"FCLASS_ES":null,"FCLASS_CN":null,"FCLASS_TW":null,"FCLASS_IN":null,"FCLASS_NP":null,"FCLASS_PK":null,"FCLASS_DE":null,"FCLASS_GB":null,"FCLASS_BR":null,"FCLASS_IL":null,"FCLASS_PS":null,"FCLASS_SA":null,"FCLASS_EG":null,"FCLASS_MA":null,"FCLASS_PT":null,"FCLASS_AR":null,"FCLASS_JP":null,"FCLASS_KO":null,"FCLASS_VN":null,"FCLASS_TR":null,"FCLASS_ID":null,"FCLASS_PL":null,"FCLASS_GR":null,"FCLASS_IT":null,"FCLASS_NL":null,"FCLASS_SE":null,"FCLASS_BD":null,"FCLASS_UA":null,"FCLASS_TLC":null}},
{"type":"Feature","geometry":{"type":"Polygon","coordinates":[[[84.259591,60.855511],[85.671185,61.289231],[84.435704,62.177962],[83.798224,62.560264],[81.349174,62.821153],[77.966539,62.477996],[77.026234,62.975019],[74.914528,63.032019],[72.655028,63.280169],[71.60796,63.185239],[70.768942,64.19355],[69.244074,64.465833],[67.679104,64.079035],[66.936307,64.487046],[65.399657,64.571356],[63.611446,64.268481],[62.69915,64.492188],[62.816662,65.291571],[62.018468,65.717126],[59.484152,64.497252],[59.278067,62.970239],[59.485393,61.993271],[62.419684,61.305096],[63.825076,59.477042],[65.001645,59.33767],[65.934508,58.614355],[66.74066,58.669597],[69.615627,59.904871],[71.296455,59.799089],[73.032059,58.863126],[75.159475,58.650219],[75.628387,59.23778],[76.645482,59.585097],[77.136098,60.856131],[80.165371,60.663584],[84.259591,60.855511]]]},"properties":{"featurecla":"Admin-1 scale rank","scalerank":2,"adm1_code":"RUS-2396","diss_me":2396,"iso_3166_2":"RU-KHM","wikipedia":null,"iso_a2":"RU","adm0_sr":1,"name":"Khanty-Mansiy","name_alt":"Khanty-Mansiysk|Khanty-Mansiyskiy A.Okr.|Khanty-Mansiyskiy A.Okr.-Yugra|Khanty-Mansiyskiy AOk","name_local":"Ханты-Мансийский АОк","type":"Avtonomnyy Okrug","type_en":"Autonomous Province","code_local":null,"code_hasc":"RU.KM","note":null,"hasc_maybe":null,"region":"Urals","region_cod":null,"provnum_ne":7,"gadm_level":1,"check_me":20,"datarank":2,"abbrev":null,"postal":"KM","area_sqkm":0,"sameascity":-99,"labelrank":2,"name_len":13,"mapcolor9":7,"mapcolor13":7,"fips":"RS32","fips_alt":null,"woe_id":20070526,"woe_label":"Khanty-Mansiyskiy Avtonomnyy Okrug, RU, Russia","woe_name":"Khanty-Mansiy","latitude":61.4315,"longitude":71.3806,"sov_a3":"RUS","adm0_a3":"RUS","adm0_label":2,"admin":"Russia","geonunit":"Russia","gu_a3":"RUS","gn_id":1503773,"gn_name":"Khanty-Mansiyskiy Avtonomnyy Okrug","gns_id":-2924568,"gns_name":"Khanty-Mansiyskiy Avtonomnyy Okrug","gn_level":1,"gn_region":null,"gn_a1_code":"RU.32","region_sub":"West Siberian","sub_code":null,"gns_level":1,"gns_lang":"rus","gns_adm1":"RS32","gns_region":null,"min_label":5,"max_label":10.2,"min_zoom":4.7,"wikidataid":"Q6320","name_ar":"أوكروغ خانتي-مانسي ذاتية الحكم","name_bn":"কান্তি-মান্সি স্বায়ত্তশাসিত ওব্লাস্ট","name_de":"Autonomer Kreis der Chanten und Mansen/Jugra","name_en":"Khanty-Mansi Autonomous Okrug","name_es":"Janti-Mansi","name_fr":"Khantys-Mansis","name_el":"Αυτόνομος θύλακας της Χαντίας - Μανσίας","name_hi":"खांति-मानसी स्वायत्त ऑक्रग","name_hu":"Hanti- és Manysiföld","name_id":"Khantia-Mansia","name_it":"degli Chanty-Mansi-Jugra","name_ja":"ハンティ・マンシ自治管区・ユグラ","name_ko":"한티만시 자치구","name_nl":"Chanto-Mansië","name_pl":"Chanty-Mansyjski – Jugra","name_pt":"Khantia-Mansia","name_ru":"Ханты-Мансийский автономный округ — Югра","name_sv":"Chantien-Mansien","name_tr":"Hantı-Mansi Özerk Okrugu","name_vi":"Khantia-Mansia","name_zh":"汉特-曼西自治区","ne_id":1159313235,"name_he":"חנטי ומנסי","name_uk":"Ханти-Мансійський автономний округ — Югра","name_ur":"خانتی-مانسی خود مختار آکرگ","name_fa":"خانتی-مانسی","name_zht":"汉特-曼西自治区","FCLASS_ISO":null,"FCLASS_US":null,"FCLASS_FR":null,"FCLASS_RU":null,"FCLASS_ES":null,"FCLASS_CN":null,"FCLASS_TW":null,"FCLASS_IN":null,"FCLASS_NP":null,"FCLASS_PK":null,"FCLASS_DE":null,"FCLASS_GB":null,"FCLASS_BR":null,"FCLASS_IL":null,"FCLASS_PS":null,"FCLASS_SA":null,"FCLASS_EG":null,"FCLASS_MA":null,"FCLASS_PT":null,"FCLASS_AR":null,"FCLASS_JP":null,"FCLASS_KO":null,"FCLASS_VN":null,"FCLASS_TR":null,"FCLASS_ID":null,"FCLASS_PL":null,"FCLASS_GR":null,"FCLASS_IT":null,"FCLASS_NL":null,"FCLASS_SE":null,"FCLASS_BD":null,"FCLASS_UA":null,"FCLASS_TLC":null}},
{"type":"Feature","geometry":{"type":"Polygon","coordinates":[[[75.691204,54.114377],[75.830442,54.601525],[75.097463,55.381788],[76.284161,56.726202],[76.108667,57.250253],[75.092915,58.110148],[75.105214,58.581024],[74.206251,58.133558],[71.26917,58.076352],[70.675201,57.511322],[71.652299,56.922624],[70.770285,56.295944],[70.472377,55.276491],[71.09316,54.212221],[72.91403,54.107344],[74.451921,53.647243],[75.691204,54.114377]]]},"properties":{"featurecla":"Admin-1 scale rank","scalerank":2,"adm1_code":"RUS-2397","diss_me":2397,"iso_3166_2":"RU-OMS","wikipedia":null,"iso_a2":"RU","adm0_sr":1,"name":"Omsk","name_alt":"Omskaya Oblast","name_local":"Омская область","type":"Oblast","type_en":"Region","code_local":null,"code_hasc":"RU.OM","note":null,"hasc_maybe":null,"region":"Siberian","region_cod":null,"provnum_ne":20063,"gadm_level":1,"check_me":20,"datarank":2,"abbrev":null,"postal":"OM","area_sqkm":0,"sameascity":6,"labelrank":6,"name_len":4,"mapcolor9":7,"mapcolor13":7,"fips":"RS54","fips_alt":null,"woe_id":2346915,"woe_label":"Omskaya Oblast, RU, Russia","woe_name":"Omsk","latitude":56.0471,"longitude":73.3995,"sov_a3":"RUS","adm0_a3":"RUS","adm0_label":2,"admin":"Russia","geonunit":"Russia","gu_a3":"RUS","gn_id":1496152,"gn_name":"Omskaya Oblast'","gns_id":-2974463,"gns_name":"Omskaya Oblast'","gn_level":1,"gn_region":null,"gn_a1_code":"RU.54","region_sub":"West Siberian","sub_code":null,"gns_level":1,"gns_lang":"fas","gns_adm1":"RS54","gns_region":null,"min_label":5,"max_label":10.2,"min_zoom":4.7,"wikidataid":"Q5835","name_ar":"أوبلاست أومسك","name_bn":"ওমস্ক ওব্লাস্ট","name_de":"Omsk","name_en":"Omsk","name_es":"Omsk","name_fr":"d'Omsk","name_el":"Όμπλαστ του Ομσκ","name_hi":"ओम्स्क ओब्लास्ट","name_hu":"Omszki terület","name_id":"Omsk","name_it":"Omsk","name_ja":"オムスク州","name_ko":"옴스크","name_nl":"Omsk","name_pl":"omski","name_pt":"Omsk","name_ru":"Омская область","name_sv":"Omsk","name_tr":"Omsk Oblastı","name_vi":"Omsk","name_zh":"鄂木斯克州","ne_id":1159313237,"name_he":"מחוז אומסק","name_uk":"Омська область","name_ur":"اومسک اوبلاست","name_fa":"استان اومسک","name_zht":"鄂木斯克州","FCLASS_ISO":null,"FCLASS_US":null,"FCLASS_FR":null,"FCLASS_RU":null,"FCLASS_ES":null,"FCLASS_CN":null,"FCLASS_TW":null,"FCLASS_IN":null,"FCLASS_NP":null,"FCLASS_PK":null,"FCLASS_DE":null,"FCLASS_GB":null,"FCLASS_BR":null,"FCLASS_IL":null,"FCLASS_PS":null,"FCLASS_SA":null,"FCLASS_EG":null,"FCLASS_MA":null,"FCLASS_PT":null,"FCLASS_AR":null,"FCLASS_JP":null,"FCLASS_KO":null,"FCLASS_VN":null,"FCLASS_TR":null,"FCLASS_ID":null,"FCLASS_PL":null,"FCLASS_GR":null,"FCLASS_IT":null,"FCLASS_NL":null,"FCLASS_SE":null,"FCLASS_BD":null,"FCLASS_UA":null,"FCLASS_TLC":null}},
{"type":"Feature","geometry":{"type":"Polygon","coordinates":[[[70.472377,55.276491],[70.770285,56.295944],[71.652299,56.922624],[70.675201,57.511322],[71.26917,58.076352],[74.206251,58.133558],[75.105214,58.581024],[75.159475,58.650219],[73.032059,58.863126],[71.296455,59.799089],[69.615627,59.904871],[66.74066,58.669597],[65.934508,58.614355],[66.196611,58.032505],[64.839278,57.64072],[64.995444,56.768267],[65.116884,56.325399],[68.189461,55.700166],[68.771528,55.330969],[70.472377,55.276491]]]},"properties":{"featurecla":"Admin-1 scale rank","scalerank":2,"adm1_code":"RUS-2398","diss_me":2398,"iso_3166_2":"RU-TYU","wikipedia":null,"iso_a2":"RU","adm0_sr":1,"name":"Tyumen'","name_alt":"Tobol'sk|Tobol'skaya G.|Tyumenskaya Oblast","name_local":"Тюменская область","type":"Oblast","type_en":"Region","code_local":null,"code_hasc":"RU.TY","note":null,"hasc_maybe":null,"region":"Urals","region_cod":null,"provnum_ne":20066,"gadm_level":1,"check_me":20,"datarank":2,"abbrev":null,"postal":"TY","area_sqkm":0,"sameascity":6,"labelrank":6,"name_len":7,"mapcolor9":7,"mapcolor13":7,"fips":"RS78","fips_alt":null,"woe_id":20070528,"woe_label":"Tyumenskaya Oblast, RU, Russia","woe_name":"Tyumen'","latitude":57.2639,"longitude":68.5186,"sov_a3":"RUS","adm0_a3":"RUS","adm0_label":2,"admin":"Russia","geonunit":"Russia","gu_a3":"RUS","gn_id":1488747,"gn_name":"Tyumenskaya Oblast'","gns_id":-3023512,"gns_name":"Tyumenskaya Oblast'","gn_level":1,"gn_region":null,"gn_a1_code":"RU.78","region_sub":"West Siberian","sub_code":null,"gns_level":1,"gns_lang":"fas","gns_adm1":"RS78","gns_region":null,"min_label":5,"max_label":10.2,"min_zoom":4.7,"wikidataid":"Q5824","name_ar":"تيومين أوبلاست","name_bn":"তিউমেন ওব্লাস্ট","name_de":"Tjumen","name_en":"Tyumen","name_es":"Tiumén","name_fr":"Tioumen","name_el":"Όμπλαστ του Τιουμέν","name_hi":"ट्युमेन ओब्लास्ट","name_hu":"Tyumenyi terület","name_id":"Tyumen","name_it":"Tjumen'","name_ja":"チュメニ州","name_ko":"튜멘","name_nl":"Tjoemen","name_pl":"tiumeński","name_pt":"Tiumen","name_ru":"Тюменская область","name_sv":"Tiumen","name_tr":"Tümen Oblastı","name_vi":"Tyumen","name_zh":"秋明州","ne_id":1159313231,"name_he":"מחוז טיומן","name_uk":"Тюменська область","name_ur":"تیومن اوبلاست","name_fa":"استان تیومن","name_zht":"秋明州","FCLASS_ISO":null,"FCLASS_US":null,"FCLASS_FR":null,"FCLASS_RU":null,"FCLASS_ES":null,"FCLASS_CN":null,"FCLASS_TW":null,"FCLASS_IN":null,"FCLASS_NP":null,"FCLASS_PK":null,"FCLASS_DE":null,"FCLASS_GB":null,"FCLASS_BR":null,"FCLASS_IL":null,"FCLASS_PS":null,"FCLASS_SA":null,"FCLASS_EG":null,"FCLASS_MA":null,"FCLASS_PT":null,"FCLASS_AR":null,"FCLASS_JP":null,"FCLASS_KO":null,"FCLASS_VN":null,"FCLASS_TR":null,"FCLASS_ID":null,"FCLASS_PL":null,"FCLASS_GR":null,"FCLASS_IT":null,"FCLASS_NL":null,"FCLASS_SE":null,"FCLASS_BD":null,"FCLASS_UA":null,"FCLASS_TLC":null}},
{"type":"Feature","geometry":{"type":"Polygon","coordinates":[[[84.06674,50.628959],[84.017952,51.063834],[85.669944,51.753973],[87.173212,52.611621],[86.983456,53.407438],[85.079386,54.469389],[84.531926,54.169717],[83.183171,54.062178],[82.485539,53.468623],[80.655367,54.20434],[79.571505,53.732741],[77.784447,53.327117],[79.986209,50.774576],[80.877317,51.281444],[81.465911,50.739849],[83.357321,50.994562],[84.06674,50.628959]]]},"properties":{"featurecla":"Admin-1 scale rank","scalerank":2,"adm1_code":"RUS-2399","diss_me":2399,"iso_3166_2":"RU-ALT","wikipedia":null,"iso_a2":"RU","adm0_sr":1,"name":"Altay","name_alt":"Altayskiy Kray","name_local":"Алтайский край","type":"Kray","type_en":"Territory","code_local":null,"code_hasc":"RU.AL","note":null,"hasc_maybe":"RU.KE|RUS-ALT","region":"Siberian","region_cod":null,"provnum_ne":20061,"gadm_level":1,"check_me":20,"datarank":2,"abbrev":null,"postal":"AL","area_sqkm":0,"sameascity":-99,"labelrank":2,"name_len":5,"mapcolor9":7,"mapcolor13":7,"fips":"RS04","fips_alt":"RS29","woe_id":20070529,"woe_label":"Altayskiy Kray, RU, Russia","woe_name":"Altay","latitude":52.4268,"longitude":82.8667,"sov_a3":"RUS","adm0_a3":"RUS","adm0_label":2,"admin":"Russia","geonunit":"Russia","gu_a3":"RUS","gn_id":1511732,"gn_name":"Altayskiy Kray","gns_id":-2876983,"gns_name":"Altayskiy Kray","gn_level":1,"gn_region":null,"gn_a1_code":"RU.04","region_sub":"West Siberian","sub_code":null,"gns_level":1,"gns_lang":"rus","gns_adm1":"RS04","gns_region":null,"min_label":5,"max_label":10.2,"min_zoom":4.7,"wikidataid":"Q5971","name_ar":"جمهورية ألطاي","name_bn":"আলতাই প্রজাতন্ত্র","name_de":"Republik Altai","name_en":"Altai Republic","name_es":"Altái","name_fr":"république de l'Altaï","name_el":"Δημοκρατία των Αλτάι","name_hi":"अल्ताई गणराज्य","name_hu":"Altaj köztársaság","name_id":"Republik Altai","name_it":"Repubblica dell'Altaj","name_ja":"アルタイ共和国","name_ko":"알타이 공화국","name_nl":"Altaj","name_pl":"Republika Ałtaju","name_pt":"Altai","name_ru":"Республика Алтай","name_sv":"Altajrepubliken","name_tr":"Altay Cumhuriyeti","name_vi":"Cộng hòa Altai","name_zh":"阿尔泰共和国","ne_id":1159313239,"name_he":"אלטאי","name_uk":"Республіка Алтай","name_ur":"التائی جمہوریہ","name_fa":"جمهوری آلتایی","name_zht":"阿尔泰共和国","FCLASS_ISO":null,"FCLASS_US":null,"FCLASS_FR":null,"FCLASS_RU":null,"FCLASS_ES":null,"FCLASS_CN":null,"FCLASS_TW":null,"FCLASS_IN":null,"FCLASS_NP":null,"FCLASS_PK":null,"FCLASS_DE":null,"FCLASS_GB":null,"FCLASS_BR":null,"FCLASS_IL":null,"FCLASS_PS":null,"FCLASS_SA":null,"FCLASS_EG":null,"FCLASS_MA":null,"FCLASS_PT":null,"FCLASS_AR":null,"FCLASS_JP":null,"FCLASS_KO":null,"FCLASS_VN":null,"FCLASS_TR":null,"FCLASS_ID":null,"FCLASS_PL":null,"FCLASS_GR":null,"FCLASS_IT":null,"FCLASS_NL":null,"FCLASS_SE":null,"FCLASS_BD":null,"FCLASS_UA":null,"FCLASS_TLC":null}},
{"type":"Feature","geometry":{"type":"Polygon","coordinates":[[[89.643862,49.903052],[89.843643,50.42992],[88.7357,51.559385],[88.364767,52.168005],[87.173212,52.611621],[85.669944,51.753973],[84.017952,51.063834],[84.06674,50.628959],[85.210127,49.66485],[86.614228,49.609711],[87.322815,49.08579],[87.814328,49.162354],[89.643862,49.903052]]]},"properties":{"featurecla":"Admin-1 scale rank","scalerank":2,"adm1_code":"RUS-2400","diss_me":2400,"iso_3166_2":"RU-AL","wikipedia":null,"iso_a2":"RU","adm0_sr":1,"name":"Gorno-Altay","name_alt":"Gorno-Altayskaya A.Obl.|Respublika Altay|Oirot|Republic of Altai","name_local":"Республика Алтай","type":"Respublika","type_en":"Republic","code_local":null,"code_hasc":"RU.GA","note":null,"hasc_maybe":null,"region":"Siberian","region_cod":null,"provnum_ne":20055,"gadm_level":1,"check_me":20,"datarank":2,"abbrev":null,"postal":"GA","area_sqkm":0,"sameascity":7,"labelrank":7,"name_len":11,"mapcolor9":7,"mapcolor13":7,"fips":"RS03","fips_alt":null,"woe_id":20070530,"woe_label":"Altay, RU, Russia","woe_name":"Gorno-Altay","latitude":50.9782,"longitude":86.937,"sov_a3":"RUS","adm0_a3":"RUS","adm0_label":2,"admin":"Russia","geonunit":"Russia","gu_a3":"RUS","gn_id":1506272,"gn_name":"Respublika Altay","gns_id":-2911003,"gns_name":"Altay, Respublika","gn_level":1,"gn_region":null,"gn_a1_code":"RU.03","region_sub":"West Siberian","sub_code":null,"gns_level":1,"gns_lang":"rus","gns_adm1":"RS03","gns_region":null,"min_label":5,"max_label":10.2,"min_zoom":4.7,"wikidataid":"Q5971","name_ar":"جمهورية ألطاي","name_bn":"আলতাই প্রজাতন্ত্র","name_de":"Republik Altai","name_en":"Altai Republic","name_es":"Altái","name_fr":"république de l'Altaï","name_el":"Δημοκρατία των Αλτάι","name_hi":"अल्ताई गणराज्य","name_hu":"Altaj köztársaság","name_id":"Republik Altai","name_it":"Repubblica dell'Altaj","name_ja":"アルタイ共和国","name_ko":"알타이 공화국","name_nl":"Altaj","name_pl":"Republika Ałtaju","name_pt":"Altai","name_ru":"Республика Алтай","name_sv":"Altajrepubliken","name_tr":"Altay Cumhuriyeti","name_vi":"Cộng hòa Altai","name_zh":"阿尔泰共和国","ne_id":1159313241,"name_he":"אלטאי","name_uk":"Республіка Алтай","name_ur":"التائی جمہوریہ","name_fa":"جمهوری آلتایی","name_zht":"阿尔泰共和国","FCLASS_ISO":null,"FCLASS_US":null,"FCLASS_FR":null,"FCLASS_RU":null,"FCLASS_ES":null,"FCLASS_CN":null,"FCLASS_TW":null,"FCLASS_IN":null,"FCLASS_NP":null,"FCLASS_PK":null,"FCLASS_DE":null,"FCLASS_GB":null,"FCLASS_BR":null,"FCLASS_IL":null,"FCLASS_PS":null,"FCLASS_SA":null,"FCLASS_EG":null,"FCLASS_MA":null,"FCLASS_PT":null,"FCLASS_AR":null,"FCLASS_JP":null,"FCLASS_KO":null,"FCLASS_VN":null,"FCLASS_TR":null,"FCLASS_ID":null,"FCLASS_PL":null,"FCLASS_GR":null,"FCLASS_IT":null,"FCLASS_NL":null,"FCLASS_SE":null,"FCLASS_BD":null,"FCLASS_UA":null,"FCLASS_TLC":null}},
{"type":"Feature","geometry":{"type":"Polygon","coordinates":[[[84.410383,56.044073],[85.079386,54.469389],[86.983456,53.407438],[87.173212,52.611621],[88.364767,52.168005],[89.115109,52.6264],[88.833886,53.584611],[89.260423,53.834802],[88.608774,55.44559],[89.362845,55.772539],[88.623976,56.832965],[87.77917,56.54797],[86.706677,56.631892],[84.410383,56.044073]]]},"properties":{"featurecla":"Admin-1 scale rank","scalerank":2,"adm1_code":"RUS-2401","diss_me":2401,"iso_3166_2":"RU-KEM","wikipedia":null,"iso_a2":"RU","adm0_sr":1,"name":"Kemerovo","name_alt":"Kemerovskaya Oblast","name_local":"Кемеровская область","type":"Oblast","type_en":"Region","code_local":null,"code_hasc":"RU.KE","note":null,"hasc_maybe":null,"region":"Siberian","region_cod":null,"provnum_ne":20094,"gadm_level":1,"check_me":20,"datarank":2,"abbrev":null,"postal":"KE","area_sqkm":0,"sameascity":6,"labelrank":6,"name_len":8,"mapcolor9":7,"mapcolor13":7,"fips":"RS29","fips_alt":null,"woe_id":2346901,"woe_label":"Kemerovskaya Oblast, RU, Russia","woe_name":"Kemerovo","latitude":54.6462,"longitude":87.1676,"sov_a3":"RUS","adm0_a3":"RUS","adm0_label":2,"admin":"Russia","geonunit":"Russia","gu_a3":"RUS","gn_id":1503900,"gn_name":"Kemerovskaya Oblast'","gns_id":-2923679,"gns_name":"Kemerovskaya Oblast'","gn_level":1,"gn_region":null,"gn_a1_code":"RU.29","region_sub":"West Siberian","sub_code":null,"gns_level":1,"gns_lang":"rus","gns_adm1":"RS29","gns_region":null,"min_label":5,"max_label":10.2,"min_zoom":4.7,"wikidataid":"Q6076","name_ar":"أوبلاست كيمروفسكايا","name_bn":"কেমেরোভো ওব্লাস্ট","name_de":"Kemerowo","name_en":"Kemerovo","name_es":"Kémerovo","name_fr":"Kemerovo","name_el":"Όμπλαστ του Κεμέροβο","name_hi":"केमेरोवो ओब्लास्ट","name_hu":"Kemerovói terület","name_id":"Kemerovo","name_it":"Kemerovo","name_ja":"ケメロヴォ州","name_ko":"케메로보","name_nl":"Kemerovo","name_pl":"kemerowski","name_pt":"Kemerovo","name_ru":"Кемеровская область","name_sv":"Kemerovo","name_tr":"Kemerovo Oblastı","name_vi":"Kemerovo","name_zh":"科麦罗沃州","ne_id":1159313243,"name_he":"מחוז קמרובו","name_uk":"Кемеровська область","name_ur":"کیمیروو اوبلاست","name_fa":"استان کمروو","name_zht":"科麦罗沃州","FCLASS_ISO":null,"FCLASS_US":null,"FCLASS_FR":null,"FCLASS_RU":null,"FCLASS_ES":null,"FCLASS_CN":null,"FCLASS_TW":null,"FCLASS_IN":null,"FCLASS_NP":null,"FCLASS_PK":null,"FCLASS_DE":null,"FCLASS_GB":null,"FCLASS_BR":null,"FCLASS_IL":null,"FCLASS_PS":null,"FCLASS_SA":null,"FCLASS_EG":null,"FCLASS_MA":null,"FCLASS_PT":null,"FCLASS_AR":null,"FCLASS_JP":null,"FCLASS_KO":null,"FCLASS_VN":null,"FCLASS_TR":null,"FCLASS_ID":null,"FCLASS_PL":null,"FCLASS_GR":null,"FCLASS_IT":null,"FCLASS_NL":null,"FCLASS_SE":null,"FCLASS_BD":null,"FCLASS_UA":null,"FCLASS_TLC":null}},
{"type":"Feature","geometry":{"type":"Polygon","coordinates":[[[88.364767,52.168005],[88.7357,51.559385],[89.58061,51.553029],[90.476589,52.183401],[91.841247,53.288272],[90.915309,54.791075],[89.200788,54.990391],[88.608774,55.44559],[89.260423,53.834802],[88.833886,53.584611],[89.115109,52.6264],[88.364767,52.168005]]]},"properties":{"featurecla":"Admin-1 scale rank","scalerank":2,"adm1_code":"RUS-2402","diss_me":2402,"iso_3166_2":"RU-KK","wikipedia":null,"iso_a2":"RU","adm0_sr":1,"name":"Khakass","name_alt":"Khakassiya|Republic of Khakasia|Khakasskaya A.Obl.|Respublika Khakasiya|Republic of Khakasia","name_local":"Республика Хакасия","type":"Respublika","type_en":"Republic","code_local":null,"code_hasc":"RU.KK","note":null,"hasc_maybe":null,"region":"Siberian","region_cod":null,"provnum_ne":20004,"gadm_level":1,"check_me":20,"datarank":2,"abbrev":null,"postal":"KK","area_sqkm":0,"sameascity":-99,"labelrank":2,"name_len":7,"mapcolor9":7,"mapcolor13":7,"fips":"RS31","fips_alt":null,"woe_id":20070519,"woe_label":"Khakasiya, RU, Russia","woe_name":"Khakass","latitude":53.3643,"longitude":89.8405,"sov_a3":"RUS","adm0_a3":"RUS","adm0_label":2,"admin":"Russia","geonunit":"Russia","gu_a3":"RUS","gn_id":1503834,"gn_name":"Respublika Khakasiya","gns_id":-2924241,"gns_name":"Khakasiya, Respublika","gn_level":1,"gn_region":null,"gn_a1_code":"RU.31","region_sub":"East Siberian","sub_code":null,"gns_level":1,"gns_lang":"rus","gns_adm1":"RS31","gns_region":null,"min_label":5,"max_label":10.2,"min_zoom":4.7,"wikidataid":"Q6543","name_ar":"خقاسيا","name_bn":"রিপাাবলিক অফ খাকসিয়া","name_de":"Chakassien","name_en":"Republic of Khakassia","name_es":"Jakasia","name_fr":"Khakassie","name_el":"Δημοκρατία της Χακασίας","name_hi":"ख़कासिया","name_hu":"Hakaszföld","name_id":"Khakassia","name_it":"Chakassia","name_ja":"ハカス共和国","name_ko":"하카스 공화국","name_nl":"Chakassië","name_pl":"Chakasja","name_pt":"Cacássia","name_ru":"Хакасия","name_sv":"Chakassien","name_tr":"Hakasya","name_vi":"Khakassia","name_zh":"哈卡斯共和国","ne_id":1159313245,"name_he":"חקסיה","name_uk":"Хакасія","name_ur":"خاکاسیا","name_fa":"خاکاسیا","name_zht":"哈卡斯共和国","FCLASS_ISO":null,"FCLASS_US":null,"FCLASS_FR":null,"FCLASS_RU":null,"FCLASS_ES":null,"FCLASS_CN":null,"FCLASS_TW":null,"FCLASS_IN":null,"FCLASS_NP":null,"FCLASS_PK":null,"FCLASS_DE":null,"FCLASS_GB":null,"FCLASS_BR":null,"FCLASS_IL":null,"FCLASS_PS":null,"FCLASS_SA":null,"FCLASS_EG":null,"FCLASS_MA":null,"FCLASS_PT":null,"FCLASS_AR":null,"FCLASS_JP":null,"FCLASS_KO":null,"FCLASS_VN":null,"FCLASS_TR":null,"FCLASS_ID":null,"FCLASS_PL":null,"FCLASS_GR":null,"FCLASS_IT":null,"FCLASS_NL":null,"FCLASS_SE":null,"FCLASS_BD":null,"FCLASS_UA":null,"FCLASS_TLC":null}},
{"type":"Feature","geometry":{"type":"Polygon","coordinates":[[[77.784447,53.327117],[79.571505,53.732741],[80.655367,54.20434],[82.485539,53.468623],[83.183171,54.062178],[84.531926,54.169717],[85.079386,54.469389],[84.410383,56.044073],[83.56816,55.692699],[83.096045,56.549313],[81.55743,56.258272],[80.24857,56.45472],[79.589799,56.928567],[78.444339,57.161317],[76.108667,57.250253],[76.284161,56.726202],[75.097463,55.381788],[75.830442,54.601525],[75.691204,54.114377],[77.784447,53.327117]]]},"properties":{"featurecla":"Admin-1 scale rank","scalerank":2,"adm1_code":"RUS-2403","diss_me":2403,"iso_3166_2":"RU-NVS","wikipedia":null,"iso_a2":"RU","adm0_sr":1,"name":"Novosibirsk","name_alt":"Novosibirskaya Oblast","name_local":"Новосибирская область","type":"Oblast","type_en":"Region","code_local":null,"code_hasc":"RU.NS","note":null,"hasc_maybe":null,"region":"Siberian","region_cod":null,"provnum_ne":20064,"gadm_level":1,"check_me":20,"datarank":2,"abbrev":null,"postal":"NS","area_sqkm":0,"sameascity":6,"labelrank":6,"name_len":11,"mapcolor9":7,"mapcolor13":7,"fips":"RS53","fips_alt":null,"woe_id":2346914,"woe_label":"Novosibirskaya Oblast, RU, Russia","woe_name":"Novosibirsk","latitude":55.3139,"longitude":80.0832,"sov_a3":"RUS","adm0_a3":"RUS","adm0_label":2,"admin":"Russia","geonunit":"Russia","gu_a3":"RUS","gn_id":1496745,"gn_name":"Novosibirskaya Oblast'","gns_id":-2970530,"gns_name":"Novosibirskaya Oblast'","gn_level":1,"gn_region":null,"gn_a1_code":"RU.53","region_sub":"West Siberian","sub_code":null,"gns_level":1,"gns_lang":"fas","gns_adm1":"RS53","gns_region":null,"min_label":5,"max_label":10.2,"min_zoom":4.7,"wikidataid":"Q5851","name_ar":"نوفوسيبيرسك أوبلاست","name_bn":"নভোসিবিরস্ক ওব্লাস্ট","name_de":"Nowosibirsk","name_en":"Novosibirsk","name_es":"Novosibirsk","name_fr":"Novossibirsk","name_el":"Όμπλαστ του Νοβοσιμπίρσκ","name_hi":"नोवोसिबिर्स्क ओब्लास्ट","name_hu":"Novoszibirszki terület","name_id":"Novosibirsk","name_it":"Novosibirsk","name_ja":"ノヴォシビルスク州","name_ko":"노보시비르스크","name_nl":"Novosibirsk","name_pl":"nowosybirski","name_pt":"Novosibirsk","name_ru":"Новосибирская область","name_sv":"Novosibirsk","name_tr":"Novosibirsk Oblastı","name_vi":"Novosibirsk","name_zh":"新西伯利亚州","ne_id":1159313249,"name_he":"מחוז נובוסיבירסק","name_uk":"Новосибірська область","name_ur":"نووسیبرسک اوبلاست","name_fa":"استان نووسیبیرسک","name_zht":"新西伯利亚州","FCLASS_ISO":null,"FCLASS_US":null,"FCLASS_FR":null,"FCLASS_RU":null,"FCLASS_ES":null,"FCLASS_CN":null,"FCLASS_TW":null,"FCLASS_IN":null,"FCLASS_NP":null,"FCLASS_PK":null,"FCLASS_DE":null,"FCLASS_GB":null,"FCLASS_BR":null,"FCLASS_IL":null,"FCLASS_PS":null,"FCLASS_SA":null,"FCLASS_EG":null,"FCLASS_MA":null,"FCLASS_PT":null,"FCLASS_AR":null,"FCLASS_JP":null,"FCLASS_KO":null,"FCLASS_VN":null,"FCLASS_TR":null,"FCLASS_ID":null,"FCLASS_PL":null,"FCLASS_GR":null,"FCLASS_IT":null,"FCLASS_NL":null,"FCLASS_SE":null,"FCLASS_BD":null,"FCLASS_UA":null,"FCLASS_TLC":null}},
{"type":"Feature","geometry":{"type":"Polygon","coordinates":[[[45.727379,42.474439],[46.533522,42.961176],[46.349347,43.997728],[45.509398,44.015195],[44.838741,43.661056],[44.838535,43.58411],[45.077442,42.692902],[45.727379,42.474439]]]},"properties":{"featurecla":"Admin-1 scale rank","scalerank":2,"adm1_code":"RUS-2416","diss_me":2416,"iso_3166_2":"RU-CE","wikipedia":null,"iso_a2":"RU","adm0_sr":1,"name":"Chechnya","name_alt":"Cecenia|Chechenia|Chechênia|Tchetchnia|Chechen-Ingush A.S.S.R.|Checheno-Ingushetia|Checheno-Ingushetia","name_local":"Республика Чечено-Ингушская","type":"Respublika","type_en":"Republic","code_local":null,"code_hasc":"RU.CN","note":null,"hasc_maybe":null,"region":"Volga","region_cod":null,"provnum_ne":20038,"gadm_level":1,"check_me":20,"datarank":2,"abbrev":null,"postal":"CN","area_sqkm":0,"sameascity":-99,"labelrank":2,"name_len":8,"mapcolor9":7,"mapcolor13":7,"fips":"RS12","fips_alt":null,"woe_id":2346868,"woe_label":null,"woe_name":null,"latitude":43.2153,"longitude":45.757,"sov_a3":"RUS","adm0_a3":"RUS","adm0_label":2,"admin":"Russia","geonunit":"Russia","gu_a3":"RUS","gn_id":569665,"gn_name":"Chechenskaya Respublika","gns_id":-2896483,"gns_name":"Chechenskaya Respublika","gn_level":1,"gn_region":null,"gn_a1_code":"RU.12","region_sub":"North Caucasus","sub_code":null,"gns_level":1,"gns_lang":"rus","gns_adm1":"RS12","gns_region":null,"min_label":5,"max_label":10.2,"min_zoom":4.7,"wikidataid":"Q5187","name_ar":"الشيشان","name_bn":"চেচনিয়া","name_de":"Tschetschenien","name_en":"Chechen Republic","name_es":"Chechenia","name_fr":"Tchétchénie","name_el":"Δημοκρατία της Τσετσενίας","name_hi":"चेचन्या","name_hu":"Csecsenföld","name_id":"Chechnya","name_it":"Cecenia","name_ja":"チェチェン共和国","name_ko":"체첸 공화국","name_nl":"Tsjetsjenië","name_pl":"Czeczenia","name_pt":"Chechénia","name_ru":"Чечня","name_sv":"Tjetjenien","name_tr":"Çeçenistan","name_vi":"Chechnya","name_zh":"车臣共和国","ne_id":1159313219,"name_he":"צ'צ'ניה","name_uk":"Чечня","name_ur":"شیشان","name_fa":"چچن","name_zht":"车臣共和国","FCLASS_ISO":null,"FCLASS_US":null,"FCLASS_FR":null,"FCLASS_RU":null,"FCLASS_ES":null,"FCLASS_CN":null,"FCLASS_TW":null,"FCLASS_IN":null,"FCLASS_NP":null,"FCLASS_PK":null,"FCLASS_DE":null,"FCLASS_GB":null,"FCLASS_BR":null,"FCLASS_IL":null,"FCLASS_PS":null,"FCLASS_SA":null,"FCLASS_EG":null,"FCLASS_MA":null,"FCLASS_PT":null,"FCLASS_AR":null,"FCLASS_JP":null,"FCLASS_KO":null,"FCLASS_VN":null,"FCLASS_TR":null,"FCLASS_ID":null,"FCLASS_PL":null,"FCLASS_GR":null,"FCLASS_IT":null,"FCLASS_NL":null,"FCLASS_SE":null,"FCLASS_BD":null,"FCLASS_UA":null,"FCLASS_TLC":null}},
{"type":"Feature","geometry":{"type":"Polygon","coordinates":[[[45.727379,42.474439],[47.261178,41.315075],[47.861089,41.21273],[48.572852,41.844482],[47.463184,43.035059],[47.508984,43.509717],[46.891376,44.746021],[45.705975,44.975782],[45.509398,44.015195],[46.349347,43.997728],[46.533522,42.961176],[45.727379,42.474439]]]},"properties":{"featurecla":"Admin-1 scale rank","scalerank":2,"adm1_code":"RUS-2417","diss_me":2417,"iso_3166_2":"RU-DA","wikipedia":null,"iso_a2":"RU","adm0_sr":4,"name":"Dagestan","name_alt":"Dagestanskaya A.S.S.R.|Daghestan|Republic of Dagestan|Respublika Dagestan|Dagistan","name_local":"Республика Дагестан","type":"Respublika","type_en":"Republic","code_local":null,"code_hasc":"RU.DA","note":null,"hasc_maybe":null,"region":"Volga","region_cod":null,"provnum_ne":20026,"gadm_level":1,"check_me":20,"datarank":2,"abbrev":null,"postal":"DA","area_sqkm":0,"sameascity":-99,"labelrank":2,"name_len":8,"mapcolor9":7,"mapcolor13":7,"fips":"RS17","fips_alt":null,"woe_id":2346870,"woe_label":"Dagestan, RU, Russia","woe_name":"Dagestan","latitude":42.36,"longitude":47.1424,"sov_a3":"RUS","adm0_a3":"RUS","adm0_label":2,"admin":"Russia","geonunit":"Russia","gu_a3":"RUS","gn_id":567293,"gn_name":"Respublika Dagestan","gns_id":-2900223,"gns_name":"Dagestan, Respublika","gn_level":1,"gn_region":null,"gn_a1_code":"RU.17","region_sub":"North Caucasus","sub_code":null,"gns_level":1,"gns_lang":"rus","gns_adm1":"RS17","gns_region":null,"min_label":5,"max_label":10.2,"min_zoom":4.7,"wikidataid":"Q5118","name_ar":"داغستان","name_bn":"দাগেস্তান","name_de":"Dagestan","name_en":"Republic of Dagestan","name_es":"Daguestán","name_fr":"Daghestan","name_el":"Δημοκρατία του Νταγκεστάν","name_hi":"दाग़िस्तान","name_hu":"Dagesztán","name_id":"Dagestan","name_it":"Daghestan","name_ja":"ダゲスタン共和国","name_ko":"다게스탄 공화국","name_nl":"Dagestan","name_pl":"Dagestan","name_pt":"Daguestão","name_ru":"Дагестан","name_sv":"Dagestan","name_tr":"Dağıstan","name_vi":"Dagestan","name_zh":"达吉斯坦共和国","ne_id":1159312441,"name_he":"דאגסטן","name_uk":"Дагестан","name_ur":"داغستان","name_fa":"داغستان","name_zht":"達吉斯坦共和國","FCLASS_ISO":null,"FCLASS_US":null,"FCLASS_FR":null,"FCLASS_RU":null,"FCLASS_ES":null,"FCLASS_CN":null,"FCLASS_TW":null,"FCLASS_IN":null,"FCLASS_NP":null,"FCLASS_PK":null,"FCLASS_DE":null,"FCLASS_GB":null,"FCLASS_BR":null,"FCLASS_IL":null,"FCLASS_PS":null,"FCLASS_SA":null,"FCLASS_EG":null,"FCLASS_MA":null,"FCLASS_PT":null,"FCLASS_AR":null,"FCLASS_JP":null,"FCLASS_KO":null,"FCLASS_VN":null,"FCLASS_TR":null,"FCLASS_ID":null,"FCLASS_PL":null,"FCLASS_GR":null,"FCLASS_IT":null,"FCLASS_NL":null,"FCLASS_SE":null,"FCLASS_BD":null,"FCLASS_UA":null,"FCLASS_TLC":null}},
{"type":"Feature","geometry":{"type":"Polygon","coordinates":[[[96.684052,53.638535],[99.249787,52.953822],[100.606397,52.94359],[102.045689,52.212188],[102.542093,52.227613],[103.335016,51.434199],[104.649871,51.622431],[108.040982,53.192722],[109.007331,54.424947],[108.622238,55.455892],[108.718563,56.499446],[109.988977,56.969029],[111.462478,57.102458],[113.3558,56.626363],[115.710798,56.9635],[116.81502,56.726202],[117.672539,56.977504],[117.140375,57.668418],[117.470897,58.303987],[119.10811,58.2227],[118.733869,59.419784],[117.597505,59.472313],[116.95434,60.168576],[115.686303,60.526228],[113.435175,59.402266],[110.470911,59.033555],[109.269434,59.449085],[110.48135,61.159213],[109.7924,61.325198],[109.305918,62.483628],[109.614426,62.873734],[108.735203,63.977129],[108.026512,64.223522],[106.793409,63.842383],[106.125647,63.048245],[106.725713,62.587705],[105.941368,61.685382],[104.459702,60.838767],[105.484755,60.021918],[104.798803,59.690879],[105.353497,59.107917],[103.948725,58.773881],[102.519665,58.727888],[101.297621,58.219289],[99.410914,57.795542],[97.934002,57.811304],[97.354916,57.060548],[97.840674,56.393147],[96.752782,55.650712],[96.49502,54.510523],[95.678222,54.234158],[96.684052,53.638535]]]},"properties":{"featurecla":"Admin-1 scale rank","scalerank":2,"adm1_code":"RUS-2602","diss_me":2602,"iso_3166_2":"RU-IRK","wikipedia":null,"iso_a2":"RU","adm0_sr":1,"name":"Irkutsk","name_alt":"Irkutskaya Oblast","name_local":"Иркутская область","type":"Oblast","type_en":"Region","code_local":null,"code_hasc":"RU.IK","note":null,"hasc_maybe":null,"region":"Siberian","region_cod":null,"provnum_ne":20006,"gadm_level":1,"check_me":20,"datarank":2,"abbrev":null,"postal":"IR","area_sqkm":0,"sameascity":6,"labelrank":6,"name_len":7,"mapcolor9":7,"mapcolor13":7,"fips":"RS20","fips_alt":null,"woe_id":2346896,"woe_label":"Irkutskaya Oblast, RU, Russia","woe_name":"Irkutsk","latitude":56.8255,"longitude":105.966,"sov_a3":"RUS","adm0_a3":"RUS","adm0_label":2,"admin":"Russia","geonunit":"Russia","gu_a3":"RUS","gn_id":2023468,"gn_name":"Irkutskaya Oblast'","gns_id":-2916146,"gns_name":"Irkutskaya Oblast'","gn_level":1,"gn_region":null,"gn_a1_code":"RU.20","region_sub":"East Siberian","sub_code":null,"gns_level":1,"gns_lang":"rus","gns_adm1":"RS20","gns_region":null,"min_label":5,"max_label":10.2,"min_zoom":4.7,"wikidataid":"Q6585","name_ar":"إركوتسك أوبلاست","name_bn":"ইরকুটস্ক ওব্লাস্ট","name_de":"Irkutsk","name_en":"Irkutsk","name_es":"Irkutsk","name_fr":"d'Irkoutsk","name_el":"Όμπλαστ του Ιρκούτσκ","name_hi":"इरकुत्स्क ओब्लास्त","name_hu":"Irkutszki terület","name_id":"Irkutsk","name_it":"Irkutsk","name_ja":"イルクーツク州","name_ko":"이르쿠츠크","name_nl":"Irkoetsk","name_pl":"irkucki","name_pt":"Irkutsk","name_ru":"Иркутская область","name_sv":"Irkutsk","name_tr":"İrkutsk Oblastı","name_vi":"Irkutsk","name_zh":"伊爾庫茨克州","ne_id":1159313609,"name_he":"מחוז אירקוטסק","name_uk":"Іркутська область","name_ur":"ارکتسک اوبلاست","name_fa":"استان ایرکوتسک","name_zht":"伊爾庫茨克州","FCLASS_ISO":null,"FCLASS_US":null,"FCLASS_FR":null,"FCLASS_RU":null,"FCLASS_ES":null,"FCLASS_CN":null,"FCLASS_TW":null,"FCLASS_IN":null,"FCLASS_NP":null,"FCLASS_PK":null,"FCLASS_DE":null,"FCLASS_GB":null,"FCLASS_BR":null,"FCLASS_IL":null,"FCLASS_PS":null,"FCLASS_SA":null,"FCLASS_EG":null,"FCLASS_MA":null,"FCLASS_PT":null,"FCLASS_AR":null,"FCLASS_JP":null,"FCLASS_KO":null,"FCLASS_VN":null,"FCLASS_TR":null,"FCLASS_ID":null,"FCLASS_PL":null,"FCLASS_GR":null,"FCLASS_IT":null,"FCLASS_NL":null,"FCLASS_SE":null,"FCLASS_BD":null,"FCLASS_UA":null,"FCLASS_TLC":null}},
{"type":"Feature","geometry":{"type":"MultiPolygon","coordinates":[[[[78.482617,72.394971],[80.339107,71.889798],[79.244703,71.316732],[80.55005,71.044449],[80.569067,70.460816],[78.912941,69.860904],[79.854279,69.354527],[82.256923,69.156709],[82.680566,68.282757],[82.117293,67.243803],[84.550219,65.433422],[84.312818,65.098456],[86.028062,64.279798],[85.096749,63.534158],[85.518326,62.932567],[84.435704,62.177962],[85.671185,61.289231],[84.259591,60.855511],[84.531306,59.974996],[87.084122,59.882753],[87.936266,59.26615],[88.155684,58.106531],[89.328429,57.950003],[88.623976,56.832965],[89.362845,55.772539],[88.608774,55.44559],[89.200788,54.990391],[90.915309,54.791075],[91.841247,53.288272],[90.476589,52.183401],[90.839448,51.912439],[92.844287,51.832444],[93.678034,52.223841],[94.739882,53.382737],[96.684052,53.638535],[95.678222,54.234158],[96.49502,54.510523],[96.752782,55.650712],[97.840674,56.393147],[97.354916,57.060548],[97.934002,57.811304],[99.410914,57.795542],[101.297621,58.219289],[102.519665,58.727888],[103.948725,58.773881],[105.353497,59.107917],[104.798803,59.690879],[105.484755,60.021918],[104.459702,60.838767],[105.941368,61.685382],[106.725713,62.587705],[106.125647,63.048245],[106.793409,63.842383],[108.026512,64.223522],[105.802876,64.530118],[106.439529,65.661729],[106.054747,67.167167],[106.802401,67.348241],[106.885497,68.865461],[106.152932,69.391139],[109.236981,69.775896],[110.539434,70.80064],[112.276692,71.01272],[111.996089,72.132729],[110.701698,72.65045],[110.827498,73.712893],[108.199512,73.694092],[113.613574,75.292969],[113.870996,75.856006],[111.114844,76.723047],[108.02793,76.718457],[104.911914,77.174707],[104.014551,77.73042],[100.989941,76.990479],[100.322363,76.47915],[96.879199,75.931055],[90.184961,75.591064],[86.651465,74.682422],[86.591406,73.894287],[80.583203,73.568457],[80.827051,72.488281],[78.482617,72.394971]]],[[[99.517285,79.130176],[100.06123,79.7771],[97.586816,80.168262],[94.987305,80.096826],[93.070801,79.495312],[97.555469,78.826562],[99.517285,79.130176]]],[[[105.145996,78.818848],[102.789844,79.392139],[100.283984,78.679199],[103.719336,78.258252],[105.145996,78.818848]]],[[[97.869922,80.763281],[95.800684,81.280469],[91.523828,80.358545],[93.872363,80.010107],[94.565039,80.126074],[97.175195,80.241016],[97.869922,80.763281]]]]},"properties":{"featurecla":"Admin-1 scale rank","scalerank":2,"adm1_code":"RUS-2603","diss_me":2603,"iso_3166_2":"RU-KYA","wikipedia":null,"iso_a2":"RU","adm0_sr":1,"name":"Krasnoyarsk","name_alt":"Krasnoyarskiy Kray|Yeniseisk|Yeniseyskaya G.","name_local":"Красноярский край","type":"Kray","type_en":"Territory","code_local":null,"code_hasc":"RU.KX","note":"expected merging of Taymyr, Evenk with Krasnoyarsk - 20070101","hasc_maybe":"RU.KX|RUS-KRA","region":"Siberian","region_cod":null,"provnum_ne":20003,"gadm_level":1,"check_me":20,"datarank":2,"abbrev":null,"postal":"KY","area_sqkm":0,"sameascity":6,"labelrank":6,"name_len":11,"mapcolor9":7,"mapcolor13":7,"fips":"RS91","fips_alt":null,"woe_id":20070524,"woe_label":null,"woe_name":null,"latitude":65.5602,"longitude":95.2029,"sov_a3":"RUS","adm0_a3":"RUS","adm0_label":2,"admin":"Russia","geonunit":"Russia","gu_a3":"RUS","gn_id":1502020,"gn_name":"Krasnoyarskiy Kray","gns_id":-2936683,"gns_name":"Krasnoyarskiy Kray","gn_level":1,"gn_region":null,"gn_a1_code":"RU.91","region_sub":"East Siberian","sub_code":null,"gns_level":1,"gns_lang":"rus","gns_adm1":"RS91","gns_region":null,"min_label":5,"max_label":10.2,"min_zoom":4.7,"wikidataid":"Q6563","name_ar":"كراسنويارسك كراي","name_bn":"ক্রাসনোয়ারস্ক ক্রাই","name_de":"Krasnojarsk","name_en":"Krasnoyarsk Krai","name_es":"Krasnoyarsk","name_fr":"Krasnoïarsk","name_el":"Κράι Κρασνογιάρσκ","name_hi":"क्रस्नोयार्स्क क्राय","name_hu":"Krasznojarszki határterület","name_id":"Krai Krasnoyarsk","name_it":"Territorio di Krasnojarsk","name_ja":"クラスノヤルスク地方","name_ko":"크라스노야르스크 지방","name_nl":"Kraj Krasnojarsk","name_pl":"Kraj Krasnojarski","name_pt":"Krai de Krasnoiarsk","name_ru":"Красноярский край","name_sv":"Krasnojarsk kraj","name_tr":"Krasnoyarsk Krayı","name_vi":"Krasnoyarsk","name_zh":"克拉斯诺亚尔斯克边疆区","ne_id":1159313611,"name_he":"מחוז קרסנויארסק","name_uk":"Красноярський край","name_ur":"کراسنویارسک کرائی","name_fa":"سرزمین کراسنویارسک","name_zht":"克拉斯諾亞爾斯克邊疆區","FCLASS_ISO":null,"FCLASS_US":null,"FCLASS_FR":null,"FCLASS_RU":null,"FCLASS_ES":null,"FCLASS_CN":null,"FCLASS_TW":null,"FCLASS_IN":null,"FCLASS_NP":null,"FCLASS_PK":null,"FCLASS_DE":null,"FCLASS_GB":null,"FCLASS_BR":null,"FCLASS_IL":null,"FCLASS_PS":null,"FCLASS_SA":null,"FCLASS_EG":null,"FCLASS_MA":null,"FCLASS_PT":null,"FCLASS_AR":null,"FCLASS_JP":null,"FCLASS_KO":null,"FCLASS_VN":null,"FCLASS_TR":null,"FCLASS_ID":null,"FCLASS_PL":null,"FCLASS_GR":null,"FCLASS_IT":null,"FCLASS_NL":null,"FCLASS_SE":null,"FCLASS_BD":null,"FCLASS_UA":null,"FCLASS_TLC":null}},
{"type":"Feature","geometry":{"type":"Polygon","coordinates":[[[98.939563,52.106171],[99.249787,52.953822],[96.684052,53.638535],[94.739882,53.382737],[93.678034,52.223841],[92.844287,51.832444],[90.839448,51.912439],[90.476589,52.183401],[89.58061,51.553029],[88.7357,51.559385],[89.843643,50.42992],[89.643862,49.903052],[91.804247,50.693599],[94.251074,50.556398],[94.614721,50.023717],[95.851907,50.012917],[97.208568,49.730789],[98.103397,50.077822],[97.946921,51.348416],[98.939563,52.106171]]]},"properties":{"featurecla":"Admin-1 scale rank","scalerank":2,"adm1_code":"RUS-2605","diss_me":2605,"iso_3166_2":"RU-TY","wikipedia":null,"iso_a2":"RU","adm0_sr":1,"name":"Tuva","name_alt":"Respublika Tyva|Republic of Tuva|Tyva|Tuvinskaya A.S.S.R.|Republic of Tyva","name_local":"Республика Тыва","type":"Respublika","type_en":"Republic","code_local":null,"code_hasc":"RU.TU","note":null,"hasc_maybe":null,"region":"Siberian","region_cod":null,"provnum_ne":20068,"gadm_level":1,"check_me":20,"datarank":2,"abbrev":null,"postal":"TU","area_sqkm":0,"sameascity":-99,"labelrank":2,"name_len":4,"mapcolor9":7,"mapcolor13":7,"fips":"RS79","fips_alt":null,"woe_id":2346879,"woe_label":"Tyva, RU, Russia","woe_name":"Tuva","latitude":51.6051,"longitude":93.9927,"sov_a3":"RUS","adm0_a3":"RUS","adm0_label":2,"admin":"Russia","geonunit":"Russia","gu_a3":"RUS","gn_id":1488873,"gn_name":"Respublika Tyva","gns_id":-3022957,"gns_name":"Tyva, Respublika","gn_level":1,"gn_region":null,"gn_a1_code":"RU.79","region_sub":"East Siberian","sub_code":null,"gns_level":1,"gns_lang":"fas","gns_adm1":"RS79","gns_region":null,"min_label":5,"max_label":10.2,"min_zoom":4.7,"wikidataid":"Q960","name_ar":"توفا","name_bn":"তুভা","name_de":"Tuwa","name_en":"Tuva Republic","name_es":"Tuvá","name_fr":"Touva","name_el":"Δημοκρατία της Τιβά","name_hi":"तूवा","name_hu":"Tuva","name_id":"Tuva","name_it":"Tuva","name_ja":"トゥヴァ共和国","name_ko":"투바 공화국","name_nl":"Toeva","name_pl":"Tuwa","name_pt":"Tuva","name_ru":"Тыва","name_sv":"Tuva","name_tr":"Tuva Cumhuriyeti","name_vi":"Tuva","name_zh":"图瓦共和国","ne_id":1159313613,"name_he":"טובה","name_uk":"Тива","name_ur":"تووا","name_fa":"تووا","name_zht":"图瓦共和国","FCLASS_ISO":null,"FCLASS_US":null,"FCLASS_FR":null,"FCLASS_RU":null,"FCLASS_ES":null,"FCLASS_CN":null,"FCLASS_TW":null,"FCLASS_IN":null,"FCLASS_NP":null,"FCLASS_PK":null,"FCLASS_DE":null,"FCLASS_GB":null,"FCLASS_BR":null,"FCLASS_IL":null,"FCLASS_PS":null,"FCLASS_SA":null,"FCLASS_EG":null,"FCLASS_MA":null,"FCLASS_PT":null,"FCLASS_AR":null,"FCLASS_JP":null,"FCLASS_KO":null,"FCLASS_VN":null,"FCLASS_TR":null,"FCLASS_ID":null,"FCLASS_PL":null,"FCLASS_GR":null,"FCLASS_IT":null,"FCLASS_NL":null,"FCLASS_SE":null,"FCLASS_BD":null,"FCLASS_UA":null,"FCLASS_TLC":null}},
{"type":"Feature","geometry":{"type":"Polygon","coordinates":[[[107.744446,49.966283],[108.64911,51.500629],[110.676997,51.504453],[112.061822,52.277223],[113.572531,52.453491],[114.325146,53.067717],[113.983462,53.743748],[115.629356,54.442284],[116.67322,54.547834],[116.773886,55.148004],[115.895179,55.525397],[115.710798,56.9635],[113.3558,56.626363],[111.462478,57.102458],[109.988977,56.969029],[108.718563,56.499446],[108.622238,55.455892],[109.007331,54.424947],[108.040982,53.192722],[104.649871,51.622431],[103.335016,51.434199],[102.542093,52.227613],[102.045689,52.212188],[100.606397,52.94359],[99.249787,52.953822],[98.939563,52.106171],[99.921633,51.755523],[102.111525,51.353455],[102.288413,50.58513],[103.632879,50.138594],[105.383573,50.473715],[107.744446,49.966283]]]},"properties":{"featurecla":"Admin-1 scale rank","scalerank":2,"adm1_code":"RUS-2606","diss_me":2606,"iso_3166_2":"RU-BU","wikipedia":null,"iso_a2":"RU","adm0_sr":1,"name":"Buryat","name_alt":"Buryatiya|Buryat-Mongol A.S.S.R.|Republic of Buryatia|Buryatskaya A.S.S.R.","name_local":"Республика Бурятия","type":"Respublika","type_en":"Republic","code_local":null,"code_hasc":"RU.BU","note":null,"hasc_maybe":null,"region":"Siberian","region_cod":null,"provnum_ne":20051,"gadm_level":1,"check_me":20,"datarank":2,"abbrev":null,"postal":"BU","area_sqkm":0,"sameascity":-99,"labelrank":2,"name_len":6,"mapcolor9":7,"mapcolor13":7,"fips":"RS11","fips_alt":null,"woe_id":2346867,"woe_label":"Buryatiya, RU, Russia","woe_name":"Buryat","latitude":52.9061,"longitude":109.341,"sov_a3":"RUS","adm0_a3":"RUS","adm0_label":2,"admin":"Russia","geonunit":"Russia","gu_a3":"RUS","gn_id":2050915,"gn_name":"Respublika Buryatiya","gns_id":205709,"gns_name":"Buryatiya, Respublika","gn_level":1,"gn_region":null,"gn_a1_code":"RU.11","region_sub":"East Siberian","sub_code":null,"gns_level":1,"gns_lang":"khm","gns_adm1":"RS11","gns_region":null,"min_label":5,"max_label":10.2,"min_zoom":4.7,"wikidataid":"Q6809","name_ar":"بورياتيا","name_bn":"বুরিয়াত রিপাবলিক","name_de":"Burjatien","name_en":"Republic of Buryatia","name_es":"Buriatia","name_fr":"Bouriatie","name_el":"Δημοκρατία της Μπουργιατίας","name_hi":"बुर्यातिया","name_hu":"Burjátföld","name_id":"Buryatia","name_it":"Buriazia","name_ja":"ブリヤート共和国","name_ko":"부랴트 공화국","name_nl":"Boerjatië","name_pl":"Buriacja","name_pt":"Buriácia","name_ru":"Бурятия","name_sv":"Burjatien","name_tr":"Buryatya","name_vi":"Buryatia","name_zh":"布里亚特共和国","ne_id":1159313615,"name_he":"בוריאטיה","name_uk":"Бурятія","name_ur":"بوریاتیا","name_fa":"بوریاتیا","name_zht":"布里亞特共和國","FCLASS_ISO":null,"FCLASS_US":null,"FCLASS_FR":null,"FCLASS_RU":null,"FCLASS_ES":null,"FCLASS_CN":null,"FCLASS_TW":null,"FCLASS_IN":null,"FCLASS_NP":null,"FCLASS_PK":null,"FCLASS_DE":null,"FCLASS_GB":null,"FCLASS_BR":null,"FCLASS_IL":null,"FCLASS_PS":null,"FCLASS_SA":null,"FCLASS_EG":null,"FCLASS_MA":null,"FCLASS_PT":null,"FCLASS_AR":null,"FCLASS_JP":null,"FCLASS_KO":null,"FCLASS_VN":null,"FCLASS_TR":null,"FCLASS_ID":null,"FCLASS_PL":null,"FCLASS_GR":null,"FCLASS_IT":null,"FCLASS_NL":null,"FCLASS_SE":null,"FCLASS_BD":null,"FCLASS_UA":null,"FCLASS_TLC":null}},
{"type":"Feature","geometry":{"type":"Polygon","coordinates":[[[130.553148,48.861204],[131.395732,49.24361],[131.441517,50.186188],[130.64508,50.657296],[131.0649,51.24571],[132.589768,52.081524],[134.605665,52.417576],[134.956445,53.253856],[134.555229,53.620862],[132.893315,53.234632],[131.532261,53.319433],[130.446539,53.882396],[131.199465,54.612791],[132.366836,55.056433],[132.538401,55.67562],[130.922996,55.678566],[129.652996,55.744996],[126.434174,55.555007],[124.448042,55.904598],[123.915362,56.377334],[122.589241,56.489576],[121.406884,56.975515],[119.898449,56.889396],[120.259668,55.916432],[121.216922,56.013222],[121.983593,55.476433],[122.127357,54.467813],[121.643149,54.012104],[122.024346,53.438785],[123.607784,53.546525],[125.649054,53.042267],[126.312838,52.399748],[126.924842,51.100137],[127.999609,49.568603],[129.498173,49.38882],[130.553148,48.861204]]]},"properties":{"featurecla":"Admin-1 scale rank","scalerank":2,"adm1_code":"RUS-2609","diss_me":2609,"iso_3166_2":"RU-AMU","wikipedia":null,"iso_a2":"RU","adm0_sr":1,"name":"Amur","name_alt":"Amurskaya Oblast","name_local":"Амурская область","type":"Oblast","type_en":"Region","code_local":null,"code_hasc":"RU.AM","note":null,"hasc_maybe":null,"region":"Far Eastern","region_cod":null,"provnum_ne":20056,"gadm_level":1,"check_me":20,"datarank":2,"abbrev":null,"postal":"AM","area_sqkm":0,"sameascity":-99,"labelrank":2,"name_len":4,"mapcolor9":7,"mapcolor13":7,"fips":"RS05","fips_alt":null,"woe_id":2346888,"woe_label":"Amurskaya Oblast, RU, Russia","woe_name":"Amur","latitude":52.9236,"longitude":128.354,"sov_a3":"RUS","adm0_a3":"RUS","adm0_label":2,"admin":"Russia","geonunit":"Russia","gu_a3":"RUS","gn_id":2027748,"gn_name":"Amurskaya Oblast'","gns_id":-2877323,"gns_name":"Amurskaya Oblast'","gn_level":1,"gn_region":null,"gn_a1_code":"RU.05","region_sub":"Far Eastern","sub_code":null,"gns_level":1,"gns_lang":"rus","gns_adm1":"RS05","gns_region":null,"min_label":5,"max_label":10.2,"min_zoom":4.7,"wikidataid":"Q6886","name_ar":"أوبلاست أمور","name_bn":"আমুর ওব্লাস্ট","name_de":"Amur","name_en":"Amur","name_es":"Amur","name_fr":"l'Amour","name_el":"Όμπλαστ του Αμούρ","name_hi":"आमुर ओब्लास्ट","name_hu":"Amuri terület","name_id":"Amur","name_it":"Amur","name_ja":"アムール州","name_ko":"아무르","name_nl":"Amoer","name_pl":"amurski","name_pt":"Amur","name_ru":"Амурская область","name_sv":"Amur","name_tr":"Amur Oblastı","name_vi":"Amur","name_zh":"阿穆尔州","ne_id":1159313603,"name_he":"מחוז אמור","name_uk":"Амурська область","name_ur":"آمور اوبلاست","name_fa":"استان آمور","name_zht":"阿穆尔州","FCLASS_ISO":null,"FCLASS_US":null,"FCLASS_FR":null,"FCLASS_RU":null,"FCLASS_ES":null,"FCLASS_CN":null,"FCLASS_TW":null,"FCLASS_IN":null,"FCLASS_NP":null,"FCLASS_PK":null,"FCLASS_DE":null,"FCLASS_GB":null,"FCLASS_BR":null,"FCLASS_IL":null,"FCLASS_PS":null,"FCLASS_SA":null,"FCLASS_EG":null,"FCLASS_MA":null,"FCLASS_PT":null,"FCLASS_AR":null,"FCLASS_JP":null,"FCLASS_KO":null,"FCLASS_VN":null,"FCLASS_TR":null,"FCLASS_ID":null,"FCLASS_PL":null,"FCLASS_GR":null,"FCLASS_IT":null,"FCLASS_NL":null,"FCLASS_SE":null,"FCLASS_BD":null,"FCLASS_UA":null,"FCLASS_TLC":null}},
{"type":"Feature","geometry":{"type":"Polygon","coordinates":[[[116.683297,49.823781],[117.873457,49.51349],[119.259832,50.066402],[119.191929,50.379845],[120.066915,51.600675],[120.749819,52.09651],[120.09451,52.787218],[121.405437,53.317056],[122.024346,53.438785],[121.643149,54.012104],[122.127357,54.467813],[121.983593,55.476433],[121.216922,56.013222],[120.259668,55.916432],[119.898449,56.889396],[119.047028,57.727639],[119.10811,58.2227],[117.470897,58.303987],[117.140375,57.668418],[117.672539,56.977504],[116.81502,56.726202],[115.710798,56.9635],[115.895179,55.525397],[116.773886,55.148004],[116.67322,54.547834],[115.629356,54.442284],[113.983462,53.743748],[114.325146,53.067717],[113.572531,52.453491],[112.061822,52.277223],[110.676997,51.504453],[108.64911,51.500629],[107.744446,49.966283],[108.61366,49.322804],[110.827944,49.166147],[113.05556,49.616248],[114.297034,50.274399],[115.274546,49.948864],[116.683297,49.823781]]]},"properties":{"featurecla":"Admin-1 scale rank","scalerank":2,"adm1_code":"RUS-2610","diss_me":2610,"iso_3166_2":"RU-ZAB","wikipedia":null,"iso_a2":"RU","adm0_sr":1,"name":"Chita","name_alt":"Transbaikalia|Zabaykal'skaya|Transbaikalien|Chitinskaya Oblast","name_local":"Читинская область","type":"Oblast","type_en":"Region","code_local":null,"code_hasc":"RU.CT","note":null,"hasc_maybe":null,"region":"Siberian","region_cod":null,"provnum_ne":20054,"gadm_level":1,"check_me":20,"datarank":2,"abbrev":null,"postal":"CT","area_sqkm":0,"sameascity":6,"labelrank":6,"name_len":5,"mapcolor9":7,"mapcolor13":7,"fips":"RS14","fips_alt":null,"woe_id":2346894,"woe_label":"Chitinskaya Oblast, RU, Russia","woe_name":"Chita","latitude":52.159,"longitude":116.559,"sov_a3":"RUS","adm0_a3":"RUS","adm0_label":2,"admin":"Russia","geonunit":"Russia","gu_a3":"RUS","gn_id":7779061,"gn_name":"Zabaykal'skiy Kray","gns_id":11130914,"gns_name":"Zabaykal'skiy Kray","gn_level":1,"gn_region":null,"gn_a1_code":"RU.93","region_sub":"East Siberian","sub_code":null,"gns_level":1,"gns_lang":"ara","gns_adm1":"RS93","gns_region":null,"min_label":5,"max_label":10.2,"min_zoom":4.7,"wikidataid":"Q6838","name_ar":"كراي عبر البايكال","name_bn":"জাবায়কালস্কি ক্রা","name_de":"Transbaikalien","name_en":"Zabaykalsky Krai","name_es":"Zabaikalie","name_fr":"Transbaïkalie","name_el":"Κράι Υπερβαϊκάλης","name_hi":"ज़बायकाल्स्की क्राय","name_hu":"Bajkálontúli határterület","name_id":"Krai Zabaykalsky","name_it":"Territorio della Transbajkalia","name_ja":"ザバイカリエ地方","name_ko":"자바이칼 지방","name_nl":"Kraj Transbaikal","name_pl":"Kraj Zabajkalski","name_pt":"Krai de Zabaykalsky","name_ru":"Забайкальский край","name_sv":"Zabajkalskij kraj","name_tr":"Zabaykalskiy Krayı","name_vi":"Zabaykalsky","name_zh":"外贝加尔边疆区","ne_id":1159313617,"name_he":"מחוז עבר הבאיקל","name_uk":"Забайкальський край","name_ur":"زابایکالسکی کرائی","name_fa":"سرزمین زابایکالسکی","name_zht":"外貝加爾邊疆區","FCLASS_ISO":null,"FCLASS_US":null,"FCLASS_FR":null,"FCLASS_RU":null,"FCLASS_ES":null,"FCLASS_CN":null,"FCLASS_TW":null,"FCLASS_IN":null,"FCLASS_NP":null,"FCLASS_PK":null,"FCLASS_DE":null,"FCLASS_GB":null,"FCLASS_BR":null,"FCLASS_IL":null,"FCLASS_PS":null,"FCLASS_SA":null,"FCLASS_EG":null,"FCLASS_MA":null,"FCLASS_PT":null,"FCLASS_AR":null,"FCLASS_JP":null,"FCLASS_KO":null,"FCLASS_VN":null,"FCLASS_TR":null,"FCLASS_ID":null,"FCLASS_PL":null,"FCLASS_GR":null,"FCLASS_IT":null,"FCLASS_NL":null,"FCLASS_SE":null,"FCLASS_BD":null,"FCLASS_UA":null,"FCLASS_TLC":null}},
{"type":"Feature","geometry":{"type":"Polygon","coordinates":[[[131.245073,43.466681],[130.526948,42.535388],[131.158301,42.626025],[131.72207,43.202637],[133.159961,42.696973],[135.131055,43.525732],[135.874609,44.373535],[137.685449,45.818359],[139.010211,47.396734],[138.305595,48.444589],[137.314647,48.084223],[138.086797,47.516609],[136.263652,46.765001],[134.851128,47.154073],[133.972393,46.636823],[132.936,45.029913],[131.977505,45.243983],[131.082314,44.910024],[131.245073,43.466681]]]},"properties":{"featurecla":"Admin-1 scale rank","scalerank":2,"adm1_code":"RUS-2611","diss_me":2611,"iso_3166_2":"RU-PRI","wikipedia":null,"iso_a2":"RU","adm0_sr":4,"name":"Primor'ye","name_alt":"Küsten-Gebiet|Maritime Territory|Primorsk|Primorskiy Kray","name_local":"Приморский край","type":"Kray","type_en":"Territory","code_local":null,"code_hasc":"RU.PR","note":null,"hasc_maybe":null,"region":"Far Eastern","region_cod":null,"provnum_ne":20024,"gadm_level":1,"check_me":20,"datarank":2,"abbrev":null,"postal":"PR","area_sqkm":0,"sameascity":-99,"labelrank":2,"name_len":9,"mapcolor9":7,"mapcolor13":7,"fips":"RS59","fips_alt":null,"woe_id":2346886,"woe_label":"Primorskiy Kray, RU, Russia","woe_name":"Primor'ye","latitude":44.8622,"longitude":134.594,"sov_a3":"RUS","adm0_a3":"RUS","adm0_label":2,"admin":"Russia","geonunit":"Russia","gu_a3":"RUS","gn_id":2017623,"gn_name":"Primorskiy Kray","gns_id":-2988000,"gns_name":"Primorskiy Kray","gn_level":1,"gn_region":null,"gn_a1_code":"RU.59","region_sub":"Far Eastern","sub_code":null,"gns_level":1,"gns_lang":"fas","gns_adm1":"RS59","gns_region":null,"min_label":5,"max_label":10.2,"min_zoom":4.7,"wikidataid":"Q4341","name_ar":"بريمورسكي كراي","name_bn":"প্রিমারস্কি ক্রাই","name_de":"Primorje","name_en":"Primorsky Krai","name_es":"Primorie","name_fr":"du Primorié","name_el":"Κράι Πριμόρσκι","name_hi":"प्रिमोर्स्की क्राय","name_hu":"Tengermelléki határterület","name_id":"Krai Primorsky","name_it":"Territorio del Litorale","name_ja":"沿海地方","name_ko":"프리모르스키 지방","name_nl":"Kraj Primorski","name_pl":"Kraj Nadmorski","name_pt":"Krai do Litoral","name_ru":"Приморский край","name_sv":"Primorje kraj","name_tr":"Primorskiy Krayı","name_vi":"Primorsky","name_zh":"滨海边疆区","ne_id":1159313539,"name_he":"פרימוריה","name_uk":"Приморський край","name_ur":"پریمورسکی کرائی","name_fa":"سرزمین پریمورسکی","name_zht":"普列莫爾斯基區","FCLASS_ISO":null,"FCLASS_US":null,"FCLASS_FR":null,"FCLASS_RU":null,"FCLASS_ES":null,"FCLASS_CN":null,"FCLASS_TW":null,"FCLASS_IN":null,"FCLASS_NP":null,"FCLASS_PK":null,"FCLASS_DE":null,"FCLASS_GB":null,"FCLASS_BR":null,"FCLASS_IL":null,"FCLASS_PS":null,"FCLASS_SA":null,"FCLASS_EG":null,"FCLASS_MA":null,"FCLASS_PT":null,"FCLASS_AR":null,"FCLASS_JP":null,"FCLASS_KO":null,"FCLASS_VN":null,"FCLASS_TR":null,"FCLASS_ID":null,"FCLASS_PL":null,"FCLASS_GR":null,"FCLASS_IT":null,"FCLASS_NL":null,"FCLASS_SE":null,"FCLASS_BD":null,"FCLASS_UA":null,"FCLASS_TLC":null}},
{"type":"Feature","geometry":{"type":"MultiPolygon","coordinates":[[[[111.302842,73.882977],[110.799219,73.759766],[110.827498,73.712893],[110.701698,72.65045],[111.996089,72.132729],[112.276692,71.01272],[110.539434,70.80064],[109.236981,69.775896],[106.152932,69.391139],[106.885497,68.865461],[106.802401,67.348241],[106.054747,67.167167],[106.439529,65.661729],[105.802876,64.530118],[108.026512,64.223522],[108.735203,63.977129],[109.614426,62.873734],[109.305918,62.483628],[109.7924,61.325198],[110.48135,61.159213],[109.269434,59.449085],[110.470911,59.033555],[113.435175,59.402266],[115.686303,60.526228],[116.95434,60.168576],[117.597505,59.472313],[118.733869,59.419784],[119.10811,58.2227],[119.047028,57.727639],[119.898449,56.889396],[121.406884,56.975515],[122.589241,56.489576],[123.915362,56.377334],[124.448042,55.904598],[126.434174,55.555007],[129.652996,55.744996],[130.922996,55.678566],[131.179311,57.137288],[132.034763,57.690949],[131.476864,58.167509],[133.125756,59.204397],[135.209143,59.122335],[138.252988,59.712531],[138.383316,61.099527],[139.548206,61.481674],[140.704725,62.572718],[142.437539,61.869712],[143.926957,61.766256],[144.745098,62.046885],[145.252147,63.179555],[146.498686,64.20882],[147.955135,63.944288],[148.630546,64.418652],[150.631044,64.331112],[152.331302,64.510068],[152.688179,65.233435],[154.220489,66.068939],[155.752178,66.176891],[157.124394,65.91515],[158.52896,66.359387],[158.905164,66.802744],[157.692008,67.54549],[158.276572,68.076],[161.4062,68.411845],[162.846939,68.869285],[162.408447,69.651012],[161.536914,69.379541],[159.83252,69.784961],[159.350684,70.790723],[155.895215,71.095508],[152.508789,70.834473],[149.501563,72.164307],[146.594141,72.302441],[142.061426,72.720801],[139.601172,72.496094],[139.695117,71.700439],[137.31543,71.359424],[135.884766,71.630566],[134.102832,71.378955],[132.562305,71.895313],[131.562012,70.901025],[129.761914,71.119531],[128.358789,72.08833],[129.411719,72.315479],[128.888672,73.190234],[127.740332,73.481543],[123.305078,73.53291],[123.160352,72.954883],[119.750391,72.979102],[118.450195,73.589795],[114.060547,73.584668],[111.302842,73.882977]]],[[[143.68584,75.863672],[138.813965,76.199707],[137.00625,75.23501],[139.099121,74.656543],[144.019727,75.044678],[143.68584,75.863672]]]]},"properties":{"featurecla":"Admin-1 scale rank","scalerank":2,"adm1_code":"RUS-2612","diss_me":2612,"iso_3166_2":"RU-SA","wikipedia":null,"iso_a2":"RU","adm0_sr":5,"name":"Sakha (Yakutia)","name_alt":"Chukotka|Chukotskiy AOk","name_local":"Чукотский АОк","type":"Avtonomnyy Okrug","type_en":"Autonomous Province","code_local":null,"code_hasc":"RU.CK","note":null,"hasc_maybe":"RU.SK|RUS-YAK","region":"Far Eastern","region_cod":null,"provnum_ne":20019,"gadm_level":1,"check_me":20,"datarank":2,"abbrev":null,"postal":"CK","area_sqkm":0,"sameascity":-99,"labelrank":2,"name_len":15,"mapcolor9":7,"mapcolor13":7,"fips":"RS15","fips_alt":null,"woe_id":2346881,"woe_label":"Sakha, RU, Russia","woe_name":"Chukot","latitude":65.5964,"longitude":130.989,"sov_a3":"RUS","adm0_a3":"RUS","adm0_label":2,"admin":"Russia","geonunit":"Russia","gu_a3":"RUS","gn_id":2013162,"gn_name":"Respublika Sakha (Yakutiya)","gns_id":-3038508,"gns_name":"Sakha (Yakutiya), Respublika","gn_level":1,"gn_region":null,"gn_a1_code":"RU.63","region_sub":"Far Eastern","sub_code":null,"gns_level":1,"gns_lang":"fas","gns_adm1":"RS63","gns_region":null,"min_label":5,"max_label":10.2,"min_zoom":4.7,"wikidataid":"Q6605","name_ar":"ياقوتيا","name_bn":"সাখা","name_de":"Sacha","name_en":"Sakha Republic","name_es":"Sajá","name_fr":"république Sakha","name_el":"Δημοκρατία των Σαχά","name_hi":"साख़ा गणतंत्र","name_hu":"Jakutföld","name_id":"Sakha","name_it":"Sacha-Jacuzia","name_ja":"サハ共和国","name_ko":"사하 공화국","name_nl":"Jakoetië","name_pl":"Jakucja","name_pt":"Iacútia","name_ru":"Якутия","name_sv":"Sacha","name_tr":"Yakutistan","name_vi":"Cộng hòa Sakha","name_zh":"萨哈共和国","ne_id":1159313601,"name_he":"רפובליקת סאחה-יקוטיה","name_uk":"Республіка Саха","name_ur":"سخا جمہوریہ","name_fa":"یاقوتستان","name_zht":"萨哈共和国","FCLASS_ISO":null,"FCLASS_US":null,"FCLASS_FR":null,"FCLASS_RU":null,"FCLASS_ES":null,"FCLASS_CN":null,"FCLASS_TW":null,"FCLASS_IN":null,"FCLASS_NP":null,"FCLASS_PK":null,"FCLASS_DE":null,"FCLASS_GB":null,"FCLASS_BR":null,"FCLASS_IL":null,"FCLASS_PS":null,"FCLASS_SA":null,"FCLASS_EG":null,"FCLASS_MA":null,"FCLASS_PT":null,"FCLASS_AR":null,"FCLASS_JP":null,"FCLASS_KO":null,"FCLASS_VN":null,"FCLASS_TR":null,"FCLASS_ID":null,"FCLASS_PL":null,"FCLASS_GR":null,"FCLASS_IT":null,"FCLASS_NL":null,"FCLASS_SE":null,"FCLASS_BD":null,"FCLASS_UA":null,"FCLASS_TLC":null}},
{"type":"Feature","geometry":{"type":"Polygon","coordinates":[[[134.323151,48.370135],[133.201203,49.140773],[132.119822,49.485507],[131.395732,49.24361],[130.553148,48.861204],[131.002784,47.691456],[132.561862,47.768506],[134.323151,48.370135]]]},"properties":{"featurecla":"Admin-1 scale rank","scalerank":2,"adm1_code":"RUS-2613","diss_me":2613,"iso_3166_2":"RU-YEV","wikipedia":null,"iso_a2":"RU","adm0_sr":1,"name":"Yevrey","name_alt":"Den jødiske autonome oblasten|Evrey|Jewish A.Obl.|Yahudi|Yevreyskaya A.Obl.|Evreyskaya AOb","name_local":"Eврейская АОб","type":"Avtonomnaya Oblast","type_en":"Autonomous Region","code_local":null,"code_hasc":"RU.YV","note":null,"hasc_maybe":null,"region":"Far Eastern","region_cod":null,"provnum_ne":20052,"gadm_level":1,"check_me":20,"datarank":2,"abbrev":null,"postal":"YV","area_sqkm":0,"sameascity":-99,"labelrank":2,"name_len":6,"mapcolor9":7,"mapcolor13":7,"fips":"RS89","fips_alt":null,"woe_id":20070516,"woe_label":"Yevreyskaya Avtonomnaya Oblast, RU, Russia","woe_name":"Yevrey","latitude":48.64,"longitude":132.758,"sov_a3":"RUS","adm0_a3":"RUS","adm0_label":2,"admin":"Russia","geonunit":"Russia","gu_a3":"RUS","gn_id":2026639,"gn_name":"Yevreyskaya Avtonomnaya Oblast'","gns_id":-2886566,"gns_name":"Yevreyskaya Avtonomnaya Oblast'","gn_level":1,"gn_region":null,"gn_a1_code":"RU.89","region_sub":"Far Eastern","sub_code":null,"gns_level":1,"gns_lang":"rus","gns_adm1":"RS89","gns_region":null,"min_label":5,"max_label":10.2,"min_zoom":4.7,"wikidataid":"Q7730","name_ar":"الأوبلاست اليهودية الذاتية","name_bn":"ইহুদি স্বশাসিত ওব্লাস্ট","name_de":"Jüdische","name_en":"Jewish","name_es":"Óblast Autónomo Hebreo","name_fr":"autonome juif","name_el":"Εβραϊκή Αυτόνομη Περιφέρεια","name_hi":"ज्यूइश ऑटोनौमस ओब्लास्ट","name_hu":"Zsidó autonóm terület","name_id":"Otonom Yahudi","name_it":"' autonoma ebraica","name_ja":"ユダヤ自治州","name_ko":"유대인 자치","name_nl":"Joodse","name_pl":"Żydowski","name_pt":"Judaico","name_ru":"Еврейская автономная область","name_sv":"Judiska autonoma länet","name_tr":"Yahudi Özerk Oblastı","name_vi":"Tỉnh tự trị Do Thái","name_zh":"犹太自治州","ne_id":1159313605,"name_he":"המחוז היהודי האוטונומי","name_uk":"Єврейська автономна область","name_ur":"یہودی خود مختار اوبلاست","name_fa":"استان خودگردان یهودی","name_zht":"犹太自治州","FCLASS_ISO":null,"FCLASS_US":null,"FCLASS_FR":null,"FCLASS_RU":null,"FCLASS_ES":null,"FCLASS_CN":null,"FCLASS_TW":null,"FCLASS_IN":null,"FCLASS_NP":null,"FCLASS_PK":null,"FCLASS_DE":null,"FCLASS_GB":null,"FCLASS_BR":null,"FCLASS_IL":null,"FCLASS_PS":null,"FCLASS_SA":null,"FCLASS_EG":null,"FCLASS_MA":null,"FCLASS_PT":null,"FCLASS_AR":null,"FCLASS_JP":null,"FCLASS_KO":null,"FCLASS_VN":null,"FCLASS_TR":null,"FCLASS_ID":null,"FCLASS_PL":null,"FCLASS_GR":null,"FCLASS_IT":null,"FCLASS_NL":null,"FCLASS_SE":null,"FCLASS_BD":null,"FCLASS_UA":null,"FCLASS_TLC":null}},
{"type":"Feature","geometry":{"type":"Polygon","coordinates":[[[133.972393,46.636823],[134.851128,47.154073],[136.263652,46.765001],[138.086797,47.516609],[137.314647,48.084223],[138.305595,48.444589],[139.010211,47.396734],[140.170605,48.523682],[140.517188,49.596143],[140.687695,51.232275],[141.485254,52.178516],[141.402051,53.183984],[139.707422,54.277148],[138.695703,54.32002],[138.660742,53.744775],[137.32832,53.538965],[136.683008,53.931299],[136.797266,54.620996],[135.2625,54.943311],[137.691504,56.139355],[138.662109,56.965527],[140.002344,57.6875],[142.025391,58.999658],[143.192188,59.370117],[146.907199,59.369785],[147.140921,59.848595],[145.620187,60.557338],[146.74725,61.222878],[146.21891,61.90294],[144.745098,62.046885],[143.926957,61.766256],[142.437539,61.869712],[140.704725,62.572718],[139.548206,61.481674],[138.383316,61.099527],[138.252988,59.712531],[135.209143,59.122335],[133.125756,59.204397],[131.476864,58.167509],[132.034763,57.690949],[131.179311,57.137288],[130.922996,55.678566],[132.538401,55.67562],[132.366836,55.056433],[131.199465,54.612791],[130.446539,53.882396],[131.532261,53.319433],[132.893315,53.234632],[134.555229,53.620862],[134.956445,53.253856],[134.605665,52.417576],[132.589768,52.081524],[131.0649,51.24571],[130.64508,50.657296],[131.441517,50.186188],[131.395732,49.24361],[132.119822,49.485507],[133.201203,49.140773],[134.323151,48.370135],[134.752323,47.715408],[134.167656,47.302178],[133.972393,46.636823]]]},"properties":{"featurecla":"Admin-1 scale rank","scalerank":2,"adm1_code":"RUS-2614","diss_me":2614,"iso_3166_2":"RU-KHA","wikipedia":null,"iso_a2":"RU","adm0_sr":5,"name":"Khabarovsk","name_alt":"Khabarovskiy Kray","name_local":"Хабаровский край","type":"Kray","type_en":"Territory","code_local":null,"code_hasc":"RU.KH","note":null,"hasc_maybe":null,"region":"Far Eastern","region_cod":null,"provnum_ne":20023,"gadm_level":1,"check_me":20,"datarank":2,"abbrev":null,"postal":"KH","area_sqkm":0,"sameascity":6,"labelrank":6,"name_len":10,"mapcolor9":7,"mapcolor13":7,"fips":"RS30","fips_alt":null,"woe_id":2346883,"woe_label":"Khabarovskiy Kray, RU, Russia","woe_name":"Khabarovsk","latitude":57.0232,"longitude":135.443,"sov_a3":"RUS","adm0_a3":"RUS","adm0_label":2,"admin":"Russia","geonunit":"Russia","gu_a3":"RUS","gn_id":2022888,"gn_name":"Khabarovskiy Kray","gns_id":-2924121,"gns_name":"Khabarovskiy Kray","gn_level":1,"gn_region":null,"gn_a1_code":"RU.30","region_sub":"Far Eastern","sub_code":null,"gns_level":1,"gns_lang":"rus","gns_adm1":"RS30","gns_region":null,"min_label":5,"max_label":10.2,"min_zoom":4.7,"wikidataid":"Q7788","name_ar":"خاباروفسك كراي","name_bn":"খাবারোভস্ক ক্রাই","name_de":"Chabarowsk","name_en":"Khabarovsk Krai","name_es":"Jabárovsk","name_fr":"Khabarovsk","name_el":"Κράι Χαμπάροφσκ","name_hi":"ख़ाबारोव्स्क क्राय","name_hu":"Habarovszki határterület","name_id":"Krai Khabarovsk","name_it":"Territorio di Chabarovsk","name_ja":"ハバロフスク地方","name_ko":"하바롭스크 지방","name_nl":"Kraj Chabarovsk","name_pl":"Kraj Chabarowski","name_pt":"Krai de Khabarovsk","name_ru":"Хабаровский край","name_sv":"Chabarovsk kraj","name_tr":"Habarovsk Krayı","name_vi":"Khabarovsk","name_zh":"哈巴罗夫斯克边疆区","ne_id":1159313583,"name_he":"מחוז חברובסק","name_uk":"Хабаровський край","name_ur":"خابارووسک کرائی","name_fa":"سرزمین خاباروفسک","name_zht":"哈巴羅夫斯克邊疆區","FCLASS_ISO":null,"FCLASS_US":null,"FCLASS_FR":null,"FCLASS_RU":null,"FCLASS_ES":null,"FCLASS_CN":null,"FCLASS_TW":null,"FCLASS_IN":null,"FCLASS_NP":null,"FCLASS_PK":null,"FCLASS_DE":null,"FCLASS_GB":null,"FCLASS_BR":null,"FCLASS_IL":null,"FCLASS_PS":null,"FCLASS_SA":null,"FCLASS_EG":null,"FCLASS_MA":null,"FCLASS_PT":null,"FCLASS_AR":null,"FCLASS_JP":null,"FCLASS_KO":null,"FCLASS_VN":null,"FCLASS_TR":null,"FCLASS_ID":null,"FCLASS_PL":null,"FCLASS_GR":null,"FCLASS_IT":null,"FCLASS_NL":null,"FCLASS_SE":null,"FCLASS_BD":null,"FCLASS_UA":null,"FCLASS_TLC":null}},
{"type":"Feature","geometry":{"type":"Polygon","coordinates":[[[162.501868,61.669795],[162.767874,62.50311],[162.379887,63.118938],[162.95701,63.491112],[163.136947,64.770207],[158.9217,65.743016],[158.52896,66.359387],[157.124394,65.91515],[155.752178,66.176891],[154.220489,66.068939],[152.688179,65.233435],[152.331302,64.510068],[150.631044,64.331112],[148.630546,64.418652],[147.955135,63.944288],[146.498686,64.20882],[145.252147,63.179555],[144.745098,62.046885],[146.21891,61.90294],[146.74725,61.222878],[145.620187,60.557338],[147.140921,59.848595],[146.907199,59.369785],[149.20498,59.488184],[149.642578,59.77041],[151.485742,59.524121],[152.882227,58.939062],[155.166699,59.360156],[154.293066,59.83335],[157.469336,61.798926],[159.07666,61.922266],[160.766602,60.75332],[162.501868,61.669795]]]},"properties":{"featurecla":"Admin-1 scale rank","scalerank":2,"adm1_code":"RUS-2615","diss_me":2615,"iso_3166_2":"RU-MAG","wikipedia":null,"iso_a2":"RU","adm0_sr":5,"name":"Maga Buryatdan","name_alt":"Magadanskaya Oblast","name_local":"Магаданская область","type":"Oblast","type_en":"Region","code_local":null,"code_hasc":"RU.MG","note":null,"hasc_maybe":null,"region":"Far Eastern","region_cod":null,"provnum_ne":20022,"gadm_level":1,"check_me":20,"datarank":2,"abbrev":null,"postal":"MG","area_sqkm":0,"sameascity":-99,"labelrank":2,"name_len":14,"mapcolor9":7,"mapcolor13":7,"fips":"RS44","fips_alt":null,"woe_id":20070512,"woe_label":"Magadanskaya Oblast, RU, Russia","woe_name":"Maga Buryatdan","latitude":62.6257,"longitude":153.797,"sov_a3":"RUS","adm0_a3":"RUS","adm0_label":2,"admin":"Russia","geonunit":"Russia","gu_a3":"RUS","gn_id":2123627,"gn_name":"Magadanskaya Oblast'","gns_id":-2950072,"gns_name":"Magadanskaya Oblast'","gn_level":1,"gn_region":null,"gn_a1_code":"RU.44","region_sub":"Far Eastern","sub_code":null,"gns_level":1,"gns_lang":"rus","gns_adm1":"RS44","gns_region":null,"min_label":5,"max_label":10.2,"min_zoom":4.7,"wikidataid":"Q7971","name_ar":"ماغادان أوبلاست","name_bn":"মাগাদান ওব্লাস্ট","name_de":"Magadan","name_en":"Magadan","name_es":"Magadán","name_fr":"Magadan","name_el":"Όμπλαστ του Μαγκαντάν","name_hi":"मागादान ओब्लास्त","name_hu":"Magadani terület","name_id":"Magadan","name_it":"Magadan","name_ja":"マガダン州","name_ko":"마가단","name_nl":"Magadan","name_pl":"magadański","name_pt":"Magadan","name_ru":"Магаданская область","name_sv":"Magadan","name_tr":"Magadan Oblastı","name_vi":"Magadan","name_zh":"马加丹州","ne_id":1159313599,"name_he":"מחוז מגדן","name_uk":"Магаданська область","name_ur":"ماگادان اوبلاست","name_fa":"استان ماگادان","name_zht":"馬加丹州","FCLASS_ISO":null,"FCLASS_US":null,"FCLASS_FR":null,"FCLASS_RU":null,"FCLASS_ES":null,"FCLASS_CN":null,"FCLASS_TW":null,"FCLASS_IN":null,"FCLASS_NP":null,"FCLASS_PK":null,"FCLASS_DE":null,"FCLASS_GB":null,"FCLASS_BR":null,"FCLASS_IL":null,"FCLASS_PS":null,"FCLASS_SA":null,"FCLASS_EG":null,"FCLASS_MA":null,"FCLASS_PT":null,"FCLASS_AR":null,"FCLASS_JP":null,"FCLASS_KO":null,"FCLASS_VN":null,"FCLASS_TR":null,"FCLASS_ID":null,"FCLASS_PL":null,"FCLASS_GR":null,"FCLASS_IT":null,"FCLASS_NL":null,"FCLASS_SE":null,"FCLASS_BD":null,"FCLASS_UA":null,"FCLASS_TLC":null}},
{"type":"Feature","geometry":{"type":"Polygon","coordinates":[[[142.334961,54.280713],[142.526172,53.447461],[141.823535,53.339502],[141.722363,51.736328],[142.206738,51.222559],[142.142285,49.569141],[141.866309,48.750098],[142.181738,48.013379],[141.830371,46.451074],[142.578027,46.700781],[142.556934,47.737891],[143.10498,49.198828],[144.27207,49.311328],[143.155566,52.08374],[143.323633,52.613574],[142.976172,54.140967],[142.334961,54.280713]]]},"properties":{"featurecla":"Admin-1 scale rank","scalerank":2,"adm1_code":"RUS-2616","diss_me":2616,"iso_3166_2":"RU-SAK","wikipedia":null,"iso_a2":"RU","adm0_sr":3,"name":"Sakhalin","name_alt":"Sakhalinskaya Oblast","name_local":"Сахалинская область","type":"Oblast","type_en":"Region","code_local":null,"code_hasc":"RU.SL","note":null,"hasc_maybe":null,"region":"Far Eastern","region_cod":null,"provnum_ne":20012,"gadm_level":1,"check_me":20,"datarank":2,"abbrev":null,"postal":"SL","area_sqkm":0,"sameascity":-99,"labelrank":2,"name_len":8,"mapcolor9":7,"mapcolor13":7,"fips":"RS64","fips_alt":null,"woe_id":2346937,"woe_label":"Sakhalinskaya Oblast, RU, Russia","woe_name":"Sakhalin","latitude":47.3479,"longitude":152.467,"sov_a3":"RUS","adm0_a3":"RUS","adm0_label":2,"admin":"Russia","geonunit":"Russia","gu_a3":"RUS","gn_id":2121529,"gn_name":"Sakhalinskaya Oblast'","gns_id":-2995497,"gns_name":"Sakhalinskaya Oblast'","gn_level":1,"gn_region":null,"gn_a1_code":"RU.64","region_sub":"Far Eastern","sub_code":null,"gns_level":1,"gns_lang":"fas","gns_adm1":"RS64","gns_region":null,"min_label":5,"max_label":10.2,"min_zoom":4.7,"wikidataid":"Q7797","name_ar":"ساخالين أوبلاست","name_bn":"শাখালিন ওব্লাস্ট","name_de":"Sachalin","name_en":"Sakhalin","name_es":"Sajalín","name_fr":"Sakhaline","name_el":"Όμπλαστ της Σαχαλίνης","name_hi":"सखलिन ओब्लास्ट","name_hu":"Szahalini terület","name_id":"Sakhalin","name_it":"Sachalin","name_ja":"サハリン州","name_ko":"사할린","name_nl":"Sachalin","name_pl":"sachaliński","name_pt":"Sacalina","name_ru":"Сахалинская область","name_sv":"Sachalin","name_tr":"Sahalin Oblastı","name_vi":"Sakhalin","name_zh":"萨哈林州","ne_id":1159313257,"name_he":"מחוז סחלין","name_uk":"Сахалінська область","name_ur":"سخالن اوبلاست","name_fa":"استان ساخالین","name_zht":"薩哈林州","FCLASS_ISO":null,"FCLASS_US":null,"FCLASS_FR":null,"FCLASS_RU":null,"FCLASS_ES":null,"FCLASS_CN":null,"FCLASS_TW":null,"FCLASS_IN":null,"FCLASS_NP":null,"FCLASS_PK":null,"FCLASS_DE":null,"FCLASS_GB":null,"FCLASS_BR":null,"FCLASS_IL":null,"FCLASS_PS":null,"FCLASS_SA":null,"FCLASS_EG":null,"FCLASS_MA":null,"FCLASS_PT":null,"FCLASS_AR":null,"FCLASS_JP":null,"FCLASS_KO":null,"FCLASS_VN":null,"FCLASS_TR":null,"FCLASS_ID":null,"FCLASS_PL":null,"FCLASS_GR":null,"FCLASS_IT":null,"FCLASS_NL":null,"FCLASS_SE":null,"FCLASS_BD":null,"FCLASS_UA":null,"FCLASS_TLC":null}},
{"type":"Feature","geometry":{"type":"Polygon","coordinates":[[[33.745771,44.402323],[35.087695,44.802637],[35.373926,45.353613],[34.686878,45.97695],[33.664844,45.94707],[32.508008,45.403809],[33.588429,44.842005],[33.745771,44.402323]]]},"properties":{"featurecla":"Admin-1 scale rank","scalerank":5,"adm1_code":"RUS-283","diss_me":283,"iso_3166_2":"UA-43","wikipedia":null,"iso_a2":"RU","adm0_sr":1,"name":"Crimea","name_alt":"Crimée|Criméia|Krim|Krymskaya Respublika|Respublika Krym","name_local":null,"type":"Oblast","type_en":"Autonomous Republic","code_local":null,"code_hasc":"UA.KR","note":null,"hasc_maybe":"UA.MY|UKR-KRN","region":"Volga","region_cod":null,"provnum_ne":3,"gadm_level":1,"check_me":20,"datarank":5,"abbrev":null,"postal":"KR","area_sqkm":0,"sameascity":-99,"labelrank":6,"name_len":6,"mapcolor9":6,"mapcolor13":3,"fips":"UP11","fips_alt":"UP16","woe_id":2347544,"woe_label":"Crimea, UA, Ukraine","woe_name":"Crimea","latitude":45.3115,"longitude":34.2784,"sov_a3":"RUS","adm0_a3":"RUS","adm0_label":2,"admin":"Russia","geonunit":"Russia","gu_a3":"RUS","gn_id":703883,"gn_name":"Avtonomna Respublika Krym","gns_id":-1043929,"gns_name":"Krym, Avtonomna Respublika","gn_level":1,"gn_region":null,"gn_a1_code":"UA.11","region_sub":"North Caucasus","sub_code":null,"gns_level":1,"gns_lang":"rus","gns_adm1":"UP11","gns_region":null,"min_label":5,"max_label":11,"min_zoom":4.7,"wikidataid":"Q756294","name_ar":"جمهورية القرم ذاتية الحكم","name_bn":"স্বায়ত্তশাসিত প্রজাতন্ত্রী ক্রিমিয়া","name_de":"Autonome Republik Krim","name_en":"Autonomous Republic of Crimea","name_es":"República autónoma de Crimea","name_fr":"République autonome de Crimée","name_el":"Αυτόνομη Δημοκρατία της Κριμαίας","name_hi":"क्रीमिया","name_hu":"Krími Autonóm Köztársaság","name_id":"Republik Otonom Krimea","name_it":"Repubblica autonoma di Crimea","name_ja":"クリミア自治共和国","name_ko":"크림 자치 공화국","name_nl":"Autonome Republiek van de Krim","name_pl":"Republika Autonomiczna Krymu","name_pt":"República Autónoma da Crimeia","name_ru":"Автономная Республика Крым","name_sv":"Autonoma republiken Krim","name_tr":"Kırım Özerk Cumhuriyeti","name_vi":"Cộng hòa Tự trị Krym","name_zh":"克里米亚自治共和国","ne_id":1159309535,"name_he":"הרפובליקה האוטונומית של קרים","name_uk":"Автономна Республіка Крим","name_ur":"خود مختار جمہوریہ کریمیا","name_fa":"جمهوری خودمختار کریمه","name_zht":"克里米亚自治共和国","FCLASS_ISO":null,"FCLASS_US":null,"FCLASS_FR":null,"FCLASS_RU":null,"FCLASS_ES":null,"FCLASS_CN":null,"FCLASS_TW":null,"FCLASS_IN":null,"FCLASS_NP":null,"FCLASS_PK":null,"FCLASS_DE":null,"FCLASS_GB":null,"FCLASS_BR":null,"FCLASS_IL":null,"FCLASS_PS":null,"FCLASS_SA":null,"FCLASS_EG":null,"FCLASS_MA":null,"FCLASS_PT":null,"FCLASS_AR":null,"FCLASS_JP":null,"FCLASS_KO":null,"FCLASS_VN":null,"FCLASS_TR":null,"FCLASS_ID":null,"FCLASS_PL":null,"FCLASS_GR":null,"FCLASS_IT":null,"FCLASS_NL":null,"FCLASS_SE":null,"FCLASS_BD":null,"FCLASS_UA":null,"FCLASS_TLC":null}},
{"type":"Feature","geometry":{"type":"Polygon","coordinates":[[[54.352476,56.358524],[57.408414,56.32912],[59.45604,58.492761],[58.403081,59.552283],[59.467719,60.807865],[59.348657,61.682178],[56.70241,61.524772],[54.979518,60.86383],[52.876494,61.093842],[51.774235,60.605603],[52.297821,60.241595],[53.607612,60.142738],[53.205776,59.364],[53.876536,59.092802],[53.784552,58.439896],[54.352476,56.358524]]]},"properties":{"featurecla":"Admin-1 scale rank","scalerank":2,"adm1_code":"RUS-3200","diss_me":3200,"iso_3166_2":"RU-PER","wikipedia":null,"iso_a2":"RU","adm0_sr":1,"name":"Perm'","name_alt":"Molotov|Permskaya Oblast","name_local":"Пермская область","type":"Kray","type_en":"Territory","code_local":null,"code_hasc":"RU.PE","note":null,"hasc_maybe":null,"region":"Volga","region_cod":null,"provnum_ne":20007,"gadm_level":1,"check_me":20,"datarank":2,"abbrev":null,"postal":"PE","area_sqkm":0,"sameascity":6,"labelrank":6,"name_len":5,"mapcolor9":7,"mapcolor13":7,"fips":"RS90","fips_alt":null,"woe_id":20070511,"woe_label":"Permskiy Kray, RU, Russia","woe_name":"Perm'","latitude":58.8735,"longitude":56.5878,"sov_a3":"RUS","adm0_a3":"RUS","adm0_label":2,"admin":"Russia","geonunit":"Russia","gu_a3":"RUS","gn_id":511180,"gn_name":"Perm Krai","gns_id":9262371,"gns_name":"Permskiy Kray","gn_level":1,"gn_region":null,"gn_a1_code":"RU.90","region_sub":"Urals","sub_code":null,"gns_level":1,"gns_lang":"dan","gns_adm1":"RS90","gns_region":null,"min_label":5,"max_label":10.2,"min_zoom":4.7,"wikidataid":"Q5400","name_ar":"بيرم كراي","name_bn":"পার্ম ক্রাই","name_de":"Perm","name_en":"Perm Krai","name_es":"Perm","name_fr":"Perm","name_el":"Κράι Περμ","name_hi":"पेर्म क्राय","name_hu":"Permi határterület","name_id":"Krai Perm","name_it":"Territorio di Perm'","name_ja":"ペルミ地方","name_ko":"페름 지방","name_nl":"Kraj Perm","name_pl":"Kraj Permski","name_pt":"Krai de Perm","name_ru":"Пермский край","name_sv":"Perm kraj","name_tr":"Perm Krayı","name_vi":"Perm","name_zh":"彼尔姆边疆区","ne_id":1159314843,"name_he":"מחוז פרם","name_uk":"Пермський край","name_ur":"پیرم کرائی","name_fa":"سرزمین پرم","name_zht":"彼爾姆邊疆區","FCLASS_ISO":null,"FCLASS_US":null,"FCLASS_FR":null,"FCLASS_RU":null,"FCLASS_ES":null,"FCLASS_CN":null,"FCLASS_TW":null,"FCLASS_IN":null,"FCLASS_NP":null,"FCLASS_PK":null,"FCLASS_DE":null,"FCLASS_GB":null,"FCLASS_BR":null,"FCLASS_IL":null,"FCLASS_PS":null,"FCLASS_SA":null,"FCLASS_EG":null,"FCLASS_MA":null,"FCLASS_PT":null,"FCLASS_AR":null,"FCLASS_JP":null,"FCLASS_KO":null,"FCLASS_VN":null,"FCLASS_TR":null,"FCLASS_ID":null,"FCLASS_PL":null,"FCLASS_GR":null,"FCLASS_IT":null,"FCLASS_NL":null,"FCLASS_SE":null,"FCLASS_BD":null,"FCLASS_UA":null,"FCLASS_TLC":null}},
{"type":"Feature","geometry":{"type":"Polygon","coordinates":[[[174.454226,61.822033],[174.079845,62.447041],[170.159361,62.341828],[168.79562,63.303087],[169.582238,63.643402],[168.498687,64.317366],[165.262709,64.850616],[163.136947,64.770207],[162.95701,63.491112],[162.379887,63.118938],[162.767874,62.50311],[162.501868,61.669795],[163.331738,62.550928],[164.255664,62.696582],[163.709961,60.916797],[162.003613,60.420166],[159.847363,59.127148],[159.036914,58.423926],[157.450391,57.799268],[155.98252,56.695215],[155.554883,55.348486],[156.098828,53.006494],[156.747754,50.969287],[158.103516,51.809619],[158.608789,52.873633],[159.897656,53.380762],[160.074414,54.18916],[162.105566,54.752148],[161.729395,55.358008],[162.084961,56.089648],[163.335547,56.23252],[162.779297,57.357617],[161.960059,58.076904],[163.272852,59.302588],[163.780078,60.041113],[165.08457,60.098584],[169.226758,60.595947],[169.982617,60.06709],[172.392773,61.061768],[172.856543,61.469189],[174.454226,61.822033]]]},"properties":{"featurecla":"Admin-1 scale rank","scalerank":2,"adm1_code":"RUS-3468","diss_me":3468,"iso_3166_2":"RU-KAM","wikipedia":null,"iso_a2":"RU","adm0_sr":4,"name":"Kamchatka","name_alt":"Kamçatka|Kamchatskaya Oblast","name_local":null,"type":"Oblast","type_en":"Region","code_local":null,"code_hasc":"RU.KQ","note":null,"hasc_maybe":null,"region":"Far Eastern","region_cod":null,"provnum_ne":0,"gadm_level":1,"check_me":20,"datarank":2,"abbrev":null,"postal":"KA","area_sqkm":0,"sameascity":-99,"labelrank":2,"name_len":9,"mapcolor9":7,"mapcolor13":7,"fips":"RS92","fips_alt":null,"woe_id":20070514,"woe_label":"Kamchatskaya Oblast, RU, Russia","woe_name":"Kamchatka","latitude":56.5325,"longitude":160.187,"sov_a3":"RUS","adm0_a3":"RUS","adm0_label":2,"admin":"Russia","geonunit":"Russia","gu_a3":"RUS","gn_id":2125072,"gn_name":"Kamtchatski Kray","gns_id":11585057,"gns_name":"Kamchatskiy Kray","gn_level":1,"gn_region":null,"gn_a1_code":"RU.92","region_sub":"Far Eastern","sub_code":null,"gns_level":1,"gns_lang":"rus","gns_adm1":"RS92","gns_region":null,"min_label":5,"max_label":10.2,"min_zoom":4.7,"wikidataid":"Q7948","name_ar":"كراي كامشاتكا","name_bn":"কামচাটকাক্রাই","name_de":"Kamtschatka","name_en":"Kamchatka Krai","name_es":"Kamchatka","name_fr":"du Kamtchatka","name_el":"Κράι Καμτσάτκα","name_hi":"कमचातका क्राय","name_hu":"Kamcsatkai határterület","name_id":"Krai Kamchatka","name_it":"territorio della Kamčatka","name_ja":"カムチャツカ地方","name_ko":"캄차카 지방","name_nl":"Kraj Kamtsjatka","name_pl":"Kraj Kamczacki","name_pt":"Krai de Kamtchatka","name_ru":"Камчатский край","name_sv":"Kamtjatka kraj","name_tr":"Kamçatka Krayı","name_vi":"Kamchatka","name_zh":"堪察加邊疆區","ne_id":1159315449,"name_he":"מחוז קמצ'טקה","name_uk":"Камчатський край","name_ur":"کامچاٹکا کرائی","name_fa":"سرزمین کامچاتکا","name_zht":"堪察加邊疆區","FCLASS_ISO":null,"FCLASS_US":null,"FCLASS_FR":null,"FCLASS_RU":null,"FCLASS_ES":null,"FCLASS_CN":null,"FCLASS_TW":null,"FCLASS_IN":null,"FCLASS_NP":null,"FCLASS_PK":null,"FCLASS_DE":null,"FCLASS_GB":null,"FCLASS_BR":null,"FCLASS_IL":null,"FCLASS_PS":null,"FCLASS_SA":null,"FCLASS_EG":null,"FCLASS_MA":null,"FCLASS_PT":null,"FCLASS_AR":null,"FCLASS_JP":null,"FCLASS_KO":null,"FCLASS_VN":null,"FCLASS_TR":null,"FCLASS_ID":null,"FCLASS_PL":null,"FCLASS_GR":null,"FCLASS_IT":null,"FCLASS_NL":null,"FCLASS_SE":null,"FCLASS_BD":null,"FCLASS_UA":null,"FCLASS_TLC":null}},
{"type":"Feature","geometry":null,"properties":{"featurecla":"Admin-1 scale rank","scalerank":5,"adm1_code":"RUS-5482","diss_me":5482,"iso_3166_2":"UA-40","wikipedia":"http://en.wikipedia.org/wiki/Sevastopol","iso_a2":"RU","adm0_sr":1,"name":"Sevastopol","name_alt":null,"name_local":null,"type":"Gorod Federalnogo Znacheniya","type_en":"Federal City","code_local":null,"code_hasc":"UA.SC","note":null,"hasc_maybe":null,"region":"Volga","region_cod":null,"provnum_ne":3,"gadm_level":1,"check_me":20,"datarank":5,"abbrev":null,"postal":"SC","area_sqkm":0,"sameascity":-99,"labelrank":6,"name_len":10,"mapcolor9":6,"mapcolor13":3,"fips":"UP20","fips_alt":"UP16","woe_id":20070189,"woe_label":"Sevastopol City Municipality, UA, Ukraine","woe_name":"Sevastopol City Municipality","latitude":44.5182,"longitude":33.6396,"sov_a3":"RUS","adm0_a3":"RUS","adm0_label":2,"admin":"Russia","geonunit":"Russia","gu_a3":"RUS","gn_id":694422,"gn_name":"Misto Sevastopol'","gns_id":-1053420,"gns_name":"Sevastopol', Misto","gn_level":1,"gn_region":null,"gn_a1_code":"UA.20","region_sub":"North Caucasus","sub_code":null,"gns_level":1,"gns_lang":"rus","gns_adm1":"UP20","gns_region":null,"min_label":5,"max_label":11,"min_zoom":4.7,"wikidataid":"Q7525","name_ar":"سيفاستوبول","name_bn":"সেভাস্তোপোল","name_de":"Sewastopol","name_en":"Sevastopol","name_es":"Sebastopol","name_fr":"Sébastopol","name_el":"Σεβαστούπολη","name_hi":"सेवस्तोपोल","name_hu":"Szevasztopol","name_id":"Sevastopol","name_it":"Sebastopoli","name_ja":"セヴァストポリ","name_ko":"세바스토폴","name_nl":"Sebastopol","name_pl":"Sewastopol","name_pt":"Sebastopol","name_ru":"Севастополь","name_sv":"Sevastopol","name_tr":"Sivastopol","name_vi":"Sevastopol","name_zh":"塞瓦斯托波尔","ne_id":1159315877,"name_he":"סבסטופול","name_uk":"Севастополь","name_ur":"سواستوپول","name_fa":"سواستوپول","name_zht":"塞瓦斯托波","FCLASS_ISO":null,"FCLASS_US":null,"FCLASS_FR":null,"FCLASS_RU":null,"FCLASS_ES":null,"FCLASS_CN":null,"FCLASS_TW":null,"FCLASS_IN":null,"FCLASS_NP":null,"FCLASS_PK":null,"FCLASS_DE":null,"FCLASS_GB":null,"FCLASS_BR":null,"FCLASS_IL":null,"FCLASS_PS":null,"FCLASS_SA":null,"FCLASS_EG":null,"FCLASS_MA":null,"FCLASS_PT":null,"FCLASS_AR":null,"FCLASS_JP":null,"FCLASS_KO":null,"FCLASS_VN":null,"FCLASS_TR":null,"FCLASS_ID":null,"FCLASS_PL":null,"FCLASS_GR":null,"FCLASS_IT":null,"FCLASS_NL":null,"FCLASS_SE":null,"FCLASS_BD":null,"FCLASS_UA":null,"FCLASS_TLC":null}},
{"type":"Feature","geometry":{"type":"Polygon","coordinates":[[[22.615068,-26.10752],[21.646255,-26.854174],[20.739851,-26.848852],[20.793181,-25.915575],[19.980466,-24.776782],[19.980414,-28.451286],[19.026054,-28.92795],[17.447959,-28.698145],[17.056251,-28.031002],[16.480762,-28.641504],[17.770804,-31.149241],[18.560811,-30.47075],[18.938669,-30.724016],[19.071787,-31.748139],[20.082268,-32.411716],[20.865114,-32.676868],[22.101215,-32.057423],[24.147033,-31.789894],[25.445507,-31.095156],[25.467469,-30.613118],[24.34082,-29.649043],[25.013492,-28.068209],[24.1124,-27.742738],[24.023546,-27.016142],[23.493653,-26.736583],[23.099464,-25.986772],[22.615068,-26.10752]]]},"properties":{"featurecla":"Admin-1 scale rank","scalerank":2,"adm1_code":"ZAF-1188","diss_me":1188,"iso_3166_2":"ZA-NC","wikipedia":null,"iso_a2":"ZA","adm0_sr":1,"name":"Northern Cape","name_alt":"Noord-Kaap","name_local":null,"type":"Provinsie","type_en":"Province","code_local":null,"code_hasc":"ZA.NC","note":"CSS 3, Formerly part of Cape of Good Hope","hasc_maybe":null,"region":null,"region_cod":null,"provnum_ne":4,"gadm_level":1,"check_me":20,"datarank":3,"abbrev":null,"postal":"NC","area_sqkm":0,"sameascity":-99,"labelrank":2,"name_len":13,"mapcolor9":4,"mapcolor13":2,"fips":"SF08","fips_alt":"SF08","woe_id":2346985,"woe_label":"Northern Cape, ZA, South Africa","woe_name":"Northern Cape","latitude":-29.7437,"longitude":20.9961,"sov_a3":"ZAF","adm0_a3":"ZAF","adm0_label":2,"admin":"South Africa","geonunit":"South Africa","gu_a3":"ZAF","gn_id":1085596,"gn_name":"Province of Northern Cape","gns_id":204231,"gns_name":"Northern Cape","gn_level":1,"gn_region":null,"gn_a1_code":"ZA.08","region_sub":null,"sub_code":null,"gns_level":1,"gns_lang":"khm","gns_adm1":"SF08","gns_region":null,"min_label":4.6,"max_label":10.1,"min_zoom":4.6,"wikidataid":"Q132418","name_ar":"كيب الشمالية","name_bn":"উত্তর কেপ প্রদেশ","name_de":"Nordkap","name_en":"Northern Cape","name_es":"Septentrional del Cabo","name_fr":"Cap-Nord","name_el":"Βορειότερο Ακρωτήριο","name_hi":"उत्तरी केप प्रान्त","name_hu":"Észak-Fokföld","name_id":"Northern Cape","name_it":"Capo Settentrionale","name_ja":"北ケープ州","name_ko":"노던케이프","name_nl":"Noord-Kaap","name_pl":"Prowincja Przylądkowa Północna","name_pt":"Cabo Setentrional","name_ru":"Северо-Капская провинция","name_sv":"Norra Kapprovinsen","name_tr":"Kuzey Kap","name_vi":"Bắc Cape","name_zh":"北开普省","ne_id":1159309731,"name_he":"הכף הצפוני","name_uk":"Північна Капська провінція","name_ur":"شمالی کیپ","name_fa":"کیپ شمالی","name_zht":"北開普省","FCLASS_ISO":null,"FCLASS_US":null,"FCLASS_FR":null,"FCLASS_RU":null,"FCLASS_ES":null,"FCLASS_CN":null,"FCLASS_TW":null,"FCLASS_IN":null,"FCLASS_NP":null,"FCLASS_PK":null,"FCLASS_DE":null,"FCLASS_GB":null,"FCLASS_BR":null,"FCLASS_IL":null,"FCLASS_PS":null,"FCLASS_SA":null,"FCLASS_EG":null,"FCLASS_MA":null,"FCLASS_PT":null,"FCLASS_AR":null,"FCLASS_JP":null,"FCLASS_KO":null,"FCLASS_VN":null,"FCLASS_TR":null,"FCLASS_ID":null,"FCLASS_PL":null,"FCLASS_GR":null,"FCLASS_IT":null,"FCLASS_NL":null,"FCLASS_SE":null,"FCLASS_BD":null,"FCLASS_UA":null,"FCLASS_TLC":null}},
{"type":"Feature","geometry":{"type":"Polygon","coordinates":[[[23.634909,-33.988504],[23.563399,-33.495991],[22.749547,-33.401578],[23.24254,-32.424532],[24.147033,-31.789894],[22.101215,-32.057423],[20.865114,-32.676868],[20.082268,-32.411716],[19.071787,-31.748139],[18.938669,-30.724016],[18.560811,-30.47075],[17.770804,-31.149241],[18.163672,-31.655176],[18.250879,-32.652148],[17.878223,-32.961523],[18.808789,-34.108203],[19.634961,-34.75332],[20.529883,-34.463086],[21.788965,-34.372656],[22.245508,-34.069141],[23.634909,-33.988504]]]},"properties":{"featurecla":"Admin-1 scale rank","scalerank":2,"adm1_code":"ZAF-1189","diss_me":1189,"iso_3166_2":"ZA-WC","wikipedia":null,"iso_a2":"ZA","adm0_sr":1,"name":"Western Cape","name_alt":"Wes-Kaap","name_local":null,"type":"Provinsie","type_en":"Province","code_local":null,"code_hasc":"ZA.WC","note":"CSS 1, Formerly part of Cape of Good Hope","hasc_maybe":null,"region":null,"region_cod":null,"provnum_ne":2,"gadm_level":1,"check_me":20,"datarank":3,"abbrev":null,"postal":"WC","area_sqkm":0,"sameascity":-99,"labelrank":2,"name_len":12,"mapcolor9":4,"mapcolor13":2,"fips":"SF11","fips_alt":"SF11","woe_id":2346987,"woe_label":"Western Cape, ZA, South Africa","woe_name":"Western Cape","latitude":-33.5035,"longitude":20.9745,"sov_a3":"ZAF","adm0_a3":"ZAF","adm0_label":2,"admin":"South Africa","geonunit":"South Africa","gu_a3":"ZAF","gn_id":1085599,"gn_name":"Province of the Western Cape","gns_id":204245,"gns_name":"Western Cape","gn_level":1,"gn_region":null,"gn_a1_code":"ZA.11","region_sub":null,"sub_code":null,"gns_level":1,"gns_lang":"khm","gns_adm1":"SF11","gns_region":null,"min_label":4.6,"max_label":10.1,"min_zoom":4.6,"wikidataid":"Q127167","name_ar":"كيب الغربية","name_bn":"পশ্চিম কেপ","name_de":"Westkap","name_en":"Western Cape","name_es":"Occidental del Cabo","name_fr":"Cap-Occidental","name_el":"Δυτικότερο Ακρωτήριο","name_hi":"पश्चिमी केप प्रान्त","name_hu":"Nyugat-Fokföld","name_id":"Western Cape","name_it":"Capo Occidentale","name_ja":"西ケープ州","name_ko":"웨스턴케이프","name_nl":"West-Kaap","name_pl":"Prowincja Przylądkowa Zachodnia","name_pt":"Cabo Ocidental","name_ru":"Западно-Капская провинция","name_sv":"Västra Kapprovinsen","name_tr":"Batı Kap","name_vi":"Tây Cape","name_zh":"西开普省","ne_id":1159309733,"name_he":"הכף המערבי","name_uk":"Західна Капська провінція","name_ur":"مغربی کیپ","name_fa":"کیپ غربی","name_zht":"西開普省","FCLASS_ISO":null,"FCLASS_US":null,"FCLASS_FR":null,"FCLASS_RU":null,"FCLASS_ES":null,"FCLASS_CN":null,"FCLASS_TW":null,"FCLASS_IN":null,"FCLASS_NP":null,"FCLASS_PK":null,"FCLASS_DE":null,"FCLASS_GB":null,"FCLASS_BR":null,"FCLASS_IL":null,"FCLASS_PS":null,"FCLASS_SA":null,"FCLASS_EG":null,"FCLASS_MA":null,"FCLASS_PT":null,"FCLASS_AR":null,"FCLASS_JP":null,"FCLASS_KO":null,"FCLASS_VN":null,"FCLASS_TR":null,"FCLASS_ID":null,"FCLASS_PL":null,"FCLASS_GR":null,"FCLASS_IT":null,"FCLASS_NL":null,"FCLASS_SE":null,"FCLASS_BD":null,"FCLASS_UA":null,"FCLASS_TLC":null}},
{"type":"Feature","geometry":{"type":"Polygon","coordinates":[[[22.615068,-26.10752],[23.099464,-25.986772],[23.493653,-26.736583],[24.023546,-27.016142],[24.1124,-27.742738],[25.013492,-28.068209],[25.999788,-27.639243],[26.914151,-26.889935],[27.582534,-26.737644],[27.459337,-25.885293],[28.293705,-25.317111],[28.098161,-25.009378],[27.182507,-24.990929],[26.397168,-24.613574],[25.912093,-24.747481],[25.583793,-25.60624],[24.748185,-25.81739],[23.266001,-25.266623],[22.615068,-26.10752]]]},"properties":{"featurecla":"Admin-1 scale rank","scalerank":2,"adm1_code":"ZAF-1201","diss_me":1201,"iso_3166_2":"ZA-NW","wikipedia":null,"iso_a2":"ZA","adm0_sr":1,"name":"North West","name_alt":"North-West|Noordwes","name_local":null,"type":"Provinsie","type_en":"Province","code_local":null,"code_hasc":"ZA.NW","note":"CSS 6, Formerly part of Transvaal, Cape of Good Hope","hasc_maybe":null,"region":null,"region_cod":null,"provnum_ne":9,"gadm_level":1,"check_me":20,"datarank":3,"abbrev":null,"postal":"NW","area_sqkm":0,"sameascity":-99,"labelrank":2,"name_len":10,"mapcolor9":4,"mapcolor13":2,"fips":"SF10","fips_alt":"SF10","woe_id":2346984,"woe_label":"North-west, ZA, South Africa","woe_name":"North West","latitude":-26.3999,"longitude":25.7403,"sov_a3":"ZAF","adm0_a3":"ZAF","adm0_label":2,"admin":"South Africa","geonunit":"South Africa","gu_a3":"ZAF","gn_id":1085598,"gn_name":"Province of North-West","gns_id":204239,"gns_name":"North-West","gn_level":1,"gn_region":null,"gn_a1_code":"ZA.10","region_sub":null,"sub_code":null,"gns_level":1,"gns_lang":"khm","gns_adm1":"SF10","gns_region":null,"min_label":4.6,"max_label":10.1,"min_zoom":4.6,"wikidataid":"Q165956","name_ar":"الشمالية الغربية","name_bn":"উত্তর পশ্চিম প্রদেশ","name_de":"Nordwest","name_en":"North West","name_es":"Noroeste","name_fr":"Nord-Ouest","name_el":"Βορειοδυτική Περιφέρεια","name_hi":"पश्चिमोत्तर प्रान्त","name_hu":"North West","name_id":"North West","name_it":"Nordovest","name_ja":"北西州","name_ko":"노스웨스트","name_nl":"Noordwest","name_pl":"Prowincja Północno-Zachodnia","name_pt":"Noroeste","name_ru":"Северо-Западная провинция","name_sv":"Nordvästprovinsen","name_tr":"Kuzeybatı","name_vi":"Tây Bắc","name_zh":"西北省","ne_id":1159309735,"name_he":"הפרובינציה הצפון-מערבית","name_uk":"Північно-Західна провінція","name_ur":"شمال مغربی","name_fa":"شمال غربی","name_zht":"西北省","FCLASS_ISO":null,"FCLASS_US":null,"FCLASS_FR":null,"FCLASS_RU":null,"FCLASS_ES":null,"FCLASS_CN":null,"FCLASS_TW":null,"FCLASS_IN":null,"FCLASS_NP":null,"FCLASS_PK":null,"FCLASS_DE":null,"FCLASS_GB":null,"FCLASS_BR":null,"FCLASS_IL":null,"FCLASS_PS":null,"FCLASS_SA":null,"FCLASS_EG":null,"FCLASS_MA":null,"FCLASS_PT":null,"FCLASS_AR":null,"FCLASS_JP":null,"FCLASS_KO":null,"FCLASS_VN":null,"FCLASS_TR":null,"FCLASS_ID":null,"FCLASS_PL":null,"FCLASS_GR":null,"FCLASS_IT":null,"FCLASS_NL":null,"FCLASS_SE":null,"FCLASS_BD":null,"FCLASS_UA":null,"FCLASS_TLC":null}},
{"type":"Feature","geometry":{"type":"Polygon","coordinates":[[[28.856255,-28.776073],[29.588923,-28.250162],[29.771237,-27.452329],[28.958574,-26.994993],[28.255826,-26.893604],[27.582534,-26.737644],[26.914151,-26.889935],[25.999788,-27.639243],[25.013492,-28.068209],[24.34082,-29.649043],[25.467469,-30.613118],[26.921799,-30.655338],[27.383487,-30.308481],[27.051713,-29.664029],[27.735599,-28.940094],[28.856255,-28.776073]]]},"properties":{"featurecla":"Admin-1 scale rank","scalerank":2,"adm1_code":"ZAF-1206","diss_me":1206,"iso_3166_2":"ZA-FS","wikipedia":null,"iso_a2":"ZA","adm0_sr":1,"name":"Free State","name_alt":"Orange Free State|Vrystaat","name_local":null,"type":"Provinsie","type_en":"Province","code_local":null,"code_hasc":"ZA.FS","note":null,"hasc_maybe":null,"region":null,"region_cod":null,"provnum_ne":7,"gadm_level":1,"check_me":20,"datarank":3,"abbrev":null,"postal":"FS","area_sqkm":0,"sameascity":-99,"labelrank":2,"name_len":17,"mapcolor9":4,"mapcolor13":2,"fips":"SF03","fips_alt":"SF03","woe_id":2346980,"woe_label":"Free State, ZA, South Africa","woe_name":"Orange Free State","latitude":-28.5815,"longitude":26.4914,"sov_a3":"ZAF","adm0_a3":"ZAF","adm0_label":2,"admin":"South Africa","geonunit":"South Africa","gu_a3":"ZAF","gn_id":967573,"gn_name":"Free State","gns_id":-1269735,"gns_name":"Free State","gn_level":1,"gn_region":null,"gn_a1_code":"ZA.03","region_sub":null,"sub_code":null,"gns_level":1,"gns_lang":"por","gns_adm1":"SF03","gns_region":null,"min_label":4.6,"max_label":10.1,"min_zoom":4.6,"wikidataid":"Q160284","name_ar":"فري ستيت","name_bn":"ফ্রি অঙ্গরাজ্য","name_de":"Freistaat","name_en":"Free State","name_es":"Estado Libre","name_fr":"État libre","name_el":"Ελεύθερο Κράτος της Οράγγης","name_hi":"फ़्री स्टेट प्रान्त","name_hu":"Szabadállam","name_id":"Free State","name_it":"Free State","name_ja":"フリーステイト州","name_ko":"프리스테이트","name_nl":"Vrijstaat","name_pl":"Wolne Państwo","name_pt":"Estado Livre","name_ru":"Фри-Стейт","name_sv":"Fristatsprovinsen","name_tr":"Özgür Devlet","name_vi":"Free State","name_zh":"自由邦省","ne_id":1159309739,"name_he":"המדינה החופשית","name_uk":"Вільна держава","name_ur":"آزاد ریاست","name_fa":"ایالت آزاد","name_zht":"自由邦省","FCLASS_ISO":null,"FCLASS_US":null,"FCLASS_FR":null,"FCLASS_RU":null,"FCLASS_ES":null,"FCLASS_CN":null,"FCLASS_TW":null,"FCLASS_IN":null,"FCLASS_NP":null,"FCLASS_PK":null,"FCLASS_DE":null,"FCLASS_GB":null,"FCLASS_BR":null,"FCLASS_IL":null,"FCLASS_PS":null,"FCLASS_SA":null,"FCLASS_EG":null,"FCLASS_MA":null,"FCLASS_PT":null,"FCLASS_AR":null,"FCLASS_JP":null,"FCLASS_KO":null,"FCLASS_VN":null,"FCLASS_TR":null,"FCLASS_ID":null,"FCLASS_PL":null,"FCLASS_GR":null,"FCLASS_IT":null,"FCLASS_NL":null,"FCLASS_SE":null,"FCLASS_BD":null,"FCLASS_UA":null,"FCLASS_TLC":null}},
{"type":"Feature","geometry":{"type":"Polygon","coordinates":[[[28.255826,-26.893604],[28.870133,-26.004923],[28.605727,-25.157896],[28.293705,-25.317111],[27.459337,-25.885293],[27.582534,-26.737644],[28.255826,-26.893604]]]},"properties":{"featurecla":"Admin-1 scale rank","scalerank":2,"adm1_code":"ZAF-1208","diss_me":1208,"iso_3166_2":"ZA-GT","wikipedia":null,"iso_a2":"ZA","adm0_sr":1,"name":"Gauteng","name_alt":"Pretoria/Witwatersrand/Vaal","name_local":null,"type":"Provinsie","type_en":"Province","code_local":null,"code_hasc":"ZA.GT","note":"CSS 7, Formerly part of Transvaal","hasc_maybe":null,"region":null,"region_cod":null,"provnum_ne":6,"gadm_level":1,"check_me":20,"datarank":3,"abbrev":null,"postal":"GT","area_sqkm":0,"sameascity":-99,"labelrank":2,"name_len":7,"mapcolor9":4,"mapcolor13":2,"fips":"SF06","fips_alt":"SF06","woe_id":2346981,"woe_label":"Gauteng, ZA, South Africa","woe_name":"Gauteng","latitude":-26.1682,"longitude":28.2074,"sov_a3":"ZAF","adm0_a3":"ZAF","adm0_label":2,"admin":"South Africa","geonunit":"South Africa","gu_a3":"ZAF","gn_id":1085594,"gn_name":"Gauteng","gns_id":204226,"gns_name":"Gauteng","gn_level":1,"gn_region":null,"gn_a1_code":"ZA.06","region_sub":null,"sub_code":null,"gns_level":1,"gns_lang":"khm","gns_adm1":"SF06","gns_region":null,"min_label":4.6,"max_label":10.1,"min_zoom":4.6,"wikidataid":"Q133083","name_ar":"خاوتينغ","name_bn":"গুটেং","name_de":"Gauteng","name_en":"Gauteng","name_es":"Gauteng","name_fr":"Gauteng","name_el":"Γκαουτένγκ","name_hi":"ख़ाउतेन्ग प्रान्त","name_hu":"Gauteng","name_id":"Gauteng","name_it":"Gauteng","name_ja":"ハウテン州","name_ko":"하우텡","name_nl":"Gauteng","name_pl":"Gauteng","name_pt":"Gauteng","name_ru":"Гаутенг","name_sv":"Gauteng","name_tr":"Gauteng","name_vi":"Gauteng","name_zh":"豪登省","ne_id":1159309741,"name_he":"חאוטנג","name_uk":"Гаутенг","name_ur":"گاؤتنگ","name_fa":"گائوتنگ","name_zht":"豪登省","FCLASS_ISO":null,"FCLASS_US":null,"FCLASS_FR":null,"FCLASS_RU":null,"FCLASS_ES":null,"FCLASS_CN":null,"FCLASS_TW":null,"FCLASS_IN":null,"FCLASS_NP":null,"FCLASS_PK":null,"FCLASS_DE":null,"FCLASS_GB":null,"FCLASS_BR":null,"FCLASS_IL":null,"FCLASS_PS":null,"FCLASS_SA":null,"FCLASS_EG":null,"FCLASS_MA":null,"FCLASS_PT":null,"FCLASS_AR":null,"FCLASS_JP":null,"FCLASS_KO":null,"FCLASS_VN":null,"FCLASS_TR":null,"FCLASS_ID":null,"FCLASS_PL":null,"FCLASS_GR":null,"FCLASS_IT":null,"FCLASS_NL":null,"FCLASS_SE":null,"FCLASS_BD":null,"FCLASS_UA":null,"FCLASS_TLC":null}},
{"type":"Feature","geometry":{"type":"Polygon","coordinates":[[[31.828014,-23.963832],[31.051096,-24.190178],[30.004234,-25.33221],[28.605727,-25.157896],[28.870133,-26.004923],[28.255826,-26.893604],[28.958574,-26.994993],[29.771237,-27.452329],[31.273988,-27.238389],[30.803371,-26.413426],[31.415116,-25.746542],[31.984539,-25.631975],[31.828014,-23.963832]]]},"properties":{"featurecla":"Admin-1 scale rank","scalerank":2,"adm1_code":"ZAF-1209","diss_me":1209,"iso_3166_2":"ZA-MP","wikipedia":null,"iso_a2":"ZA","adm0_sr":1,"name":"Mpumalanga","name_alt":"Eastern Transvaal","name_local":null,"type":"Provinsie","type_en":"Province","code_local":null,"code_hasc":"ZA.MP","note":"CSS 8, Formerly part of Transvaal","hasc_maybe":null,"region":null,"region_cod":null,"provnum_ne":8,"gadm_level":1,"check_me":20,"datarank":3,"abbrev":null,"postal":"MP","area_sqkm":0,"sameascity":-99,"labelrank":2,"name_len":10,"mapcolor9":4,"mapcolor13":2,"fips":"SF07","fips_alt":"SF07","woe_id":2346983,"woe_label":"Mpumalanga, ZA, South Africa","woe_name":"Mpumalanga","latitude":-25.9893,"longitude":30.1421,"sov_a3":"ZAF","adm0_a3":"ZAF","adm0_label":2,"admin":"South Africa","geonunit":"South Africa","gu_a3":"ZAF","gn_id":1085595,"gn_name":"Mpumalanga","gns_id":204230,"gns_name":"Mpumalanga","gn_level":1,"gn_region":null,"gn_a1_code":"ZA.07","region_sub":null,"sub_code":null,"gns_level":1,"gns_lang":"khm","gns_adm1":"SF07","gns_region":null,"min_label":4.6,"max_label":10.1,"min_zoom":4.6,"wikidataid":"Q132410","name_ar":"مبومالانجا","name_bn":"এম্পোমালাগা","name_de":"Mpumalanga","name_en":"Mpumalanga","name_es":"Mpumalanga","name_fr":"Mpumalanga","name_el":"Μπουμαλάνγκα","name_hi":"अमपूमलांगा प्रान्त","name_hu":"Mpumalanga","name_id":"Mpumalanga","name_it":"Mpumalanga","name_ja":"ムプマランガ州","name_ko":"음푸말랑가","name_nl":"Mpumalanga","name_pl":"Mpumalanga","name_pt":"Mpumalanga","name_ru":"Мпумаланга","name_sv":"Mpumalanga","name_tr":"Mpumalanga","name_vi":"Mpumalanga","name_zh":"普马兰加省","ne_id":1159309743,"name_he":"מפומלנגה","name_uk":"Мпумаланга","name_ur":"ماپومالانگا","name_fa":"امپومالانگا","name_zht":"普馬蘭加省","FCLASS_ISO":null,"FCLASS_US":null,"FCLASS_FR":null,"FCLASS_RU":null,"FCLASS_ES":null,"FCLASS_CN":null,"FCLASS_TW":null,"FCLASS_IN":null,"FCLASS_NP":null,"FCLASS_PK":null,"FCLASS_DE":null,"FCLASS_GB":null,"FCLASS_BR":null,"FCLASS_IL":null,"FCLASS_PS":null,"FCLASS_SA":null,"FCLASS_EG":null,"FCLASS_MA":null,"FCLASS_PT":null,"FCLASS_AR":null,"FCLASS_JP":null,"FCLASS_KO":null,"FCLASS_VN":null,"FCLASS_TR":null,"FCLASS_ID":null,"FCLASS_PL":null,"FCLASS_GR":null,"FCLASS_IT":null,"FCLASS_NL":null,"FCLASS_SE":null,"FCLASS_BD":null,"FCLASS_UA":null,"FCLASS_TLC":null}},
{"type":"Feature","geometry":{"type":"Polygon","coordinates":[[[31.828014,-23.963832],[31.287837,-22.402043],[29.66313,-22.146296],[28.210196,-22.693653],[27.146385,-23.524404],[26.397168,-24.613574],[27.182507,-24.990929],[28.098161,-25.009378],[28.293705,-25.317111],[28.605727,-25.157896],[30.004234,-25.33221],[31.051096,-24.190178],[31.828014,-23.963832]]]},"properties":{"featurecla":"Admin-1 scale rank","scalerank":2,"adm1_code":"ZAF-1210","diss_me":1210,"iso_3166_2":"ZA-LP","wikipedia":null,"iso_a2":"ZA","adm0_sr":1,"name":"Limpopo","name_alt":"Noordelike Provinsie|Northern Transvaal|Northern Province","name_local":null,"type":"Provinsie","type_en":"Province","code_local":null,"code_hasc":"ZA.NP","note":"CSS 9, Formerly part of Transvaal","hasc_maybe":null,"region":null,"region_cod":null,"provnum_ne":5,"gadm_level":1,"check_me":20,"datarank":3,"abbrev":null,"postal":"NP","area_sqkm":0,"sameascity":-99,"labelrank":2,"name_len":7,"mapcolor9":4,"mapcolor13":2,"fips":"SF09","fips_alt":"SF09","woe_id":2346986,"woe_label":"Limpopo, ZA, South Africa","woe_name":"Limpopo","latitude":-23.5859,"longitude":29.1301,"sov_a3":"ZAF","adm0_a3":"ZAF","adm0_label":2,"admin":"South Africa","geonunit":"South Africa","gu_a3":"ZAF","gn_id":1085597,"gn_name":"Limpopo","gns_id":204232,"gns_name":"Limpopo Province","gn_level":1,"gn_region":null,"gn_a1_code":"ZA.09","region_sub":null,"sub_code":null,"gns_level":1,"gns_lang":"khm","gns_adm1":"SF09","gns_region":null,"min_label":4.6,"max_label":10.1,"min_zoom":4.6,"wikidataid":"Q134907","name_ar":"ليمبوبو","name_bn":"লিম্পোপো","name_de":"Limpopo","name_en":"Limpopo","name_es":"Limpopo","name_fr":"Limpopo","name_el":"Λιμπόπο","name_hi":"लिम्पोपो प्रान्त","name_hu":"Limpopo","name_id":"Limpopo","name_it":"Limpopo","name_ja":"リンポポ州","name_ko":"림포포","name_nl":"Limpopo","name_pl":"Limpopo","name_pt":"Limpopo","name_ru":"Лимпопо","name_sv":"Limpopoprovinsen","name_tr":"Limpopo","name_vi":"Limpopo","name_zh":"林波波省","ne_id":1159309745,"name_he":"לימפופו","name_uk":"Лімпопо","name_ur":"لیمپوپو","name_fa":"لیمپوپو","name_zht":"林波波省","FCLASS_ISO":null,"FCLASS_US":null,"FCLASS_FR":null,"FCLASS_RU":null,"FCLASS_ES":null,"FCLASS_CN":null,"FCLASS_TW":null,"FCLASS_IN":null,"FCLASS_NP":null,"FCLASS_PK":null,"FCLASS_DE":null,"FCLASS_GB":null,"FCLASS_BR":null,"FCLASS_IL":null,"FCLASS_PS":null,"FCLASS_SA":null,"FCLASS_EG":null,"FCLASS_MA":null,"FCLASS_PT":null,"FCLASS_AR":null,"FCLASS_JP":null,"FCLASS_KO":null,"FCLASS_VN":null,"FCLASS_TR":null,"FCLASS_ID":null,"FCLASS_PL":null,"FCLASS_GR":null,"FCLASS_IT":null,"FCLASS_NL":null,"FCLASS_SE":null,"FCLASS_BD":null,"FCLASS_UA":null,"FCLASS_TLC":null}},
{"type":"Feature","geometry":{"type":"Polygon","coordinates":[[[31.273988,-27.238389],[29.771237,-27.452329],[29.588923,-28.250162],[28.856255,-28.776073],[29.301344,-29.089852],[29.014395,-29.976241],[29.162977,-30.554784],[30.194383,-31.074644],[31.335156,-29.378125],[32.285742,-28.621484],[32.886133,-26.849316],[31.994668,-26.817484],[31.273988,-27.238389]]]},"properties":{"featurecla":"Admin-1 scale rank","scalerank":2,"adm1_code":"ZAF-1216","diss_me":1216,"iso_3166_2":"ZA-NL","wikipedia":null,"iso_a2":"ZA","adm0_sr":1,"name":"KwaZulu-Natal","name_alt":"Natal and Zululand","name_local":null,"type":"Provinsie","type_en":"Province","code_local":null,"code_hasc":"ZA.NL","note":"CSS 5, Formerly part of Natal, Cape of Good Hope","hasc_maybe":null,"region":null,"region_cod":null,"provnum_ne":3,"gadm_level":1,"check_me":20,"datarank":3,"abbrev":null,"postal":"NL","area_sqkm":0,"sameascity":-99,"labelrank":2,"name_len":13,"mapcolor9":4,"mapcolor13":2,"fips":"SF02","fips_alt":"SF02","woe_id":2346982,"woe_label":"Kwazulu Natal, ZA, South Africa","woe_name":"KwaZulu-Natal","latitude":-28.7468,"longitude":30.8231,"sov_a3":"ZAF","adm0_a3":"ZAF","adm0_label":2,"admin":"South Africa","geonunit":"South Africa","gu_a3":"ZAF","gn_id":972062,"gn_name":"Province of KwaZulu-Natal","gns_id":-1264758,"gns_name":"KwaZulu-Natal","gn_level":1,"gn_region":null,"gn_a1_code":"ZA.02","region_sub":null,"sub_code":null,"gns_level":1,"gns_lang":"por","gns_adm1":"SF02","gns_region":null,"min_label":4.6,"max_label":10.1,"min_zoom":4.6,"wikidataid":"Q81725","name_ar":"كوازولو ناتال","name_bn":"কোয়া-জুলু নাটাল প্রদেশ","name_de":"KwaZulu-Natal","name_en":"KwaZulu-Natal","name_es":"KwaZulu-Natal","name_fr":"KwaZulu-Natal","name_el":"Κουαζούλου-Νατάλ","name_hi":"क्वाज़ूलू-नताल प्रान्त","name_hu":"KwaZulu-Natal","name_id":"KwaZulu-Natal","name_it":"KwaZulu-Natal","name_ja":"クワズール・ナタール州","name_ko":"콰줄루나탈","name_nl":"KwaZoeloe-Natal","name_pl":"KwaZulu-Natal","name_pt":"KwaZulu-Natal","name_ru":"Квазулу-Натал","name_sv":"KwaZulu-Natal","name_tr":"KwaZulu-Natal","name_vi":"KwaZulu-Natal","name_zh":"夸祖鲁-纳塔尔省","ne_id":1159309747,"name_he":"קוואזולו-נטאל","name_uk":"Квазулу-Наталь","name_ur":"کوازولو نیٹل","name_fa":"کوازولو-ناتال","name_zht":"誇祖魯-納塔爾省","FCLASS_ISO":null,"FCLASS_US":null,"FCLASS_FR":null,"FCLASS_RU":null,"FCLASS_ES":null,"FCLASS_CN":null,"FCLASS_TW":null,"FCLASS_IN":null,"FCLASS_NP":null,"FCLASS_PK":null,"FCLASS_DE":null,"FCLASS_GB":null,"FCLASS_BR":null,"FCLASS_IL":null,"FCLASS_PS":null,"FCLASS_SA":null,"FCLASS_EG":null,"FCLASS_MA":null,"FCLASS_PT":null,"FCLASS_AR":null,"FCLASS_JP":null,"FCLASS_KO":null,"FCLASS_VN":null,"FCLASS_TR":null,"FCLASS_ID":null,"FCLASS_PL":null,"FCLASS_GR":null,"FCLASS_IT":null,"FCLASS_NL":null,"FCLASS_SE":null,"FCLASS_BD":null,"FCLASS_UA":null,"FCLASS_TLC":null}},
{"type":"Feature","geometry":{"type":"Polygon","coordinates":[[[29.014395,-29.976241],[28.392097,-30.147565],[28.018166,-30.642315],[27.383487,-30.308481],[26.921799,-30.655338],[25.467469,-30.613118],[25.445507,-31.095156],[24.147033,-31.789894],[23.24254,-32.424532],[22.749547,-33.401578],[23.563399,-33.495991],[23.634909,-33.988504],[24.827148,-34.168945],[26.429492,-33.75957],[27.860645,-33.053906],[30.194383,-31.074644],[29.162977,-30.554784],[29.014395,-29.976241]]]},"properties":{"featurecla":"Admin-1 scale rank","scalerank":2,"adm1_code":"ZAF-1926","diss_me":1926,"iso_3166_2":"ZA-EC","wikipedia":null,"iso_a2":"ZA","adm0_sr":1,"name":"Eastern Cape","name_alt":"Oos-Kaap","name_local":null,"type":"Provinsie","type_en":"Province","code_local":null,"code_hasc":"ZA.EC","note":"CSS 2, Formerly part of Cape of Good Hope","hasc_maybe":null,"region":null,"region_cod":null,"provnum_ne":1,"gadm_level":1,"check_me":20,"datarank":3,"abbrev":null,"postal":"EC","area_sqkm":0,"sameascity":-99,"labelrank":2,"name_len":12,"mapcolor9":4,"mapcolor13":2,"fips":"SF05","fips_alt":"SF05","woe_id":2346979,"woe_label":"Eastern Cape, ZA, South Africa","woe_name":"Eastern Cape","latitude":-32.0622,"longitude":26.6417,"sov_a3":"ZAF","adm0_a3":"ZAF","adm0_label":2,"admin":"South Africa","geonunit":"South Africa","gu_a3":"ZAF","gn_id":1085593,"gn_name":"Province of Eastern Cape","gns_id":204039,"gns_name":"Eastern Cape","gn_level":1,"gn_region":null,"gn_a1_code":"ZA.05","region_sub":null,"sub_code":null,"gns_level":1,"gns_lang":"khm","gns_adm1":"SF05","gns_region":null,"min_label":4.6,"max_label":10.1,"min_zoom":4.6,"wikidataid":"Q130840","name_ar":"كيب الشرقية","name_bn":"পূর্ব কেপ","name_de":"Ostkap","name_en":"Eastern Cape","name_es":"Oriental del Cabo","name_fr":"Cap-Oriental","name_el":"Ανατολικότερο Ακρωτήριο","name_hi":"पूर्वी केप प्रान्त","name_hu":"Kelet-Fokföld","name_id":"Eastern Cape","name_it":"Capo Orientale","name_ja":"東ケープ州","name_ko":"이스턴케이프","name_nl":"Oost-Kaap","name_pl":"Prowincja Przylądkowa Wschodnia","name_pt":"Cabo Oriental","name_ru":"Восточно-Капская провинция","name_sv":"Östra Kapprovinsen","name_tr":"Doğu Kap","name_vi":"Đông Cape","name_zh":"东开普省","ne_id":1159311157,"name_he":"הכף המזרחי","name_uk":"Східна Капська провінція","name_ur":"مشرقی کیپ","name_fa":"کیپ شرقی","name_zht":"東開普省","FCLASS_ISO":null,"FCLASS_US":null,"FCLASS_FR":null,"FCLASS_RU":null,"FCLASS_ES":null,"FCLASS_CN":null,"FCLASS_TW":null,"FCLASS_IN":null,"FCLASS_NP":null,"FCLASS_PK":null,"FCLASS_DE":null,"FCLASS_GB":null,"FCLASS_BR":null,"FCLASS_IL":null,"FCLASS_PS":null,"FCLASS_SA":null,"FCLASS_EG":null,"FCLASS_MA":null,"FCLASS_PT":null,"FCLASS_AR":null,"FCLASS_JP":null,"FCLASS_KO":null,"FCLASS_VN":null,"FCLASS_TR":null,"FCLASS_ID":null,"FCLASS_PL":null,"FCLASS_GR":null,"FCLASS_IT":null,"FCLASS_NL":null,"FCLASS_SE":null,"FCLASS_BD":null,"FCLASS_UA":null,"FCLASS_TLC":null}},
{"type":"Feature","geometry":{"type":"Polygon","coordinates":[[[74.103545,15.644573],[74.186097,15.76573],[74.292448,16.528371],[76.210367,17.388913],[76.892909,18.144293],[77.551163,18.307875],[78.383567,19.684535],[79.93107,19.482532],[80.270377,18.71369],[80.575992,19.391969],[80.679034,21.351152],[80.186661,21.63948],[78.413333,21.606304],[77.578035,21.384457],[77.332985,21.774459],[76.614063,21.202479],[75.31192,21.38146],[74.12884,21.951761],[73.166315,20.114871],[72.947207,20.127402],[72.708984,20.078027],[72.870898,18.683057],[73.337598,16.459863],[73.678865,15.711175],[74.103545,15.644573]]]},"properties":{"featurecla":"Admin-1 scale rank","scalerank":2,"adm1_code":"IND-2447","diss_me":2447,"iso_3166_2":"IN-MH","wikipedia":null,"iso_a2":"IN","adm0_sr":1,"name":"Maharashtra","name_alt":null,"name_local":null,"type":"State","type_en":"State","code_local":null,"code_hasc":"IN.MH","note":null,"hasc_maybe":"IN.MP|IND-MHR","region":"West","region_cod":null,"provnum_ne":20055,"gadm_level":1,"check_me":20,"datarank":1,"abbrev":null,"postal":"MH","area_sqkm":0,"sameascity":-99,"labelrank":2,"name_len":11,"mapcolor9":2,"mapcolor13":2,"fips":"IN16","fips_alt":"IN35","woe_id":2345750,"woe_label":"Maharashtra, IN, India","woe_name":"Maharashtra","latitude":19.4723,"longitude":75.4647,"sov_a3":"IND","adm0_a3":"IND","adm0_label":2,"admin":"India","geonunit":"India","gu_a3":"IND","gn_id":1264418,"gn_name":"State of Maharashtra","gns_id":-2103151,"gns_name":"Maharashtra, State of","gn_level":1,"gn_region":null,"gn_a1_code":"IN.16","region_sub":null,"sub_code":null,"gns_level":1,"gns_lang":"nld","gns_adm1":"IN16","gns_region":null,"min_label":4.6,"max_label":10.1,"min_zoom":4.6,"wikidataid":"Q1191","name_ar":"ماهاراشترا","name_bn":"মহারাষ্ট্র","name_de":"Maharashtra","name_en":"Maharashtra","name_es":"Maharashtra","name_fr":"Maharashtra","name_el":"Μαχαράστρα","name_hi":"महाराष्ट्र","name_hu":"Mahárástra","name_id":"Maharashtra","name_it":"Maharashtra","name_ja":"マハーラーシュトラ州","name_ko":"마하라슈트라","name_nl":"Maharashtra","name_pl":"Maharasztra","name_pt":"Maharashtra","name_ru":"Махараштра","name_sv":"Maharashtra","name_tr":"Maharaştra","name_vi":"Maharashtra","name_zh":"马哈拉施特拉邦","ne_id":1159311891,"name_he":"מהאראשטרה","name_uk":"Махараштра","name_ur":"مہاراشٹر","name_fa":"مهاراشترا","name_zht":"馬哈拉什特拉邦","FCLASS_ISO":null,"FCLASS_US":null,"FCLASS_FR":null,"FCLASS_RU":null,"FCLASS_ES":null,"FCLASS_CN":null,"FCLASS_TW":null,"FCLASS_IN":null,"FCLASS_NP":null,"FCLASS_PK":null,"FCLASS_DE":null,"FCLASS_GB":null,"FCLASS_BR":null,"FCLASS_IL":null,"FCLASS_PS":null,"FCLASS_SA":null,"FCLASS_EG":null,"FCLASS_MA":null,"FCLASS_PT":null,"FCLASS_AR":null,"FCLASS_JP":null,"FCLASS_KO":null,"FCLASS_VN":null,"FCLASS_TR":null,"FCLASS_ID":null,"FCLASS_PL":null,"FCLASS_GR":null,"FCLASS_IT":null,"FCLASS_NL":null,"FCLASS_SE":null,"FCLASS_BD":null,"FCLASS_UA":null,"FCLASS_TLC":null}}
]}