{"type":"FeatureCollection", "features": [
{"type":"Feature","geometry":{"type":"Polygon","coordinates":[[[-121.378813,38.391688],[-121.378813,38.49331],[-121.13751,38.658364],[-121.239132,38.823496],[-121.315329,38.823496],[-121.467722,38.671102],[-121.593012,38.626428],[-121.582031,38.467885],[-121.480409,38.391688],[-121.378813,38.391688]]]},"properties":{"scalerank":3,"featurecla":"Urban area","area_sqkm":1002.565,"min_zoom":3.7}},
{"type":"Feature","geometry":{"type":"Polygon","coordinates":[[[-122.813919,38.505996],[-122.773069,38.38174],[-122.661525,38.455198],[-122.813919,38.505996]]]},"properties":{"scalerank":5,"featurecla":"Urban area","area_sqkm":165.187,"min_zoom":5}},
{"type":"Feature","geometry":null,"properties":{"scalerank":5,"featurecla":"Urban area","area_sqkm":90.565,"min_zoom":5}},
{"type":"Feature","geometry":{"type":"Polygon","coordinates":[[[-122.446293,37.578327],[-122.255116,37.413789],[-122.160729,37.370019],[-122.013813,37.210597],[-121.77251,37.235996],[-121.797909,37.362991],[-121.937616,37.553496],[-122.026525,37.616981],[-122.280515,37.934481],[-122.188014,38.015949],[-122.05704,37.873451],[-121.937616,37.985304],[-121.751168,37.933163],[-121.742305,38.006931],[-121.878007,38.040831],[-122.217031,38.04065],[-122.385444,37.960577],[-122.295992,37.790355],[-122.222198,37.732038],[-122.228658,37.563909],[-122.369709,37.655867],[-122.384101,37.788546],[-122.514222,37.771984],[-122.500037,37.615534],[-122.446293,37.578327]]]},"properties":{"scalerank":2,"featurecla":"Urban area","area_sqkm":2538.239,"min_zoom":3.6}},
{"type":"Feature","geometry":{"type":"Polygon","coordinates":[[[-121.226419,37.883683],[-121.213707,37.985304],[-121.277217,38.0869],[-121.404212,38.061501],[-121.429611,37.972592],[-121.328015,37.794799],[-121.226419,37.883683]]]},"properties":{"scalerank":5,"featurecla":"Urban area","area_sqkm":513.915,"min_zoom":5}},
{"type":"Feature","geometry":null,"properties":{"scalerank":5,"featurecla":"Urban area","area_sqkm":130.849,"min_zoom":5}},
{"type":"Feature","geometry":{"type":"Polygon","coordinates":[[[-121.790467,37.7324],[-121.995726,37.717646],[-121.937616,37.642406],[-121.793,37.643801],[-121.790467,37.7324]]]},"properties":{"scalerank":5,"featurecla":"Urban area","area_sqkm":257.994,"min_zoom":5}},
{"type":"Feature","geometry":{"type":"Polygon","coordinates":[[[-120.97243,37.756688],[-121.175621,37.718602],[-121.048626,37.578895],[-120.921632,37.629693],[-120.97243,37.756688]]]},"properties":{"scalerank":5,"featurecla":"Urban area","area_sqkm":321.66,"min_zoom":5}},
{"type":"Feature","geometry":{"type":"Polygon","coordinates":[[[-119.73757,36.889687],[-119.93102,36.842299],[-119.842111,36.689906],[-119.727829,36.664481],[-119.686565,36.758532],[-119.73757,36.889687]]]},"properties":{"scalerank":4,"featurecla":"Urban area","area_sqkm":400.914,"min_zoom":4}},
{"type":"Feature","geometry":null,"properties":{"scalerank":6,"featurecla":"Urban area","area_sqkm":98.624,"min_zoom":6}},
{"type":"Feature","geometry":{"type":"Polygon","coordinates":[[[-119.156313,35.330996],[-119.054717,35.280198],[-118.940409,35.369108],[-119.062029,35.450601],[-119.156313,35.330996]]]},"properties":{"scalerank":5,"featurecla":"Urban area","area_sqkm":205.378,"min_zoom":5}},
{"type":"Feature","geometry":{"type":"Polygon","coordinates":[[[-118.089531,34.734108],[-118.229212,34.721395],[-118.176321,34.582851],[-118.02602,34.569001],[-118.089531,34.734108]]]},"properties":{"scalerank":5,"featurecla":"Urban area","area_sqkm":230.252,"min_zoom":5}},
{"type":"Feature","geometry":null,"properties":{"scalerank":5,"featurecla":"Urban area","area_sqkm":128.154,"min_zoom":5}},
{"type":"Feature","geometry":null,"properties":{"scalerank":4,"featurecla":"Urban area","area_sqkm":146.481,"min_zoom":4}},
{"type":"Feature","geometry":{"type":"Polygon","coordinates":[[[-119.153057,34.149983],[-118.97852,34.264188],[-119.300103,34.334029],[-119.235843,34.164117],[-119.153057,34.149983]]]},"properties":{"scalerank":5,"featurecla":"Urban area","area_sqkm":357.917,"min_zoom":5}},
{"type":"Feature","geometry":{"type":"Polygon","coordinates":[[[-116.387722,33.794268],[-116.498336,33.873721],[-116.616313,33.832406],[-116.43511,33.708795],[-116.324212,33.667299],[-116.23737,33.77321],[-116.387722,33.794268]]]},"properties":{"scalerank":5,"featurecla":"Urban area","area_sqkm":395.988,"min_zoom":5}},
{"type":"Feature","geometry":{"type":"Polygon","coordinates":[[[-117.105534,32.510161],[-117.022722,32.448097],[-116.870329,32.448097],[-116.84493,32.524268],[-116.971924,32.638602],[-116.883015,32.854481],[-116.984611,32.905304],[-117.035409,33.159268],[-117.263018,33.287633],[-117.415644,33.227404],[-117.318828,33.100047],[-117.262966,32.938868],[-117.243484,32.664027],[-117.137392,32.64917],[-117.105534,32.510161]]]},"properties":{"scalerank":2,"featurecla":"Urban area","area_sqkm":2264.303,"min_zoom":3.6}},
{"type":"Feature","geometry":{"type":"Polygon","coordinates":[[[-117.575376,33.413542],[-117.632323,33.552991],[-117.568813,33.667299],[-117.746632,33.781608],[-117.70852,33.883203],[-117.79743,33.984799],[-117.594212,33.984799],[-117.64501,33.883203],[-117.568813,33.832406],[-117.378308,33.908602],[-117.213228,33.883203],[-117.07352,34.149906],[-117.213228,34.213364],[-117.47993,34.175304],[-117.949823,34.175304],[-118.254611,34.302299],[-118.508626,34.353097],[-118.407031,34.467406],[-118.572111,34.492804],[-118.624485,34.431904],[-118.559424,34.340385],[-118.708123,34.309508],[-118.902323,34.315012],[-118.965808,34.187991],[-118.838813,34.137193],[-118.654897,34.143291],[-118.562628,34.075827],[-118.392949,33.858295],[-118.410441,33.743935],[-118.264404,33.758612],[-118.080513,33.722154],[-117.883936,33.585806],[-117.575376,33.413542]]]},"properties":{"scalerank":2,"featurecla":"Urban area","area_sqkm":7355.678,"min_zoom":3.6}},
{"type":"Feature","geometry":{"type":"Polygon","coordinates":[[[-113.301864,53.579366],[-113.33995,53.64285],[-113.65745,53.668249],[-113.682849,53.490456],[-113.441571,53.42692],[-113.263753,53.515855],[-113.301864,53.579366]]]},"properties":{"scalerank":3,"featurecla":"Urban area","area_sqkm":519.308,"min_zoom":3.7}},
{"type":"Feature","geometry":{"type":"Polygon","coordinates":[[[-114.062774,51.161064],[-114.203566,51.191759],[-114.279763,51.115537],[-114.127369,50.899632],[-113.97495,50.912345],[-113.924152,51.128249],[-114.062774,51.161064]]]},"properties":{"scalerank":3,"featurecla":"Urban area","area_sqkm":560.573,"min_zoom":3.7}},
{"type":"Feature","geometry":null,"properties":{"scalerank":5,"featurecla":"Urban area","area_sqkm":88.265,"min_zoom":5}},
{"type":"Feature","geometry":null,"properties":{"scalerank":6,"featurecla":"Urban area","area_sqkm":131.718,"min_zoom":6}},
{"type":"Feature","geometry":{"type":"Polygon","coordinates":[[[-123.019901,49.141755],[-122.86495,49.108941],[-122.750667,49.159739],[-122.789554,49.310531],[-123.229424,49.260508],[-123.196351,49.147698],[-123.019901,49.141755]]]},"properties":{"scalerank":2,"featurecla":"Urban area","area_sqkm":605.255,"min_zoom":3.6}},
{"type":"Feature","geometry":null,"properties":{"scalerank":2,"featurecla":"Urban area","area_sqkm":75.235,"min_zoom":3.6}},
{"type":"Feature","geometry":null,"properties":{"scalerank":4,"featurecla":"Urban area","area_sqkm":99.388,"min_zoom":4}},
{"type":"Feature","geometry":{"type":"Polygon","coordinates":[[[-122.350278,47.760858],[-122.191864,47.851653],[-122.318471,47.933044],[-122.392886,47.820544],[-122.350278,47.760858]]]},"properties":{"scalerank":5,"featurecla":"Urban area","area_sqkm":303.924,"min_zoom":5}},
{"type":"Feature","geometry":{"type":"Polygon","coordinates":[[[-117.162662,47.724632],[-117.327768,47.737345],[-117.365854,47.838941],[-117.53096,47.76277],[-117.53096,47.648461],[-117.378566,47.597663],[-117.239634,47.623838],[-117.162662,47.724632]]]},"properties":{"scalerank":4,"featurecla":"Urban area","area_sqkm":448.7,"min_zoom":4}},
{"type":"Feature","geometry":null,"properties":{"scalerank":4,"featurecla":"Urban area","area_sqkm":81.907,"min_zoom":4}},
{"type":"Feature","geometry":null,"properties":{"scalerank":5,"featurecla":"Urban area","area_sqkm":144.034,"min_zoom":5}},
{"type":"Feature","geometry":{"type":"Polygon","coordinates":[[[-122.563056,47.21518],[-122.54745,47.12777],[-122.420455,47.102345],[-122.280748,47.140456],[-122.174036,47.354164],[-122.255349,47.496068],[-122.353818,47.371579],[-122.542179,47.275564],[-122.563056,47.21518]]]},"properties":{"scalerank":2,"featurecla":"Urban area","area_sqkm":894.278,"min_zoom":3.6}},
{"type":"Feature","geometry":null,"properties":{"scalerank":6,"featurecla":"Urban area","area_sqkm":79.888,"min_zoom":6}},
{"type":"Feature","geometry":null,"properties":{"scalerank":4,"featurecla":"Urban area","area_sqkm":70.067,"min_zoom":4}},
{"type":"Feature","geometry":null,"properties":{"scalerank":5,"featurecla":"Urban area","area_sqkm":158.401,"min_zoom":5}},
{"type":"Feature","geometry":null,"properties":{"scalerank":5,"featurecla":"Urban area","area_sqkm":140.295,"min_zoom":5}},
{"type":"Feature","geometry":{"type":"Polygon","coordinates":[[[-122.384436,45.516912],[-122.522051,45.692663],[-122.67447,45.743461],[-122.826864,45.578355],[-123.030056,45.54027],[-122.877662,45.413249],[-122.598248,45.324366],[-122.483965,45.464047],[-122.384436,45.516912]]]},"properties":{"scalerank":3,"featurecla":"Urban area","area_sqkm":1305.918,"min_zoom":3.7}},
{"type":"Feature","geometry":null,"properties":{"scalerank":4,"featurecla":"Urban area","area_sqkm":146.679,"min_zoom":4}},
{"type":"Feature","geometry":null,"properties":{"scalerank":5,"featurecla":"Urban area","area_sqkm":141.223,"min_zoom":5}},
{"type":"Feature","geometry":{"type":"Polygon","coordinates":[[[-116.184763,43.673355],[-116.349869,43.711441],[-116.426066,43.597132],[-116.133965,43.546335],[-116.184763,43.673355]]]},"properties":{"scalerank":3,"featurecla":"Urban area","area_sqkm":273.232,"min_zoom":3.7}},
{"type":"Feature","geometry":null,"properties":{"scalerank":5,"featurecla":"Urban area","area_sqkm":138.052,"min_zoom":5}},
{"type":"Feature","geometry":{"type":"Polygon","coordinates":[[[-112.095349,41.171441],[-111.993753,41.044446],[-111.930268,41.273037],[-112.044551,41.285749],[-112.095349,41.171441]]]},"properties":{"scalerank":5,"featurecla":"Urban area","area_sqkm":279.315,"min_zoom":5}},
{"type":"Feature","geometry":{"type":"Polygon","coordinates":[[[-112.057599,40.739994],[-112.057599,40.669456],[-111.942955,40.498355],[-111.790561,40.599951],[-111.828647,40.790456],[-111.945978,40.891148],[-112.057599,40.739994]]]},"properties":{"scalerank":3,"featurecla":"Urban area","area_sqkm":717.95,"min_zoom":3.7}},
{"type":"Feature","geometry":null,"properties":{"scalerank":5,"featurecla":"Urban area","area_sqkm":197.425,"min_zoom":5}},
{"type":"Feature","geometry":{"type":"Polygon","coordinates":[[[-119.75346,39.418835],[-119.651864,39.596653],[-119.809762,39.614792],[-119.905854,39.520456],[-119.75346,39.418835]]]},"properties":{"scalerank":4,"featurecla":"Urban area","area_sqkm":306.921,"min_zoom":4}},
{"type":"Feature","geometry":null,"properties":{"scalerank":6,"featurecla":"Urban area","area_sqkm":77.051,"min_zoom":6}},
{"type":"Feature","geometry":null,"properties":{"scalerank":4,"featurecla":"Urban area","area_sqkm":89.581,"min_zoom":4}},
{"type":"Feature","geometry":{"type":"Polygon","coordinates":[[[-97.141998,49.786264],[-97.002291,49.913284],[-97.053089,49.989455],[-97.205482,49.976769],[-97.332477,49.875147],[-97.141998,49.786264]]]},"properties":{"scalerank":3,"featurecla":"Urban area","area_sqkm":326.536,"min_zoom":3.7}},
{"type":"Feature","geometry":null,"properties":{"scalerank":3,"featurecla":"Urban area","area_sqkm":151.975,"min_zoom":3.7}},
{"type":"Feature","geometry":null,"properties":{"scalerank":5,"featurecla":"Urban area","area_sqkm":123.781,"min_zoom":5}},
{"type":"Feature","geometry":null,"properties":{"scalerank":3,"featurecla":"Urban area","area_sqkm":86.605,"min_zoom":3.7}},
{"type":"Feature","geometry":{"type":"Polygon","coordinates":[[[-71.208594,46.954163],[-71.399073,47.004935],[-71.526094,46.890678],[-71.387317,46.763296],[-71.16286,46.88489],[-71.208594,46.954163]]]},"properties":{"scalerank":3,"featurecla":"Urban area","area_sqkm":374.876,"min_zoom":3.7}},
{"type":"Feature","geometry":{"type":"Polygon","coordinates":[[[-92.188993,46.725572],[-92.061998,46.852567],[-92.227104,46.852567],[-92.188993,46.725572]]]},"properties":{"scalerank":5,"featurecla":"Urban area","area_sqkm":165.611,"min_zoom":5}},
{"type":"Feature","geometry":null,"properties":{"scalerank":5,"featurecla":"Urban area","area_sqkm":91.198,"min_zoom":5}},
{"type":"Feature","geometry":null,"properties":{"scalerank":5,"featurecla":"Urban area","area_sqkm":134.542,"min_zoom":5}},
{"type":"Feature","geometry":null,"properties":{"scalerank":5,"featurecla":"Urban area","area_sqkm":105.361,"min_zoom":5}},
{"type":"Feature","geometry":null,"properties":{"scalerank":5,"featurecla":"Urban area","area_sqkm":202.511,"min_zoom":5}},
{"type":"Feature","geometry":null,"properties":{"scalerank":4,"featurecla":"Urban area","area_sqkm":108.908,"min_zoom":4}},
{"type":"Feature","geometry":{"type":"Polygon","coordinates":[[[-75.780589,45.315865],[-75.615482,45.328551],[-75.602796,45.404774],[-75.805988,45.531769],[-75.882184,45.44286],[-75.780589,45.315865]]]},"properties":{"scalerank":3,"featurecla":"Urban area","area_sqkm":501.081,"min_zoom":3.7}},
{"type":"Feature","geometry":null,"properties":{"scalerank":5,"featurecla":"Urban area","area_sqkm":123.448,"min_zoom":5}},
{"type":"Feature","geometry":null,"properties":{"scalerank":5,"featurecla":"Urban area","area_sqkm":126.88,"min_zoom":5}},
{"type":"Feature","geometry":null,"properties":{"scalerank":5,"featurecla":"Urban area","area_sqkm":118.179,"min_zoom":5}},
{"type":"Feature","geometry":{"type":"Polygon","coordinates":[[[-63.474285,44.693551],[-63.702902,44.80786],[-63.702902,44.642753],[-63.561774,44.616192],[-63.474285,44.693551]]]},"properties":{"scalerank":5,"featurecla":"Urban area","area_sqkm":215,"min_zoom":5}},
{"type":"Feature","geometry":{"type":"Polygon","coordinates":[[[-88.01873,44.57113],[-88.150402,44.541158],[-88.099604,44.426849],[-87.934498,44.477647],[-88.01873,44.57113]]]},"properties":{"scalerank":5,"featurecla":"Urban area","area_sqkm":231.984,"min_zoom":5}},
{"type":"Feature","geometry":null,"properties":{"scalerank":5,"featurecla":"Urban area","area_sqkm":188.058,"min_zoom":5}},
{"type":"Feature","geometry":null,"properties":{"scalerank":4,"featurecla":"Urban area","area_sqkm":92.224,"min_zoom":4}},
{"type":"Feature","geometry":null,"properties":{"scalerank":5,"featurecla":"Urban area","area_sqkm":88.77,"min_zoom":5}},
{"type":"Feature","geometry":{"type":"Polygon","coordinates":[[[-79.235597,43.880164],[-79.488993,43.893471],[-79.666785,43.779163],[-79.844604,43.728365],[-79.742982,43.499774],[-80.022397,43.22036],[-79.74275,43.198087],[-79.774169,43.319837],[-79.569065,43.578271],[-79.302777,43.689685],[-79.006774,43.850347],[-79.082583,43.91887],[-79.235597,43.880164]]]},"properties":{"scalerank":2,"featurecla":"Urban area","area_sqkm":2149.716,"min_zoom":3.6}},
{"type":"Feature","geometry":null,"properties":{"scalerank":5,"featurecla":"Urban area","area_sqkm":152.579,"min_zoom":5}},
{"type":"Feature","geometry":null,"properties":{"scalerank":5,"featurecla":"Urban area","area_sqkm":94.41,"min_zoom":5}},
{"type":"Feature","geometry":null,"properties":{"scalerank":5,"featurecla":"Urban area","area_sqkm":150.649,"min_zoom":5}},
{"type":"Feature","geometry":{"type":"Polygon","coordinates":[[[-80.360438,43.345882],[-80.377982,43.436264],[-80.499655,43.51967],[-80.593886,43.436264],[-80.360438,43.345882]]]},"properties":{"scalerank":5,"featurecla":"Urban area","area_sqkm":250.409,"min_zoom":5}},
{"type":"Feature","geometry":null,"properties":{"scalerank":5,"featurecla":"Urban area","area_sqkm":133.454,"min_zoom":5}},
{"type":"Feature","geometry":{"type":"Polygon","coordinates":[[[-77.624585,43.27909],[-77.774498,43.22036],[-77.787184,43.106051],[-77.418886,43.02988],[-77.428059,43.139977],[-77.529061,43.267385],[-77.624585,43.27909]]]},"properties":{"scalerank":4,"featurecla":"Urban area","area_sqkm":618.653,"min_zoom":4}},
{"type":"Feature","geometry":{"type":"Polygon","coordinates":[[[-87.845537,42.953089],[-87.893389,43.041094],[-87.899668,43.274568],[-87.987027,43.263148],[-88.124977,43.106051],[-88.216109,43.070188],[-88.149859,42.955931],[-88.046481,42.905547],[-87.832463,42.881595],[-87.845537,42.953089]]]},"properties":{"scalerank":3,"featurecla":"Urban area","area_sqkm":895.174,"min_zoom":3.7}},
{"type":"Feature","geometry":null,"properties":{"scalerank":3,"featurecla":"Urban area","area_sqkm":13.54,"min_zoom":3.7}},
{"type":"Feature","geometry":null,"properties":{"scalerank":3,"featurecla":"Urban area","area_sqkm":29.706,"min_zoom":3.7}},
{"type":"Feature","geometry":{"type":"Polygon","coordinates":[[[-79.312647,43.202996],[-79.260402,43.093365],[-79.15878,43.118764],[-78.908175,43.070317],[-78.919699,42.948206],[-78.85562,42.714887],[-78.718316,42.80222],[-78.638089,42.953658],[-78.663488,43.042567],[-78.781077,43.064659],[-79.069897,43.207647],[-79.219784,43.239428],[-79.312647,43.202996]]]},"properties":{"scalerank":3,"featurecla":"Urban area","area_sqkm":1018.961,"min_zoom":3.7}},
{"type":"Feature","geometry":{"type":"Polygon","coordinates":[[[-76.009179,43.017168],[-76.098089,43.169562],[-76.263195,43.156849],[-76.263195,43.02988],[-76.161573,42.991769],[-76.009179,43.017168]]]},"properties":{"scalerank":4,"featurecla":"Urban area","area_sqkm":323.071,"min_zoom":4}},
{"type":"Feature","geometry":{"type":"Polygon","coordinates":[[[-89.316946,43.133311],[-89.547397,43.106051],[-89.449832,43.016289],[-89.293381,43.055253],[-89.316946,43.133311]]]},"properties":{"scalerank":5,"featurecla":"Urban area","area_sqkm":170.576,"min_zoom":5}},
{"type":"Feature","geometry":null,"properties":{"scalerank":4,"featurecla":"Urban area","area_sqkm":100.778,"min_zoom":4}},
{"type":"Feature","geometry":{"type":"Polygon","coordinates":[[[-83.604891,42.986524],[-83.654604,43.131476],[-83.776147,43.075252],[-83.806998,42.991769],[-83.604891,42.986524]]]},"properties":{"scalerank":5,"featurecla":"Urban area","area_sqkm":295.191,"min_zoom":5}},
{"type":"Feature","geometry":{"type":"Polygon","coordinates":[[[-85.550871,42.99412],[-85.673886,43.080678],[-85.813594,42.90286],[-85.6612,42.839349],[-85.550845,42.881414],[-85.550871,42.99412]]]},"properties":{"scalerank":5,"featurecla":"Urban area","area_sqkm":434.252,"min_zoom":5}},
{"type":"Feature","geometry":null,"properties":{"scalerank":5,"featurecla":"Urban area","area_sqkm":171.894,"min_zoom":5}},
{"type":"Feature","geometry":null,"properties":{"scalerank":5,"featurecla":"Urban area","area_sqkm":188.572,"min_zoom":5}},
{"type":"Feature","geometry":null,"properties":{"scalerank":5,"featurecla":"Urban area","area_sqkm":122.801,"min_zoom":5}},
{"type":"Feature","geometry":null,"properties":{"scalerank":2,"featurecla":"Urban area","area_sqkm":97.398,"min_zoom":3.6}},
{"type":"Feature","geometry":{"type":"Polygon","coordinates":[[[-73.9137,42.71238],[-73.748594,42.610759],[-73.646998,42.737753],[-73.9137,42.890173],[-74.027982,42.864774],[-73.9137,42.71238]]]},"properties":{"scalerank":5,"featurecla":"Urban area","area_sqkm":541.271,"min_zoom":5}},
{"type":"Feature","geometry":{"type":"Polygon","coordinates":[[[-70.843965,42.574637],[-71.018089,42.636158],[-71.094285,42.725067],[-71.030775,42.788551],[-71.119684,42.864774],[-71.272104,42.826663],[-71.259392,42.71238],[-71.399073,42.71238],[-71.428425,42.816379],[-71.576892,42.813976],[-71.513381,42.699668],[-71.308381,42.498207],[-71.348275,42.356769],[-71.564179,42.420253],[-71.6912,42.33137],[-71.843594,42.344057],[-71.868993,42.191663],[-71.716573,42.217062],[-71.513381,42.318658],[-71.360316,42.259695],[-71.284791,42.064668],[-71.3737,42.01387],[-71.551493,42.026557],[-71.538806,41.75988],[-71.602291,41.670971],[-71.482763,41.609399],[-71.303265,41.765435],[-71.322902,41.874163],[-71.142319,42.101927],[-71.081573,42.026557],[-70.840296,42.140865],[-70.896287,42.280314],[-71.046175,42.331112],[-70.930445,42.431984],[-70.843965,42.574637]]]},"properties":{"scalerank":2,"featurecla":"Urban area","area_sqkm":4308.087,"min_zoom":3.6}},
{"type":"Feature","geometry":null,"properties":{"scalerank":5,"featurecla":"Urban area","area_sqkm":191.028,"min_zoom":5}},
{"type":"Feature","geometry":{"type":"Polygon","coordinates":[[[-83.142129,42.22763],[-82.925992,42.375502],[-82.796,42.589132],[-82.828091,42.698867],[-83.056139,42.732947],[-83.489498,42.763178],[-83.578381,42.521849],[-83.514897,42.293259],[-83.819684,42.318658],[-83.781599,42.217062],[-83.311679,42.178976],[-83.183237,42.108179],[-83.142129,42.22763]]]},"properties":{"scalerank":2,"featurecla":"Urban area","area_sqkm":3398.854,"min_zoom":3.6}},
{"type":"Feature","geometry":null,"properties":{"scalerank":5,"featurecla":"Urban area","area_sqkm":123.8,"min_zoom":5}},
{"type":"Feature","geometry":{"type":"Polygon","coordinates":[[[-84.518195,42.636158],[-84.403886,42.71238],[-84.416599,42.788551],[-84.561577,42.789895],[-84.670589,42.725067],[-84.518195,42.636158]]]},"properties":{"scalerank":5,"featurecla":"Urban area","area_sqkm":241.654,"min_zoom":5}},
{"type":"Feature","geometry":null,"properties":{"scalerank":5,"featurecla":"Urban area","area_sqkm":115.67,"min_zoom":5}},
{"type":"Feature","geometry":{"type":"Polygon","coordinates":[[[-89.016163,42.373641],[-89.1537,42.280572],[-89.077477,42.204349],[-88.975881,42.242435],[-89.016163,42.373641]]]},"properties":{"scalerank":5,"featurecla":"Urban area","area_sqkm":203.726,"min_zoom":5}},
{"type":"Feature","geometry":null,"properties":{"scalerank":5,"featurecla":"Urban area","area_sqkm":109.958,"min_zoom":5}},
{"type":"Feature","geometry":null,"properties":{"scalerank":5,"featurecla":"Urban area","area_sqkm":137.325,"min_zoom":5}},
{"type":"Feature","geometry":null,"properties":{"scalerank":5,"featurecla":"Urban area","area_sqkm":101.78,"min_zoom":5}},
{"type":"Feature","geometry":null,"properties":{"scalerank":5,"featurecla":"Urban area","area_sqkm":129.917,"min_zoom":5}},
{"type":"Feature","geometry":null,"properties":{"scalerank":2,"featurecla":"Urban area","area_sqkm":91.216,"min_zoom":3.6}},
{"type":"Feature","geometry":null,"properties":{"scalerank":5,"featurecla":"Urban area","area_sqkm":120.291,"min_zoom":5}},
{"type":"Feature","geometry":null,"properties":{"scalerank":2,"featurecla":"Urban area","area_sqkm":77.196,"min_zoom":3.6}},
{"type":"Feature","geometry":{"type":"Polygon","coordinates":[[[-86.14378,41.69637],[-86.2962,41.772567],[-86.334285,41.683658],[-86.233775,41.625031],[-86.14378,41.69637]]]},"properties":{"scalerank":5,"featurecla":"Urban area","area_sqkm":149.463,"min_zoom":5}},
{"type":"Feature","geometry":{"type":"Polygon","coordinates":[[[-83.456218,41.742465],[-83.601894,41.76727],[-83.7562,41.721769],[-83.731447,41.587772],[-83.629179,41.531264],[-83.451386,41.620173],[-83.456218,41.742465]]]},"properties":{"scalerank":5,"featurecla":"Urban area","area_sqkm":529.05,"min_zoom":5}},
{"type":"Feature","geometry":null,"properties":{"scalerank":5,"featurecla":"Urban area","area_sqkm":64.404,"min_zoom":5}},
{"type":"Feature","geometry":{"type":"Polygon","coordinates":[[[-81.637208,41.548446],[-81.723197,41.510955],[-81.988297,41.505581],[-81.990881,41.404269],[-81.774977,41.302673],[-81.584498,41.353471],[-81.457477,41.251849],[-81.660695,41.162966],[-81.660695,41.010572],[-81.47019,40.959774],[-81.412596,41.028271],[-81.406679,41.226476],[-81.444791,41.353471],[-81.406679,41.620173],[-81.447064,41.671462],[-81.637208,41.548446]]]},"properties":{"scalerank":3,"featurecla":"Urban area","area_sqkm":1921.262,"min_zoom":3.7}},
{"type":"Feature","geometry":null,"properties":{"scalerank":2,"featurecla":"Urban area","area_sqkm":81.997,"min_zoom":3.6}},
{"type":"Feature","geometry":null,"properties":{"scalerank":2,"featurecla":"Urban area","area_sqkm":130.85,"min_zoom":3.6}},
{"type":"Feature","geometry":{"type":"Polygon","coordinates":[[[-93.789179,41.582062],[-93.64986,41.540591],[-93.547902,41.607435],[-93.677455,41.669912],[-93.789179,41.582062]]]},"properties":{"scalerank":3,"featurecla":"Urban area","area_sqkm":147.684,"min_zoom":3.7}},
{"type":"Feature","geometry":null,"properties":{"scalerank":5,"featurecla":"Urban area","area_sqkm":122.429,"min_zoom":5}},
{"type":"Feature","geometry":{"type":"Polygon","coordinates":[[[-90.534391,41.441295],[-90.4237,41.480466],[-90.410988,41.569349],[-90.614179,41.582062],[-90.652291,41.505865],[-90.534391,41.441295]]]},"properties":{"scalerank":5,"featurecla":"Urban area","area_sqkm":257.869,"min_zoom":5}},
{"type":"Feature","geometry":{"type":"Polygon","coordinates":[[[-75.639305,41.501085],[-75.996493,41.213764],[-75.831386,41.226476],[-75.590083,41.455067],[-75.639305,41.501085]]]},"properties":{"scalerank":5,"featurecla":"Urban area","area_sqkm":373.318,"min_zoom":5}},
{"type":"Feature","geometry":{"type":"Polygon","coordinates":[[[-82.237791,41.466849],[-82.156504,41.366468],[-82.057802,41.375666],[-82.055218,41.499224],[-82.237791,41.466849]]]},"properties":{"scalerank":5,"featurecla":"Urban area","area_sqkm":184.708,"min_zoom":5}},
{"type":"Feature","geometry":null,"properties":{"scalerank":2,"featurecla":"Urban area","area_sqkm":90.236,"min_zoom":3.6}},
{"type":"Feature","geometry":{"type":"Polygon","coordinates":[[[-95.98628,41.175678],[-95.8212,41.264562],[-95.842387,41.319571],[-96.011679,41.366158],[-96.189498,41.213764],[-95.98628,41.175678]]]},"properties":{"scalerank":3,"featurecla":"Urban area","area_sqkm":461.977,"min_zoom":3.7}},
{"type":"Feature","geometry":{"type":"Polygon","coordinates":[[[-85.213915,41.128446],[-85.148466,41.016722],[-85.0262,41.06137],[-85.051599,41.162966],[-85.213915,41.128446]]]},"properties":{"scalerank":5,"featurecla":"Urban area","area_sqkm":241.402,"min_zoom":5}},
{"type":"Feature","geometry":{"type":"Polygon","coordinates":[[[-81.354693,40.884766],[-81.444791,40.934349],[-81.559099,40.781955],[-81.419728,40.758546],[-81.354693,40.884766]]]},"properties":{"scalerank":5,"featurecla":"Urban area","area_sqkm":239.031,"min_zoom":5}},
{"type":"Feature","geometry":null,"properties":{"scalerank":5,"featurecla":"Urban area","area_sqkm":83.617,"min_zoom":5}},
{"type":"Feature","geometry":{"type":"Polygon","coordinates":[[[-89.572796,40.80738],[-89.674392,40.769269],[-89.712477,40.553365],[-89.598195,40.566051],[-89.534684,40.693072],[-89.572796,40.80738]]]},"properties":{"scalerank":5,"featurecla":"Urban area","area_sqkm":281.213,"min_zoom":5}},
{"type":"Feature","geometry":{"type":"Polygon","coordinates":[[[-79.704897,40.642274],[-79.908089,40.540678],[-80.060482,40.616849],[-80.123993,40.527966],[-80.339897,40.781955],[-80.352583,40.667673],[-80.047796,40.299349],[-79.88269,40.286663],[-79.704897,40.464455],[-79.781094,40.515253],[-79.704897,40.642274]]]},"properties":{"scalerank":3,"featurecla":"Urban area","area_sqkm":1232.131,"min_zoom":3.7}},
{"type":"Feature","geometry":{"type":"Polygon","coordinates":[[[-75.336094,40.705759],[-75.513886,40.705759],[-75.628195,40.578764],[-75.488488,40.527966],[-75.310695,40.616849],[-75.336094,40.705759]]]},"properties":{"scalerank":5,"featurecla":"Urban area","area_sqkm":322.79,"min_zoom":5}},
{"type":"Feature","geometry":{"type":"Polygon","coordinates":[[[-105.041386,40.502567],[-105.003301,40.591476],[-105.105233,40.645375],[-105.181094,40.540678],[-105.041386,40.502567]]]},"properties":{"scalerank":5,"featurecla":"Urban area","area_sqkm":148.901,"min_zoom":5}},
{"type":"Feature","geometry":{"type":"Polygon","coordinates":[[[-75.907583,40.451769],[-76.034604,40.312062],[-75.831386,40.299349],[-75.907583,40.451769]]]},"properties":{"scalerank":5,"featurecla":"Urban area","area_sqkm":200.245,"min_zoom":5}},
{"type":"Feature","geometry":{"type":"Polygon","coordinates":[[[-76.745775,40.299349],[-76.783886,40.36286],[-76.936306,40.350173],[-77.063275,40.248551],[-77.037902,40.197753],[-76.733089,40.185067],[-76.745775,40.299349]]]},"properties":{"scalerank":5,"featurecla":"Urban area","area_sqkm":476.003,"min_zoom":5}},
{"type":"Feature","geometry":{"type":"Polygon","coordinates":[[[-82.841811,40.051664],[-82.892583,40.159668],[-83.146599,40.185067],[-83.18763,40.057194],[-83.171998,39.918365],[-82.957515,39.861004],[-82.778301,39.956476],[-82.841811,40.051664]]]},"properties":{"scalerank":4,"featurecla":"Urban area","area_sqkm":917.921,"min_zoom":4}},
{"type":"Feature","geometry":null,"properties":{"scalerank":5,"featurecla":"Urban area","area_sqkm":90.968,"min_zoom":5}},
{"type":"Feature","geometry":{"type":"Polygon","coordinates":[[[-104.80352,39.51578],[-104.736599,39.626264],[-104.749285,39.804057],[-104.863594,39.85488],[-104.876306,39.931051],[-105.066785,39.981849],[-105.219179,40.096158],[-105.358886,40.04536],[-105.168381,39.892966],[-105.257291,39.753259],[-105.142982,39.575466],[-105.015988,39.524668],[-104.80352,39.51578]]]},"properties":{"scalerank":2,"featurecla":"Urban area","area_sqkm":1936.035,"min_zoom":3.6}},
{"type":"Feature","geometry":{"type":"Polygon","coordinates":[[[-85.927902,39.956476],[-86.004099,40.04536],[-86.283488,39.969163],[-86.308886,39.842168],[-86.385083,39.753259],[-86.194604,39.600865],[-86.092982,39.588178],[-86.054897,39.715173],[-85.953301,39.778658],[-85.927902,39.956476]]]},"properties":{"scalerank":4,"featurecla":"Urban area","area_sqkm":1149.145,"min_zoom":4}},
{"type":"Feature","geometry":null,"properties":{"scalerank":5,"featurecla":"Urban area","area_sqkm":115.123,"min_zoom":5}},
{"type":"Feature","geometry":{"type":"Polygon","coordinates":[[[-84.140518,39.902319],[-84.32769,39.892966],[-84.276892,39.715173],[-84.200695,39.600865],[-84.035589,39.715173],[-84.01019,39.842168],[-84.140518,39.902319]]]},"properties":{"scalerank":4,"featurecla":"Urban area","area_sqkm":645.265,"min_zoom":4}},
{"type":"Feature","geometry":null,"properties":{"scalerank":5,"featurecla":"Urban area","area_sqkm":129.271,"min_zoom":5}},
{"type":"Feature","geometry":null,"properties":{"scalerank":5,"featurecla":"Urban area","area_sqkm":127.948,"min_zoom":5}},
{"type":"Feature","geometry":null,"properties":{"scalerank":4,"featurecla":"Urban area","area_sqkm":73.167,"min_zoom":4}},
{"type":"Feature","geometry":null,"properties":{"scalerank":2,"featurecla":"Urban area","area_sqkm":101.834,"min_zoom":3.6}},
{"type":"Feature","geometry":{"type":"Polygon","coordinates":[[[-74.4539,39.430358],[-74.535988,39.499269],[-74.662982,39.486557],[-74.615182,39.294527],[-74.428836,39.387183],[-74.4539,39.430358]]]},"properties":{"scalerank":5,"featurecla":"Urban area","area_sqkm":279.561,"min_zoom":5}},
{"type":"Feature","geometry":{"type":"Polygon","coordinates":[[[-84.684619,38.996276],[-84.264179,39.09286],[-84.340402,39.181769],[-84.264179,39.296051],[-84.35314,39.363722],[-84.64519,39.334163],[-84.684619,38.996276]]]},"properties":{"scalerank":3,"featurecla":"Urban area","area_sqkm":1267.739,"min_zoom":3.7}},
{"type":"Feature","geometry":{"type":"Polygon","coordinates":[[[-94.347982,39.054774],[-94.380952,39.142469],[-94.525801,39.257966],[-94.703594,39.270678],[-94.80519,39.169057],[-94.855988,38.876955],[-94.589285,38.889668],[-94.347982,39.054774]]]},"properties":{"scalerank":4,"featurecla":"Urban area","area_sqkm":1454.827,"min_zoom":4}},
{"type":"Feature","geometry":null,"properties":{"scalerank":5,"featurecla":"Urban area","area_sqkm":79.842,"min_zoom":5}},
{"type":"Feature","geometry":null,"properties":{"scalerank":4,"featurecla":"Urban area","area_sqkm":127.221,"min_zoom":4}},
{"type":"Feature","geometry":{"type":"Polygon","coordinates":[[[-104.702596,38.785798],[-104.736599,38.991264],[-104.863594,39.016663],[-104.914392,38.864269],[-104.840908,38.772621],[-104.702596,38.785798]]]},"properties":{"scalerank":4,"featurecla":"Urban area","area_sqkm":445.009,"min_zoom":4}},
{"type":"Feature","geometry":{"type":"Polygon","coordinates":[[[-90.258594,38.470572],[-90.207796,38.546769],[-90.068089,38.572168],[-89.979179,38.495971],[-89.902982,38.610253],[-90.078553,38.708335],[-90.04269,38.915067],[-90.207796,38.953178],[-90.245881,38.864269],[-90.468633,38.839025],[-90.7412,38.851557],[-90.652291,38.724562],[-90.639604,38.597567],[-90.436386,38.470572],[-90.372902,38.394349],[-90.258594,38.470572]]]},"properties":{"scalerank":2,"featurecla":"Urban area","area_sqkm":2368.786,"min_zoom":3.6}},
{"type":"Feature","geometry":null,"properties":{"scalerank":5,"featurecla":"Urban area","area_sqkm":273.245,"min_zoom":5}},
{"type":"Feature","geometry":null,"properties":{"scalerank":4,"featurecla":"Urban area","area_sqkm":199.892,"min_zoom":4}},
{"type":"Feature","geometry":{"type":"Polygon","coordinates":[[[-85.665308,38.353628],[-85.82628,38.368976],[-85.927902,38.153072],[-85.673886,38.076849],[-85.555444,38.167955],[-85.496094,38.318178],[-85.665308,38.353628]]]},"properties":{"scalerank":4,"featurecla":"Urban area","area_sqkm":834.191,"min_zoom":4}},
{"type":"Feature","geometry":{"type":"Polygon","coordinates":[[[-104.622291,38.368976],[-104.7112,38.254668],[-104.558806,38.241955],[-104.622291,38.368976]]]},"properties":{"scalerank":5,"featurecla":"Urban area","area_sqkm":146.882,"min_zoom":5}},
{"type":"Feature","geometry":null,"properties":{"scalerank":2,"featurecla":"Urban area","area_sqkm":99.265,"min_zoom":3.6}},
{"type":"Feature","geometry":{"type":"Polygon","coordinates":[[[-84.594392,38.013365],[-84.416599,37.987966],[-84.491452,38.107803],[-84.594392,38.013365]]]},"properties":{"scalerank":5,"featurecla":"Urban area","area_sqkm":128.792,"min_zoom":5}},
{"type":"Feature","geometry":{"type":"Polygon","coordinates":[[[-87.451892,37.94988],[-87.540801,38.064163],[-87.642397,37.962567],[-87.451892,37.94988]]]},"properties":{"scalerank":5,"featurecla":"Urban area","area_sqkm":151.736,"min_zoom":5}},
{"type":"Feature","geometry":{"type":"Polygon","coordinates":[[[-97.435365,37.760641],[-97.472805,37.663489],[-97.319791,37.594269],[-97.218195,37.657753],[-97.230881,37.759349],[-97.435365,37.760641]]]},"properties":{"scalerank":5,"featurecla":"Urban area","area_sqkm":373.537,"min_zoom":5}},
{"type":"Feature","geometry":{"type":"Polygon","coordinates":[[[-77.469142,37.714365],[-77.622104,37.708551],[-77.66019,37.492673],[-77.516426,37.426863],[-77.304604,37.50536],[-77.317291,37.63238],[-77.469142,37.714365]]]},"properties":{"scalerank":4,"featurecla":"Urban area","area_sqkm":843.07,"min_zoom":4}},
{"type":"Feature","geometry":{"type":"Polygon","coordinates":[[[-79.996998,37.213259],[-79.88269,37.289455],[-79.986327,37.37343],[-80.098594,37.289455],[-79.996998,37.213259]]]},"properties":{"scalerank":5,"featurecla":"Urban area","area_sqkm":189.665,"min_zoom":5}},
{"type":"Feature","geometry":null,"properties":{"scalerank":5,"featurecla":"Urban area","area_sqkm":189.946,"min_zoom":5}},
{"type":"Feature","geometry":null,"properties":{"scalerank":5,"featurecla":"Urban area","area_sqkm":73.407,"min_zoom":5}},
{"type":"Feature","geometry":{"type":"Polygon","coordinates":[[[-93.357397,37.149774],[-93.236913,37.143573],[-93.21769,37.264057],[-93.339207,37.260052],[-93.357397,37.149774]]]},"properties":{"scalerank":5,"featurecla":"Urban area","area_sqkm":137.75,"min_zoom":5}},
{"type":"Feature","geometry":{"type":"Polygon","coordinates":[[[-76.428275,37.149774],[-76.602295,37.142849],[-76.400887,36.991334],[-76.283297,37.052674],[-76.348538,37.160471],[-76.428275,37.149774]]]},"properties":{"scalerank":5,"featurecla":"Urban area","area_sqkm":402.51,"min_zoom":5}},
{"type":"Feature","geometry":null,"properties":{"scalerank":5,"featurecla":"Urban area","area_sqkm":75.334,"min_zoom":5}},
{"type":"Feature","geometry":null,"properties":{"scalerank":3,"featurecla":"Urban area","area_sqkm":90.189,"min_zoom":3.7}},
{"type":"Feature","geometry":{"type":"Polygon","coordinates":[[[-76.454087,36.826202],[-76.250482,36.705253],[-76.161573,36.756051],[-75.947064,36.786902],[-75.999412,36.912657],[-76.244255,36.952628],[-76.454087,36.826202]]]},"properties":{"scalerank":3,"featurecla":"Urban area","area_sqkm":840.327,"min_zoom":3.7}},
{"type":"Feature","geometry":null,"properties":{"scalerank":5,"featurecla":"Urban area","area_sqkm":110.928,"min_zoom":5}},
{"type":"Feature","geometry":null,"properties":{"scalerank":3,"featurecla":"Urban area","area_sqkm":108.691,"min_zoom":3.7}},
{"type":"Feature","geometry":null,"properties":{"scalerank":4,"featurecla":"Urban area","area_sqkm":90.299,"min_zoom":4}},
{"type":"Feature","geometry":{"type":"Polygon","coordinates":[[[-86.493035,36.032168],[-86.6137,36.133764],[-86.562902,36.209935],[-86.562902,36.349668],[-86.715296,36.349668],[-86.905801,36.209935],[-86.981998,36.070253],[-86.86769,36.032168],[-86.918488,35.91786],[-86.791493,35.91786],[-86.677184,36.019455],[-86.493035,36.032168]]]},"properties":{"scalerank":3,"featurecla":"Urban area","area_sqkm":1282.582,"min_zoom":3.7}},
{"type":"Feature","geometry":{"type":"Polygon","coordinates":[[[-115.023594,36.146476],[-115.137902,36.248072],[-115.277583,36.29887],[-115.35378,36.209935],[-115.309778,36.107926],[-115.150589,35.994057],[-114.934684,35.994057],[-114.909285,36.082966],[-115.023594,36.146476]]]},"properties":{"scalerank":3,"featurecla":"Urban area","area_sqkm":838.028,"min_zoom":3.7}},
{"type":"Feature","geometry":{"type":"Polygon","coordinates":[[[-95.871998,36.23536],[-95.998993,36.248072],[-96.151386,36.146476],[-95.98628,36.019455],[-95.783089,36.04488],[-95.871998,36.23536]]]},"properties":{"scalerank":4,"featurecla":"Urban area","area_sqkm":534.369,"min_zoom":4}},
{"type":"Feature","geometry":null,"properties":{"scalerank":5,"featurecla":"Urban area","area_sqkm":128.77,"min_zoom":5}},
{"type":"Feature","geometry":{"type":"Polygon","coordinates":[[[-80.301785,36.222673],[-80.365296,36.057567],[-80.174791,36.057567],[-80.204065,36.17433],[-80.301785,36.222673]]]},"properties":{"scalerank":5,"featurecla":"Urban area","area_sqkm":247.829,"min_zoom":5}},
{"type":"Feature","geometry":{"type":"Polygon","coordinates":[[[-80.009684,36.121051],[-80.11128,35.867062],[-79.958886,35.905173],[-79.908089,36.006769],[-79.775978,36.020696],[-79.717583,36.108365],[-79.849358,36.16725],[-80.009684,36.121051]]]},"properties":{"scalerank":5,"featurecla":"Urban area","area_sqkm":531.365,"min_zoom":5}},
{"type":"Feature","geometry":null,"properties":{"scalerank":5,"featurecla":"Urban area","area_sqkm":90.92,"min_zoom":5}},
{"type":"Feature","geometry":{"type":"Polygon","coordinates":[[[-83.92128,36.082966],[-84.007425,36.061158],[-84.187982,35.905173],[-84.015099,35.898274],[-83.832397,35.943259],[-83.832397,36.04488],[-83.92128,36.082966]]]},"properties":{"scalerank":4,"featurecla":"Urban area","area_sqkm":413.802,"min_zoom":4}},
{"type":"Feature","geometry":{"type":"Polygon","coordinates":[[[-78.549179,35.930572],[-78.803195,35.930572],[-78.879392,36.082966],[-78.955589,36.082966],[-79.095296,35.905173],[-78.967345,35.905147],[-78.866679,35.841663],[-78.853993,35.714668],[-78.714285,35.740067],[-78.625402,35.701955],[-78.536493,35.828976],[-78.549179,35.930572]]]},"properties":{"scalerank":3,"featurecla":"Urban area","area_sqkm":1043.287,"min_zoom":3.7}},
{"type":"Feature","geometry":null,"properties":{"scalerank":5,"featurecla":"Urban area","area_sqkm":92.11,"min_zoom":5}},
{"type":"Feature","geometry":null,"properties":{"scalerank":5,"featurecla":"Urban area","area_sqkm":123.862,"min_zoom":5}},
{"type":"Feature","geometry":null,"properties":{"scalerank":4,"featurecla":"Urban area","area_sqkm":89.724,"min_zoom":4}},
{"type":"Feature","geometry":null,"properties":{"scalerank":5,"featurecla":"Urban area","area_sqkm":148.828,"min_zoom":5}},
{"type":"Feature","geometry":null,"properties":{"scalerank":3,"featurecla":"Urban area","area_sqkm":113.647,"min_zoom":3.7}},
{"type":"Feature","geometry":null,"properties":{"scalerank":5,"featurecla":"Urban area","area_sqkm":134.269,"min_zoom":5}},
{"type":"Feature","geometry":{"type":"Polygon","coordinates":[[[-97.370589,35.40988],[-97.332477,35.511476],[-97.446785,35.574935],[-97.434099,35.689269],[-97.649977,35.625759],[-97.700801,35.498764],[-97.535695,35.371769],[-97.370589,35.40988]]]},"properties":{"scalerank":3,"featurecla":"Urban area","area_sqkm":732.016,"min_zoom":3.7}},
{"type":"Feature","geometry":{"type":"Polygon","coordinates":[[[-80.606599,35.549562],[-80.733594,35.397168],[-80.942392,35.332934],[-81.254285,35.28286],[-80.974897,35.193976],[-80.962184,35.054269],[-80.670083,35.079668],[-80.708195,35.295572],[-80.568488,35.384455],[-80.606599,35.549562]]]},"properties":{"scalerank":4,"featurecla":"Urban area","area_sqkm":1382.214,"min_zoom":4}},
{"type":"Feature","geometry":null,"properties":{"scalerank":5,"featurecla":"Urban area","area_sqkm":125.67,"min_zoom":5}},
{"type":"Feature","geometry":{"type":"Polygon","coordinates":[[[-106.438381,35.079668],[-106.451094,35.206663],[-106.705083,35.295572],[-106.78128,35.09238],[-106.666998,35.003471],[-106.438381,35.079668]]]},"properties":{"scalerank":4,"featurecla":"Urban area","area_sqkm":670.7,"min_zoom":4}},
{"type":"Feature","geometry":{"type":"Polygon","coordinates":[[[-89.737902,35.105067],[-89.72519,35.232062],[-90.029977,35.295572],[-90.144285,35.193976],[-90.156998,35.054269],[-90.029977,34.952673],[-89.826785,34.990759],[-89.737902,35.105067]]]},"properties":{"scalerank":3,"featurecla":"Urban area","area_sqkm":1225.116,"min_zoom":3.7}},
{"type":"Feature","geometry":null,"properties":{"scalerank":4,"featurecla":"Urban area","area_sqkm":87.21,"min_zoom":4}},
{"type":"Feature","geometry":null,"properties":{"scalerank":4,"featurecla":"Urban area","area_sqkm":114.338,"min_zoom":4}},
{"type":"Feature","geometry":null,"properties":{"scalerank":5,"featurecla":"Urban area","area_sqkm":102.47,"min_zoom":5}},
{"type":"Feature","geometry":{"type":"Polygon","coordinates":[[[-78.931843,35.192297],[-79.095296,35.181264],[-79.048503,35.050238],[-78.942902,34.978072],[-78.85053,35.041427],[-78.866679,35.168551],[-78.931843,35.192297]]]},"properties":{"scalerank":5,"featurecla":"Urban area","area_sqkm":391.169,"min_zoom":5}},
{"type":"Feature","geometry":{"type":"Polygon","coordinates":[[[-85.267477,35.168551],[-85.369099,35.02887],[-85.254791,34.952673],[-85.127796,35.041557],[-85.267477,35.168551]]]},"properties":{"scalerank":5,"featurecla":"Urban area","area_sqkm":333.9,"min_zoom":5}},
{"type":"Feature","geometry":{"type":"Polygon","coordinates":[[[-82.041679,35.02887],[-82.067104,34.952673],[-82.181386,34.927274],[-82.232184,35.003471],[-82.4862,34.901849],[-82.448089,34.77488],[-82.257583,34.724057],[-82.244897,34.825678],[-82.155988,34.914562],[-81.8512,34.927274],[-81.914891,35.025175],[-82.041679,35.02887]]]},"properties":{"scalerank":5,"featurecla":"Urban area","area_sqkm":759.201,"min_zoom":5}},
{"type":"Feature","geometry":null,"properties":{"scalerank":5,"featurecla":"Urban area","area_sqkm":105.903,"min_zoom":5}},
{"type":"Feature","geometry":{"type":"Polygon","coordinates":[[[-92.373323,34.888388],[-92.481094,34.800253],[-92.442982,34.635173],[-92.243821,34.683646],[-92.150881,34.838365],[-92.373323,34.888388]]]},"properties":{"scalerank":4,"featurecla":"Urban area","area_sqkm":661.937,"min_zoom":4}},
{"type":"Feature","geometry":null,"properties":{"scalerank":5,"featurecla":"Urban area","area_sqkm":88.16,"min_zoom":5}},
{"type":"Feature","geometry":{"type":"Polygon","coordinates":[[[-86.639099,34.825678],[-86.664498,34.698658],[-86.537477,34.635173],[-86.524791,34.77488],[-86.639099,34.825678]]]},"properties":{"scalerank":5,"featurecla":"Urban area","area_sqkm":277.718,"min_zoom":5}},
{"type":"Feature","geometry":null,"properties":{"scalerank":4,"featurecla":"Urban area","area_sqkm":88.809,"min_zoom":4}},
{"type":"Feature","geometry":{"type":"Polygon","coordinates":[[[-77.784704,34.265041],[-77.879039,34.314366],[-78.003089,34.279562],[-77.984563,34.198223],[-77.860823,34.149182],[-77.784704,34.265041]]]},"properties":{"scalerank":4,"featurecla":"Urban area","area_sqkm":286.195,"min_zoom":4}},
{"type":"Feature","geometry":null,"properties":{"scalerank":5,"featurecla":"Urban area","area_sqkm":128.7,"min_zoom":5}},
{"type":"Feature","geometry":{"type":"Polygon","coordinates":[[[-81.06378,34.101769],[-81.228886,34.114455],[-81.266998,33.974774],[-81.089179,33.911264],[-80.8987,33.974774],[-80.873301,34.177966],[-81.06378,34.101769]]]},"properties":{"scalerank":4,"featurecla":"Urban area","area_sqkm":680.217,"min_zoom":4}},
{"type":"Feature","geometry":{"type":"Polygon","coordinates":[[[-83.997477,34.089057],[-84.111785,34.07637],[-84.226094,34.13988],[-84.441998,34.089057],[-84.594392,34.152567],[-84.670589,34.050971],[-84.683301,33.771557],[-84.55628,33.644562],[-84.607104,33.555678],[-84.200695,33.517567],[-84.264179,33.644562],[-83.959392,33.708072],[-84.0737,33.771557],[-83.972104,33.860466],[-83.92128,34.01286],[-83.997477,34.089057]]]},"properties":{"scalerank":2,"featurecla":"Urban area","area_sqkm":3650.887,"min_zoom":3.6}},
{"type":"Feature","geometry":null,"properties":{"scalerank":5,"featurecla":"Urban area","area_sqkm":136.493,"min_zoom":5}},
{"type":"Feature","geometry":null,"properties":{"scalerank":6,"featurecla":"Urban area","area_sqkm":64.722,"min_zoom":6}},
{"type":"Feature","geometry":{"type":"Polygon","coordinates":[[[-78.633799,33.888061],[-78.732786,33.874729],[-78.980988,33.733471],[-79.053567,33.629265],[-79.022096,33.540589],[-78.841435,33.724092],[-78.607599,33.856332],[-78.633799,33.888061]]]},"properties":{"scalerank":5,"featurecla":"Urban area","area_sqkm":510.121,"min_zoom":5}},
{"type":"Feature","geometry":{"type":"Polygon","coordinates":[[[-96.494285,33.784269],[-96.583195,33.82238],[-96.659392,33.631849],[-96.539218,33.654845],[-96.494285,33.784269]]]},"properties":{"scalerank":5,"featurecla":"Urban area","area_sqkm":189.37,"min_zoom":5}},
{"type":"Feature","geometry":{"type":"Polygon","coordinates":[[[-111.620003,33.466769],[-111.708886,33.530253],[-111.708886,33.631849],[-111.886679,33.708072],[-112.127982,33.746158],[-112.372257,33.717374],[-112.343886,33.581051],[-112.369285,33.44137],[-112.102583,33.37786],[-112.089897,33.301663],[-111.823195,33.276264],[-111.694908,33.351169],[-111.531094,33.390572],[-111.620003,33.466769]]]},"properties":{"scalerank":2,"featurecla":"Urban area","area_sqkm":2604.509,"min_zoom":3.6}},
{"type":"Feature","geometry":null,"properties":{"scalerank":4,"featurecla":"Urban area","area_sqkm":105.228,"min_zoom":4}},
{"type":"Feature","geometry":{"type":"Polygon","coordinates":[[[-86.829604,33.682673],[-86.998612,33.497387],[-87.007397,33.365173],[-86.880402,33.403259],[-86.862677,33.300319],[-86.664498,33.415971],[-86.689897,33.50488],[-86.626386,33.631849],[-86.829604,33.682673]]]},"properties":{"scalerank":4,"featurecla":"Urban area","area_sqkm":989.22,"min_zoom":4}},
{"type":"Feature","geometry":null,"properties":{"scalerank":5,"featurecla":"Urban area","area_sqkm":110.487,"min_zoom":5}},
{"type":"Feature","geometry":{"type":"Polygon","coordinates":[[[-81.943391,33.367318],[-81.899982,33.502426],[-81.952796,33.593764],[-82.1687,33.593764],[-82.206785,33.428658],[-82.092477,33.365173],[-81.943391,33.367318]]]},"properties":{"scalerank":4,"featurecla":"Urban area","area_sqkm":571.129,"min_zoom":4}},
{"type":"Feature","geometry":null,"properties":{"scalerank":5,"featurecla":"Urban area","area_sqkm":143.404,"min_zoom":5}},
{"type":"Feature","geometry":{"type":"Polygon","coordinates":[[[-87.464604,33.263551],[-87.629684,33.225466],[-87.540801,33.12387],[-87.464604,33.263551]]]},"properties":{"scalerank":5,"featurecla":"Urban area","area_sqkm":184.919,"min_zoom":5}},
{"type":"Feature","geometry":{"type":"Polygon","coordinates":[[[-96.570482,32.958764],[-96.646679,33.136557],[-96.964179,33.085759],[-97.053089,33.149269],[-97.141998,32.996849],[-97.510296,32.819057],[-97.484897,32.679349],[-97.357902,32.615865],[-97.014977,32.653976],[-96.976892,32.577753],[-96.824498,32.565067],[-96.557796,32.74286],[-96.532397,32.857168],[-96.570482,32.958764]]]},"properties":{"scalerank":2,"featurecla":"Urban area","area_sqkm":4011.164,"min_zoom":3.6}},
{"type":"Feature","geometry":{"type":"Polygon","coordinates":[[[-79.810859,32.83505],[-79.895402,32.86988],[-80.073195,33.073072],[-80.225589,33.073072],[-80.085881,32.80637],[-79.996429,32.745779],[-79.810859,32.83505]]]},"properties":{"scalerank":4,"featurecla":"Urban area","area_sqkm":666.068,"min_zoom":4}},
{"type":"Feature","geometry":{"type":"Polygon","coordinates":[[[-83.730801,32.946051],[-83.768886,32.844455],[-83.641892,32.768259],[-83.565695,32.882567],[-83.730801,32.946051]]]},"properties":{"scalerank":5,"featurecla":"Urban area","area_sqkm":250.294,"min_zoom":5}},
{"type":"Feature","geometry":{"type":"Polygon","coordinates":[[[-115.582397,32.641264],[-115.435739,32.573593],[-115.341094,32.666663],[-115.476228,32.714179],[-115.582397,32.641264]]]},"properties":{"scalerank":4,"featurecla":"Urban area","area_sqkm":181.842,"min_zoom":4}},
{"type":"Feature","geometry":null,"properties":{"scalerank":5,"featurecla":"Urban area","area_sqkm":115.287,"min_zoom":5}},
{"type":"Feature","geometry":null,"properties":{"scalerank":5,"featurecla":"Urban area","area_sqkm":72.714,"min_zoom":5}},
{"type":"Feature","geometry":{"type":"Polygon","coordinates":[[[-93.712982,32.590466],[-93.85269,32.577753],[-93.954285,32.450759],[-93.814604,32.374562],[-93.687583,32.399935],[-93.630455,32.491686],[-93.712982,32.590466]]]},"properties":{"scalerank":4,"featurecla":"Urban area","area_sqkm":532.721,"min_zoom":4}},
{"type":"Feature","geometry":{"type":"Polygon","coordinates":[[[-94.690003,32.424972],[-94.627397,32.463471],[-94.690881,32.603178],[-94.881386,32.539668],[-94.690003,32.424972]]]},"properties":{"scalerank":5,"featurecla":"Urban area","area_sqkm":283.11,"min_zoom":5}},
{"type":"Feature","geometry":{"type":"Polygon","coordinates":[[[-84.96269,32.603178],[-85.076998,32.501557],[-84.975402,32.361849],[-84.920212,32.382882],[-84.861094,32.565067],[-84.96269,32.603178]]]},"properties":{"scalerank":5,"featurecla":"Urban area","area_sqkm":341.023,"min_zoom":5}},
{"type":"Feature","geometry":null,"properties":{"scalerank":5,"featurecla":"Urban area","area_sqkm":115.494,"min_zoom":5}},
{"type":"Feature","geometry":{"type":"Polygon","coordinates":[[[-90.055402,32.349163],[-90.144285,32.48887],[-90.347477,32.336476],[-90.269601,32.255603],[-90.144285,32.222168],[-90.004604,32.272966],[-90.055402,32.349163]]]},"properties":{"scalerank":3,"featurecla":"Urban area","area_sqkm":519.298,"min_zoom":3.7}},
{"type":"Feature","geometry":{"type":"Polygon","coordinates":[[[-86.397796,32.349163],[-86.234808,32.308984],[-86.14378,32.412673],[-86.299533,32.45404],[-86.397796,32.349163]]]},"properties":{"scalerank":4,"featurecla":"Urban area","area_sqkm":231.743,"min_zoom":4}},
{"type":"Feature","geometry":{"type":"Polygon","coordinates":[[[-95.338103,32.417789],[-95.389392,32.323764],[-95.275083,32.260253],[-95.236998,32.387274],[-95.338103,32.417789]]]},"properties":{"scalerank":5,"featurecla":"Urban area","area_sqkm":171.952,"min_zoom":5}},
{"type":"Feature","geometry":{"type":"Polygon","coordinates":[[[-110.832583,32.361849],[-110.985003,32.412673],[-111.099285,32.374562],[-111.073886,32.145971],[-110.946892,32.10786],[-110.769099,32.23488],[-110.832583,32.361849]]]},"properties":{"scalerank":4,"featurecla":"Urban area","area_sqkm":715.233,"min_zoom":4}},
{"type":"Feature","geometry":null,"properties":{"scalerank":5,"featurecla":"Urban area","area_sqkm":94.961,"min_zoom":5}},
{"type":"Feature","geometry":{"type":"Polygon","coordinates":[[[-81.266998,32.145971],[-81.178089,31.968178],[-81.065977,31.995722],[-81.012982,32.082435],[-81.130236,32.181964],[-81.266998,32.145971]]]},"properties":{"scalerank":4,"featurecla":"Urban area","area_sqkm":332.99,"min_zoom":4}},
{"type":"Feature","geometry":{"type":"Polygon","coordinates":[[[-106.348774,31.816508],[-106.387583,31.930067],[-106.603488,31.91738],[-106.607208,31.833613],[-106.46378,31.637966],[-106.285988,31.650678],[-106.273301,31.803072],[-106.348774,31.816508]]]},"properties":{"scalerank":4,"featurecla":"Urban area","area_sqkm":737.43,"min_zoom":4}},
{"type":"Feature","geometry":null,"properties":{"scalerank":5,"featurecla":"Urban area","area_sqkm":81.545,"min_zoom":5}},
{"type":"Feature","geometry":null,"properties":{"scalerank":5,"featurecla":"Urban area","area_sqkm":156.438,"min_zoom":5}},
{"type":"Feature","geometry":null,"properties":{"scalerank":5,"featurecla":"Urban area","area_sqkm":180.395,"min_zoom":5}},
{"type":"Feature","geometry":null,"properties":{"scalerank":5,"featurecla":"Urban area","area_sqkm":112.267,"min_zoom":5}},
{"type":"Feature","geometry":null,"properties":{"scalerank":5,"featurecla":"Urban area","area_sqkm":95.436,"min_zoom":5}},
{"type":"Feature","geometry":null,"properties":{"scalerank":5,"featurecla":"Urban area","area_sqkm":75.31,"min_zoom":5}},
{"type":"Feature","geometry":{"type":"Polygon","coordinates":[[[-88.044879,30.750501],[-88.112291,30.83786],[-88.239285,30.723551],[-88.18748,30.556146],[-88.097847,30.48925],[-88.032425,30.681228],[-88.044879,30.750501]]]},"properties":{"scalerank":5,"featurecla":"Urban area","area_sqkm":491.01,"min_zoom":5}},
{"type":"Feature","geometry":null,"properties":{"scalerank":5,"featurecla":"Urban area","area_sqkm":109.918,"min_zoom":5}},
{"type":"Feature","geometry":{"type":"Polygon","coordinates":[[[-91.071386,30.52036],[-91.211094,30.58387],[-91.236493,30.406051],[-91.033301,30.367966],[-90.99519,30.431476],[-91.071386,30.52036]]]},"properties":{"scalerank":4,"featurecla":"Urban area","area_sqkm":403.437,"min_zoom":4}},
{"type":"Feature","geometry":{"type":"Polygon","coordinates":[[[-87.229993,30.581596],[-87.324148,30.524907],[-87.328798,30.418195],[-87.184647,30.453697],[-87.229993,30.581596]]]},"properties":{"scalerank":5,"featurecla":"Urban area","area_sqkm":257.703,"min_zoom":5}},
{"type":"Feature","geometry":{"type":"Polygon","coordinates":[[[-97.649977,30.418764],[-97.675402,30.571158],[-97.776998,30.507673],[-97.903993,30.215572],[-97.759118,30.178236],[-97.624604,30.26637],[-97.649977,30.418764]]]},"properties":{"scalerank":4,"featurecla":"Urban area","area_sqkm":765.376,"min_zoom":4}},
{"type":"Feature","geometry":{"type":"Polygon","coordinates":[[[-86.462314,30.543278],[-86.687494,30.469019],[-86.679639,30.402899],[-86.464174,30.489483],[-86.462314,30.543278]]]},"properties":{"scalerank":5,"featurecla":"Urban area","area_sqkm":192.08,"min_zoom":5}},
{"type":"Feature","geometry":null,"properties":{"scalerank":4,"featurecla":"Urban area","area_sqkm":173.954,"min_zoom":4}},
{"type":"Feature","geometry":{"type":"Polygon","coordinates":[[[-81.439959,30.404269],[-81.69878,30.533072],[-81.825801,30.317168],[-81.800402,30.126663],[-81.520988,30.253658],[-81.385724,30.269987],[-81.439959,30.404269]]]},"properties":{"scalerank":4,"featurecla":"Urban area","area_sqkm":1168.111,"min_zoom":4}},
{"type":"Feature","geometry":{"type":"Polygon","coordinates":[[[-88.767496,30.437626],[-88.85501,30.482481],[-88.975881,30.456849],[-89.115589,30.494935],[-89.165585,30.34466],[-88.767496,30.437626]]]},"properties":{"scalerank":5,"featurecla":"Urban area","area_sqkm":364.313,"min_zoom":5}},
{"type":"Feature","geometry":null,"properties":{"scalerank":5,"featurecla":"Urban area","area_sqkm":88.631,"min_zoom":5}},
{"type":"Feature","geometry":{"type":"Polygon","coordinates":[[[-94.915157,29.70922],[-94.8687,29.910759],[-95.008381,29.847274],[-95.224285,29.936158],[-95.135402,30.025067],[-95.236998,30.164774],[-95.325881,30.075865],[-95.44019,30.26637],[-95.363993,30.367966],[-95.529099,30.367966],[-95.5037,30.279057],[-95.554498,30.190173],[-95.516386,30.101264],[-95.66878,30.01238],[-95.681493,29.88536],[-95.783089,29.783764],[-95.713429,29.713716],[-95.694179,29.593259],[-95.541785,29.555173],[-95.325881,29.618658],[-95.300482,29.555173],[-95.038405,29.452053],[-94.999441,29.568712],[-95.022877,29.702322],[-94.915157,29.70922]]]},"properties":{"scalerank":2,"featurecla":"Urban area","area_sqkm":4473.315,"min_zoom":3.6}},
{"type":"Feature","geometry":{"type":"Polygon","coordinates":[[[-93.230402,30.279057],[-93.319285,30.304455],[-93.395482,30.240971],[-93.357397,30.139349],[-93.209421,30.169192],[-93.230402,30.279057]]]},"properties":{"scalerank":5,"featurecla":"Urban area","area_sqkm":297.35,"min_zoom":5}},
{"type":"Feature","geometry":null,"properties":{"scalerank":5,"featurecla":"Urban area","area_sqkm":101.517,"min_zoom":5}},
{"type":"Feature","geometry":null,"properties":{"scalerank":5,"featurecla":"Urban area","area_sqkm":100.193,"min_zoom":5}},
{"type":"Feature","geometry":null,"properties":{"scalerank":5,"featurecla":"Urban area","area_sqkm":42.667,"min_zoom":5}},
{"type":"Feature","geometry":{"type":"Polygon","coordinates":[[[-93.878399,29.99574],[-94.030482,30.126663],[-94.17019,30.177435],[-94.246386,30.075865],[-94.017796,29.936158],[-93.940281,29.824459],[-93.878399,29.99574]]]},"properties":{"scalerank":5,"featurecla":"Urban area","area_sqkm":600.354,"min_zoom":5}},
{"type":"Feature","geometry":{"type":"Polygon","coordinates":[[[-90.304818,30.043825],[-90.461785,30.050466],[-90.499897,29.974269],[-90.36019,29.923471],[-90.258594,29.94887],[-90.14935,29.861253],[-90.004604,29.809163],[-89.915695,29.936158],[-89.994191,30.059251],[-90.175343,30.029098],[-90.304818,30.043825]]]},"properties":{"scalerank":3,"featurecla":"Urban area","area_sqkm":989.8,"min_zoom":3.7}},
{"type":"Feature","geometry":{"type":"Polygon","coordinates":[[[-82.435402,29.720253],[-82.371892,29.605971],[-82.270296,29.707567],[-82.435402,29.720253]]]},"properties":{"scalerank":5,"featurecla":"Urban area","area_sqkm":160.23,"min_zoom":5}},
{"type":"Feature","geometry":{"type":"Polygon","coordinates":[[[-98.304898,29.536983],[-98.272291,29.593259],[-98.475482,29.669455],[-98.653301,29.644057],[-98.709318,29.518715],[-98.6787,29.390067],[-98.519123,29.34547],[-98.399285,29.364668],[-98.304898,29.536983]]]},"properties":{"scalerank":3,"featurecla":"Urban area","area_sqkm":1045.114,"min_zoom":3.7}},
{"type":"Feature","geometry":{"type":"Polygon","coordinates":[[[-81.071092,29.34038],[-81.139977,29.288471],[-81.024532,29.104529],[-80.967533,29.184265],[-81.071092,29.34038]]]},"properties":{"scalerank":5,"featurecla":"Urban area","area_sqkm":257.993,"min_zoom":5}},
{"type":"Feature","geometry":{"type":"Polygon","coordinates":[[[-111.048488,29.136051],[-110.921493,29.009057],[-110.896094,29.148764],[-111.048488,29.136051]]]},"properties":{"scalerank":4,"featurecla":"Urban area","area_sqkm":187.351,"min_zoom":4}},
{"type":"Feature","geometry":{"type":"Polygon","coordinates":[[[-95.255059,29.030011],[-95.465589,29.110678],[-95.490988,29.05988],[-95.39598,28.951308],[-95.255059,29.030011]]]},"properties":{"scalerank":5,"featurecla":"Urban area","area_sqkm":271.498,"min_zoom":5}},
{"type":"Feature","geometry":null,"properties":{"scalerank":4,"featurecla":"Urban area","area_sqkm":120.501,"min_zoom":4}},
{"type":"Feature","geometry":{"type":"Polygon","coordinates":[[[-81.53649,28.663367],[-81.597184,28.589961],[-81.546386,28.488365],[-81.660695,28.348658],[-81.457477,28.285147],[-81.330482,28.29786],[-81.343195,28.386769],[-81.15269,28.653471],[-81.266998,28.729668],[-81.266998,28.818551],[-81.366165,28.837387],[-81.419392,28.729668],[-81.53649,28.663367]]]},"properties":{"scalerank":4,"featurecla":"Urban area","area_sqkm":1680.019,"min_zoom":4}},
{"type":"Feature","geometry":{"type":"Polygon","coordinates":[[[-106.031998,28.704269],[-106.120881,28.755067],[-106.171679,28.640759],[-106.090702,28.591433],[-106.031998,28.704269]]]},"properties":{"scalerank":3,"featurecla":"Urban area","area_sqkm":213.471,"min_zoom":3.7}},
{"type":"Feature","geometry":null,"properties":{"scalerank":5,"featurecla":"Urban area","area_sqkm":60.065,"min_zoom":5}},
{"type":"Feature","geometry":{"type":"Polygon","coordinates":[[[-82.353314,27.894732],[-82.244897,27.904163],[-82.346493,28.158178],[-82.536998,28.170865],[-82.625881,28.094668],[-82.748535,28.236804],[-82.843517,27.846001],[-82.742851,27.709368],[-82.660892,27.718412],[-82.520616,27.877885],[-82.353314,27.894732]]]},"properties":{"scalerank":2,"featurecla":"Urban area","area_sqkm":1894.4,"min_zoom":3.6}},
{"type":"Feature","geometry":null,"properties":{"scalerank":5,"featurecla":"Urban area","area_sqkm":159.667,"min_zoom":5}},
{"type":"Feature","geometry":null,"properties":{"scalerank":5,"featurecla":"Urban area","area_sqkm":106.633,"min_zoom":5}},
{"type":"Feature","geometry":null,"properties":{"scalerank":5,"featurecla":"Urban area","area_sqkm":144.172,"min_zoom":5}},
{"type":"Feature","geometry":{"type":"Polygon","coordinates":[[[-110.807184,28.018471],[-110.982006,27.956072],[-110.920795,27.888892],[-110.795066,27.916152],[-110.807184,28.018471]]]},"properties":{"scalerank":4,"featurecla":"Urban area","area_sqkm":179.644,"min_zoom":4}},
{"type":"Feature","geometry":{"type":"Polygon","coordinates":[[[-97.49841,27.849567],[-97.446785,27.675572],[-97.288733,27.670611],[-97.431515,27.837216],[-97.49841,27.849567]]]},"properties":{"scalerank":4,"featurecla":"Urban area","area_sqkm":352.346,"min_zoom":4}},
{"type":"Feature","geometry":null,"properties":{"scalerank":4,"featurecla":"Urban area","area_sqkm":191.732,"min_zoom":4}},
{"type":"Feature","geometry":null,"properties":{"scalerank":5,"featurecla":"Urban area","area_sqkm":127.484,"min_zoom":5}},
{"type":"Feature","geometry":{"type":"Polygon","coordinates":[[[-82.450414,27.263297],[-82.42269,27.319961],[-82.505992,27.520414],[-82.593558,27.581107],[-82.714584,27.499588],[-82.620455,27.401067],[-82.508989,27.188573],[-82.450414,27.263297]]]},"properties":{"scalerank":5,"featurecla":"Urban area","area_sqkm":559.299,"min_zoom":5}},
{"type":"Feature","geometry":null,"properties":{"scalerank":2,"featurecla":"Urban area","area_sqkm":128.588,"min_zoom":3.6}},
{"type":"Feature","geometry":null,"properties":{"scalerank":4,"featurecla":"Urban area","area_sqkm":137.869,"min_zoom":4}},
{"type":"Feature","geometry":{"type":"Polygon","coordinates":[[[-80.136679,27.002461],[-80.162104,26.761158],[-80.289099,26.672274],[-80.20019,26.596051],[-80.20019,26.481769],[-80.314498,26.329349],[-80.340362,26.202845],[-80.42878,26.13887],[-80.416094,25.859455],[-80.504977,25.719774],[-80.414466,25.483199],[-80.219077,25.741737],[-80.12637,25.833514],[-80.110583,26.131584],[-80.04131,26.568611],[-80.050044,26.807692],[-80.088646,26.99396],[-80.136679,27.002461]]]},"properties":{"scalerank":2,"featurecla":"Urban area","area_sqkm":3463.855,"min_zoom":3.6}},
{"type":"Feature","geometry":null,"properties":{"scalerank":5,"featurecla":"Urban area","area_sqkm":103.133,"min_zoom":5}},
{"type":"Feature","geometry":{"type":"Polygon","coordinates":[[[-81.927397,26.761158],[-82.042093,26.561945],[-81.970185,26.552049],[-81.828979,26.686899],[-81.927397,26.761158]]]},"properties":{"scalerank":5,"featurecla":"Urban area","area_sqkm":180.211,"min_zoom":5}},
{"type":"Feature","geometry":null,"properties":{"scalerank":5,"featurecla":"Urban area","area_sqkm":150.339,"min_zoom":5}},
{"type":"Feature","geometry":{"type":"Polygon","coordinates":[[[-81.71679,26.134322],[-81.800402,26.405572],[-81.860088,26.400973],[-81.811487,26.146105],[-81.71679,26.134322]]]},"properties":{"scalerank":5,"featurecla":"Urban area","area_sqkm":290.939,"min_zoom":5}},
{"type":"Feature","geometry":{"type":"Polygon","coordinates":[[[-98.119897,26.189668],[-98.157982,26.329349],[-98.3612,26.240466],[-98.262653,26.17215],[-98.119897,26.189668]]]},"properties":{"scalerank":5,"featurecla":"Urban area","area_sqkm":239.59,"min_zoom":5}},
{"type":"Feature","geometry":null,"properties":{"scalerank":5,"featurecla":"Urban area","area_sqkm":79.708,"min_zoom":5}},
{"type":"Feature","geometry":{"type":"Polygon","coordinates":[[[-97.497583,25.82137],[-97.383301,25.973764],[-97.548381,25.999163],[-97.571171,25.903742],[-97.497583,25.82137]]]},"properties":{"scalerank":4,"featurecla":"Urban area","area_sqkm":270.312,"min_zoom":4}},
{"type":"Feature","geometry":null,"properties":{"scalerank":5,"featurecla":"Urban area","area_sqkm":100.944,"min_zoom":5}},
{"type":"Feature","geometry":{"type":"Polygon","coordinates":[[[-100.367796,25.846769],[-100.52019,25.707062],[-100.410067,25.633035],[-100.2662,25.592753],[-100.151892,25.656264],[-100.151892,25.783259],[-100.367796,25.846769]]]},"properties":{"scalerank":2,"featurecla":"Urban area","area_sqkm":681.396,"min_zoom":3.6}},
{"type":"Feature","geometry":{"type":"Polygon","coordinates":[[[-103.390402,25.478471],[-103.352291,25.541955],[-103.530083,25.618178],[-103.542796,25.541955],[-103.390402,25.478471]]]},"properties":{"scalerank":4,"featurecla":"Urban area","area_sqkm":186.709,"min_zoom":4}},
{"type":"Feature","geometry":{"type":"Polygon","coordinates":[[[-100.951998,25.56738],[-101.041915,25.511208],[-101.078993,25.402274],[-100.926599,25.427647],[-100.951998,25.56738]]]},"properties":{"scalerank":5,"featurecla":"Urban area","area_sqkm":195.276,"min_zoom":5}},
{"type":"Feature","geometry":null,"properties":{"scalerank":4,"featurecla":"Urban area","area_sqkm":76.606,"min_zoom":4}},
{"type":"Feature","geometry":null,"properties":{"scalerank":5,"featurecla":"Urban area","area_sqkm":98.051,"min_zoom":5}},
{"type":"Feature","geometry":null,"properties":{"scalerank":3,"featurecla":"Urban area","area_sqkm":160.787,"min_zoom":3.7}},
{"type":"Feature","geometry":{"type":"Polygon","coordinates":[[[-80.593886,41.150253],[-80.719719,41.240325],[-80.885988,41.264562],[-80.733594,41.010572],[-80.568488,41.035971],[-80.593886,41.150253]]]},"properties":{"scalerank":5,"featurecla":"Urban area","area_sqkm":487.727,"min_zoom":5}},
{"type":"Feature","geometry":{"type":"Polygon","coordinates":[[[-73.566512,45.469111],[-73.522483,45.70119],[-73.775336,45.467613],[-73.566512,45.469111]]]},"properties":{"scalerank":3,"featurecla":"Urban area","area_sqkm":374.852,"min_zoom":3.7}},
{"type":"Feature","geometry":null,"properties":{"scalerank":5,"featurecla":"Urban area","area_sqkm":150.66,"min_zoom":5}},
{"type":"Feature","geometry":null,"properties":{"scalerank":5,"featurecla":"Urban area","area_sqkm":130.415,"min_zoom":5}},
{"type":"Feature","geometry":{"type":"Polygon","coordinates":[[[-73.749989,45.383018],[-73.53269,45.366663],[-73.431094,45.455572],[-73.224646,45.515827],[-73.354897,45.607966],[-73.558089,45.425083],[-73.749989,45.383018]]]},"properties":{"scalerank":5,"featurecla":"Urban area","area_sqkm":423.864,"min_zoom":5}},
{"type":"Feature","geometry":null,"properties":{"scalerank":5,"featurecla":"Urban area","area_sqkm":51.1,"min_zoom":5}},
{"type":"Feature","geometry":{"type":"Polygon","coordinates":[[[-92.94383,45.043607],[-92.976386,45.12536],[-93.230402,45.163471],[-93.408195,45.265067],[-93.573301,44.998365],[-93.5987,44.896769],[-93.2812,44.680865],[-93.090695,44.820572],[-92.950988,44.820572],[-92.94383,45.043607]]]},"properties":{"scalerank":2,"featurecla":"Urban area","area_sqkm":2121.2,"min_zoom":3.6}},
{"type":"Feature","geometry":{"type":"Polygon","coordinates":[[[-87.253247,41.637666],[-87.412514,41.656476],[-87.514627,41.720632],[-87.602063,41.859151],[-87.694616,42.084357],[-87.797452,42.211403],[-87.812128,42.484332],[-87.985296,42.407567],[-88.074179,42.445678],[-88.201562,42.37545],[-88.023381,42.305971],[-88.074179,42.229774],[-88.378993,42.242435],[-88.340881,41.975759],[-88.391679,41.747168],[-88.222026,41.711847],[-88.2012,41.480466],[-87.845589,41.518551],[-87.693195,41.455067],[-87.286785,41.518551],[-87.253247,41.637666]]]},"properties":{"scalerank":2,"featurecla":"Urban area","area_sqkm":5696.186,"min_zoom":3.6}},
{"type":"Feature","geometry":{"type":"Polygon","coordinates":[[[-73.695212,40.870038],[-73.879258,40.791671],[-74.032039,40.638683],[-73.822672,40.655968],[-73.766732,40.592716],[-73.620901,40.599899],[-73.265522,40.663565],[-73.194286,40.654211],[-72.934974,40.728522],[-72.95164,40.968404],[-73.215603,40.928045],[-73.372699,40.943806],[-73.486568,40.876523],[-73.695212,40.870038]]]},"properties":{"scalerank":2,"featurecla":"Urban area","area_sqkm":2456.536,"min_zoom":3.6}},
{"type":"Feature","geometry":{"type":"Polygon","coordinates":[[[-72.807411,41.27593],[-72.834179,41.391557],[-72.719897,41.556663],[-72.516214,41.755694],[-72.465881,41.886849],[-72.605589,41.924935],[-72.453195,42.166264],[-72.630988,42.293259],[-72.669073,42.204349],[-72.796094,42.128178],[-72.6437,42.039269],[-72.808806,41.785253],[-72.973886,41.683658],[-72.89769,41.455067],[-73.260768,41.272055],[-73.316785,41.188365],[-73.443806,41.201051],[-73.659684,41.086769],[-73.92897,41.252676],[-74.180402,41.137567],[-74.251199,41.055944],[-74.383594,41.035971],[-74.370881,40.934349],[-74.561386,40.972435],[-74.599498,40.858178],[-74.574073,40.718471],[-74.726493,40.604163],[-74.675695,40.477168],[-74.713806,40.324774],[-75.069392,40.261264],[-75.132902,40.36286],[-75.234498,40.312062],[-75.323381,40.375572],[-75.374179,40.197753],[-75.564684,40.185067],[-75.539285,40.096158],[-75.704392,40.096158],[-75.717104,40.007274],[-75.513886,39.880253],[-75.717104,39.816769],[-75.8187,39.715173],[-75.844073,39.600865],[-75.66243,39.580375],[-75.464406,39.780931],[-75.320875,39.864699],[-75.145589,39.689774],[-74.993195,39.677062],[-74.878886,39.765971],[-74.688381,40.121557],[-74.637583,40.286663],[-74.383594,40.337435],[-74.332796,40.223178],[-74.134513,40.28302],[-74.142291,40.146955],[-74.256573,40.185067],[-74.287269,39.956037],[-74.269285,39.842168],[-74.156579,39.797364],[-74.091493,40.04536],[-74.028112,40.074014],[-73.961578,40.306894],[-74.049841,40.429832],[-74.241509,40.456265],[-74.226704,40.608013],[-73.948582,40.838748],[-73.851249,40.83141],[-73.582997,41.021889],[-72.924716,41.285155],[-72.807411,41.27593]]]},"properties":{"scalerank":2,"featurecla":"Urban area","area_sqkm":13090.035,"min_zoom":3.6}},
{"type":"Feature","geometry":null,"properties":{"scalerank":2,"featurecla":"Urban area","area_sqkm":22.568,"min_zoom":3.6}},
{"type":"Feature","geometry":null,"properties":{"scalerank":2,"featurecla":"Urban area","area_sqkm":118.436,"min_zoom":3.6}},
{"type":"Feature","geometry":{"type":"Polygon","coordinates":[[[-76.417191,39.31251],[-76.440988,39.435759],[-76.656892,39.524668],[-76.720402,39.423072],[-76.872796,39.321476],[-76.910881,39.15637],[-77.02519,39.118259],[-77.212129,39.214532],[-77.269025,39.097821],[-77.469684,39.067435],[-77.482397,38.876955],[-77.558594,38.788072],[-77.469684,38.724562],[-77.368089,38.826158],[-77.304604,38.737274],[-77.393488,38.661051],[-77.23727,38.618496],[-77.045602,38.775799],[-76.872796,38.762673],[-76.7712,38.927753],[-76.687226,38.977957],[-76.682291,39.080147],[-76.546252,39.067977],[-76.417191,39.31251]]]},"properties":{"scalerank":2,"featurecla":"Urban area","area_sqkm":4446.025,"min_zoom":3.6}},
{"type":"Feature","geometry":null,"properties":{"scalerank":4,"featurecla":"Urban area","area_sqkm":84.483,"min_zoom":4}},
{"type":"Feature","geometry":null,"properties":{"scalerank":4,"featurecla":"Urban area","area_sqkm":155.997,"min_zoom":4}},
{"type":"Feature","geometry":null,"properties":{"scalerank":4,"featurecla":"Urban area","area_sqkm":119.919,"min_zoom":4}},
{"type":"Feature","geometry":null,"properties":{"scalerank":5,"featurecla":"Urban area","area_sqkm":155.216,"min_zoom":5}},
{"type":"Feature","geometry":{"type":"Polygon","coordinates":[[[-97.849655,22.348042],[-97.899678,22.211229],[-97.776481,22.225853],[-97.849655,22.348042]]]},"properties":{"scalerank":3,"featurecla":"Urban area","area_sqkm":188.587,"min_zoom":3.7}},
{"type":"Feature","geometry":{"type":"Polygon","coordinates":[[[-101.08739,22.173143],[-100.995096,22.106661],[-100.858774,22.084234],[-100.949181,22.235387],[-101.08739,22.173143]]]},"properties":{"scalerank":4,"featurecla":"Urban area","area_sqkm":191.367,"min_zoom":4}},
{"type":"Feature","geometry":{"type":"Polygon","coordinates":[[[-102.281167,21.969925],[-102.331965,21.842931],[-102.230369,21.842931],[-102.281167,21.969925]]]},"properties":{"scalerank":5,"featurecla":"Urban area","area_sqkm":152.185,"min_zoom":5}},
{"type":"Feature","geometry":{"type":"Polygon","coordinates":[[[-101.646167,21.220643],[-101.739392,21.191523],[-101.747763,21.106361],[-101.608082,21.068223],[-101.646167,21.220643]]]},"properties":{"scalerank":4,"featurecla":"Urban area","area_sqkm":182.061,"min_zoom":4}},
{"type":"Feature","geometry":null,"properties":{"scalerank":3,"featurecla":"Urban area","area_sqkm":124.558,"min_zoom":3.7}},
{"type":"Feature","geometry":{"type":"Polygon","coordinates":[[[-103.277334,20.597554],[-103.233667,20.636415],[-103.351309,20.768061],[-103.487683,20.674552],[-103.462284,20.59833],[-103.322577,20.560244],[-103.277334,20.597554]]]},"properties":{"scalerank":3,"featurecla":"Urban area","area_sqkm":353.032,"min_zoom":3.7}},
{"type":"Feature","geometry":{"type":"Polygon","coordinates":[[[-100.350768,20.687265],[-100.503188,20.687265],[-100.453036,20.559572],[-100.338082,20.572956],[-100.350768,20.687265]]]},"properties":{"scalerank":5,"featurecla":"Urban area","area_sqkm":245.871,"min_zoom":5}},
{"type":"Feature","geometry":null,"properties":{"scalerank":5,"featurecla":"Urban area","area_sqkm":127.419,"min_zoom":5}},
{"type":"Feature","geometry":null,"properties":{"scalerank":5,"featurecla":"Urban area","area_sqkm":160.898,"min_zoom":5}},
{"type":"Feature","geometry":{"type":"Polygon","coordinates":[[[-98.242577,19.201361],[-98.356885,19.061628],[-98.217178,18.972744],[-98.102869,19.048915],[-98.242577,19.201361]]]},"properties":{"scalerank":3,"featurecla":"Urban area","area_sqkm":375.376,"min_zoom":3.7}},
{"type":"Feature","geometry":{"type":"Polygon","coordinates":[[[-99.258561,18.998169],[-99.233188,18.833011],[-99.144279,18.909234],[-99.258561,18.998169]]]},"properties":{"scalerank":5,"featurecla":"Urban area","area_sqkm":157.532,"min_zoom":5}},
{"type":"Feature","geometry":{"type":"Polygon","coordinates":[[[-69.787957,18.503186],[-69.860201,18.566464],[-70.048561,18.553648],[-70.018305,18.373607],[-69.788965,18.439805],[-69.787957,18.503186]]]},"properties":{"scalerank":3,"featurecla":"Urban area","area_sqkm":438.178,"min_zoom":3.7}},
{"type":"Feature","geometry":{"type":"Polygon","coordinates":[[[-66.245227,18.450089],[-66.121307,18.334178],[-65.921061,18.37583],[-65.972738,18.456186],[-66.218847,18.476599],[-66.245227,18.450089]]]},"properties":{"scalerank":3,"featurecla":"Urban area","area_sqkm":345.76,"min_zoom":3.7}},
{"type":"Feature","geometry":null,"properties":{"scalerank":3,"featurecla":"Urban area","area_sqkm":155.285,"min_zoom":3.7}},
{"type":"Feature","geometry":null,"properties":{"scalerank":3,"featurecla":"Urban area","area_sqkm":127.961,"min_zoom":3.7}},
{"type":"Feature","geometry":{"type":"Polygon","coordinates":[[[-90.622577,14.667425],[-90.60989,14.515032],[-90.488037,14.564641],[-90.444784,14.69285],[-90.622577,14.667425]]]},"properties":{"scalerank":3,"featurecla":"Urban area","area_sqkm":279.084,"min_zoom":3.7}},
{"type":"Feature","geometry":null,"properties":{"scalerank":3,"featurecla":"Urban area","area_sqkm":127.25,"min_zoom":3.7}},
{"type":"Feature","geometry":null,"properties":{"scalerank":3,"featurecla":"Urban area","area_sqkm":77.909,"min_zoom":3.7}},
{"type":"Feature","geometry":null,"properties":{"scalerank":5,"featurecla":"Urban area","area_sqkm":132.995,"min_zoom":5}},
{"type":"Feature","geometry":null,"properties":{"scalerank":4,"featurecla":"Urban area","area_sqkm":154.682,"min_zoom":4}},
{"type":"Feature","geometry":{"type":"Polygon","coordinates":[[[-71.693164,10.785363],[-71.737657,10.717744],[-71.72497,10.539925],[-71.664871,10.443756],[-71.594332,10.657386],[-71.598467,10.726219],[-71.693164,10.785363]]]},"properties":{"scalerank":3,"featurecla":"Urban area","area_sqkm":423.481,"min_zoom":3.7}},
{"type":"Feature","geometry":{"type":"Polygon","coordinates":[[[-66.975157,10.552638],[-67.013268,10.412956],[-66.798915,10.430914],[-66.746566,10.50184],[-66.975157,10.552638]]]},"properties":{"scalerank":3,"featurecla":"Urban area","area_sqkm":321.28,"min_zoom":3.7}},
{"type":"Feature","geometry":null,"properties":{"scalerank":3,"featurecla":"Urban area","area_sqkm":115.184,"min_zoom":3.7}},
{"type":"Feature","geometry":{"type":"Polygon","coordinates":[[[-67.559359,10.298648],[-67.660981,10.24785],[-67.59747,10.146203],[-67.419678,10.18434],[-67.559359,10.298648]]]},"properties":{"scalerank":5,"featurecla":"Urban area","area_sqkm":298.554,"min_zoom":5}},
{"type":"Feature","geometry":{"type":"Polygon","coordinates":[[[-67.940369,10.222425],[-68.041965,10.285936],[-68.092763,10.095456],[-67.91497,10.12083],[-67.940369,10.222425]]]},"properties":{"scalerank":3,"featurecla":"Urban area","area_sqkm":332.517,"min_zoom":3.7}},
{"type":"Feature","geometry":null,"properties":{"scalerank":5,"featurecla":"Urban area","area_sqkm":177.553,"min_zoom":5}},
{"type":"Feature","geometry":{"type":"Polygon","coordinates":[[[-69.311965,10.019234],[-69.235768,10.108169],[-69.388188,10.146203],[-69.464359,10.019234],[-69.311965,10.019234]]]},"properties":{"scalerank":5,"featurecla":"Urban area","area_sqkm":327.48,"min_zoom":5}},
{"type":"Feature","geometry":{"type":"Polygon","coordinates":[[[-84.10747,10.019234],[-84.209066,9.968436],[-84.120803,9.889242],[-83.993188,9.879552],[-83.993188,9.981148],[-84.10747,10.019234]]]},"properties":{"scalerank":3,"featurecla":"Urban area","area_sqkm":277.079,"min_zoom":3.7}},
{"type":"Feature","geometry":null,"properties":{"scalerank":5,"featurecla":"Urban area","area_sqkm":137.052,"min_zoom":5}},
{"type":"Feature","geometry":{"type":"Polygon","coordinates":[[[-63.647763,9.54934],[-63.520768,9.689021],[-63.647763,9.701734],[-63.647763,9.54934]]]},"properties":{"scalerank":5,"featurecla":"Urban area","area_sqkm":127.519,"min_zoom":5}},
{"type":"Feature","geometry":null,"properties":{"scalerank":5,"featurecla":"Urban area","area_sqkm":188.013,"min_zoom":5}},
{"type":"Feature","geometry":{"type":"Polygon","coordinates":[[[-79.389696,9.036865],[-79.510077,9.092107],[-79.507079,8.970047],[-79.389696,9.036865]]]},"properties":{"scalerank":3,"featurecla":"Urban area","area_sqkm":192.516,"min_zoom":3.7}},
{"type":"Feature","geometry":{"type":"Polygon","coordinates":[[[-64.10497,8.863542],[-64.110577,8.967799],[-64.181167,9.003223],[-64.25708,8.848788],[-64.10497,8.863542]]]},"properties":{"scalerank":5,"featurecla":"Urban area","area_sqkm":239.402,"min_zoom":5}},
{"type":"Feature","geometry":null,"properties":{"scalerank":3,"featurecla":"Urban area","area_sqkm":320.116,"min_zoom":3.7}},
{"type":"Feature","geometry":{"type":"Polygon","coordinates":[[[-63.596965,8.190456],[-63.596965,8.038011],[-63.482657,8.088861],[-63.596965,8.190456]]]},"properties":{"scalerank":5,"featurecla":"Urban area","area_sqkm":169.827,"min_zoom":5}},
{"type":"Feature","geometry":null,"properties":{"scalerank":3,"featurecla":"Urban area","area_sqkm":172.088,"min_zoom":3.7}},
{"type":"Feature","geometry":{"type":"Polygon","coordinates":[[[-74.201486,4.710669],[-74.239571,4.570936],[-74.112577,4.494765],[-74.010981,4.672532],[-74.010981,4.774128],[-74.201486,4.710669]]]},"properties":{"scalerank":3,"featurecla":"Urban area","area_sqkm":519.992,"min_zoom":3.7}},
{"type":"Feature","geometry":{"type":"Polygon","coordinates":[[[-76.474784,3.567638],[-76.567543,3.486687],[-76.57638,3.364446],[-76.449359,3.402532],[-76.474784,3.567638]]]},"properties":{"scalerank":3,"featurecla":"Urban area","area_sqkm":240.647,"min_zoom":3.7}},
{"type":"Feature","geometry":null,"properties":{"scalerank":3,"featurecla":"Urban area","area_sqkm":93.064,"min_zoom":3.7}},
{"type":"Feature","geometry":{"type":"Polygon","coordinates":[[[-78.39247,-0.089968],[-78.455981,-0.013746],[-78.532178,-0.102681],[-78.570263,-0.331246],[-78.430582,-0.331246],[-78.443268,-0.22965],[-78.323767,-0.139629],[-78.39247,-0.089968]]]},"properties":{"scalerank":3,"featurecla":"Urban area","area_sqkm":626.316,"min_zoom":3.7}},
{"type":"Feature","geometry":null,"properties":{"scalerank":3,"featurecla":"Urban area","area_sqkm":146.653,"min_zoom":3.7}},
{"type":"Feature","geometry":{"type":"Polygon","coordinates":[[[-78.773481,-1.690181],[-78.659173,-1.766352],[-78.608375,-1.62667],[-78.773481,-1.690181]]]},"properties":{"scalerank":5,"featurecla":"Urban area","area_sqkm":150.797,"min_zoom":5}},
{"type":"Feature","geometry":{"type":"Polygon","coordinates":[[[-79.80719,-2.259862],[-79.802178,-2.071139],[-79.904109,-2.033106],[-79.992683,-2.058479],[-79.992683,-2.185448],[-79.886255,-2.297689],[-79.80719,-2.259862]]]},"properties":{"scalerank":3,"featurecla":"Urban area","area_sqkm":382.281,"min_zoom":3.7}},
{"type":"Feature","geometry":null,"properties":{"scalerank":4,"featurecla":"Urban area","area_sqkm":174.532,"min_zoom":4}},
{"type":"Feature","geometry":{"type":"Polygon","coordinates":[[[-60.028294,-2.972893],[-60.07904,-3.125287],[-59.939359,-3.163372],[-59.901274,-3.049064],[-60.028294,-2.972893]]]},"properties":{"scalerank":3,"featurecla":"Urban area","area_sqkm":310.887,"min_zoom":3.7}},
{"type":"Feature","geometry":{"type":"Polygon","coordinates":[[[-38.672104,-3.681015],[-38.654198,-3.887256],[-38.47638,-3.874544],[-38.424135,-3.789587],[-38.47576,-3.717447],[-38.672104,-3.681015]]]},"properties":{"scalerank":3,"featurecla":"Urban area","area_sqkm":520.797,"min_zoom":3.7}},
{"type":"Feature","geometry":null,"properties":{"scalerank":4,"featurecla":"Urban area","area_sqkm":153.632,"min_zoom":4}},
{"type":"Feature","geometry":{"type":"Polygon","coordinates":[[[-35.213478,-5.701719],[-35.288667,-5.69066],[-35.31404,-5.94465],[-35.148779,-5.890906],[-35.213478,-5.701719]]]},"properties":{"scalerank":4,"featurecla":"Urban area","area_sqkm":356.164,"min_zoom":4}},
{"type":"Feature","geometry":{"type":"Polygon","coordinates":[[[-34.860063,-7.056003],[-35.021965,-7.163852],[-34.866626,-7.212221],[-34.860063,-7.056003]]]},"properties":{"scalerank":5,"featurecla":"Urban area","area_sqkm":266.798,"min_zoom":5}},
{"type":"Feature","geometry":{"type":"Polygon","coordinates":[[[-34.931609,-7.908303],[-35.009253,-8.065554],[-34.926002,-8.239135],[-34.834664,-7.971451],[-34.931609,-7.908303]]]},"properties":{"scalerank":2,"featurecla":"Urban area","area_sqkm":575.808,"min_zoom":3.6}},
{"type":"Feature","geometry":{"type":"Polygon","coordinates":[[[-78.956002,-8.135007],[-79.044007,-8.032843],[-79.119041,-8.095785],[-79.012252,-8.210196],[-78.956002,-8.135007]]]},"properties":{"scalerank":3,"featurecla":"Urban area","area_sqkm":242.737,"min_zoom":3.7}},
{"type":"Feature","geometry":{"type":"Polygon","coordinates":[[[-98.826779,19.722052],[-98.941061,19.70934],[-99.144279,19.734765],[-99.233188,19.785511],[-99.271274,19.671203],[-99.34747,19.64583],[-99.309385,19.518861],[-99.334784,19.366415],[-99.231483,19.260168],[-99.004571,19.188648],[-98.839465,19.32833],[-98.890263,19.39184],[-98.839465,19.518861],[-98.928375,19.683915],[-98.826779,19.722052]]]},"properties":{"scalerank":2,"featurecla":"Urban area","area_sqkm":2552.797,"min_zoom":3.6}},
{"type":"Feature","geometry":null,"properties":{"scalerank":4,"featurecla":"Urban area","area_sqkm":140.663,"min_zoom":4}},
{"type":"Feature","geometry":{"type":"Polygon","coordinates":[[[-40.573719,-9.344856],[-40.548346,-9.459164],[-40.44675,-9.459164],[-40.434038,-9.357568],[-40.573719,-9.344856]]]},"properties":{"scalerank":4,"featurecla":"Urban area","area_sqkm":188.661,"min_zoom":4}},
{"type":"Feature","geometry":{"type":"Polygon","coordinates":[[[-35.685956,-9.584996],[-35.823932,-9.509962],[-35.750267,-9.689227],[-35.685956,-9.584996]]]},"properties":{"scalerank":4,"featurecla":"Urban area","area_sqkm":175.398,"min_zoom":4}},
{"type":"Feature","geometry":{"type":"Polygon","coordinates":[[[-37.023574,-10.851792],[-37.157442,-10.906983],[-37.08525,-11.04253],[-36.983758,-10.889619],[-37.023574,-10.851792]]]},"properties":{"scalerank":5,"featurecla":"Urban area","area_sqkm":257.814,"min_zoom":5}},
{"type":"Feature","geometry":{"type":"Polygon","coordinates":[[[-76.842307,-12.279302],[-76.870315,-12.113472],[-76.661336,-11.954154],[-76.908427,-11.935654],[-76.984624,-11.808685],[-77.204403,-11.72931],[-77.157636,-11.923458],[-77.152753,-12.0604],[-76.87879,-12.311445],[-76.842307,-12.279302]]]},"properties":{"scalerank":2,"featurecla":"Urban area","area_sqkm":1603.807,"min_zoom":3.6}},
{"type":"Feature","geometry":{"type":"Polygon","coordinates":[[[-38.998932,-12.176983],[-38.986219,-12.316664],[-38.884624,-12.291291],[-38.914208,-12.191194],[-38.998932,-12.176983]]]},"properties":{"scalerank":3,"featurecla":"Urban area","area_sqkm":161.742,"min_zoom":3.7}},
{"type":"Feature","geometry":null,"properties":{"scalerank":5,"featurecla":"Urban area","area_sqkm":127.19,"min_zoom":5}},
{"type":"Feature","geometry":{"type":"Polygon","coordinates":[[[-38.319542,-12.859473],[-38.389305,-12.786558],[-38.514853,-12.837511],[-38.498911,-12.956625],[-38.401733,-12.966185],[-38.319542,-12.859473]]]},"properties":{"scalerank":3,"featurecla":"Urban area","area_sqkm":307.369,"min_zoom":3.7}},
{"type":"Feature","geometry":{"type":"Polygon","coordinates":[[[-56.080422,-15.529749],[-56.182017,-15.65677],[-56.065099,-15.668501],[-56.080422,-15.529749]]]},"properties":{"scalerank":4,"featurecla":"Urban area","area_sqkm":172.929,"min_zoom":4}},
{"type":"Feature","geometry":{"type":"Polygon","coordinates":[[[-47.792684,-15.816502],[-47.838134,-15.707568],[-47.977815,-15.758366],[-48.155634,-15.783791],[-48.142922,-15.923472],[-47.812709,-15.872674],[-47.792684,-15.816502]]]},"properties":{"scalerank":2,"featurecla":"Urban area","area_sqkm":761.778,"min_zoom":3.6}},
{"type":"Feature","geometry":null,"properties":{"scalerank":5,"featurecla":"Urban area","area_sqkm":175.324,"min_zoom":5}},
{"type":"Feature","geometry":{"type":"Polygon","coordinates":[[[-71.485528,-16.317195],[-71.585573,-16.338434],[-71.587124,-16.456876],[-71.447416,-16.444164],[-71.485528,-16.317195]]]},"properties":{"scalerank":4,"featurecla":"Urban area","area_sqkm":202.409,"min_zoom":4}},
{"type":"Feature","geometry":{"type":"Polygon","coordinates":[[[-68.208932,-16.583897],[-68.031113,-16.533099],[-68.107336,-16.418791],[-68.25973,-16.469589],[-68.208932,-16.583897]]]},"properties":{"scalerank":3,"featurecla":"Urban area","area_sqkm":331.082,"min_zoom":3.7}},
{"type":"Feature","geometry":{"type":"Polygon","coordinates":[[[-49.273188,-16.837887],[-49.197017,-16.774376],[-49.171593,-16.634695],[-49.33675,-16.596558],[-49.3691,-16.725129],[-49.273188,-16.837887]]]},"properties":{"scalerank":3,"featurecla":"Urban area","area_sqkm":423.59,"min_zoom":3.7}},
{"type":"Feature","geometry":{"type":"Polygon","coordinates":[[[-66.202336,-17.30778],[-66.303932,-17.396664],[-66.151512,-17.485599],[-65.986432,-17.384003],[-66.202336,-17.30778]]]},"properties":{"scalerank":5,"featurecla":"Urban area","area_sqkm":358.808,"min_zoom":5}},
{"type":"Feature","geometry":{"type":"Polygon","coordinates":[[[-63.217815,-17.714164],[-63.268613,-17.841185],[-63.09082,-17.841185],[-63.09082,-17.752249],[-63.217815,-17.714164]]]},"properties":{"scalerank":5,"featurecla":"Urban area","area_sqkm":238.43,"min_zoom":5}},
{"type":"Feature","geometry":null,"properties":{"scalerank":3,"featurecla":"Urban area","area_sqkm":141.984,"min_zoom":3.7}},
{"type":"Feature","geometry":null,"properties":{"scalerank":4,"featurecla":"Urban area","area_sqkm":111.495,"min_zoom":4}},
{"type":"Feature","geometry":null,"properties":{"scalerank":3,"featurecla":"Urban area","area_sqkm":100.184,"min_zoom":3.7}},
{"type":"Feature","geometry":{"type":"Polygon","coordinates":[[[-42.681911,-19.568366],[-42.491432,-19.479483],[-42.600521,-19.426566],[-42.681911,-19.568366]]]},"properties":{"scalerank":5,"featurecla":"Urban area","area_sqkm":137.429,"min_zoom":5}},
{"type":"Feature","geometry":{"type":"Polygon","coordinates":[[[-43.875688,-19.758897],[-44.040846,-19.78427],[-44.078932,-19.860493],[-44.231326,-19.962089],[-44.053507,-20.03826],[-43.910467,-19.984516],[-43.81223,-19.885866],[-43.875688,-19.758897]]]},"properties":{"scalerank":4,"featurecla":"Urban area","area_sqkm":772.299,"min_zoom":4}},
{"type":"Feature","geometry":{"type":"Polygon","coordinates":[[[-40.188162,-20.104251],[-40.31973,-20.10177],[-40.31973,-20.177993],[-40.407528,-20.248893],[-40.44675,-20.368472],[-40.331745,-20.450276],[-40.301075,-20.307494],[-40.20276,-20.206053],[-40.188162,-20.104251]]]},"properties":{"scalerank":4,"featurecla":"Urban area","area_sqkm":447.78,"min_zoom":4}},
{"type":"Feature","geometry":{"type":"Polygon","coordinates":[[[-54.619916,-20.546291],[-54.531007,-20.41927],[-54.683401,-20.406558],[-54.619916,-20.546291]]]},"properties":{"scalerank":3,"featurecla":"Urban area","area_sqkm":226.964,"min_zoom":3.7}},
{"type":"Feature","geometry":null,"properties":{"scalerank":5,"featurecla":"Urban area","area_sqkm":143.253,"min_zoom":5}},
{"type":"Feature","geometry":null,"properties":{"scalerank":5,"featurecla":"Urban area","area_sqkm":73.134,"min_zoom":5}},
{"type":"Feature","geometry":{"type":"Polygon","coordinates":[[[-47.799997,-21.079695],[-47.86914,-21.162894],[-47.799997,-21.244749],[-47.723826,-21.168578],[-47.799997,-21.079695]]]},"properties":{"scalerank":4,"featurecla":"Urban area","area_sqkm":159.945,"min_zoom":4}},
{"type":"Feature","geometry":null,"properties":{"scalerank":5,"featurecla":"Urban area","area_sqkm":152.297,"min_zoom":5}},
{"type":"Feature","geometry":null,"properties":{"scalerank":5,"featurecla":"Urban area","area_sqkm":137.998,"min_zoom":5}},
{"type":"Feature","geometry":null,"properties":{"scalerank":5,"featurecla":"Urban area","area_sqkm":86.75,"min_zoom":5}},
{"type":"Feature","geometry":null,"properties":{"scalerank":5,"featurecla":"Urban area","area_sqkm":86.214,"min_zoom":5}},
{"type":"Feature","geometry":null,"properties":{"scalerank":5,"featurecla":"Urban area","area_sqkm":114.931,"min_zoom":5}},
{"type":"Feature","geometry":null,"properties":{"scalerank":5,"featurecla":"Urban area","area_sqkm":127.773,"min_zoom":5}},
{"type":"Feature","geometry":{"type":"Polygon","coordinates":[[[-43.230198,-22.709518],[-43.215315,-22.57826],[-43.405846,-22.692568],[-43.570901,-22.679856],[-43.710634,-22.857674],[-43.831143,-22.922528],[-43.517364,-23.041849],[-43.224152,-22.991206],[-43.193585,-22.9386],[-43.241929,-22.795094],[-43.230198,-22.709518]]]},"properties":{"scalerank":2,"featurecla":"Urban area","area_sqkm":1697.686,"min_zoom":3.6}},
{"type":"Feature","geometry":{"type":"Polygon","coordinates":[[[-42.985304,-22.89948],[-42.85973,-22.730654],[-42.928769,-22.697477],[-43.066797,-22.773803],[-43.081137,-22.902529],[-42.985304,-22.89948]]]},"properties":{"scalerank":5,"featurecla":"Urban area","area_sqkm":321.444,"min_zoom":5}},
{"type":"Feature","geometry":null,"properties":{"scalerank":5,"featurecla":"Urban area","area_sqkm":88.275,"min_zoom":5}},
{"type":"Feature","geometry":{"type":"Polygon","coordinates":[[[-46.959428,-22.991258],[-46.974517,-22.883099],[-47.101538,-22.70528],[-47.253932,-22.743366],[-47.279305,-22.679856],[-47.444411,-22.70528],[-47.126911,-23.02278],[-47.026866,-23.049756],[-46.959428,-22.991258]]]},"properties":{"scalerank":4,"featurecla":"Urban area","area_sqkm":1066.059,"min_zoom":4}},
{"type":"Feature","geometry":{"type":"Polygon","coordinates":[[[-41.982884,-22.830286],[-42.146802,-22.822431],[-42.087348,-22.943612],[-41.982884,-22.830286]]]},"properties":{"scalerank":5,"featurecla":"Urban area","area_sqkm":164.075,"min_zoom":5}},
{"type":"Feature","geometry":null,"properties":{"scalerank":5,"featurecla":"Urban area","area_sqkm":183.125,"min_zoom":5}},
{"type":"Feature","geometry":null,"properties":{"scalerank":5,"featurecla":"Urban area","area_sqkm":110.568,"min_zoom":5}},
{"type":"Feature","geometry":{"type":"Polygon","coordinates":[[[-46.250634,-23.492674],[-46.314093,-23.365654],[-46.441113,-23.365654],[-46.682442,-23.429164],[-46.695103,-23.27677],[-46.847497,-23.124376],[-46.974517,-23.187887],[-46.79675,-23.251397],[-46.784038,-23.365654],[-46.923719,-23.429164],[-46.98723,-23.53076],[-46.872922,-23.721291],[-46.745901,-23.772089],[-46.377603,-23.734003],[-46.377603,-23.606983],[-46.225364,-23.575046],[-46.250634,-23.492674]]]},"properties":{"scalerank":2,"featurecla":"Urban area","area_sqkm":3011.818,"min_zoom":3.6}},
{"type":"Feature","geometry":{"type":"Polygon","coordinates":[[[-45.869624,-23.149749],[-45.920422,-23.124376],[-46.03473,-23.314856],[-45.920422,-23.327568],[-45.768028,-23.149749],[-45.869624,-23.149749]]]},"properties":{"scalerank":5,"featurecla":"Urban area","area_sqkm":329.037,"min_zoom":5}},
{"type":"Feature","geometry":{"type":"Polygon","coordinates":[[[-51.292497,-23.264058],[-51.187387,-23.368496],[-51.089305,-23.289483],[-51.173744,-23.235481],[-51.292497,-23.264058]]]},"properties":{"scalerank":5,"featurecla":"Urban area","area_sqkm":200.37,"min_zoom":5}},
{"type":"Feature","geometry":null,"properties":{"scalerank":5,"featurecla":"Urban area","area_sqkm":80.313,"min_zoom":5}},
{"type":"Feature","geometry":{"type":"Polygon","coordinates":[[[-47.533346,-23.53076],[-47.444411,-23.568897],[-47.380901,-23.416503],[-47.491643,-23.423583],[-47.533346,-23.53076]]]},"properties":{"scalerank":4,"featurecla":"Urban area","area_sqkm":183.614,"min_zoom":4}},
{"type":"Feature","geometry":null,"properties":{"scalerank":3,"featurecla":"Urban area","area_sqkm":153.078,"min_zoom":3.7}},
{"type":"Feature","geometry":{"type":"Polygon","coordinates":[[[-46.428401,-23.873685],[-46.551107,-24.038997],[-46.275697,-23.940606],[-46.428401,-23.873685]]]},"properties":{"scalerank":6,"featurecla":"Urban area","area_sqkm":233.47,"min_zoom":6}},
{"type":"Feature","geometry":null,"properties":{"scalerank":5,"featurecla":"Urban area","area_sqkm":88.756,"min_zoom":5}},
{"type":"Feature","geometry":null,"properties":{"scalerank":6,"featurecla":"Urban area","area_sqkm":91.09,"min_zoom":6}},
{"type":"Feature","geometry":null,"properties":{"scalerank":4,"featurecla":"Urban area","area_sqkm":141.497,"min_zoom":4}},
{"type":"Feature","geometry":null,"properties":{"scalerank":4,"featurecla":"Urban area","area_sqkm":109.277,"min_zoom":4}},
{"type":"Feature","geometry":{"type":"Polygon","coordinates":[[[-57.490103,-25.194483],[-57.642497,-25.257993],[-57.680634,-25.321503],[-57.540901,-25.43576],[-57.413932,-25.334164],[-57.490103,-25.194483]]]},"properties":{"scalerank":3,"featurecla":"Urban area","area_sqkm":523.98,"min_zoom":3.7}},
{"type":"Feature","geometry":{"type":"Polygon","coordinates":[[[-49.137124,-25.407648],[-49.184305,-25.296078],[-49.298613,-25.296078],[-49.412922,-25.384962],[-49.412922,-25.613578],[-49.133507,-25.56278],[-49.137124,-25.407648]]]},"properties":{"scalerank":2,"featurecla":"Urban area","area_sqkm":787.411,"min_zoom":3.6}},
{"type":"Feature","geometry":{"type":"Polygon","coordinates":[[[-54.632603,-25.461185],[-54.660896,-25.565674],[-54.556432,-25.613578],[-54.492922,-25.473897],[-54.632603,-25.461185]]]},"properties":{"scalerank":4,"featurecla":"Urban area","area_sqkm":278.504,"min_zoom":4}},
{"type":"Feature","geometry":null,"properties":{"scalerank":4,"featurecla":"Urban area","area_sqkm":103.518,"min_zoom":4}},
{"type":"Feature","geometry":{"type":"Polygon","coordinates":[[[-48.904942,-26.261291],[-48.816007,-26.375599],[-48.752497,-26.299376],[-48.904942,-26.261291]]]},"properties":{"scalerank":5,"featurecla":"Urban area","area_sqkm":142.376,"min_zoom":5}},
{"type":"Feature","geometry":{"type":"Polygon","coordinates":[[[-65.287922,-26.70576],[-65.326007,-26.83278],[-65.200588,-26.889676],[-65.08473,-26.820068],[-65.166973,-26.743587],[-65.287922,-26.70576]]]},"properties":{"scalerank":4,"featurecla":"Urban area","area_sqkm":292.658,"min_zoom":4}},
{"type":"Feature","geometry":null,"properties":{"scalerank":5,"featurecla":"Urban area","area_sqkm":79.831,"min_zoom":5}},
{"type":"Feature","geometry":{"type":"Polygon","coordinates":[[[-48.666921,-26.843529],[-48.752497,-26.896291],[-48.676326,-27.02326],[-48.597467,-27.02512],[-48.615658,-26.878101],[-48.666921,-26.843529]]]},"properties":{"scalerank":5,"featurecla":"Urban area","area_sqkm":202.316,"min_zoom":5}},
{"type":"Feature","geometry":null,"properties":{"scalerank":4,"featurecla":"Urban area","area_sqkm":134.91,"min_zoom":4}},
{"type":"Feature","geometry":null,"properties":{"scalerank":3,"featurecla":"Urban area","area_sqkm":130.135,"min_zoom":3.7}},
{"type":"Feature","geometry":{"type":"Polygon","coordinates":[[[-58.937922,-27.378897],[-59.064942,-27.391558],[-59.026624,-27.497856],[-58.899836,-27.493154],[-58.937922,-27.378897]]]},"properties":{"scalerank":5,"featurecla":"Urban area","area_sqkm":160.91,"min_zoom":5}},
{"type":"Feature","geometry":null,"properties":{"scalerank":5,"featurecla":"Urban area","area_sqkm":87.954,"min_zoom":5}},
{"type":"Feature","geometry":{"type":"Polygon","coordinates":[[[-64.322709,-27.823366],[-64.170315,-27.836078],[-64.183028,-27.683685],[-64.29346,-27.712933],[-64.322709,-27.823366]]]},"properties":{"scalerank":5,"featurecla":"Urban area","area_sqkm":228.848,"min_zoom":5}},
{"type":"Feature","geometry":null,"properties":{"scalerank":5,"featurecla":"Urban area","area_sqkm":97.161,"min_zoom":5}},
{"type":"Feature","geometry":null,"properties":{"scalerank":4,"featurecla":"Urban area","area_sqkm":111.993,"min_zoom":4}},
{"type":"Feature","geometry":{"type":"Polygon","coordinates":[[[-51.061916,-30.150562],[-50.911538,-29.931558],[-51.076593,-29.829962],[-51.063932,-29.715654],[-51.165528,-29.614058],[-51.229038,-29.677568],[-51.190901,-29.779164],[-51.24175,-29.893472],[-51.233999,-29.997549],[-51.366136,-30.012483],[-51.37058,-30.21061],[-51.061916,-30.150562]]]},"properties":{"scalerank":2,"featurecla":"Urban area","area_sqkm":1461.585,"min_zoom":3.6}},
{"type":"Feature","geometry":null,"properties":{"scalerank":5,"featurecla":"Urban area","area_sqkm":163.778,"min_zoom":5}},
{"type":"Feature","geometry":{"type":"Polygon","coordinates":[[[-71.177329,-29.956104],[-71.129916,-29.868099],[-71.336183,-29.829187],[-71.364088,-29.997549],[-71.177329,-29.956104]]]},"properties":{"scalerank":4,"featurecla":"Urban area","area_sqkm":306.232,"min_zoom":4}},
{"type":"Feature","geometry":{"type":"Polygon","coordinates":[[[-64.221113,-31.303154],[-64.322709,-31.21427],[-64.36082,-31.354003],[-64.259225,-31.493685],[-64.056007,-31.480972],[-64.030634,-31.379376],[-64.109001,-31.310492],[-64.221113,-31.303154]]]},"properties":{"scalerank":3,"featurecla":"Urban area","area_sqkm":576.939,"min_zoom":3.7}},
{"type":"Feature","geometry":{"type":"Polygon","coordinates":[[[-58.036219,-31.303154],[-58.112442,-31.417462],[-57.921911,-31.417462],[-58.036219,-31.303154]]]},"properties":{"scalerank":5,"featurecla":"Urban area","area_sqkm":168.401,"min_zoom":5}},
{"type":"Feature","geometry":{"type":"Polygon","coordinates":[[[-68.462922,-31.442887],[-68.653427,-31.480972],[-68.589916,-31.671503],[-68.424836,-31.582568],[-68.462922,-31.442887]]]},"properties":{"scalerank":4,"featurecla":"Urban area","area_sqkm":372.535,"min_zoom":4}},
{"type":"Feature","geometry":{"type":"Polygon","coordinates":[[[-60.690528,-31.684164],[-60.576219,-31.607993],[-60.76675,-31.53177],[-60.830209,-31.696876],[-60.690528,-31.684164]]]},"properties":{"scalerank":4,"featurecla":"Urban area","area_sqkm":296.725,"min_zoom":4}},
{"type":"Feature","geometry":null,"properties":{"scalerank":4,"featurecla":"Urban area","area_sqkm":123.889,"min_zoom":4}},
{"type":"Feature","geometry":null,"properties":{"scalerank":5,"featurecla":"Urban area","area_sqkm":81.675,"min_zoom":5}},
{"type":"Feature","geometry":{"type":"Polygon","coordinates":[[[-60.601593,-32.966876],[-60.681743,-32.831122],[-60.76675,-32.839856],[-60.804836,-32.992249],[-60.706212,-33.042479],[-60.601593,-32.966876]]]},"properties":{"scalerank":4,"featurecla":"Urban area","area_sqkm":527.372,"min_zoom":4}},
{"type":"Feature","geometry":{"type":"Polygon","coordinates":[[[-69.034411,-33.05576],[-68.843932,-33.068472],[-68.704225,-32.916078],[-68.780422,-32.776397],[-68.932815,-32.86528],[-68.907416,-32.979589],[-69.034411,-33.05576]]]},"properties":{"scalerank":3,"featurecla":"Urban area","area_sqkm":550.536,"min_zoom":3.7}},
{"type":"Feature","geometry":{"type":"Polygon","coordinates":[[[-71.634149,-33.064183],[-71.472815,-33.05576],[-71.46018,-32.903521],[-71.540331,-32.85479],[-71.634149,-33.064183]]]},"properties":{"scalerank":3,"featurecla":"Urban area","area_sqkm":325.704,"min_zoom":3.7}},
{"type":"Feature","geometry":null,"properties":{"scalerank":6,"featurecla":"Urban area","area_sqkm":105.628,"min_zoom":6}},
{"type":"Feature","geometry":null,"properties":{"scalerank":5,"featurecla":"Urban area","area_sqkm":139.658,"min_zoom":5}},
{"type":"Feature","geometry":{"type":"Polygon","coordinates":[[[-70.634624,-33.309749],[-70.723507,-33.246291],[-70.825129,-33.385972],[-70.878795,-33.554592],[-70.71082,-33.665387],[-70.494916,-33.627249],[-70.431432,-33.322462],[-70.634624,-33.309749]]]},"properties":{"scalerank":2,"featurecla":"Urban area","area_sqkm":1413.011,"min_zoom":3.6}},
{"type":"Feature","geometry":null,"properties":{"scalerank":5,"featurecla":"Urban area","area_sqkm":297.942,"min_zoom":5}},
{"type":"Feature","geometry":{"type":"Polygon","coordinates":[[[-70.736219,-34.059058],[-70.79973,-34.186078],[-70.621911,-34.160654],[-70.736219,-34.059058]]]},"properties":{"scalerank":5,"featurecla":"Urban area","area_sqkm":160.63,"min_zoom":5}},
{"type":"Feature","geometry":null,"properties":{"scalerank":5,"featurecla":"Urban area","area_sqkm":112.193,"min_zoom":5}},
{"type":"Feature","geometry":{"type":"Polygon","coordinates":[[[-58.423534,-34.558562],[-58.546938,-34.411078],[-58.722017,-34.363897],[-58.836326,-34.287674],[-58.925209,-34.38927],[-58.887124,-34.554376],[-59.014093,-34.605174],[-58.742275,-34.783303],[-58.722017,-34.96076],[-58.480688,-34.897249],[-58.379093,-34.96076],[-58.290209,-34.909962],[-58.163188,-34.922674],[-58.074305,-35.036983],[-57.891991,-34.989337],[-57.849926,-34.859474],[-57.979944,-34.806712],[-58.137815,-34.859164],[-58.143293,-34.740411],[-58.283362,-34.683516],[-58.423534,-34.558562]]]},"properties":{"scalerank":2,"featurecla":"Urban area","area_sqkm":3733.895,"min_zoom":3.6}},
{"type":"Feature","geometry":null,"properties":{"scalerank":6,"featurecla":"Urban area","area_sqkm":106.58,"min_zoom":6}},
{"type":"Feature","geometry":{"type":"Polygon","coordinates":[[[-55.74871,-34.713591],[-55.902603,-34.668685],[-56.105846,-34.70677],[-56.245528,-34.617887],[-56.349552,-34.787282],[-56.357123,-34.870016],[-56.117913,-34.907895],[-55.862941,-34.81095],[-55.74871,-34.713591]]]},"properties":{"scalerank":3,"featurecla":"Urban area","area_sqkm":1124.343,"min_zoom":3.7}},
{"type":"Feature","geometry":null,"properties":{"scalerank":5,"featurecla":"Urban area","area_sqkm":113.92,"min_zoom":5}},
{"type":"Feature","geometry":null,"properties":{"scalerank":6,"featurecla":"Urban area","area_sqkm":76.953,"min_zoom":6}},
{"type":"Feature","geometry":null,"properties":{"scalerank":5,"featurecla":"Urban area","area_sqkm":117.091,"min_zoom":5}},
{"type":"Feature","geometry":null,"properties":{"scalerank":4,"featurecla":"Urban area","area_sqkm":71.242,"min_zoom":4}},
{"type":"Feature","geometry":null,"properties":{"scalerank":3,"featurecla":"Urban area","area_sqkm":183.491,"min_zoom":3.7}},
{"type":"Feature","geometry":{"type":"Polygon","coordinates":[[[-69.072523,-37.335654],[-69.161432,-37.234058],[-69.308245,-37.225945],[-69.377336,-37.297568],[-69.263028,-37.373791],[-69.072523,-37.335654]]]},"properties":{"scalerank":5,"featurecla":"Urban area","area_sqkm":370.912,"min_zoom":5}},
{"type":"Feature","geometry":null,"properties":{"scalerank":5,"featurecla":"Urban area","area_sqkm":100.297,"min_zoom":5}},
{"type":"Feature","geometry":null,"properties":{"scalerank":6,"featurecla":"Urban area","area_sqkm":120.905,"min_zoom":6}},
{"type":"Feature","geometry":{"type":"Polygon","coordinates":[[[-57.527103,-37.890969],[-57.666888,-37.920527],[-57.718719,-38.008791],[-57.546947,-38.085685],[-57.527103,-37.890969]]]},"properties":{"scalerank":3,"featurecla":"Urban area","area_sqkm":276.882,"min_zoom":3.7}},
{"type":"Feature","geometry":{"type":"Polygon","coordinates":[[[-58.674837,-38.495841],[-58.791677,-38.515633],[-58.797878,-38.613302],[-58.633754,-38.566224],[-58.674837,-38.495841]]]},"properties":{"scalerank":6,"featurecla":"Urban area","area_sqkm":139.169,"min_zoom":6}},
{"type":"Feature","geometry":{"type":"Polygon","coordinates":[[[-62.18209,-38.756962],[-62.290714,-38.643791],[-62.417709,-38.656503],[-62.312961,-38.802024],[-62.18209,-38.756962]]]},"properties":{"scalerank":3,"featurecla":"Urban area","area_sqkm":267.721,"min_zoom":3.7}},
{"type":"Feature","geometry":null,"properties":{"scalerank":6,"featurecla":"Urban area","area_sqkm":98.983,"min_zoom":6}},
{"type":"Feature","geometry":{"type":"Polygon","coordinates":[[[-68.107336,-38.885068],[-68.17082,-38.961291],[-68.056512,-39.012089],[-67.929517,-38.923154],[-68.107336,-38.885068]]]},"properties":{"scalerank":4,"featurecla":"Urban area","area_sqkm":225.94,"min_zoom":4}},
{"type":"Feature","geometry":{"type":"Polygon","coordinates":[[[-67.407947,-45.769402],[-67.528767,-45.775655],[-67.62473,-45.933578],[-67.556646,-45.970165],[-67.407947,-45.769402]]]},"properties":{"scalerank":3,"featurecla":"Urban area","area_sqkm":213.77,"min_zoom":3.7}},
{"type":"Feature","geometry":null,"properties":{"scalerank":6,"featurecla":"Urban area","area_sqkm":290.924,"min_zoom":6}},
{"type":"Feature","geometry":null,"properties":{"scalerank":5,"featurecla":"Urban area","area_sqkm":237.977,"min_zoom":5}},
{"type":"Feature","geometry":{"type":"Polygon","coordinates":[[[-69.52973,-37.069003],[-69.605927,-36.92927],[-69.694836,-37.132462],[-69.52973,-37.069003]]]},"properties":{"scalerank":5,"featurecla":"Urban area","area_sqkm":240.227,"min_zoom":5}},
{"type":"Feature","geometry":{"type":"Polygon","coordinates":[[[146.708441,-19.329776],[146.822749,-19.329776],[146.855977,-19.238929],[146.728646,-19.200326],[146.708441,-19.329776]]]},"properties":{"scalerank":3,"featurecla":"Urban area","area_sqkm":178.945,"min_zoom":3.7}},
{"type":"Feature","geometry":null,"properties":{"scalerank":4,"featurecla":"Urban area","area_sqkm":76.132,"min_zoom":4}},
{"type":"Feature","geometry":{"type":"Polygon","coordinates":[[[153.071102,-26.59419],[153.045677,-26.644988],[153.083866,-26.822755],[153.144895,-26.833504],[153.119264,-26.6099],[153.071102,-26.59419]]]},"properties":{"scalerank":5,"featurecla":"Urban area","area_sqkm":159.646,"min_zoom":5}},
{"type":"Feature","geometry":{"type":"Polygon","coordinates":[[[153.125258,-27.333422],[152.956845,-27.22919],[152.905995,-27.394245],[152.918656,-27.470468],[152.855197,-27.622861],[153.045677,-27.699084],[153.236156,-27.73717],[153.147324,-27.533978],[153.268609,-27.541729],[153.176418,-27.348976],[153.125258,-27.333422]]]},"properties":{"scalerank":3,"featurecla":"Urban area","area_sqkm":1425.421,"min_zoom":3.7}},
{"type":"Feature","geometry":null,"properties":{"scalerank":5,"featurecla":"Urban area","area_sqkm":115.782,"min_zoom":5}},
{"type":"Feature","geometry":{"type":"Polygon","coordinates":[[[153.354857,-27.849049],[153.287057,-27.86419],[153.325091,-28.067382],[153.479449,-28.17921],[153.420331,-27.873182],[153.354857,-27.849049]]]},"properties":{"scalerank":4,"featurecla":"Urban area","area_sqkm":453.009,"min_zoom":4}},
{"type":"Feature","geometry":null,"properties":{"scalerank":4,"featurecla":"Urban area","area_sqkm":69.48,"min_zoom":4}},
{"type":"Feature","geometry":{"type":"Polygon","coordinates":[[[115.829034,-32.270536],[115.834718,-32.156745],[115.961739,-32.105947],[116.058942,-31.947869],[116.063335,-31.851957],[115.806554,-31.71486],[115.698396,-31.694551],[115.738083,-31.887924],[115.727438,-32.318699],[115.829034,-32.270536]]]},"properties":{"scalerank":3,"featurecla":"Urban area","area_sqkm":1393.524,"min_zoom":3.7}},
{"type":"Feature","geometry":null,"properties":{"scalerank":5,"featurecla":"Urban area","area_sqkm":174.543,"min_zoom":5}},
{"type":"Feature","geometry":null,"properties":{"scalerank":5,"featurecla":"Urban area","area_sqkm":70.038,"min_zoom":5}},
{"type":"Feature","geometry":{"type":"Polygon","coordinates":[[[151.832934,-32.875254],[151.686845,-32.804457],[151.597961,-32.956851],[151.684675,-33.076327],[151.832934,-32.875254]]]},"properties":{"scalerank":5,"featurecla":"Urban area","area_sqkm":359.605,"min_zoom":5}},
{"type":"Feature","geometry":{"type":"Polygon","coordinates":[[[151.250851,-33.712309],[151.153441,-33.76967],[150.968439,-33.664922],[150.759718,-33.718872],[150.816665,-33.925061],[150.683495,-34.049084],[150.797804,-34.112594],[151.000995,-33.972861],[151.051845,-34.049084],[151.280306,-33.926663],[151.322784,-33.699286],[151.250851,-33.712309]]]},"properties":{"scalerank":2,"featurecla":"Urban area","area_sqkm":1863.993,"min_zoom":3.6}},
{"type":"Feature","geometry":{"type":"Polygon","coordinates":[[[150.923739,-34.313357],[150.77243,-34.493553],[150.871339,-34.499134],[150.923739,-34.313357]]]},"properties":{"scalerank":5,"featurecla":"Urban area","area_sqkm":154.634,"min_zoom":5}},
{"type":"Feature","geometry":{"type":"Polygon","coordinates":[[[138.514574,-35.177697],[138.593226,-35.10318],[138.758177,-34.823766],[138.682057,-34.671372],[138.490544,-34.770487],[138.514574,-35.177697]]]},"properties":{"scalerank":3,"featurecla":"Urban area","area_sqkm":844.395,"min_zoom":3.7}},
{"type":"Feature","geometry":{"type":"Polygon","coordinates":[[[149.18493,-35.255574],[149.108656,-35.16669],[148.994399,-35.192063],[149.00706,-35.42068],[149.13651,-35.442074],[149.18493,-35.255574]]]},"properties":{"scalerank":3,"featurecla":"Urban area","area_sqkm":505.172,"min_zoom":3.7}},
{"type":"Feature","geometry":{"type":"Polygon","coordinates":[[[146.822749,-36.11919],[146.937057,-36.157276],[147.000516,-36.030255],[146.882435,-36.016768],[146.822749,-36.11919]]]},"properties":{"scalerank":5,"featurecla":"Urban area","area_sqkm":158.993,"min_zoom":5}},
{"type":"Feature","geometry":{"type":"Polygon","coordinates":[[[174.747091,-36.714038],[174.595576,-36.902915],[174.683426,-36.96658],[174.747091,-36.714038]]]},"properties":{"scalerank":3,"featurecla":"Urban area","area_sqkm":491.134,"min_zoom":3.7}},
{"type":"Feature","geometry":null,"properties":{"scalerank":5,"featurecla":"Urban area","area_sqkm":68.971,"min_zoom":5}},
{"type":"Feature","geometry":{"type":"Polygon","coordinates":[[[145.112621,-38.151779],[145.171739,-38.074988],[145.349557,-38.011478],[145.298656,-37.947968],[145.387591,-37.744776],[145.209824,-37.744776],[145.133602,-37.64318],[144.905037,-37.592382],[144.73993,-37.64318],[144.714557,-37.820947],[144.769954,-37.895464],[144.905037,-37.859084],[145.119959,-38.091318],[145.112621,-38.151779]]]},"properties":{"scalerank":2,"featurecla":"Urban area","area_sqkm":2055.715,"min_zoom":3.6}},
{"type":"Feature","geometry":null,"properties":{"scalerank":5,"featurecla":"Urban area","area_sqkm":187.133,"min_zoom":5}},
{"type":"Feature","geometry":{"type":"Polygon","coordinates":[[[146.555995,-38.227382],[146.530726,-38.163872],[146.32743,-38.201957],[146.378177,-38.27818],[146.555995,-38.227382]]]},"properties":{"scalerank":5,"featurecla":"Urban area","area_sqkm":277.289,"min_zoom":5}},
{"type":"Feature","geometry":null,"properties":{"scalerank":5,"featurecla":"Urban area","area_sqkm":95.636,"min_zoom":5}},
{"type":"Feature","geometry":null,"properties":{"scalerank":4,"featurecla":"Urban area","area_sqkm":129.431,"min_zoom":4}},
{"type":"Feature","geometry":{"type":"Polygon","coordinates":[[[172.54335,-43.463858],[172.425941,-43.535947],[172.705304,-43.586745],[172.69347,-43.444325],[172.54335,-43.463858]]]},"properties":{"scalerank":3,"featurecla":"Urban area","area_sqkm":268.106,"min_zoom":3.7}},
{"type":"Feature","geometry":{"type":"Polygon","coordinates":[[[7.546186,10.583437],[7.457302,10.685033],[7.355706,10.596149],[7.39927,10.442877],[7.533473,10.380245],[7.546186,10.583437]]]},"properties":{"scalerank":4,"featurecla":"Urban area","area_sqkm":469.84,"min_zoom":4}},
{"type":"Feature","geometry":{"type":"Polygon","coordinates":[[[8.803473,9.910351],[8.866984,9.808756],[8.947341,9.900791],[8.905069,10.02466],[8.803473,9.910351]]]},"properties":{"scalerank":5,"featurecla":"Urban area","area_sqkm":220.089,"min_zoom":5}},
{"type":"Feature","geometry":null,"properties":{"scalerank":3,"featurecla":"Urban area","area_sqkm":201.828,"min_zoom":3.7}},
{"type":"Feature","geometry":{"type":"Polygon","coordinates":[[[7.441748,9.119444],[7.469085,9.00666],[7.596984,9.02131],[7.495388,9.161043],[7.441748,9.119444]]]},"properties":{"scalerank":3,"featurecla":"Urban area","area_sqkm":228.375,"min_zoom":3.7}},
{"type":"Feature","geometry":{"type":"Polygon","coordinates":[[[38.673898,9.084872],[38.673898,8.983276],[38.737357,8.868968],[38.902515,9.084872],[38.673898,9.084872]]]},"properties":{"scalerank":3,"featurecla":"Urban area","area_sqkm":436.178,"min_zoom":3.7}},
{"type":"Feature","geometry":null,"properties":{"scalerank":5,"featurecla":"Urban area","area_sqkm":197.429,"min_zoom":5}},
{"type":"Feature","geometry":{"type":"Polygon","coordinates":[[[4.580734,8.566609],[4.493762,8.475659],[4.574377,8.411735],[4.675973,8.500618],[4.580734,8.566609]]]},"properties":{"scalerank":5,"featurecla":"Urban area","area_sqkm":256.068,"min_zoom":5}},
{"type":"Feature","geometry":{"type":"Polygon","coordinates":[[[3.939377,7.80216],[4.040973,7.916468],[3.825069,7.954554],[3.799696,7.840245],[3.939377,7.80216]]]},"properties":{"scalerank":5,"featurecla":"Urban area","area_sqkm":309.62,"min_zoom":5}},
{"type":"Feature","geometry":null,"properties":{"scalerank":4,"featurecla":"Urban area","area_sqkm":116.215,"min_zoom":4}},
{"type":"Feature","geometry":null,"properties":{"scalerank":4,"featurecla":"Urban area","area_sqkm":111.187,"min_zoom":4}},
{"type":"Feature","geometry":{"type":"Polygon","coordinates":[[[4.169389,7.325005],[4.104484,7.522745],[4.028261,7.43381],[3.922789,7.588684],[3.774271,7.370351],[3.88858,7.217906],[3.963252,7.321052],[4.104484,7.357639],[4.169389,7.325005]]]},"properties":{"scalerank":4,"featurecla":"Urban area","area_sqkm":965.522,"min_zoom":4}},
{"type":"Feature","geometry":null,"properties":{"scalerank":5,"featurecla":"Urban area","area_sqkm":93.987,"min_zoom":5}},
{"type":"Feature","geometry":null,"properties":{"scalerank":5,"featurecla":"Urban area","area_sqkm":137.192,"min_zoom":5}},
{"type":"Feature","geometry":{"type":"Polygon","coordinates":[[[3.393261,7.243331],[3.287479,7.200956],[3.279004,7.090937],[3.379515,7.10892],[3.393261,7.243331]]]},"properties":{"scalerank":5,"featurecla":"Urban area","area_sqkm":182.444,"min_zoom":5}},
{"type":"Feature","geometry":null,"properties":{"scalerank":5,"featurecla":"Urban area","area_sqkm":162.821,"min_zoom":5}},
{"type":"Feature","geometry":null,"properties":{"scalerank":5,"featurecla":"Urban area","area_sqkm":149.79,"min_zoom":5}},
{"type":"Feature","geometry":null,"properties":{"scalerank":5,"featurecla":"Urban area","area_sqkm":84.768,"min_zoom":5}},
{"type":"Feature","geometry":{"type":"Polygon","coordinates":[[[-1.661314,6.824235],[-1.724825,6.697214],[-1.534345,6.621043],[-1.50892,6.709927],[-1.555223,6.796976],[-1.661314,6.824235]]]},"properties":{"scalerank":5,"featurecla":"Urban area","area_sqkm":355.419,"min_zoom":5}},
{"type":"Feature","geometry":null,"properties":{"scalerank":4,"featurecla":"Urban area","area_sqkm":41.758,"min_zoom":4}},
{"type":"Feature","geometry":{"type":"Polygon","coordinates":[[[3.43021,6.525003],[3.551908,6.546474],[3.545706,6.697214],[3.456771,6.659129],[3.240919,6.786149],[3.177357,6.671841],[3.177357,6.544872],[3.073746,6.501206],[3.240919,6.393357],[3.335538,6.396923],[3.43021,6.525003]]]},"properties":{"scalerank":4,"featurecla":"Urban area","area_sqkm":1311.754,"min_zoom":4}},
{"type":"Feature","geometry":{"type":"Polygon","coordinates":[[[2.686792,6.367312],[2.657595,6.455265],[2.783686,6.557533],[2.770973,6.709927],[2.605919,6.697214],[2.529696,6.570245],[2.61858,6.443225],[2.472749,6.396793],[2.377302,6.48131],[2.148686,6.455937],[1.894696,6.468649],[1.818473,6.405139],[1.967973,6.282201],[2.28692,6.32809],[2.686792,6.367312]]]},"properties":{"scalerank":5,"featurecla":"Urban area","area_sqkm":1863.831,"min_zoom":5}},
{"type":"Feature","geometry":{"type":"Polygon","coordinates":[[[7.56019,6.524925],[7.431877,6.48131],[7.520761,6.354341],[7.635069,6.443225],[7.56019,6.524925]]]},"properties":{"scalerank":3,"featurecla":"Urban area","area_sqkm":249.732,"min_zoom":3.7}},
{"type":"Feature","geometry":{"type":"Polygon","coordinates":[[[5.728312,6.311656],[5.730069,6.392427],[5.577675,6.455937],[5.577675,6.265406],[5.704696,6.252745],[5.728312,6.311656]]]},"properties":{"scalerank":4,"featurecla":"Urban area","area_sqkm":329.025,"min_zoom":4}},
{"type":"Feature","geometry":null,"properties":{"scalerank":3,"featurecla":"Urban area","area_sqkm":176.64,"min_zoom":3.7}},
{"type":"Feature","geometry":{"type":"Polygon","coordinates":[[[7.012782,6.21466],[6.771504,6.189235],[6.822302,6.087639],[7.012782,6.21466]]]},"properties":{"scalerank":5,"featurecla":"Urban area","area_sqkm":385.689,"min_zoom":5}},
{"type":"Feature","geometry":null,"properties":{"scalerank":5,"featurecla":"Urban area","area_sqkm":174.958,"min_zoom":5}},
{"type":"Feature","geometry":{"type":"Polygon","coordinates":[[[0.032691,5.646141],[0.002357,5.757427],[-0.099239,5.719341],[-0.184376,5.761147],[-0.4294,5.770139],[-0.337777,5.504109],[-0.126498,5.568188],[0.032691,5.646141]]]},"properties":{"scalerank":2,"featurecla":"Urban area","area_sqkm":1003.724,"min_zoom":3.6}},
{"type":"Feature","geometry":null,"properties":{"scalerank":5,"featurecla":"Urban area","area_sqkm":252.184,"min_zoom":5}},
{"type":"Feature","geometry":null,"properties":{"scalerank":4,"featurecla":"Urban area","area_sqkm":174.481,"min_zoom":4}},
{"type":"Feature","geometry":null,"properties":{"scalerank":5,"featurecla":"Urban area","area_sqkm":247.569,"min_zoom":5}},
{"type":"Feature","geometry":{"type":"Polygon","coordinates":[[[-3.984196,5.29314],[-3.914613,5.248776],[-3.845729,5.312906],[-3.972698,5.503437],[-4.061581,5.52881],[-4.14571,5.308824],[-3.984196,5.29314]]]},"properties":{"scalerank":3,"featurecla":"Urban area","area_sqkm":551.335,"min_zoom":3.7}},
{"type":"Feature","geometry":{"type":"Polygon","coordinates":[[[7.353071,5.055196],[7.457302,5.033543],[7.504018,5.158264],[7.427485,5.222085],[7.317569,5.147851],[7.353071,5.055196]]]},"properties":{"scalerank":5,"featurecla":"Urban area","area_sqkm":377.709,"min_zoom":5}},
{"type":"Feature","geometry":null,"properties":{"scalerank":5,"featurecla":"Urban area","area_sqkm":127.063,"min_zoom":5}},
{"type":"Feature","geometry":null,"properties":{"scalerank":4,"featurecla":"Urban area","area_sqkm":234.336,"min_zoom":4}},
{"type":"Feature","geometry":null,"properties":{"scalerank":3,"featurecla":"Urban area","area_sqkm":155.065,"min_zoom":3.7}},
{"type":"Feature","geometry":null,"properties":{"scalerank":3,"featurecla":"Urban area","area_sqkm":172.477,"min_zoom":3.7}},
{"type":"Feature","geometry":{"type":"Polygon","coordinates":[[[32.647083,0.252853],[32.683204,0.329179],[32.5906,0.448862],[32.510192,0.320239],[32.58967,0.196267],[32.647083,0.252853]]]},"properties":{"scalerank":3,"featurecla":"Urban area","area_sqkm":363.998,"min_zoom":3.7}},
{"type":"Feature","geometry":null,"properties":{"scalerank":6,"featurecla":"Urban area","area_sqkm":115.713,"min_zoom":6}},
{"type":"Feature","geometry":{"type":"Polygon","coordinates":[[[36.680015,-1.252946],[36.730761,-1.354542],[36.895919,-1.367255],[36.963047,-1.270155],[36.959377,-1.151351],[36.819696,-1.138638],[36.680015,-1.252946]]]},"properties":{"scalerank":2,"featurecla":"Urban area","area_sqkm":631.059,"min_zoom":3.6}},
{"type":"Feature","geometry":null,"properties":{"scalerank":4,"featurecla":"Urban area","area_sqkm":116.565,"min_zoom":4}},
{"type":"Feature","geometry":null,"properties":{"scalerank":4,"featurecla":"Urban area","area_sqkm":92.655,"min_zoom":4}},
{"type":"Feature","geometry":null,"properties":{"scalerank":4,"featurecla":"Urban area","area_sqkm":122.151,"min_zoom":4}},
{"type":"Feature","geometry":null,"properties":{"scalerank":3,"featurecla":"Urban area","area_sqkm":143.952,"min_zoom":3.7}},
{"type":"Feature","geometry":{"type":"Polygon","coordinates":[[[15.342454,-4.296172],[15.255069,-4.186669],[15.191611,-4.300977],[15.242357,-4.478744],[15.372065,-4.443294],[15.427927,-4.369397],[15.342454,-4.296172]]]},"properties":{"scalerank":3,"featurecla":"Urban area","area_sqkm":518.133,"min_zoom":3.7}},
{"type":"Feature","geometry":{"type":"Polygon","coordinates":[[[22.354377,-5.926563],[22.481398,-5.977361],[22.468686,-5.83768],[22.376857,-5.847395],[22.354377,-5.926563]]]},"properties":{"scalerank":4,"featurecla":"Urban area","area_sqkm":159.93,"min_zoom":4}},
{"type":"Feature","geometry":{"type":"Polygon","coordinates":[[[23.57358,-6.193265],[23.675175,-6.180553],[23.675175,-6.078957],[23.563503,-6.089137],[23.57358,-6.193265]]]},"properties":{"scalerank":4,"featurecla":"Urban area","area_sqkm":144.028,"min_zoom":4}},
{"type":"Feature","geometry":{"type":"Polygon","coordinates":[[[39.230505,-6.689721],[39.181877,-6.866351],[39.320577,-6.861958],[39.230505,-6.689721]]]},"properties":{"scalerank":3,"featurecla":"Urban area","area_sqkm":201.915,"min_zoom":3.7}},
{"type":"Feature","geometry":{"type":"Polygon","coordinates":[[[13.225994,-8.851449],[13.329554,-8.901937],[13.37105,-8.773676],[13.317565,-8.73063],[13.225994,-8.851449]]]},"properties":{"scalerank":3,"featurecla":"Urban area","area_sqkm":214.409,"min_zoom":3.7}},
{"type":"Feature","geometry":null,"properties":{"scalerank":3,"featurecla":"Urban area","area_sqkm":168.398,"min_zoom":3.7}},
{"type":"Feature","geometry":null,"properties":{"scalerank":3,"featurecla":"Urban area","area_sqkm":106.753,"min_zoom":3.7}},
{"type":"Feature","geometry":null,"properties":{"scalerank":4,"featurecla":"Urban area","area_sqkm":153.919,"min_zoom":4}},
{"type":"Feature","geometry":null,"properties":{"scalerank":5,"featurecla":"Urban area","area_sqkm":126.715,"min_zoom":5}},
{"type":"Feature","geometry":{"type":"Polygon","coordinates":[[[33.746292,-13.864063],[33.695494,-14.016457],[33.809802,-14.041882],[33.822515,-13.876775],[33.746292,-13.864063]]]},"properties":{"scalerank":3,"featurecla":"Urban area","area_sqkm":224.241,"min_zoom":3.7}},
{"type":"Feature","geometry":null,"properties":{"scalerank":4,"featurecla":"Urban area","area_sqkm":125.027,"min_zoom":4}},
{"type":"Feature","geometry":{"type":"Polygon","coordinates":[[[28.209111,-15.349967],[28.219394,-15.473009],[28.39959,-15.476936],[28.450388,-15.324542],[28.209111,-15.349967]]]},"properties":{"scalerank":3,"featurecla":"Urban area","area_sqkm":433.965,"min_zoom":3.7}},
{"type":"Feature","geometry":{"type":"Polygon","coordinates":[[[34.965494,-15.794436],[35.079802,-15.870659],[35.117888,-15.794436],[35.032932,-15.727877],[34.965494,-15.794436]]]},"properties":{"scalerank":4,"featurecla":"Urban area","area_sqkm":142.037,"min_zoom":4}},
{"type":"Feature","geometry":{"type":"Polygon","coordinates":[[[31.211615,-17.798758],[31.104696,-17.699436],[30.893029,-17.806045],[30.914165,-17.928053],[31.091984,-17.940765],[31.211615,-17.798758]]]},"properties":{"scalerank":3,"featurecla":"Urban area","area_sqkm":766.697,"min_zoom":3.7}},
{"type":"Feature","geometry":{"type":"Polygon","coordinates":[[[47.335282,-19.058371],[47.335282,-19.248851],[47.462302,-19.198053],[47.462302,-18.994861],[47.551186,-18.994861],[47.563898,-18.817042],[47.44959,-18.842467],[47.424165,-18.969436],[47.284484,-18.931351],[47.335282,-19.058371]]]},"properties":{"scalerank":3,"featurecla":"Urban area","area_sqkm":686.723,"min_zoom":3.7}},
{"type":"Feature","geometry":null,"properties":{"scalerank":5,"featurecla":"Urban area","area_sqkm":135.702,"min_zoom":5}},
{"type":"Feature","geometry":{"type":"Polygon","coordinates":[[[28.691665,-20.226775],[28.628206,-20.087042],[28.524078,-20.077844],[28.4631,-20.13784],[28.548883,-20.240263],[28.691665,-20.226775]]]},"properties":{"scalerank":3,"featurecla":"Urban area","area_sqkm":293.383,"min_zoom":3.7}},
{"type":"Feature","geometry":null,"properties":{"scalerank":4,"featurecla":"Urban area","area_sqkm":141.319,"min_zoom":4}},
{"type":"Feature","geometry":null,"properties":{"scalerank":3,"featurecla":"Urban area","area_sqkm":161.957,"min_zoom":3.7}},
{"type":"Feature","geometry":null,"properties":{"scalerank":6,"featurecla":"Urban area","area_sqkm":119.786,"min_zoom":6}},
{"type":"Feature","geometry":null,"properties":{"scalerank":4,"featurecla":"Urban area","area_sqkm":167.583,"min_zoom":4}},
{"type":"Feature","geometry":null,"properties":{"scalerank":4,"featurecla":"Urban area","area_sqkm":78.847,"min_zoom":4}},
{"type":"Feature","geometry":null,"properties":{"scalerank":5,"featurecla":"Urban area","area_sqkm":109.166,"min_zoom":5}},
{"type":"Feature","geometry":null,"properties":{"scalerank":5,"featurecla":"Urban area","area_sqkm":156.217,"min_zoom":5}},
{"type":"Feature","geometry":null,"properties":{"scalerank":5,"featurecla":"Urban area","area_sqkm":115.821,"min_zoom":5}},
{"type":"Feature","geometry":null,"properties":{"scalerank":3,"featurecla":"Urban area","area_sqkm":155.918,"min_zoom":3.7}},
{"type":"Feature","geometry":null,"properties":{"scalerank":5,"featurecla":"Urban area","area_sqkm":136.839,"min_zoom":5}},
{"type":"Feature","geometry":null,"properties":{"scalerank":5,"featurecla":"Urban area","area_sqkm":130.884,"min_zoom":5}},
{"type":"Feature","geometry":{"type":"Polygon","coordinates":[[[28.361504,-26.538638],[28.539271,-26.437042],[28.526611,-26.221138],[28.4631,-26.106882],[28.310706,-26.094169],[28.272569,-25.865553],[28.41163,-25.731504],[28.437675,-25.662361],[28.234174,-25.637246],[28.056665,-25.586138],[28.044004,-25.789382],[28.107515,-25.878265],[28.056665,-25.954436],[27.929696,-25.992573],[27.866186,-26.068744],[27.751877,-26.056084],[27.599484,-26.221138],[27.574111,-26.348159],[27.38358,-26.322786],[27.345494,-26.47518],[27.535973,-26.411669],[27.599484,-26.437042],[27.904271,-26.437042],[27.904271,-26.335446],[28.005919,-26.297361],[28.158261,-26.424382],[28.310706,-26.284649],[28.39959,-26.424382],[28.361504,-26.538638]]]},"properties":{"scalerank":2,"featurecla":"Urban area","area_sqkm":5028.18,"min_zoom":3.6}},
{"type":"Feature","geometry":{"type":"Polygon","coordinates":[[[27.205761,-25.713159],[27.358206,-25.687786],[27.205761,-25.484542],[27.142302,-25.586138],[27.205761,-25.713159]]]},"properties":{"scalerank":5,"featurecla":"Urban area","area_sqkm":292.381,"min_zoom":5}},
{"type":"Feature","geometry":null,"properties":{"scalerank":5,"featurecla":"Urban area","area_sqkm":91.806,"min_zoom":5}},
{"type":"Feature","geometry":null,"properties":{"scalerank":5,"featurecla":"Urban area","area_sqkm":177.956,"min_zoom":5}},
{"type":"Feature","geometry":{"type":"Polygon","coordinates":[[[32.694987,-25.854391],[32.450919,-25.865553],[32.438206,-25.979861],[32.614785,-25.966063],[32.694987,-25.854391]]]},"properties":{"scalerank":3,"featurecla":"Urban area","area_sqkm":264.798,"min_zoom":3.7}},
{"type":"Feature","geometry":{"type":"Polygon","coordinates":[[[29.237782,-26.576775],[29.237782,-26.47518],[29.111588,-26.46748],[29.047302,-26.551351],[29.136186,-26.597963],[29.237782,-26.576775]]]},"properties":{"scalerank":5,"featurecla":"Urban area","area_sqkm":204.559,"min_zoom":5}},
{"type":"Feature","geometry":{"type":"Polygon","coordinates":[[[28.01858,-26.538638],[27.853473,-26.48784],[27.739165,-26.652946],[27.802675,-26.754542],[27.790015,-26.843477],[27.904271,-26.856138],[27.891611,-26.716457],[28.01858,-26.691084],[28.01858,-26.538638]]]},"properties":{"scalerank":4,"featurecla":"Urban area","area_sqkm":652.112,"min_zoom":4}},
{"type":"Feature","geometry":{"type":"Polygon","coordinates":[[[26.774004,-26.995871],[26.824802,-26.80534],[26.631998,-26.807252],[26.570761,-26.881563],[26.672357,-27.008584],[26.774004,-26.995871]]]},"properties":{"scalerank":5,"featurecla":"Urban area","area_sqkm":434.389,"min_zoom":5}},
{"type":"Feature","geometry":{"type":"Polygon","coordinates":[[[30.076335,-27.809775],[30.0506,-27.656244],[29.898206,-27.707042],[29.898206,-27.783265],[30.076335,-27.809775]]]},"properties":{"scalerank":5,"featurecla":"Urban area","area_sqkm":279.916,"min_zoom":5}},
{"type":"Feature","geometry":{"type":"Polygon","coordinates":[[[26.81209,-28.06268],[26.837515,-27.897573],[26.659696,-27.834063],[26.679953,-27.988937],[26.81209,-28.06268]]]},"properties":{"scalerank":4,"featurecla":"Urban area","area_sqkm":476.507,"min_zoom":4}},
{"type":"Feature","geometry":null,"properties":{"scalerank":5,"featurecla":"Urban area","area_sqkm":108.605,"min_zoom":5}},
{"type":"Feature","geometry":null,"properties":{"scalerank":5,"featurecla":"Urban area","area_sqkm":76.425,"min_zoom":5}},
{"type":"Feature","geometry":null,"properties":{"scalerank":6,"featurecla":"Urban area","area_sqkm":114.863,"min_zoom":6}},
{"type":"Feature","geometry":{"type":"Polygon","coordinates":[[[26.163396,-29.187572],[26.291295,-29.173826],[26.316771,-29.091351],[26.202566,-29.044067],[26.163396,-29.187572]]]},"properties":{"scalerank":3,"featurecla":"Urban area","area_sqkm":220.405,"min_zoom":3.7}},
{"type":"Feature","geometry":null,"properties":{"scalerank":5,"featurecla":"Urban area","area_sqkm":136.103,"min_zoom":5}},
{"type":"Feature","geometry":{"type":"Polygon","coordinates":[[[31.091829,-29.756013],[30.988372,-29.656742],[30.774484,-29.866084],[30.895768,-30.049897],[31.023357,-29.900862],[31.091829,-29.756013]]]},"properties":{"scalerank":2,"featurecla":"Urban area","area_sqkm":804.503,"min_zoom":3.6}},
{"type":"Feature","geometry":null,"properties":{"scalerank":5,"featurecla":"Urban area","area_sqkm":106.759,"min_zoom":5}},
{"type":"Feature","geometry":null,"properties":{"scalerank":4,"featurecla":"Urban area","area_sqkm":110.031,"min_zoom":4}},
{"type":"Feature","geometry":{"type":"Polygon","coordinates":[[[28.01088,-32.932925],[27.930885,-32.91334],[27.790015,-32.977573],[27.860656,-33.053951],[28.01088,-32.932925]]]},"properties":{"scalerank":4,"featurecla":"Urban area","area_sqkm":261.059,"min_zoom":4}},
{"type":"Feature","geometry":{"type":"Polygon","coordinates":[[[25.638156,-34.011154],[25.618261,-33.764967],[25.491292,-33.841138],[25.498113,-34.029705],[25.638156,-34.011154]]]},"properties":{"scalerank":3,"featurecla":"Urban area","area_sqkm":343.12,"min_zoom":3.7}},
{"type":"Feature","geometry":{"type":"Polygon","coordinates":[[[1.187246,6.089422],[1.417464,6.170786],[1.534925,6.284578],[1.619519,6.216081],[1.71047,6.236493],[1.721632,6.361421],[1.653419,6.430564],[1.40594,6.246286],[1.272357,6.21466],[1.234271,6.290831],[1.107302,6.252745],[1.107302,6.113064],[1.187246,6.089422]]]},"properties":{"scalerank":3,"featurecla":"Urban area","area_sqkm":945.681,"min_zoom":3.7}},
{"type":"Feature","geometry":null,"properties":{"scalerank":5,"featurecla":"Urban area","area_sqkm":237.038,"min_zoom":5}},
{"type":"Feature","geometry":{"type":"Polygon","coordinates":[[[7.038206,4.741468],[7.152515,4.754129],[7.165175,4.881149],[7.060944,4.90337],[6.961984,4.868437],[7.038206,4.741468]]]},"properties":{"scalerank":4,"featurecla":"Urban area","area_sqkm":328.142,"min_zoom":4}},
{"type":"Feature","geometry":{"type":"Polygon","coordinates":[[[18.465054,-33.887802],[18.419527,-33.975084],[18.426555,-34.126806],[18.708657,-34.071873],[18.734857,-33.841138],[18.582515,-33.841138],[18.465054,-33.887802]]]},"properties":{"scalerank":2,"featurecla":"Urban area","area_sqkm":857.811,"min_zoom":3.6}},
{"type":"Feature","geometry":{"type":"Polygon","coordinates":[[[5.907888,5.986043],[5.834611,6.05007],[5.641186,5.935245],[5.755494,5.820937],[5.907888,5.986043]]]},"properties":{"scalerank":5,"featurecla":"Urban area","area_sqkm":352.549,"min_zoom":5}},
{"type":"Feature","geometry":null,"properties":{"scalerank":6,"featurecla":"Urban area","area_sqkm":141.068,"min_zoom":6}},
{"type":"Feature","geometry":null,"properties":{"scalerank":6,"featurecla":"Urban area","area_sqkm":59.78,"min_zoom":6}},
{"type":"Feature","geometry":null,"properties":{"scalerank":5,"featurecla":"Urban area","area_sqkm":82.691,"min_zoom":5}},
{"type":"Feature","geometry":null,"properties":{"scalerank":5,"featurecla":"Urban area","area_sqkm":97.771,"min_zoom":5}},
{"type":"Feature","geometry":null,"properties":{"scalerank":5,"featurecla":"Urban area","area_sqkm":82.451,"min_zoom":5}},
{"type":"Feature","geometry":{"type":"Polygon","coordinates":[[[-3.024694,56.226439],[-3.15621,56.286074],[-3.283231,56.159105],[-3.15466,56.093631],[-3.024694,56.226439]]]},"properties":{"scalerank":5,"featurecla":"Urban area","area_sqkm":205.418,"min_zoom":5}},
{"type":"Feature","geometry":{"type":"Polygon","coordinates":[[[-3.765785,56.159105],[-3.803922,55.981286],[-3.651529,55.981286],[-3.765785,56.159105]]]},"properties":{"scalerank":3,"featurecla":"Urban area","area_sqkm":199.574,"min_zoom":3.7}},
{"type":"Feature","geometry":{"type":"Polygon","coordinates":[[[-3.524508,55.981286],[-3.067327,55.841605],[-3.048749,55.951934],[-3.472573,56.00051],[-3.524508,55.981286]]]},"properties":{"scalerank":5,"featurecla":"Urban area","area_sqkm":347.68,"min_zoom":5}},
{"type":"Feature","geometry":null,"properties":{"scalerank":5,"featurecla":"Urban area","area_sqkm":50.695,"min_zoom":5}},
{"type":"Feature","geometry":{"type":"Polygon","coordinates":[[[-3.930943,55.841605],[-4.146847,55.955887],[-4.42621,55.930488],[-4.48972,55.828892],[-4.184933,55.739983],[-3.880145,55.765382],[-3.930943,55.841605]]]},"properties":{"scalerank":3,"featurecla":"Urban area","area_sqkm":588.871,"min_zoom":3.7}},
{"type":"Feature","geometry":{"type":"Polygon","coordinates":[[[-1.5237,55.223348],[-1.670306,55.168468],[-1.784614,54.939903],[-1.657645,54.92719],[-1.606847,54.749372],[-1.378231,54.787483],[-1.263922,54.673201],[-1.365518,54.584291],[-1.209766,54.514037],[-0.976007,54.603437],[-1.154394,54.654494],[-1.29175,54.773866],[-1.5237,55.223348]]]},"properties":{"scalerank":4,"featurecla":"Urban area","area_sqkm":1341.621,"min_zoom":4}},
{"type":"Feature","geometry":{"type":"Polygon","coordinates":[[[-5.85682,54.698832],[-6.012031,54.591087],[-5.873099,54.557962],[-5.85682,54.698832]]]},"properties":{"scalerank":4,"featurecla":"Urban area","area_sqkm":179.148,"min_zoom":4}},
{"type":"Feature","geometry":null,"properties":{"scalerank":2,"featurecla":"Urban area","area_sqkm":90.698,"min_zoom":3.6}},
{"type":"Feature","geometry":null,"properties":{"scalerank":2,"featurecla":"Urban area","area_sqkm":55.053,"min_zoom":3.6}},
{"type":"Feature","geometry":{"type":"Polygon","coordinates":[[[-2.20371,53.873094],[-2.508498,53.758786],[-2.467208,53.697911],[-2.219368,53.787156],[-2.20371,53.873094]]]},"properties":{"scalerank":5,"featurecla":"Urban area","area_sqkm":132.298,"min_zoom":5}},
{"type":"Feature","geometry":null,"properties":{"scalerank":2,"featurecla":"Urban area","area_sqkm":132.486,"min_zoom":3.6}},
{"type":"Feature","geometry":null,"properties":{"scalerank":5,"featurecla":"Urban area","area_sqkm":137.281,"min_zoom":5}},
{"type":"Feature","geometry":{"type":"Polygon","coordinates":[[[-0.127868,53.707937],[-0.247912,53.84767],[-0.426041,53.872216],[-0.512806,53.720649],[-0.27003,53.736772],[-0.127868,53.707937]]]},"properties":{"scalerank":5,"featurecla":"Urban area","area_sqkm":344.265,"min_zoom":5}},
{"type":"Feature","geometry":{"type":"Polygon","coordinates":[[[-0.756047,53.561796],[-0.476529,53.580968],[-0.61621,53.682589],[-0.756047,53.561796]]]},"properties":{"scalerank":5,"featurecla":"Urban area","area_sqkm":232.913,"min_zoom":5}},
{"type":"Feature","geometry":{"type":"Polygon","coordinates":[[[-6.333277,53.430305],[-6.483604,53.352403],[-6.407433,53.263468],[-6.178816,53.263468],[-6.134478,53.429452],[-6.333277,53.430305]]]},"properties":{"scalerank":3,"featurecla":"Urban area","area_sqkm":393.239,"min_zoom":3.7}},
{"type":"Feature","geometry":{"type":"Polygon","coordinates":[[[-0.578125,53.326978],[-0.667008,53.225382],[-0.533037,53.164869],[-0.438443,53.301553],[-0.578125,53.326978]]]},"properties":{"scalerank":5,"featurecla":"Urban area","area_sqkm":159.815,"min_zoom":5}},
{"type":"Feature","geometry":null,"properties":{"scalerank":5,"featurecla":"Urban area","area_sqkm":124.831,"min_zoom":5}},
{"type":"Feature","geometry":null,"properties":{"scalerank":2,"featurecla":"Urban area","area_sqkm":84.493,"min_zoom":3.6}},
{"type":"Feature","geometry":null,"properties":{"scalerank":4,"featurecla":"Urban area","area_sqkm":89.653,"min_zoom":4}},
{"type":"Feature","geometry":{"type":"Polygon","coordinates":[[[-1.784614,52.730089],[-1.873498,52.679291],[-2.035994,52.731665],[-2.190998,52.628468],[-2.216422,52.463387],[-2.000518,52.374478],[-1.759241,52.374478],[-1.670306,52.463387],[-1.619508,52.628468],[-1.784614,52.730089]]]},"properties":{"scalerank":4,"featurecla":"Urban area","area_sqkm":1161.086,"min_zoom":4}},
{"type":"Feature","geometry":null,"properties":{"scalerank":5,"featurecla":"Urban area","area_sqkm":81.202,"min_zoom":5}},
{"type":"Feature","geometry":{"type":"Polygon","coordinates":[[[-0.285998,52.514185],[-0.108231,52.57767],[-0.171741,52.666553],[-0.36222,52.64118],[-0.285998,52.514185]]]},"properties":{"scalerank":5,"featurecla":"Urban area","area_sqkm":217.703,"min_zoom":5}},
{"type":"Feature","geometry":null,"properties":{"scalerank":5,"featurecla":"Urban area","area_sqkm":77.529,"min_zoom":5}},
{"type":"Feature","geometry":{"type":"Polygon","coordinates":[[[-1.37451,52.561288],[-1.56871,52.615781],[-1.530625,52.463387],[-1.37451,52.561288]]]},"properties":{"scalerank":5,"featurecla":"Urban area","area_sqkm":233.837,"min_zoom":5}},
{"type":"Feature","geometry":null,"properties":{"scalerank":5,"featurecla":"Urban area","area_sqkm":114.801,"min_zoom":5}},
{"type":"Feature","geometry":null,"properties":{"scalerank":5,"featurecla":"Urban area","area_sqkm":67.209,"min_zoom":5}},
{"type":"Feature","geometry":null,"properties":{"scalerank":5,"featurecla":"Urban area","area_sqkm":97.126,"min_zoom":5}},
{"type":"Feature","geometry":null,"properties":{"scalerank":5,"featurecla":"Urban area","area_sqkm":82.765,"min_zoom":5}},
{"type":"Feature","geometry":null,"properties":{"scalerank":2,"featurecla":"Urban area","area_sqkm":77.51,"min_zoom":3.6}},
{"type":"Feature","geometry":null,"properties":{"scalerank":5,"featurecla":"Urban area","area_sqkm":123.671,"min_zoom":5}},
{"type":"Feature","geometry":null,"properties":{"scalerank":5,"featurecla":"Urban area","area_sqkm":113.854,"min_zoom":5}},
{"type":"Feature","geometry":null,"properties":{"scalerank":2,"featurecla":"Urban area","area_sqkm":90.495,"min_zoom":3.6}},
{"type":"Feature","geometry":null,"properties":{"scalerank":5,"featurecla":"Urban area","area_sqkm":127.564,"min_zoom":5}},
{"type":"Feature","geometry":null,"properties":{"scalerank":5,"featurecla":"Urban area","area_sqkm":119.769,"min_zoom":5}},
{"type":"Feature","geometry":{"type":"Polygon","coordinates":[[[-3.741342,51.58388],[-3.778498,51.663281],[-4.0452,51.663281],[-4.012695,51.580211],[-3.741342,51.58388]]]},"properties":{"scalerank":5,"featurecla":"Urban area","area_sqkm":198.043,"min_zoom":5}},
{"type":"Feature","geometry":null,"properties":{"scalerank":5,"featurecla":"Urban area","area_sqkm":111.86,"min_zoom":5}},
{"type":"Feature","geometry":null,"properties":{"scalerank":5,"featurecla":"Urban area","area_sqkm":127.211,"min_zoom":5}},
{"type":"Feature","geometry":{"type":"Polygon","coordinates":[[[-2.743186,51.477427],[-2.610145,51.396553],[-2.4577,51.460089],[-2.572008,51.561685],[-2.743186,51.477427]]]},"properties":{"scalerank":5,"featurecla":"Urban area","area_sqkm":208.486,"min_zoom":5}},
{"type":"Feature","geometry":null,"properties":{"scalerank":5,"featurecla":"Urban area","area_sqkm":139.567,"min_zoom":5}},
{"type":"Feature","geometry":null,"properties":{"scalerank":5,"featurecla":"Urban area","area_sqkm":79.519,"min_zoom":5}},
{"type":"Feature","geometry":{"type":"Polygon","coordinates":[[[3.13276,51.321571],[3.168365,51.129903],[3.282673,51.193387],[3.13276,51.321571]]]},"properties":{"scalerank":5,"featurecla":"Urban area","area_sqkm":202.861,"min_zoom":5}},
{"type":"Feature","geometry":null,"properties":{"scalerank":5,"featurecla":"Urban area","area_sqkm":108.479,"min_zoom":5}},
{"type":"Feature","geometry":null,"properties":{"scalerank":5,"featurecla":"Urban area","area_sqkm":109.611,"min_zoom":5}},
{"type":"Feature","geometry":{"type":"Polygon","coordinates":[[[2.11582,51.019573],[2.203153,50.939372],[2.406396,50.977483],[2.44567,51.066496],[2.11582,51.019573]]]},"properties":{"scalerank":5,"featurecla":"Urban area","area_sqkm":211.393,"min_zoom":5}},
{"type":"Feature","geometry":{"type":"Polygon","coordinates":[[[3.676396,50.431392],[3.485865,50.405968],[3.206502,50.41868],[3.079482,50.520276],[3.269961,50.67267],[3.269961,50.786978],[3.395483,50.813875],[3.44778,50.913999],[3.320811,50.977483],[3.092194,50.939372],[3.19379,50.863201],[3.003311,50.786978],[2.899803,50.566604],[2.6223,50.469478],[2.767563,50.398862],[3.054057,50.329796],[3.219215,50.35517],[3.333471,50.266286],[3.536715,50.317084],[3.676396,50.431392]]]},"properties":{"scalerank":4,"featurecla":"Urban area","area_sqkm":2132.197,"min_zoom":4}},
{"type":"Feature","geometry":{"type":"Polygon","coordinates":[[[-0.971847,50.888574],[-1.263922,50.888574],[-1.390943,51.015594],[-1.5052,50.913999],[-1.01709,50.819224],[-0.971847,50.888574]]]},"properties":{"scalerank":5,"featurecla":"Urban area","area_sqkm":264.798,"min_zoom":5}},
{"type":"Feature","geometry":null,"properties":{"scalerank":5,"featurecla":"Urban area","area_sqkm":67.048,"min_zoom":5}},
{"type":"Feature","geometry":{"type":"Polygon","coordinates":[[[-1.698366,50.746334],[-1.911635,50.837776],[-2.015401,50.724424],[-1.698366,50.746334]]]},"properties":{"scalerank":5,"featurecla":"Urban area","area_sqkm":164.454,"min_zoom":5}},
{"type":"Feature","geometry":null,"properties":{"scalerank":4,"featurecla":"Urban area","area_sqkm":71.135,"min_zoom":4}},
{"type":"Feature","geometry":null,"properties":{"scalerank":5,"featurecla":"Urban area","area_sqkm":174.126,"min_zoom":5}},
{"type":"Feature","geometry":null,"properties":{"scalerank":5,"featurecla":"Urban area","area_sqkm":70.803,"min_zoom":5}},
{"type":"Feature","geometry":null,"properties":{"scalerank":4,"featurecla":"Urban area","area_sqkm":73.382,"min_zoom":4}},
{"type":"Feature","geometry":{"type":"Polygon","coordinates":[[[1.226313,49.249242],[1.174482,49.453468],[1.022088,49.52969],[0.996715,49.275701],[1.226313,49.249242]]]},"properties":{"scalerank":5,"featurecla":"Urban area","area_sqkm":356.95,"min_zoom":5}},
{"type":"Feature","geometry":null,"properties":{"scalerank":5,"featurecla":"Urban area","area_sqkm":110.833,"min_zoom":5}},
{"type":"Feature","geometry":{"type":"Polygon","coordinates":[[[-0.397593,49.32531],[-0.438443,49.174053],[-0.247912,49.161392],[-0.247912,49.288387],[-0.397593,49.32531]]]},"properties":{"scalerank":5,"featurecla":"Urban area","area_sqkm":195.942,"min_zoom":5}},
{"type":"Feature","geometry":null,"properties":{"scalerank":6,"featurecla":"Urban area","area_sqkm":93.387,"min_zoom":6}},
{"type":"Feature","geometry":null,"properties":{"scalerank":6,"featurecla":"Urban area","area_sqkm":111.231,"min_zoom":6}},
{"type":"Feature","geometry":null,"properties":{"scalerank":5,"featurecla":"Urban area","area_sqkm":87.716,"min_zoom":5}},
{"type":"Feature","geometry":{"type":"Polygon","coordinates":[[[1.974588,47.81517],[2.012673,47.904053],[1.922705,47.970147],[1.822194,47.865968],[1.974588,47.81517]]]},"properties":{"scalerank":5,"featurecla":"Urban area","area_sqkm":176.491,"min_zoom":5}},
{"type":"Feature","geometry":{"type":"Polygon","coordinates":[[[-0.61621,47.535781],[-0.628922,47.446872],[-0.463816,47.421499],[-0.463816,47.523094],[-0.61621,47.535781]]]},"properties":{"scalerank":5,"featurecla":"Urban area","area_sqkm":142.251,"min_zoom":5}},
{"type":"Feature","geometry":null,"properties":{"scalerank":5,"featurecla":"Urban area","area_sqkm":178.682,"min_zoom":5}},
{"type":"Feature","geometry":{"type":"Polygon","coordinates":[[[-1.467114,47.154796],[-1.327433,47.30719],[-1.543285,47.30719],[-1.708443,47.218281],[-1.611757,47.150326],[-1.467114,47.154796]]]},"properties":{"scalerank":5,"featurecla":"Urban area","area_sqkm":332.349,"min_zoom":5}},
{"type":"Feature","geometry":null,"properties":{"scalerank":5,"featurecla":"Urban area","area_sqkm":106.669,"min_zoom":5}},
{"type":"Feature","geometry":null,"properties":{"scalerank":6,"featurecla":"Urban area","area_sqkm":47.546,"min_zoom":6}},
{"type":"Feature","geometry":null,"properties":{"scalerank":5,"featurecla":"Urban area","area_sqkm":62.812,"min_zoom":5}},
{"type":"Feature","geometry":{"type":"Polygon","coordinates":[[[3.219215,45.935594],[3.041396,45.935594],[3.028684,45.770488],[3.233426,45.680054],[3.295386,45.846685],[3.219215,45.935594]]]},"properties":{"scalerank":5,"featurecla":"Urban area","area_sqkm":448.459,"min_zoom":5}},
{"type":"Feature","geometry":{"type":"Polygon","coordinates":[[[-0.604815,45.031257],[-0.770671,44.934312],[-0.819402,44.856074],[-0.692433,44.729053],[-0.489732,44.805767],[-0.425731,45.02118],[-0.604815,45.031257]]]},"properties":{"scalerank":4,"featurecla":"Urban area","area_sqkm":645.469,"min_zoom":4}},
{"type":"Feature","geometry":null,"properties":{"scalerank":4,"featurecla":"Urban area","area_sqkm":144.285,"min_zoom":4}},
{"type":"Feature","geometry":{"type":"Polygon","coordinates":[[[1.326875,43.446392],[1.555492,43.535276],[1.555492,43.674983],[1.364961,43.789291],[1.22528,43.573387],[1.326875,43.446392]]]},"properties":{"scalerank":4,"featurecla":"Urban area","area_sqkm":637.045,"min_zoom":4}},
{"type":"Feature","geometry":null,"properties":{"scalerank":5,"featurecla":"Urban area","area_sqkm":107.485,"min_zoom":5}},
{"type":"Feature","geometry":null,"properties":{"scalerank":5,"featurecla":"Urban area","area_sqkm":100.682,"min_zoom":5}},
{"type":"Feature","geometry":{"type":"Polygon","coordinates":[[[-3.113267,43.386138],[-3.108203,43.337562],[-2.889405,43.173179],[-2.813285,43.217776],[-3.004126,43.400426],[-3.113267,43.386138]]]},"properties":{"scalerank":4,"featurecla":"Urban area","area_sqkm":309.132,"min_zoom":4}},
{"type":"Feature","geometry":{"type":"Polygon","coordinates":[[[2.497243,43.283302],[2.279375,43.293999],[2.348932,43.187183],[2.497243,43.283302]]]},"properties":{"scalerank":5,"featurecla":"Urban area","area_sqkm":188.211,"min_zoom":5}},
{"type":"Feature","geometry":null,"properties":{"scalerank":5,"featurecla":"Urban area","area_sqkm":101.163,"min_zoom":5}},
{"type":"Feature","geometry":null,"properties":{"scalerank":5,"featurecla":"Urban area","area_sqkm":116.435,"min_zoom":5}},
{"type":"Feature","geometry":null,"properties":{"scalerank":5,"featurecla":"Urban area","area_sqkm":100.327,"min_zoom":5}},
{"type":"Feature","geometry":{"type":"Polygon","coordinates":[[[-5.708922,42.608201],[-5.556529,42.54469],[-5.467645,42.658999],[-5.658125,42.684372],[-5.708922,42.608201]]]},"properties":{"scalerank":5,"featurecla":"Urban area","area_sqkm":262.308,"min_zoom":5}},
{"type":"Feature","geometry":{"type":"Polygon","coordinates":[[[-6.520294,42.56226],[-6.572539,42.671685],[-6.750306,42.608201],[-6.70266,42.522495],[-6.520294,42.56226]]]},"properties":{"scalerank":5,"featurecla":"Urban area","area_sqkm":369.166,"min_zoom":5}},
{"type":"Feature","geometry":null,"properties":{"scalerank":5,"featurecla":"Urban area","area_sqkm":247.127,"min_zoom":5}},
{"type":"Feature","geometry":null,"properties":{"scalerank":5,"featurecla":"Urban area","area_sqkm":109.637,"min_zoom":5}},
{"type":"Feature","geometry":null,"properties":{"scalerank":5,"featurecla":"Urban area","area_sqkm":81.776,"min_zoom":5}},
{"type":"Feature","geometry":null,"properties":{"scalerank":5,"featurecla":"Urban area","area_sqkm":183.226,"min_zoom":5}},
{"type":"Feature","geometry":null,"properties":{"scalerank":5,"featurecla":"Urban area","area_sqkm":111.785,"min_zoom":5}},
{"type":"Feature","geometry":null,"properties":{"scalerank":4,"featurecla":"Urban area","area_sqkm":110.028,"min_zoom":4}},
{"type":"Feature","geometry":{"type":"Polygon","coordinates":[[[1.03294,41.062068],[1.566551,41.195625],[2.082592,41.287377],[2.310898,41.466513],[2.866471,41.707429],[2.82575,41.767141],[2.9398,42.074796],[2.838153,42.176392],[2.723896,41.947776],[2.647673,41.871553],[2.698471,41.795382],[2.330173,41.706499],[2.24129,41.769983],[2.101557,41.642988],[1.936502,41.630276],[1.999961,41.84618],[1.834906,41.84618],[1.707886,41.668387],[1.555492,41.604877],[1.707886,41.490594],[1.695173,41.401685],[1.436016,41.25805],[1.314215,41.261978],[1.212567,41.350887],[0.933153,41.14767],[0.920492,41.071499],[0.773886,40.942721],[0.816932,40.891613],[1.03294,41.062068]]]},"properties":{"scalerank":2,"featurecla":"Urban area","area_sqkm":5445.647,"min_zoom":3.6}},
{"type":"Feature","geometry":{"type":"Polygon","coordinates":[[[3.247998,41.944236],[3.224641,42.111125],[3.11488,42.180707],[3.104906,41.896978],[3.247998,41.944236]]]},"properties":{"scalerank":5,"featurecla":"Urban area","area_sqkm":374.72,"min_zoom":5}},
{"type":"Feature","geometry":{"type":"Polygon","coordinates":[[[2.355598,42.062084],[2.23974,42.087044],[2.203153,41.947776],[2.317461,41.90969],[2.355598,42.062084]]]},"properties":{"scalerank":2,"featurecla":"Urban area","area_sqkm":282.4,"min_zoom":3.6}},
{"type":"Feature","geometry":null,"properties":{"scalerank":5,"featurecla":"Urban area","area_sqkm":141.974,"min_zoom":5}},
{"type":"Feature","geometry":null,"properties":{"scalerank":5,"featurecla":"Urban area","area_sqkm":71.62,"min_zoom":5}},
{"type":"Feature","geometry":null,"properties":{"scalerank":5,"featurecla":"Urban area","area_sqkm":69.347,"min_zoom":5}},
{"type":"Feature","geometry":null,"properties":{"scalerank":2,"featurecla":"Urban area","area_sqkm":76.26,"min_zoom":3.6}},
{"type":"Feature","geometry":{"type":"Polygon","coordinates":[[[-0.819402,41.630276],[-0.844827,41.744584],[-1.022645,41.769983],[-0.959135,41.604877],[-0.819402,41.630276]]]},"properties":{"scalerank":5,"featurecla":"Urban area","area_sqkm":279.468,"min_zoom":5}},
{"type":"Feature","geometry":{"type":"Polygon","coordinates":[[[-4.782622,41.643763],[-4.845306,41.566791],[-4.794508,41.477882],[-4.666118,41.55904],[-4.782622,41.643763]]]},"properties":{"scalerank":5,"featurecla":"Urban area","area_sqkm":266.283,"min_zoom":5}},
{"type":"Feature","geometry":null,"properties":{"scalerank":2,"featurecla":"Urban area","area_sqkm":95.432,"min_zoom":3.6}},
{"type":"Feature","geometry":null,"properties":{"scalerank":5,"featurecla":"Urban area","area_sqkm":74.621,"min_zoom":5}},
{"type":"Feature","geometry":null,"properties":{"scalerank":5,"featurecla":"Urban area","area_sqkm":139.197,"min_zoom":5}},
{"type":"Feature","geometry":null,"properties":{"scalerank":5,"featurecla":"Urban area","area_sqkm":99.725,"min_zoom":5}},
{"type":"Feature","geometry":{"type":"Polygon","coordinates":[[[0.627177,40.622224],[0.639941,40.75343],[0.552194,40.880993],[0.437886,40.83017],[0.627177,40.622224]]]},"properties":{"scalerank":5,"featurecla":"Urban area","area_sqkm":407.65,"min_zoom":5}},
{"type":"Feature","geometry":null,"properties":{"scalerank":2,"featurecla":"Urban area","area_sqkm":64.124,"min_zoom":3.6}},
{"type":"Feature","geometry":{"type":"Polygon","coordinates":[[[-7.98222,40.715887],[-7.944135,40.626978],[-7.791741,40.588892],[-7.880625,40.753999],[-7.98222,40.715887]]]},"properties":{"scalerank":5,"featurecla":"Urban area","area_sqkm":219.753,"min_zoom":5}},
{"type":"Feature","geometry":null,"properties":{"scalerank":2,"featurecla":"Urban area","area_sqkm":70.829,"min_zoom":3.6}},
{"type":"Feature","geometry":null,"properties":{"scalerank":5,"featurecla":"Urban area","area_sqkm":180.222,"min_zoom":5}},
{"type":"Feature","geometry":null,"properties":{"scalerank":5,"featurecla":"Urban area","area_sqkm":138.909,"min_zoom":5}},
{"type":"Feature","geometry":null,"properties":{"scalerank":5,"featurecla":"Urban area","area_sqkm":111.875,"min_zoom":5}},
{"type":"Feature","geometry":null,"properties":{"scalerank":2,"featurecla":"Urban area","area_sqkm":67.168,"min_zoom":3.6}},
{"type":"Feature","geometry":{"type":"Polygon","coordinates":[[[0.158445,40.106596],[-0.082806,40.080887],[-0.260625,40.131685],[-0.29871,39.991978],[0.024681,39.992495],[0.158445,40.106596]]]},"properties":{"scalerank":5,"featurecla":"Urban area","area_sqkm":428.688,"min_zoom":5}},
{"type":"Feature","geometry":{"type":"Polygon","coordinates":[[[-9.356736,38.697897],[-9.135793,38.742752],[-9.091016,38.834684],[-9.404614,38.836286],[-9.356736,38.697897]]]},"properties":{"scalerank":3,"featurecla":"Urban area","area_sqkm":411.329,"min_zoom":3.7}},
{"type":"Feature","geometry":null,"properties":{"scalerank":5,"featurecla":"Urban area","area_sqkm":185.71,"min_zoom":5}},
{"type":"Feature","geometry":null,"properties":{"scalerank":5,"featurecla":"Urban area","area_sqkm":113.466,"min_zoom":5}},
{"type":"Feature","geometry":{"type":"Polygon","coordinates":[[[-1.035306,38.061553],[-1.225785,38.09969],[-1.236276,37.991816],[-1.149614,37.921872],[-1.048018,37.959983],[-1.035306,38.061553]]]},"properties":{"scalerank":5,"featurecla":"Urban area","area_sqkm":304.728,"min_zoom":5}},
{"type":"Feature","geometry":{"type":"Polygon","coordinates":[[[-5.835943,37.350382],[-5.924827,37.528201],[-6.045026,37.440919],[-5.937539,37.350382],[-5.835943,37.350382]]]},"properties":{"scalerank":3,"featurecla":"Urban area","area_sqkm":322.167,"min_zoom":3.7}},
{"type":"Feature","geometry":null,"properties":{"scalerank":3,"featurecla":"Urban area","area_sqkm":8.369,"min_zoom":3.7}},
{"type":"Feature","geometry":null,"properties":{"scalerank":3,"featurecla":"Urban area","area_sqkm":66.14,"min_zoom":3.7}},
{"type":"Feature","geometry":{"type":"Polygon","coordinates":[[[-3.676902,37.286872],[-3.761599,37.183157],[-3.613443,37.096392],[-3.53722,37.134478],[-3.53722,37.261499],[-3.676902,37.286872]]]},"properties":{"scalerank":5,"featurecla":"Urban area","area_sqkm":298.977,"min_zoom":5}},
{"type":"Feature","geometry":{"type":"Polygon","coordinates":[[[-2.58472,37.14719],[-2.762539,37.223387],[-2.7752,37.14719],[-2.58472,37.14719]]]},"properties":{"scalerank":5,"featurecla":"Urban area","area_sqkm":105.266,"min_zoom":5}},
{"type":"Feature","geometry":null,"properties":{"scalerank":5,"featurecla":"Urban area","area_sqkm":128.25,"min_zoom":5}},
{"type":"Feature","geometry":{"type":"Polygon","coordinates":[[[2.972873,36.784448],[2.913859,36.727268],[3.162526,36.641071],[3.371557,36.613786],[3.485865,36.728094],[3.663684,36.728094],[3.629784,36.837829],[3.52054,36.795119],[2.972873,36.784448]]]},"properties":{"scalerank":2,"featurecla":"Urban area","area_sqkm":1016.602,"min_zoom":3.6}},
{"type":"Feature","geometry":null,"properties":{"scalerank":5,"featurecla":"Urban area","area_sqkm":236.974,"min_zoom":5}},
{"type":"Feature","geometry":null,"properties":{"scalerank":6,"featurecla":"Urban area","area_sqkm":194.774,"min_zoom":6}},
{"type":"Feature","geometry":{"type":"Polygon","coordinates":[[[2.892516,36.591927],[2.723896,36.51219],[2.838153,36.435968],[2.952461,36.550276],[2.892516,36.591927]]]},"properties":{"scalerank":5,"featurecla":"Urban area","area_sqkm":312.865,"min_zoom":5}},
{"type":"Feature","geometry":null,"properties":{"scalerank":5,"featurecla":"Urban area","area_sqkm":92.258,"min_zoom":5}},
{"type":"Feature","geometry":null,"properties":{"scalerank":5,"featurecla":"Urban area","area_sqkm":165.835,"min_zoom":5}},
{"type":"Feature","geometry":{"type":"Polygon","coordinates":[[[-0.350774,35.86316],[-0.435859,35.767352],[-0.311422,35.737483],[-0.189156,35.81908],[-0.350774,35.86316]]]},"properties":{"scalerank":5,"featurecla":"Urban area","area_sqkm":286.697,"min_zoom":5}},
{"type":"Feature","geometry":{"type":"Polygon","coordinates":[[[-5.89364,35.791097],[-5.721635,35.724796],[-5.70422,35.820501],[-5.89364,35.791097]]]},"properties":{"scalerank":5,"featurecla":"Urban area","area_sqkm":124.554,"min_zoom":5}},
{"type":"Feature","geometry":{"type":"Polygon","coordinates":[[[-0.779818,35.6964],[-0.565412,35.610488],[-0.463816,35.737483],[-0.588486,35.797712],[-0.779818,35.6964]]]},"properties":{"scalerank":3,"featurecla":"Urban area","area_sqkm":344.512,"min_zoom":3.7}},
{"type":"Feature","geometry":null,"properties":{"scalerank":5,"featurecla":"Urban area","area_sqkm":128.562,"min_zoom":5}},
{"type":"Feature","geometry":{"type":"Polygon","coordinates":[[[-2.925966,35.287097],[-3.016529,35.127882],[-2.840312,35.12845],[-2.925966,35.287097]]]},"properties":{"scalerank":5,"featurecla":"Urban area","area_sqkm":304.093,"min_zoom":5}},
{"type":"Feature","geometry":{"type":"Polygon","coordinates":[[[-6.900969,33.969064],[-7.050753,33.883798],[-7.039281,33.828091],[-6.864614,33.832483],[-6.699508,34.035701],[-6.755758,34.132904],[-6.900969,33.969064]]]},"properties":{"scalerank":3,"featurecla":"Urban area","area_sqkm":464.945,"min_zoom":3.7}},
{"type":"Feature","geometry":{"type":"Polygon","coordinates":[[[-4.908816,34.073786],[-5.086635,34.061074],[-5.023125,33.946791],[-4.908816,34.073786]]]},"properties":{"scalerank":3,"featurecla":"Urban area","area_sqkm":182.589,"min_zoom":3.7}},
{"type":"Feature","geometry":null,"properties":{"scalerank":5,"featurecla":"Urban area","area_sqkm":129.434,"min_zoom":5}},
{"type":"Feature","geometry":{"type":"Polygon","coordinates":[[[-7.758565,33.569683],[-7.613922,33.362589],[-7.575785,33.464185],[-7.398018,33.514983],[-7.423443,33.603892],[-7.363292,33.730861],[-7.758565,33.569683]]]},"properties":{"scalerank":2,"featurecla":"Urban area","area_sqkm":701.142,"min_zoom":3.6}},
{"type":"Feature","geometry":null,"properties":{"scalerank":5,"featurecla":"Urban area","area_sqkm":266.439,"min_zoom":5}},
{"type":"Feature","geometry":null,"properties":{"scalerank":5,"featurecla":"Urban area","area_sqkm":153.151,"min_zoom":5}},
{"type":"Feature","geometry":{"type":"Polygon","coordinates":[[[-7.915971,31.682563],[-8.071104,31.736978],[-8.109241,31.635382],[-8.010048,31.575127],[-7.915971,31.682563]]]},"properties":{"scalerank":3,"featurecla":"Urban area","area_sqkm":261.03,"min_zoom":3.7}},
{"type":"Feature","geometry":null,"properties":{"scalerank":5,"featurecla":"Urban area","area_sqkm":70.994,"min_zoom":5}},
{"type":"Feature","geometry":{"type":"Polygon","coordinates":[[[-6.991635,30.949584],[-6.9027,30.835276],[-6.788443,30.949584],[-6.890272,31.011286],[-6.991635,30.949584]]]},"properties":{"scalerank":5,"featurecla":"Urban area","area_sqkm":235.036,"min_zoom":5}},
{"type":"Feature","geometry":null,"properties":{"scalerank":5,"featurecla":"Urban area","area_sqkm":140.125,"min_zoom":5}},
{"type":"Feature","geometry":{"type":"Polygon","coordinates":[[[-9.6238,30.352618],[-9.480785,30.289185],[-9.461794,30.405535],[-9.56972,30.47969],[-9.6238,30.352618]]]},"properties":{"scalerank":5,"featurecla":"Urban area","area_sqkm":354.329,"min_zoom":5}},
{"type":"Feature","geometry":{"type":"Polygon","coordinates":[[[-17.535617,14.75512],[-17.445028,14.651612],[-17.372345,14.811525],[-17.535617,14.75512]]]},"properties":{"scalerank":3,"featurecla":"Urban area","area_sqkm":316.805,"min_zoom":3.7}},
{"type":"Feature","geometry":null,"properties":{"scalerank":3,"featurecla":"Urban area","area_sqkm":103.822,"min_zoom":3.7}},
{"type":"Feature","geometry":{"type":"Polygon","coordinates":[[[-8.007878,12.57745],[-7.931422,12.57267],[-7.905998,12.686978],[-8.001599,12.696202],[-8.007878,12.57745]]]},"properties":{"scalerank":3,"featurecla":"Urban area","area_sqkm":164.33,"min_zoom":3.7}},
{"type":"Feature","geometry":{"type":"Polygon","coordinates":[[[0.803083,51.56861],[0.723398,51.63442],[0.463259,51.62517],[0.298153,51.574372],[0.120386,51.68868],[-0.222539,51.726791],[-0.425731,51.68868],[-0.449889,51.579488],[-0.590785,51.460089],[-0.489241,51.333094],[-0.091668,51.259378],[-0.019347,51.333094],[0.27278,51.396553],[0.437886,51.37118],[0.425173,51.294983],[0.577567,51.244185],[0.628365,51.345781],[0.593484,51.519491],[0.803083,51.56861]]]},"properties":{"scalerank":2,"featurecla":"Urban area","area_sqkm":3594.833,"min_zoom":3.6}},
{"type":"Feature","geometry":{"type":"Polygon","coordinates":[[[3.218646,42.260367],[3.306703,42.288944],[3.090902,42.590889],[3.047597,42.814545],[2.965173,42.874877],[2.825492,42.836791],[2.673098,42.722483],[2.723896,42.493892],[3.028684,42.531978],[3.135241,42.412657],[3.066769,42.239877],[3.218646,42.260367]]]},"properties":{"scalerank":4,"featurecla":"Urban area","area_sqkm":1426.214,"min_zoom":4}},
{"type":"Feature","geometry":{"type":"Polygon","coordinates":[[[-3.113577,53.320518],[-2.914933,53.225382],[-2.470412,53.377776],[-2.190998,53.326978],[-1.975145,53.466685],[-2.165625,53.669903],[-2.229135,53.619053],[-2.495785,53.568281],[-2.737114,53.59368],[-2.825998,53.644478],[-3.059446,53.586239],[-3.113577,53.320518]]]},"properties":{"scalerank":2,"featurecla":"Urban area","area_sqkm":2214.294,"min_zoom":3.6}},
{"type":"Feature","geometry":{"type":"Polygon","coordinates":[[[-1.009933,52.691978],[-1.225785,52.818999],[-0.946422,52.95868],[-1.124241,53.111074],[-1.086104,53.187296],[-1.086104,53.415887],[-0.794029,53.771499],[-0.984508,53.84767],[-1.302008,53.809584],[-1.695731,53.898468],[-1.869906,53.844957],[-1.911635,53.758786],[-1.835412,53.619053],[-1.670306,53.644478],[-1.555998,53.59368],[-1.530625,53.390488],[-1.467114,53.225382],[-1.365518,53.111074],[-1.365518,52.755488],[-1.261184,52.67017],[-1.289347,52.57767],[-1.073443,52.564983],[-1.009933,52.691978]]]},"properties":{"scalerank":2,"featurecla":"Urban area","area_sqkm":4395.242,"min_zoom":3.6}},
{"type":"Feature","geometry":{"type":"Polygon","coordinates":[[[4.482859,52.309185],[4.376302,52.19684],[4.037149,51.940267],[4.349482,51.815701],[4.666982,51.739478],[4.768578,51.828387],[4.628896,51.94267],[4.743153,51.993468],[4.777776,52.168728],[4.882886,52.285594],[5.009906,52.298281],[4.933684,52.437988],[4.768578,52.514185],[4.730492,52.590382],[4.882886,52.64118],[4.78129,52.730089],[4.482859,52.309185]]]},"properties":{"scalerank":2,"featurecla":"Urban area","area_sqkm":2766.653,"min_zoom":3.6}},
{"type":"Feature","geometry":{"type":"Polygon","coordinates":[[[3.813907,51.347926],[3.777992,51.218786],[3.638311,51.129903],[3.638311,50.926685],[3.82879,50.99017],[4.018908,50.888212],[4.209904,51.029702],[4.298684,50.926685],[4.222461,50.863201],[4.197088,50.67267],[4.71778,50.685382],[4.679694,50.786978],[4.997194,50.977483],[5.301982,50.913999],[5.38916,50.946968],[5.403578,51.066392],[5.22917,51.123262],[4.933684,51.167988],[4.8448,51.231499],[4.641557,51.079053],[4.578098,51.206074],[4.425446,51.358235],[4.285971,51.409291],[4.019269,51.256872],[4.070067,51.129903],[3.864705,51.143442],[3.813907,51.347926]]]},"properties":{"scalerank":2,"featurecla":"Urban area","area_sqkm":4658.978,"min_zoom":3.6}},
{"type":"Feature","geometry":{"type":"Polygon","coordinates":[[[2.759036,48.840482],[2.81278,48.945488],[2.444482,49.135968],[2.228578,49.186791],[2.038098,49.097882],[1.872992,48.843892],[2.317461,48.551791],[2.571502,48.500968],[2.711184,48.551791],[2.647673,48.729584],[2.759036,48.840482]]]},"properties":{"scalerank":2,"featurecla":"Urban area","area_sqkm":3912.543,"min_zoom":3.6}},
{"type":"Feature","geometry":{"type":"Polygon","coordinates":[[[3.258851,43.193229],[3.784813,43.461637],[3.9108,43.563078],[4.247886,43.700382],[4.336769,43.776553],[4.451078,43.75118],[4.5273,43.916286],[4.311396,43.928999],[4.171715,43.789291],[4.044694,43.738468],[3.917673,43.763892],[3.773238,43.696145],[3.676396,43.547988],[3.536715,43.43368],[3.422406,43.408281],[3.104906,43.446392],[3.092194,43.293999],[2.927088,43.205089],[3.140253,43.046985],[3.258851,43.193229]]]},"properties":{"scalerank":4,"featurecla":"Urban area","area_sqkm":2602.694,"min_zoom":4}},
{"type":"Feature","geometry":{"type":"Polygon","coordinates":[[[-8.738376,41.28469],[-8.65559,41.029486],[-8.677785,40.857972],[-8.609521,40.73338],[-8.736826,40.645142],[-8.65882,40.579539],[-8.452114,40.51267],[-8.502912,40.449185],[-8.471648,40.329167],[-8.528285,40.182483],[-8.375943,40.182483],[-8.397234,40.611217],[-8.54123,40.673022],[-8.540998,40.753999],[-8.350518,40.868281],[-8.464827,41.071499],[-8.401316,41.14767],[-8.210785,41.21118],[-8.080302,41.203532],[-8.007594,41.312776],[-8.121902,41.363574],[-8.096529,41.490594],[-8.312433,41.541392],[-8.439402,41.681074],[-8.668018,41.52868],[-8.515625,41.503281],[-8.680731,41.376286],[-8.738376,41.28469]]]},"properties":{"scalerank":5,"featurecla":"Urban area","area_sqkm":3793.749,"min_zoom":5}},
{"type":"Feature","geometry":{"type":"Polygon","coordinates":[[[-3.397539,40.436499],[-3.575306,40.525382],[-3.47371,40.601553],[-3.524508,40.703201],[-3.638816,40.766685],[-3.664241,40.626978],[-3.79121,40.715887],[-3.778498,40.868281],[-3.931615,40.787226],[-4.121422,40.753999],[-4.095998,40.499983],[-3.994402,40.461872],[-4.032539,40.334877],[-3.994402,40.233281],[-3.867433,40.284053],[-3.664241,40.220594],[-3.588018,40.157084],[-3.397539,40.296791],[-3.397539,40.436499]]]},"properties":{"scalerank":2,"featurecla":"Urban area","area_sqkm":3154.136,"min_zoom":3.6}},
{"type":"Feature","geometry":{"type":"Polygon","coordinates":[[[27.71126,38.849154],[27.876366,38.912664],[27.914452,39.01426],[27.762058,39.01426],[27.71126,38.849154]]]},"properties":{"scalerank":5,"featurecla":"Urban area","area_sqkm":165.275,"min_zoom":5}},
{"type":"Feature","geometry":null,"properties":{"scalerank":5,"featurecla":"Urban area","area_sqkm":127.839,"min_zoom":5}},
{"type":"Feature","geometry":null,"properties":{"scalerank":5,"featurecla":"Urban area","area_sqkm":126.157,"min_zoom":5}},
{"type":"Feature","geometry":null,"properties":{"scalerank":5,"featurecla":"Urban area","area_sqkm":107.292,"min_zoom":5}},
{"type":"Feature","geometry":null,"properties":{"scalerank":5,"featurecla":"Urban area","area_sqkm":130.448,"min_zoom":5}},
{"type":"Feature","geometry":{"type":"Polygon","coordinates":[[[27.098636,38.415717],[27.152431,38.315749],[27.304876,38.468143],[27.046701,38.51305],[27.098636,38.415717]]]},"properties":{"scalerank":4,"featurecla":"Urban area","area_sqkm":327.194,"min_zoom":4}},
{"type":"Feature","geometry":null,"properties":{"scalerank":5,"featurecla":"Urban area","area_sqkm":70.799,"min_zoom":5}},
{"type":"Feature","geometry":null,"properties":{"scalerank":4,"featurecla":"Urban area","area_sqkm":67.568,"min_zoom":4}},
{"type":"Feature","geometry":null,"properties":{"scalerank":2,"featurecla":"Urban area","area_sqkm":56.593,"min_zoom":3.6}},
{"type":"Feature","geometry":null,"properties":{"scalerank":2,"featurecla":"Urban area","area_sqkm":31.496,"min_zoom":3.6}},
{"type":"Feature","geometry":{"type":"Polygon","coordinates":[[[38.214185,38.303063],[38.455462,38.341174],[38.322343,38.411661],[38.214185,38.303063]]]},"properties":{"scalerank":5,"featurecla":"Urban area","area_sqkm":105.97,"min_zoom":5}},
{"type":"Feature","geometry":{"type":"Polygon","coordinates":[[[46.590986,37.978018],[46.456472,38.150643],[46.215143,38.214154],[46.020788,38.317506],[46.050037,38.049047],[45.999239,37.97285],[46.164345,37.909366],[46.215143,38.010962],[46.418335,38.023674],[46.590986,37.978018]]]},"properties":{"scalerank":4,"featurecla":"Urban area","area_sqkm":1191.042,"min_zoom":4}},
{"type":"Feature","geometry":null,"properties":{"scalerank":5,"featurecla":"Urban area","area_sqkm":101.443,"min_zoom":5}},
{"type":"Feature","geometry":null,"properties":{"scalerank":4,"featurecla":"Urban area","area_sqkm":83.432,"min_zoom":4}},
{"type":"Feature","geometry":{"type":"Polygon","coordinates":[[[13.213488,38.136587],[13.296739,38.049047],[13.385623,38.087159],[13.351671,38.180538],[13.213488,38.136587]]]},"properties":{"scalerank":3,"featurecla":"Urban area","area_sqkm":198.192,"min_zoom":3.7}},
{"type":"Feature","geometry":null,"properties":{"scalerank":4,"featurecla":"Urban area","area_sqkm":114.039,"min_zoom":4}},
{"type":"Feature","geometry":{"type":"Polygon","coordinates":[[[23.580504,38.010548],[23.79398,37.839112],[23.875835,38.036361],[23.875835,38.176068],[23.748866,38.150643],[23.580504,38.010548]]]},"properties":{"scalerank":2,"featurecla":"Urban area","area_sqkm":591.91,"min_zoom":3.6}},
{"type":"Feature","geometry":null,"properties":{"scalerank":4,"featurecla":"Urban area","area_sqkm":129.287,"min_zoom":4}},
{"type":"Feature","geometry":null,"properties":{"scalerank":5,"featurecla":"Urban area","area_sqkm":127.118,"min_zoom":5}},
{"type":"Feature","geometry":null,"properties":{"scalerank":5,"featurecla":"Urban area","area_sqkm":116.499,"min_zoom":5}},
{"type":"Feature","geometry":null,"properties":{"scalerank":4,"featurecla":"Urban area","area_sqkm":85.136,"min_zoom":4}},
{"type":"Feature","geometry":{"type":"Polygon","coordinates":[[[15.151561,37.660854],[15.112856,37.718861],[14.947749,37.541068],[15.099471,37.458618],[15.151561,37.660854]]]},"properties":{"scalerank":4,"featurecla":"Urban area","area_sqkm":357.259,"min_zoom":4}},
{"type":"Feature","geometry":{"type":"Polygon","coordinates":[[[45.148335,37.528356],[45.109939,37.642199],[45.021366,37.693462],[44.970568,37.553755],[45.148335,37.528356]]]},"properties":{"scalerank":5,"featurecla":"Urban area","area_sqkm":206.606,"min_zoom":5}},
{"type":"Feature","geometry":null,"properties":{"scalerank":5,"featurecla":"Urban area","area_sqkm":278.125,"min_zoom":5}},
{"type":"Feature","geometry":null,"properties":{"scalerank":6,"featurecla":"Urban area","area_sqkm":97.642,"min_zoom":6}},
{"type":"Feature","geometry":null,"properties":{"scalerank":4,"featurecla":"Urban area","area_sqkm":121.342,"min_zoom":4}},
{"type":"Feature","geometry":null,"properties":{"scalerank":5,"featurecla":"Urban area","area_sqkm":88.609,"min_zoom":5}},
{"type":"Feature","geometry":{"type":"Polygon","coordinates":[[[36.180045,36.807211],[36.188417,36.658977],[36.074832,36.560198],[36.182991,36.504361],[36.258387,36.696494],[36.271047,36.867957],[36.133381,36.996037],[36.081963,36.888033],[36.180045,36.807211]]]},"properties":{"scalerank":5,"featurecla":"Urban area","area_sqkm":481.684,"min_zoom":5}},
{"type":"Feature","geometry":{"type":"Polygon","coordinates":[[[30.786679,36.857751],[30.721154,36.956866],[30.606897,36.994951],[30.555841,36.867543],[30.786679,36.857751]]]},"properties":{"scalerank":5,"featurecla":"Urban area","area_sqkm":305.49,"min_zoom":5}},
{"type":"Feature","geometry":{"type":"Polygon","coordinates":[[[34.70365,36.816823],[34.769589,36.80933],[34.94441,36.898006],[34.886739,36.969553],[34.70365,36.816823]]]},"properties":{"scalerank":5,"featurecla":"Urban area","area_sqkm":348.448,"min_zoom":5}},
{"type":"Feature","geometry":{"type":"Polygon","coordinates":[[[7.707985,36.934593],[7.594452,36.779047],[7.849785,36.767394],[7.846684,36.869171],[7.707985,36.934593]]]},"properties":{"scalerank":4,"featurecla":"Urban area","area_sqkm":254.13,"min_zoom":4}},
{"type":"Feature","geometry":{"type":"Polygon","coordinates":[[[10.293253,36.781476],[10.275373,36.933482],[10.11745,36.910305],[10.020143,36.829845],[10.147164,36.677451],[10.337643,36.639366],[10.412316,36.731841],[10.293253,36.781476]]]},"properties":{"scalerank":3,"featurecla":"Urban area","area_sqkm":630.361,"min_zoom":3.7}},
{"type":"Feature","geometry":{"type":"Polygon","coordinates":[[[6.863747,36.934593],[6.937644,36.831551],[7.085439,36.936919],[6.863747,36.934593]]]},"properties":{"scalerank":5,"featurecla":"Urban area","area_sqkm":157.223,"min_zoom":5}},
{"type":"Feature","geometry":{"type":"Polygon","coordinates":[[[5.764899,36.797418],[5.943441,36.753674],[5.965249,36.845297],[5.764899,36.797418]]]},"properties":{"scalerank":5,"featurecla":"Urban area","area_sqkm":111.839,"min_zoom":5}},
{"type":"Feature","geometry":null,"properties":{"scalerank":5,"featurecla":"Urban area","area_sqkm":94.863,"min_zoom":5}},
{"type":"Feature","geometry":null,"properties":{"scalerank":5,"featurecla":"Urban area","area_sqkm":171.644,"min_zoom":5}},
{"type":"Feature","geometry":null,"properties":{"scalerank":5,"featurecla":"Urban area","area_sqkm":135.712,"min_zoom":5}},
{"type":"Feature","geometry":null,"properties":{"scalerank":4,"featurecla":"Urban area","area_sqkm":161.644,"min_zoom":4}},
{"type":"Feature","geometry":null,"properties":{"scalerank":4,"featurecla":"Urban area","area_sqkm":93.951,"min_zoom":4}},
{"type":"Feature","geometry":null,"properties":{"scalerank":4,"featurecla":"Urban area","area_sqkm":93.812,"min_zoom":4}},
{"type":"Feature","geometry":{"type":"Polygon","coordinates":[[[10.688991,35.799495],[10.515462,35.877345],[10.56626,35.699553],[10.744027,35.686866],[10.744027,35.597957],[11.0006,35.636171],[10.783663,35.77208],[10.688991,35.799495]]]},"properties":{"scalerank":4,"featurecla":"Urban area","area_sqkm":559.052,"min_zoom":4}},
{"type":"Feature","geometry":{"type":"Polygon","coordinates":[[[44.056154,35.610643],[44.170462,35.75035],[44.085402,35.817711],[43.954558,35.83926],[44.056154,35.610643]]]},"properties":{"scalerank":5,"featurecla":"Urban area","area_sqkm":328.957,"min_zoom":5}},
{"type":"Feature","geometry":{"type":"Polygon","coordinates":[[[44.271748,35.546874],[44.373654,35.407451],[44.475249,35.445563],[44.462537,35.547159],[44.354327,35.60054],[44.271748,35.546874]]]},"properties":{"scalerank":4,"featurecla":"Urban area","area_sqkm":270.654,"min_zoom":4}},
{"type":"Feature","geometry":null,"properties":{"scalerank":4,"featurecla":"Urban area","area_sqkm":111.006,"min_zoom":4}},
{"type":"Feature","geometry":null,"properties":{"scalerank":5,"featurecla":"Urban area","area_sqkm":140.993,"min_zoom":5}},
{"type":"Feature","geometry":{"type":"Polygon","coordinates":[[[44.399027,35.369366],[44.322856,35.26777],[44.418819,35.212347],[44.513335,35.242345],[44.399027,35.369366]]]},"properties":{"scalerank":5,"featurecla":"Urban area","area_sqkm":163.516,"min_zoom":5}},
{"type":"Feature","geometry":null,"properties":{"scalerank":5,"featurecla":"Urban area","area_sqkm":89.184,"min_zoom":5}},
{"type":"Feature","geometry":{"type":"Polygon","coordinates":[[[43.484664,35.102664],[43.39578,35.026467],[43.510037,34.912159],[43.611685,35.077265],[43.484664,35.102664]]]},"properties":{"scalerank":5,"featurecla":"Urban area","area_sqkm":239.729,"min_zoom":5}},
{"type":"Feature","geometry":null,"properties":{"scalerank":5,"featurecla":"Urban area","area_sqkm":153.171,"min_zoom":5}},
{"type":"Feature","geometry":{"type":"Polygon","coordinates":[[[36.817164,34.721654],[36.753654,34.835962],[36.633919,34.774958],[36.60126,34.658143],[36.817164,34.721654]]]},"properties":{"scalerank":5,"featurecla":"Urban area","area_sqkm":218.01,"min_zoom":5}},
{"type":"Feature","geometry":{"type":"Polygon","coordinates":[[[45.415037,34.086654],[45.440462,33.972345],[45.551463,33.981983],[45.529759,34.087041],[45.415037,34.086654]]]},"properties":{"scalerank":5,"featurecla":"Urban area","area_sqkm":172.705,"min_zoom":5}},
{"type":"Feature","geometry":{"type":"Polygon","coordinates":[[[10.058022,34.013221],[9.969345,33.985032],[10.096366,33.832664],[10.156001,33.85566],[10.058022,34.013221]]]},"properties":{"scalerank":5,"featurecla":"Urban area","area_sqkm":172.18,"min_zoom":5}},
{"type":"Feature","geometry":null,"properties":{"scalerank":5,"featurecla":"Urban area","area_sqkm":102.853,"min_zoom":5}},
{"type":"Feature","geometry":null,"properties":{"scalerank":5,"featurecla":"Urban area","area_sqkm":132.95,"min_zoom":5}},
{"type":"Feature","geometry":{"type":"Polygon","coordinates":[[[44.526047,33.108755],[44.653068,33.146866],[44.564185,33.248462],[44.614931,33.489765],[44.449876,33.52785],[44.437164,33.642159],[44.310143,33.591361],[44.218418,33.500255],[44.22126,33.400856],[44.018068,33.388143],[44.03078,33.286547],[44.17041,33.281793],[44.272058,33.083356],[44.364559,33.057672],[44.526047,33.108755]]]},"properties":{"scalerank":2,"featurecla":"Urban area","area_sqkm":1962.551,"min_zoom":3.6}},
{"type":"Feature","geometry":null,"properties":{"scalerank":5,"featurecla":"Urban area","area_sqkm":72.962,"min_zoom":5}},
{"type":"Feature","geometry":{"type":"Polygon","coordinates":[[[36.334558,33.413568],[36.423441,33.451654],[36.448866,33.591361],[36.194876,33.578674],[36.220249,33.502451],[36.105941,33.388143],[36.234616,33.365044],[36.334558,33.413568]]]},"properties":{"scalerank":3,"featurecla":"Urban area","area_sqkm":474.355,"min_zoom":3.7}},
{"type":"Feature","geometry":{"type":"Polygon","coordinates":[[[43.399553,33.417728],[43.370356,33.502451],[43.230623,33.477053],[43.251965,33.400287],[43.399553,33.417728]]]},"properties":{"scalerank":5,"featurecla":"Urban area","area_sqkm":203.959,"min_zoom":5}},
{"type":"Feature","geometry":{"type":"Polygon","coordinates":[[[34.803798,32.196355],[34.724527,32.006212],[34.848654,31.864154],[34.975623,32.105457],[34.861366,32.25785],[34.899452,32.41027],[34.975623,32.448356],[34.921827,32.614082],[34.803798,32.196355]]]},"properties":{"scalerank":2,"featurecla":"Urban area","area_sqkm":902.975,"min_zoom":3.6}},
{"type":"Feature","geometry":{"type":"Polygon","coordinates":[[[35.005853,32.826601],[35.077218,32.740457],[35.191527,32.880138],[35.097321,33.042014],[35.005853,32.826601]]]},"properties":{"scalerank":5,"featurecla":"Urban area","area_sqkm":332.708,"min_zoom":5}},
{"type":"Feature","geometry":null,"properties":{"scalerank":4,"featurecla":"Urban area","area_sqkm":124.233,"min_zoom":4}},
{"type":"Feature","geometry":{"type":"Polygon","coordinates":[[[13.138041,32.897346],[12.753568,32.801047],[12.364341,32.841639],[12.348993,32.747614],[12.750623,32.715058],[12.966527,32.765856],[13.073652,32.686274],[13.207856,32.66426],[13.220568,32.765856],[13.437454,32.859597],[13.283458,32.914632],[13.138041,32.897346]]]},"properties":{"scalerank":2,"featurecla":"Urban area","area_sqkm":1224.174,"min_zoom":3.6}},
{"type":"Feature","geometry":{"type":"Polygon","coordinates":[[[36.055143,32.613462],[36.182164,32.613462],[36.169452,32.816654],[36.029718,32.778568],[36.055143,32.613462]]]},"properties":{"scalerank":5,"featurecla":"Urban area","area_sqkm":252.455,"min_zoom":5}},
{"type":"Feature","geometry":{"type":"Polygon","coordinates":[[[35.343972,32.72777],[35.178866,32.689659],[35.280462,32.588063],[35.343972,32.72777]]]},"properties":{"scalerank":5,"featurecla":"Urban area","area_sqkm":153.967,"min_zoom":5}},
{"type":"Feature","geometry":null,"properties":{"scalerank":5,"featurecla":"Urban area","area_sqkm":128.428,"min_zoom":5}},
{"type":"Feature","geometry":{"type":"Polygon","coordinates":[[[36.055143,32.613462],[35.788441,32.600749],[35.902749,32.473755],[36.042431,32.537265],[36.055143,32.613462]]]},"properties":{"scalerank":5,"featurecla":"Urban area","area_sqkm":288.149,"min_zoom":5}},
{"type":"Feature","geometry":{"type":"Polygon","coordinates":[[[45.897333,32.499489],[45.923068,32.57535],[45.796047,32.613462],[45.767057,32.52339],[45.897333,32.499489]]]},"properties":{"scalerank":5,"featurecla":"Urban area","area_sqkm":163.561,"min_zoom":5}},
{"type":"Feature","geometry":null,"properties":{"scalerank":5,"featurecla":"Urban area","area_sqkm":182.688,"min_zoom":5}},
{"type":"Feature","geometry":{"type":"Polygon","coordinates":[[[14.456823,32.535844],[14.440442,32.47409],[14.590459,32.390375],[14.661204,32.484348],[14.456823,32.535844]]]},"properties":{"scalerank":5,"featurecla":"Urban area","area_sqkm":193.291,"min_zoom":5}},
{"type":"Feature","geometry":{"type":"Polygon","coordinates":[[[14.959015,32.430476],[14.985835,32.308674],[15.123139,32.298856],[15.176573,32.39115],[14.959015,32.430476]]]},"properties":{"scalerank":4,"featurecla":"Urban area","area_sqkm":266.299,"min_zoom":4}},
{"type":"Feature","geometry":{"type":"Polygon","coordinates":[[[20.030953,32.10786],[19.965944,31.970426],[20.154718,31.991174],[20.281739,32.080058],[20.16433,32.255189],[20.030953,32.10786]]]},"properties":{"scalerank":3,"featurecla":"Urban area","area_sqkm":482.663,"min_zoom":3.7}},
{"type":"Feature","geometry":{"type":"Polygon","coordinates":[[[35.813866,31.851467],[35.928123,31.800643],[36.004345,32.003861],[35.915255,32.029053],[35.839239,32.130856],[35.674185,32.09277],[35.813866,31.914951],[35.813866,31.851467]]]},"properties":{"scalerank":3,"featurecla":"Urban area","area_sqkm":565.611,"min_zoom":3.7}},
{"type":"Feature","geometry":{"type":"Polygon","coordinates":[[[44.438146,32.087422],[44.360941,32.130856],[44.272058,32.016547],[44.462537,31.991174],[44.438146,32.087422]]]},"properties":{"scalerank":4,"featurecla":"Urban area","area_sqkm":191.146,"min_zoom":4}},
{"type":"Feature","geometry":null,"properties":{"scalerank":5,"featurecla":"Urban area","area_sqkm":113.173,"min_zoom":5}},
{"type":"Feature","geometry":null,"properties":{"scalerank":3,"featurecla":"Urban area","area_sqkm":155.055,"min_zoom":3.7}},
{"type":"Feature","geometry":null,"properties":{"scalerank":5,"featurecla":"Urban area","area_sqkm":322.415,"min_zoom":5}},
{"type":"Feature","geometry":{"type":"Polygon","coordinates":[[[31.306441,31.543553],[31.319825,31.460147],[31.464209,31.396327],[31.524412,31.458235],[31.306441,31.543553]]]},"properties":{"scalerank":5,"featurecla":"Urban area","area_sqkm":196.638,"min_zoom":5}},
{"type":"Feature","geometry":{"type":"Polygon","coordinates":[[[31.887284,31.461542],[31.835969,31.525337],[31.664714,31.435446],[31.849664,31.383356],[31.887284,31.461542]]]},"properties":{"scalerank":5,"featurecla":"Urban area","area_sqkm":215.203,"min_zoom":5}},
{"type":"Feature","geometry":{"type":"Polygon","coordinates":[[[29.929781,31.2275],[29.59161,31.011544],[29.339274,30.891345],[29.384646,30.851735],[29.628972,30.949765],[29.832164,30.975164],[29.929781,31.2275]]]},"properties":{"scalerank":2,"featurecla":"Urban area","area_sqkm":772.222,"min_zoom":3.6}},
{"type":"Feature","geometry":null,"properties":{"scalerank":4,"featurecla":"Urban area","area_sqkm":100.75,"min_zoom":4}},
{"type":"Feature","geometry":{"type":"Polygon","coordinates":[[[46.342164,31.051361],[46.240568,31.14027],[46.177058,31.038674],[46.269042,30.991184],[46.342164,31.051361]]]},"properties":{"scalerank":5,"featurecla":"Urban area","area_sqkm":160.737,"min_zoom":5}},
{"type":"Feature","geometry":null,"properties":{"scalerank":5,"featurecla":"Urban area","area_sqkm":103.446,"min_zoom":5}},
{"type":"Feature","geometry":{"type":"Polygon","coordinates":[[[31.342098,30.303422],[31.305356,30.213143],[31.178335,30.238568],[31.089452,30.009951],[31.229133,29.87027],[31.254558,29.692451],[31.33078,29.692451],[31.381527,29.844845],[31.33078,29.959154],[31.470462,30.175058],[31.342098,30.303422]]]},"properties":{"scalerank":2,"featurecla":"Urban area","area_sqkm":1318.868,"min_zoom":3.6}},
{"type":"Feature","geometry":null,"properties":{"scalerank":4,"featurecla":"Urban area","area_sqkm":234.46,"min_zoom":4}},
{"type":"Feature","geometry":{"type":"Polygon","coordinates":[[[36.499664,28.333568],[36.690143,28.308143],[36.711796,28.392531],[36.537749,28.53676],[36.41078,28.498674],[36.499664,28.333568]]]},"properties":{"scalerank":4,"featurecla":"Urban area","area_sqkm":484.128,"min_zoom":4}},
{"type":"Feature","geometry":null,"properties":{"scalerank":5,"featurecla":"Urban area","area_sqkm":179.003,"min_zoom":5}},
{"type":"Feature","geometry":null,"properties":{"scalerank":5,"featurecla":"Urban area","area_sqkm":130.44,"min_zoom":5}},
{"type":"Feature","geometry":{"type":"Polygon","coordinates":[[[37.875652,26.578998],[37.947431,26.555563],[38.010941,26.657159],[37.909139,26.686072],[37.875652,26.578998]]]},"properties":{"scalerank":5,"featurecla":"Urban area","area_sqkm":166.502,"min_zoom":5}},
{"type":"Feature","geometry":null,"properties":{"scalerank":5,"featurecla":"Urban area","area_sqkm":153.559,"min_zoom":5}},
{"type":"Feature","geometry":{"type":"Polygon","coordinates":[[[39.595702,24.392982],[39.712749,24.40926],[39.77626,24.561654],[39.738123,24.625164],[39.534931,24.625164],[39.456331,24.51008],[39.484185,24.371174],[39.595702,24.392982]]]},"properties":{"scalerank":4,"featurecla":"Urban area","area_sqkm":686.828,"min_zoom":4}},
{"type":"Feature","geometry":null,"properties":{"scalerank":5,"featurecla":"Urban area","area_sqkm":72.218,"min_zoom":5}},
{"type":"Feature","geometry":{"type":"Polygon","coordinates":[[[32.969027,24.510856],[32.854718,24.510856],[32.905568,24.358462],[33.070623,24.421972],[32.969027,24.510856]]]},"properties":{"scalerank":5,"featurecla":"Urban area","area_sqkm":210.946,"min_zoom":5}},
{"type":"Feature","geometry":null,"properties":{"scalerank":5,"featurecla":"Urban area","area_sqkm":222.982,"min_zoom":5}},
{"type":"Feature","geometry":{"type":"Polygon","coordinates":[[[39.147099,21.518997],[39.115628,21.357637],[39.446047,21.412053],[39.319027,21.539047],[39.26828,21.742265],[39.031396,21.773038],[39.147099,21.518997]]]},"properties":{"scalerank":2,"featurecla":"Urban area","area_sqkm":1022.242,"min_zoom":3.6}},
{"type":"Feature","geometry":{"type":"Polygon","coordinates":[[[39.979452,21.589845],[39.839718,21.539047],[39.73466,21.561604],[39.717917,21.379135],[39.750835,21.323143],[39.941366,21.323143],[39.979452,21.589845]]]},"properties":{"scalerank":3,"featurecla":"Urban area","area_sqkm":669.92,"min_zoom":3.7}},
{"type":"Feature","geometry":{"type":"Polygon","coordinates":[[[40.550941,21.488249],[40.449345,21.412053],[40.271527,21.399366],[40.335037,21.29777],[40.347749,21.170749],[40.550941,21.246972],[40.500143,21.361255],[40.550941,21.488249]]]},"properties":{"scalerank":5,"featurecla":"Urban area","area_sqkm":543.308,"min_zoom":5}},
{"type":"Feature","geometry":{"type":"Polygon","coordinates":[[[42.836952,18.173568],[42.748068,18.351387],[42.671845,18.300537],[42.836952,18.173568]]]},"properties":{"scalerank":5,"featurecla":"Urban area","area_sqkm":148.49,"min_zoom":5}},
{"type":"Feature","geometry":null,"properties":{"scalerank":5,"featurecla":"Urban area","area_sqkm":117.009,"min_zoom":5}},
{"type":"Feature","geometry":null,"properties":{"scalerank":5,"featurecla":"Urban area","area_sqkm":193.76,"min_zoom":5}},
{"type":"Feature","geometry":null,"properties":{"scalerank":6,"featurecla":"Urban area","area_sqkm":157.12,"min_zoom":6}},
{"type":"Feature","geometry":{"type":"Polygon","coordinates":[[[32.60078,15.83676],[32.562643,15.83676],[32.397537,15.646229],[32.448335,15.531972],[32.461047,15.392291],[32.575356,15.455749],[32.765835,15.354154],[32.702376,15.608143],[32.613441,15.722451],[32.60078,15.83676]]]},"properties":{"scalerank":2,"featurecla":"Urban area","area_sqkm":1165.923,"min_zoom":3.6}},
{"type":"Feature","geometry":{"type":"Polygon","coordinates":[[[44.177645,15.448566],[44.167155,15.300048],[44.246685,15.277982],[44.246685,15.481174],[44.177645,15.448566]]]},"properties":{"scalerank":3,"featurecla":"Urban area","area_sqkm":197.726,"min_zoom":3.7}},
{"type":"Feature","geometry":null,"properties":{"scalerank":4,"featurecla":"Urban area","area_sqkm":129.312,"min_zoom":4}},
{"type":"Feature","geometry":null,"properties":{"scalerank":5,"featurecla":"Urban area","area_sqkm":133.273,"min_zoom":5}},
{"type":"Feature","geometry":{"type":"Polygon","coordinates":[[[33.323837,14.686597],[33.42626,14.795325],[33.261154,14.871547],[33.243274,14.792844],[33.323837,14.686597]]]},"properties":{"scalerank":5,"featurecla":"Urban area","area_sqkm":282.577,"min_zoom":5}},
{"type":"Feature","geometry":{"type":"Polygon","coordinates":[[[33.464345,14.439791],[33.540568,14.31277],[33.629452,14.477825],[33.464345,14.439791]]]},"properties":{"scalerank":5,"featurecla":"Urban area","area_sqkm":184.9,"min_zoom":5}},
{"type":"Feature","geometry":null,"properties":{"scalerank":4,"featurecla":"Urban area","area_sqkm":143.051,"min_zoom":4}},
{"type":"Feature","geometry":null,"properties":{"scalerank":3,"featurecla":"Urban area","area_sqkm":132.658,"min_zoom":3.7}},
{"type":"Feature","geometry":null,"properties":{"scalerank":5,"featurecla":"Urban area","area_sqkm":73.862,"min_zoom":5}},
{"type":"Feature","geometry":{"type":"Polygon","coordinates":[[[45.038626,12.815885],[45.034027,12.953887],[44.970568,12.953887],[44.834866,12.77581],[45.038626,12.815885]]]},"properties":{"scalerank":3,"featurecla":"Urban area","area_sqkm":270.819,"min_zoom":3.7}},
{"type":"Feature","geometry":{"type":"Polygon","coordinates":[[[14.973123,12.128356],[15.062058,12.052133],[15.163654,12.179154],[15.059267,12.192305],[14.973123,12.128356]]]},"properties":{"scalerank":3,"featurecla":"Urban area","area_sqkm":202.488,"min_zoom":3.7}},
{"type":"Feature","geometry":{"type":"Polygon","coordinates":[[[8.579198,12.071692],[8.47078,12.09027],[8.47078,11.950537],[8.583125,11.932683],[8.648547,12.014047],[8.579198,12.071692]]]},"properties":{"scalerank":3,"featurecla":"Urban area","area_sqkm":251.339,"min_zoom":3.7}},
{"type":"Feature","geometry":{"type":"Polygon","coordinates":[[[13.11799,11.900695],[13.143932,11.790056],[13.23328,11.798143],[13.207856,11.912451],[13.11799,11.900695]]]},"properties":{"scalerank":4,"featurecla":"Urban area","area_sqkm":171.116,"min_zoom":4}},
{"type":"Feature","geometry":{"type":"Polygon","coordinates":[[[35.902749,33.705643],[36.042431,33.807265],[36.080568,33.921547],[35.877376,33.858063],[35.902749,33.705643]]]},"properties":{"scalerank":5,"featurecla":"Urban area","area_sqkm":270.855,"min_zoom":5}},
{"type":"Feature","geometry":null,"properties":{"scalerank":4,"featurecla":"Urban area","area_sqkm":176.772,"min_zoom":4}},
{"type":"Feature","geometry":{"type":"Polygon","coordinates":[[[35.902439,35.420681],[35.943057,35.223819],[35.889934,35.060315],[35.899339,34.852085],[35.977887,34.547401],[35.809163,34.439733],[35.839239,34.302558],[35.988739,34.332633],[36.165783,34.49035],[36.105941,34.581972],[36.156739,34.670856],[36.131366,34.924845],[36.004345,34.835962],[35.940835,35.102664],[36.029718,35.178861],[36.079431,35.300636],[35.902439,35.420681]]]},"properties":{"scalerank":4,"featurecla":"Urban area","area_sqkm":1902.218,"min_zoom":4}},
{"type":"Feature","geometry":{"type":"Polygon","coordinates":[[[35.611811,34.032187],[35.510835,33.879741],[35.342164,33.517205],[35.53502,33.603479],[35.724931,33.743755],[35.77578,33.93426],[35.737643,34.048568],[35.77578,34.226361],[35.647881,34.248246],[35.611811,34.032187]]]},"properties":{"scalerank":3,"featurecla":"Urban area","area_sqkm":1427.474,"min_zoom":3.7}},
{"type":"Feature","geometry":null,"properties":{"scalerank":6,"featurecla":"Urban area","area_sqkm":101.14,"min_zoom":6}},
{"type":"Feature","geometry":null,"properties":{"scalerank":5,"featurecla":"Urban area","area_sqkm":156.97,"min_zoom":5}},
{"type":"Feature","geometry":null,"properties":{"scalerank":5,"featurecla":"Urban area","area_sqkm":53.922,"min_zoom":5}},
{"type":"Feature","geometry":null,"properties":{"scalerank":5,"featurecla":"Urban area","area_sqkm":80.265,"min_zoom":5}},
{"type":"Feature","geometry":null,"properties":{"scalerank":6,"featurecla":"Urban area","area_sqkm":75.99,"min_zoom":6}},
{"type":"Feature","geometry":null,"properties":{"scalerank":6,"featurecla":"Urban area","area_sqkm":56.314,"min_zoom":6}},
{"type":"Feature","geometry":{"type":"Polygon","coordinates":[[[10.963652,60.017215],[11.090621,59.953705],[11.179556,60.106125],[11.116045,60.23312],[10.989025,60.258544],[11.02711,60.029928],[10.963652,60.017215]]]},"properties":{"scalerank":5,"featurecla":"Urban area","area_sqkm":246.972,"min_zoom":5}},
{"type":"Feature","geometry":null,"properties":{"scalerank":5,"featurecla":"Urban area","area_sqkm":171.591,"min_zoom":5}},
{"type":"Feature","geometry":{"type":"Polygon","coordinates":[[[16.624856,59.575046],[16.640514,59.699715],[16.42461,59.750513],[16.443472,59.561791],[16.624856,59.575046]]]},"properties":{"scalerank":5,"featurecla":"Urban area","area_sqkm":182.054,"min_zoom":5}},
{"type":"Feature","geometry":null,"properties":{"scalerank":4,"featurecla":"Urban area","area_sqkm":67.69,"min_zoom":4}},
{"type":"Feature","geometry":null,"properties":{"scalerank":4,"featurecla":"Urban area","area_sqkm":67.39,"min_zoom":4}},
{"type":"Feature","geometry":null,"properties":{"scalerank":5,"featurecla":"Urban area","area_sqkm":86.551,"min_zoom":5}},
{"type":"Feature","geometry":null,"properties":{"scalerank":3,"featurecla":"Urban area","area_sqkm":320.773,"min_zoom":3.7}},
{"type":"Feature","geometry":null,"properties":{"scalerank":3,"featurecla":"Urban area","area_sqkm":91.057,"min_zoom":3.7}},
{"type":"Feature","geometry":null,"properties":{"scalerank":5,"featurecla":"Urban area","area_sqkm":107.116,"min_zoom":5}},
{"type":"Feature","geometry":{"type":"Polygon","coordinates":[[[24.583544,59.455648],[24.575896,59.392964],[24.857429,59.356842],[25.030028,59.464743],[24.877583,59.522052],[24.583544,59.455648]]]},"properties":{"scalerank":3,"featurecla":"Urban area","area_sqkm":304.404,"min_zoom":3.7}},
{"type":"Feature","geometry":null,"properties":{"scalerank":4,"featurecla":"Urban area","area_sqkm":76.739,"min_zoom":4}},
{"type":"Feature","geometry":null,"properties":{"scalerank":5,"featurecla":"Urban area","area_sqkm":131.532,"min_zoom":5}},
{"type":"Feature","geometry":null,"properties":{"scalerank":6,"featurecla":"Urban area","area_sqkm":77.297,"min_zoom":6}},
{"type":"Feature","geometry":null,"properties":{"scalerank":5,"featurecla":"Urban area","area_sqkm":207.059,"min_zoom":5}},
{"type":"Feature","geometry":null,"properties":{"scalerank":5,"featurecla":"Urban area","area_sqkm":142.282,"min_zoom":5}},
{"type":"Feature","geometry":{"type":"Polygon","coordinates":[[[15.54916,58.48134],[15.408652,58.404342],[15.700727,58.353544],[15.78961,58.442428],[15.54916,58.48134]]]},"properties":{"scalerank":5,"featurecla":"Urban area","area_sqkm":228.374,"min_zoom":5}},
{"type":"Feature","geometry":{"type":"Polygon","coordinates":[[[11.884681,57.616794],[12.043121,57.629635],[12.106631,57.75663],[11.890727,57.82014],[11.744948,57.714979],[11.884681,57.616794]]]},"properties":{"scalerank":5,"featurecla":"Urban area","area_sqkm":289.881,"min_zoom":5}},
{"type":"Feature","geometry":{"type":"Polygon","coordinates":[[[10.087323,57.096205],[9.884131,57.12163],[9.846045,56.994635],[10.01048,57.001637],[10.087323,57.096205]]]},"properties":{"scalerank":5,"featurecla":"Urban area","area_sqkm":151.504,"min_zoom":5}},
{"type":"Feature","geometry":{"type":"Polygon","coordinates":[[[23.962238,57.023031],[23.955727,56.905726],[24.273227,56.893013],[24.101403,57.088144],[23.962238,57.023031]]]},"properties":{"scalerank":3,"featurecla":"Urban area","area_sqkm":286.05,"min_zoom":3.7}},
{"type":"Feature","geometry":null,"properties":{"scalerank":5,"featurecla":"Urban area","area_sqkm":195.085,"min_zoom":5}},
{"type":"Feature","geometry":null,"properties":{"scalerank":5,"featurecla":"Urban area","area_sqkm":82.784,"min_zoom":5}},
{"type":"Feature","geometry":{"type":"Polygon","coordinates":[[[10.348289,56.233622],[10.100035,56.270726],[9.960354,56.16913],[9.975908,56.053788],[10.263333,56.087946],[10.348289,56.233622]]]},"properties":{"scalerank":5,"featurecla":"Urban area","area_sqkm":423.757,"min_zoom":5}},
{"type":"Feature","geometry":null,"properties":{"scalerank":5,"featurecla":"Urban area","area_sqkm":91.665,"min_zoom":5}},
{"type":"Feature","geometry":{"type":"Polygon","coordinates":[[[12.876816,55.852069],[12.741631,56.118332],[12.616109,56.112673],[12.876816,55.852069]]]},"properties":{"scalerank":5,"featurecla":"Urban area","area_sqkm":204.813,"min_zoom":5}},
{"type":"Feature","geometry":null,"properties":{"scalerank":5,"featurecla":"Urban area","area_sqkm":129.888,"min_zoom":5}},
{"type":"Feature","geometry":{"type":"Polygon","coordinates":[[[12.973916,55.748122],[12.929061,55.466744],[13.046418,55.47062],[13.30046,55.673837],[13.27488,55.750137],[12.973916,55.748122]]]},"properties":{"scalerank":4,"featurecla":"Urban area","area_sqkm":547.488,"min_zoom":4}},
{"type":"Feature","geometry":null,"properties":{"scalerank":5,"featurecla":"Urban area","area_sqkm":64.234,"min_zoom":5}},
{"type":"Feature","geometry":{"type":"Polygon","coordinates":[[[10.393092,55.558754],[10.265141,55.483332],[10.252429,55.381736],[10.472777,55.345563],[10.646152,55.496044],[10.393092,55.558754]]]},"properties":{"scalerank":5,"featurecla":"Urban area","area_sqkm":349.345,"min_zoom":5}},
{"type":"Feature","geometry":null,"properties":{"scalerank":5,"featurecla":"Urban area","area_sqkm":85.727,"min_zoom":5}},
{"type":"Feature","geometry":{"type":"Polygon","coordinates":[[[23.972418,54.869726],[24.09546,54.988013],[23.790621,54.949928],[23.972418,54.869726]]]},"properties":{"scalerank":5,"featurecla":"Urban area","area_sqkm":200.827,"min_zoom":5}},
{"type":"Feature","geometry":null,"properties":{"scalerank":2,"featurecla":"Urban area","area_sqkm":73.315,"min_zoom":3.6}},
{"type":"Feature","geometry":null,"properties":{"scalerank":4,"featurecla":"Urban area","area_sqkm":79.541,"min_zoom":4}},
{"type":"Feature","geometry":null,"properties":{"scalerank":3,"featurecla":"Urban area","area_sqkm":179.408,"min_zoom":3.7}},
{"type":"Feature","geometry":null,"properties":{"scalerank":5,"featurecla":"Urban area","area_sqkm":121.36,"min_zoom":5}},
{"type":"Feature","geometry":{"type":"Polygon","coordinates":[[[18.622977,54.477244],[18.564066,54.316995],[18.773046,54.392856],[18.622977,54.477244]]]},"properties":{"scalerank":4,"featurecla":"Urban area","area_sqkm":215.175,"min_zoom":4}},
{"type":"Feature","geometry":null,"properties":{"scalerank":2,"featurecla":"Urban area","area_sqkm":96.442,"min_zoom":3.6}},
{"type":"Feature","geometry":null,"properties":{"scalerank":5,"featurecla":"Urban area","area_sqkm":112.196,"min_zoom":5}},
{"type":"Feature","geometry":null,"properties":{"scalerank":2,"featurecla":"Urban area","area_sqkm":80.182,"min_zoom":3.6}},
{"type":"Feature","geometry":{"type":"Polygon","coordinates":[[[9.749565,53.601225],[9.846045,53.476736],[9.973014,53.527534],[10.188918,53.451337],[10.303227,53.476736],[10.239768,53.591044],[9.973014,53.69264],[9.706364,53.718013],[9.749565,53.601225]]]},"properties":{"scalerank":2,"featurecla":"Urban area","area_sqkm":867.789,"min_zoom":3.6}},
{"type":"Feature","geometry":null,"properties":{"scalerank":5,"featurecla":"Urban area","area_sqkm":90.64,"min_zoom":5}},
{"type":"Feature","geometry":null,"properties":{"scalerank":5,"featurecla":"Urban area","area_sqkm":72.996,"min_zoom":5}},
{"type":"Feature","geometry":null,"properties":{"scalerank":5,"featurecla":"Urban area","area_sqkm":92.69,"min_zoom":5}},
{"type":"Feature","geometry":{"type":"Polygon","coordinates":[[[14.456152,53.425938],[14.697429,53.413226],[14.583121,53.527534],[14.456152,53.425938]]]},"properties":{"scalerank":5,"featurecla":"Urban area","area_sqkm":206.875,"min_zoom":5}},
{"type":"Feature","geometry":{"type":"Polygon","coordinates":[[[6.8546,53.414931],[6.823439,53.24812],[6.721843,53.133837],[6.886949,53.095726],[7.090141,53.184635],[6.937747,53.235407],[6.966118,53.329045],[6.8546,53.414931]]]},"properties":{"scalerank":5,"featurecla":"Urban area","area_sqkm":426.066,"min_zoom":5}},
{"type":"Feature","geometry":null,"properties":{"scalerank":2,"featurecla":"Urban area","area_sqkm":64.408,"min_zoom":3.6}},
{"type":"Feature","geometry":null,"properties":{"scalerank":5,"featurecla":"Urban area","area_sqkm":78.396,"min_zoom":5}},
{"type":"Feature","geometry":{"type":"Polygon","coordinates":[[[8.893545,53.133837],[8.741152,53.210034],[8.525247,53.222746],[8.779237,52.99413],[8.982429,53.044928],[8.893545,53.133837]]]},"properties":{"scalerank":5,"featurecla":"Urban area","area_sqkm":392.679,"min_zoom":5}},
{"type":"Feature","geometry":null,"properties":{"scalerank":5,"featurecla":"Urban area","area_sqkm":156.432,"min_zoom":5}},
{"type":"Feature","geometry":null,"properties":{"scalerank":5,"featurecla":"Urban area","area_sqkm":109.454,"min_zoom":5}},
{"type":"Feature","geometry":null,"properties":{"scalerank":5,"featurecla":"Urban area","area_sqkm":82.706,"min_zoom":5}},
{"type":"Feature","geometry":null,"properties":{"scalerank":2,"featurecla":"Urban area","area_sqkm":66.489,"min_zoom":3.6}},
{"type":"Feature","geometry":null,"properties":{"scalerank":5,"featurecla":"Urban area","area_sqkm":100.602,"min_zoom":5}},
{"type":"Feature","geometry":{"type":"Polygon","coordinates":[[[16.869131,52.333705],[17.085035,52.448013],[16.856418,52.511524],[16.754823,52.486125],[16.716737,52.35913],[16.869131,52.333705]]]},"properties":{"scalerank":5,"featurecla":"Urban area","area_sqkm":319.415,"min_zoom":5}},
{"type":"Feature","geometry":{"type":"Polygon","coordinates":[[[9.998439,52.498837],[9.909556,52.397215],[9.75711,52.486125],[9.566631,52.409928],[9.795247,52.282907],[9.973014,52.333705],[9.998439,52.498837]]]},"properties":{"scalerank":5,"featurecla":"Urban area","area_sqkm":458.416,"min_zoom":5}},
{"type":"Feature","geometry":null,"properties":{"scalerank":5,"featurecla":"Urban area","area_sqkm":66.565,"min_zoom":5}},
{"type":"Feature","geometry":{"type":"Polygon","coordinates":[[[21.136364,52.079715],[21.199823,52.155938],[21.212535,52.321044],[21.060141,52.346418],[20.958545,52.473438],[20.780727,52.270246],[20.704556,52.130513],[21.136364,52.079715]]]},"properties":{"scalerank":2,"featurecla":"Urban area","area_sqkm":954.044,"min_zoom":3.6}},
{"type":"Feature","geometry":null,"properties":{"scalerank":5,"featurecla":"Urban area","area_sqkm":122.677,"min_zoom":5}},
{"type":"Feature","geometry":null,"properties":{"scalerank":5,"featurecla":"Urban area","area_sqkm":92.771,"min_zoom":5}},
{"type":"Feature","geometry":null,"properties":{"scalerank":5,"featurecla":"Urban area","area_sqkm":68.447,"min_zoom":5}},
{"type":"Feature","geometry":null,"properties":{"scalerank":5,"featurecla":"Urban area","area_sqkm":24.911,"min_zoom":5}},
{"type":"Feature","geometry":null,"properties":{"scalerank":5,"featurecla":"Urban area","area_sqkm":124.539,"min_zoom":5}},
{"type":"Feature","geometry":null,"properties":{"scalerank":5,"featurecla":"Urban area","area_sqkm":72.844,"min_zoom":5}},
{"type":"Feature","geometry":{"type":"Polygon","coordinates":[[[8.068014,52.333705],[7.941045,52.219449],[8.080727,52.194024],[8.068014,52.333705]]]},"properties":{"scalerank":5,"featurecla":"Urban area","area_sqkm":194.668,"min_zoom":5}},
{"type":"Feature","geometry":null,"properties":{"scalerank":5,"featurecla":"Urban area","area_sqkm":180.808,"min_zoom":5}},
{"type":"Feature","geometry":{"type":"Polygon","coordinates":[[[6.772641,52.333705],[6.759929,52.244822],[6.937747,52.194024],[6.937747,52.333705],[6.772641,52.333705]]]},"properties":{"scalerank":5,"featurecla":"Urban area","area_sqkm":158.584,"min_zoom":5}},
{"type":"Feature","geometry":{"type":"Polygon","coordinates":[[[10.33046,52.125992],[10.557268,52.143226],[10.582641,52.321044],[10.430247,52.321044],[10.33046,52.125992]]]},"properties":{"scalerank":5,"featurecla":"Urban area","area_sqkm":353.831,"min_zoom":5}},
{"type":"Feature","geometry":{"type":"Polygon","coordinates":[[[11.687535,52.067003],[11.738333,52.219449],[11.611364,52.270246],[11.497056,52.181337],[11.687535,52.067003]]]},"properties":{"scalerank":5,"featurecla":"Urban area","area_sqkm":240.84,"min_zoom":5}},
{"type":"Feature","geometry":{"type":"Polygon","coordinates":[[[8.224852,51.829679],[8.499823,51.863837],[8.677641,52.04163],[8.513982,52.084651],[8.410939,51.965407],[8.283918,51.965407],[8.224852,51.829679]]]},"properties":{"scalerank":4,"featurecla":"Urban area","area_sqkm":771.385,"min_zoom":4}},
{"type":"Feature","geometry":{"type":"Polygon","coordinates":[[[4.981949,52.130513],[5.108918,51.97812],[5.248652,52.092428],[5.197854,52.155938],[4.981949,52.130513]]]},"properties":{"scalerank":5,"featurecla":"Urban area","area_sqkm":251.9,"min_zoom":5}},
{"type":"Feature","geometry":null,"properties":{"scalerank":4,"featurecla":"Urban area","area_sqkm":148.05,"min_zoom":4}},
{"type":"Feature","geometry":null,"properties":{"scalerank":5,"featurecla":"Urban area","area_sqkm":136.241,"min_zoom":5}},
{"type":"Feature","geometry":{"type":"Polygon","coordinates":[[[5.921737,52.067003],[5.82965,51.930267],[5.972535,51.927322],[5.921737,52.067003]]]},"properties":{"scalerank":5,"featurecla":"Urban area","area_sqkm":441.853,"min_zoom":5}},
{"type":"Feature","geometry":null,"properties":{"scalerank":5,"featurecla":"Urban area","area_sqkm":164.361,"min_zoom":5}},
{"type":"Feature","geometry":null,"properties":{"scalerank":5,"featurecla":"Urban area","area_sqkm":107.845,"min_zoom":5}},
{"type":"Feature","geometry":{"type":"Polygon","coordinates":[[[19.574237,51.838438],[19.396418,51.927322],[19.28211,51.838438],[19.307535,51.647907],[19.637747,51.72413],[19.574237,51.838438]]]},"properties":{"scalerank":5,"featurecla":"Urban area","area_sqkm":480.786,"min_zoom":5}},
{"type":"Feature","geometry":null,"properties":{"scalerank":5,"featurecla":"Urban area","area_sqkm":155.799,"min_zoom":5}},
{"type":"Feature","geometry":null,"properties":{"scalerank":5,"featurecla":"Urban area","area_sqkm":172.674,"min_zoom":5}},
{"type":"Feature","geometry":{"type":"Polygon","coordinates":[[[5.053056,51.509492],[5.210514,51.597135],[5.147056,51.72413],[4.99461,51.698705],[4.867641,51.774928],[4.70362,51.621449],[4.575514,51.736842],[4.435833,51.597135],[4.622953,51.541557],[4.880354,51.584449],[5.053056,51.509492]]]},"properties":{"scalerank":4,"featurecla":"Urban area","area_sqkm":904.858,"min_zoom":4}},
{"type":"Feature","geometry":{"type":"Polygon","coordinates":[[[5.814353,51.437171],[5.693121,51.546337],[5.68046,51.711418],[5.489929,51.774928],[5.667747,51.546337],[5.553439,51.508226],[5.489929,51.393918],[5.743918,51.381205],[5.814353,51.437171]]]},"properties":{"scalerank":5,"featurecla":"Urban area","area_sqkm":705.289,"min_zoom":5}},
{"type":"Feature","geometry":null,"properties":{"scalerank":5,"featurecla":"Urban area","area_sqkm":153.591,"min_zoom":5}},
{"type":"Feature","geometry":null,"properties":{"scalerank":5,"featurecla":"Urban area","area_sqkm":73.637,"min_zoom":5}},
{"type":"Feature","geometry":null,"properties":{"scalerank":2,"featurecla":"Urban area","area_sqkm":72.385,"min_zoom":3.6}},
{"type":"Feature","geometry":{"type":"Polygon","coordinates":[[[12.195514,51.419342],[12.271737,51.216125],[12.449556,51.254236],[12.551152,51.330407],[12.360621,51.457428],[12.373333,51.647907],[12.220939,51.66062],[12.309823,51.508226],[12.195514,51.419342]]]},"properties":{"scalerank":4,"featurecla":"Urban area","area_sqkm":749.791,"min_zoom":4}},
{"type":"Feature","geometry":null,"properties":{"scalerank":5,"featurecla":"Urban area","area_sqkm":178.913,"min_zoom":5}},
{"type":"Feature","geometry":{"type":"Polygon","coordinates":[[[11.992323,51.228811],[12.106631,51.330407],[12.068545,51.495513],[11.865354,51.520938],[11.992323,51.228811]]]},"properties":{"scalerank":5,"featurecla":"Urban area","area_sqkm":363.407,"min_zoom":5}},
{"type":"Feature","geometry":null,"properties":{"scalerank":5,"featurecla":"Urban area","area_sqkm":94.291,"min_zoom":5}},
{"type":"Feature","geometry":null,"properties":{"scalerank":5,"featurecla":"Urban area","area_sqkm":78.539,"min_zoom":5}},
{"type":"Feature","geometry":null,"properties":{"scalerank":5,"featurecla":"Urban area","area_sqkm":123.758,"min_zoom":5}},
{"type":"Feature","geometry":null,"properties":{"scalerank":2,"featurecla":"Urban area","area_sqkm":85.196,"min_zoom":3.6}},
{"type":"Feature","geometry":null,"properties":{"scalerank":2,"featurecla":"Urban area","area_sqkm":82.448,"min_zoom":3.6}},
{"type":"Feature","geometry":null,"properties":{"scalerank":5,"featurecla":"Urban area","area_sqkm":98.127,"min_zoom":5}},
{"type":"Feature","geometry":{"type":"Polygon","coordinates":[[[5.235939,51.190726],[5.489929,51.165301],[5.515354,51.266949],[5.226792,51.275527],[5.235939,51.190726]]]},"properties":{"scalerank":5,"featurecla":"Urban area","area_sqkm":221.484,"min_zoom":5}},
{"type":"Feature","geometry":{"type":"Polygon","coordinates":[[[16.96065,51.071973],[17.110356,51.063808],[17.148545,51.165301],[16.886598,51.145716],[16.96065,51.071973]]]},"properties":{"scalerank":5,"featurecla":"Urban area","area_sqkm":200.574,"min_zoom":5}},
{"type":"Feature","geometry":{"type":"Polygon","coordinates":[[[13.933341,51.010788],[13.656045,51.139928],[13.570883,51.083032],[13.630621,50.974822],[13.933341,51.010788]]]},"properties":{"scalerank":4,"featurecla":"Urban area","area_sqkm":419.104,"min_zoom":4}},
{"type":"Feature","geometry":{"type":"Polygon","coordinates":[[[11.103333,50.949449],[11.065247,51.08913],[10.950939,51.063705],[10.992125,50.956735],[11.103333,50.949449]]]},"properties":{"scalerank":5,"featurecla":"Urban area","area_sqkm":119.273,"min_zoom":5}},
{"type":"Feature","geometry":{"type":"Polygon","coordinates":[[[12.995621,50.797003],[13.046418,50.949449],[12.817854,50.873226],[12.881364,50.746205],[12.995621,50.797003]]]},"properties":{"scalerank":5,"featurecla":"Urban area","area_sqkm":283.871,"min_zoom":5}},
{"type":"Feature","geometry":{"type":"Polygon","coordinates":[[[20.526737,50.797003],[20.679131,50.898625],[20.55211,50.936736],[20.526737,50.797003]]]},"properties":{"scalerank":4,"featurecla":"Urban area","area_sqkm":107.864,"min_zoom":4}},
{"type":"Feature","geometry":null,"properties":{"scalerank":4,"featurecla":"Urban area","area_sqkm":72.541,"min_zoom":4}},
{"type":"Feature","geometry":{"type":"Polygon","coordinates":[[[12.563864,50.657322],[12.4987,50.839817],[12.360621,50.720832],[12.563864,50.657322]]]},"properties":{"scalerank":5,"featurecla":"Urban area","area_sqkm":192.878,"min_zoom":5}},
{"type":"Feature","geometry":{"type":"Polygon","coordinates":[[[13.744929,50.543013],[13.88461,50.682746],[13.630621,50.644635],[13.198864,50.39062],[13.338545,50.365246],[13.503652,50.479503],[13.668706,50.428705],[13.744929,50.543013]]]},"properties":{"scalerank":5,"featurecla":"Urban area","area_sqkm":506.721,"min_zoom":5}},
{"type":"Feature","geometry":null,"properties":{"scalerank":5,"featurecla":"Urban area","area_sqkm":193.015,"min_zoom":5}},
{"type":"Feature","geometry":null,"properties":{"scalerank":5,"featurecla":"Urban area","area_sqkm":94.565,"min_zoom":5}},
{"type":"Feature","geometry":{"type":"Polygon","coordinates":[[[4.715247,50.51764],[4.371754,50.518364],[4.143706,50.568438],[4.118333,50.441418],[4.321525,50.403332],[4.486631,50.327135],[4.669876,50.423279],[4.715247,50.51764]]]},"properties":{"scalerank":4,"featurecla":"Urban area","area_sqkm":647.293,"min_zoom":4}},
{"type":"Feature","geometry":null,"properties":{"scalerank":4,"featurecla":"Urban area","area_sqkm":100.519,"min_zoom":4}},
{"type":"Feature","geometry":{"type":"Polygon","coordinates":[[[7.526549,50.344421],[7.648918,50.416044],[7.483864,50.492215],[7.388831,50.460254],[7.526549,50.344421]]]},"properties":{"scalerank":5,"featurecla":"Urban area","area_sqkm":248.262,"min_zoom":5}},
{"type":"Feature","geometry":null,"properties":{"scalerank":5,"featurecla":"Urban area","area_sqkm":206.048,"min_zoom":5}},
{"type":"Feature","geometry":null,"properties":{"scalerank":5,"featurecla":"Urban area","area_sqkm":190.126,"min_zoom":5}},
{"type":"Feature","geometry":{"type":"Polygon","coordinates":[[[20.069556,49.958837],[20.200762,50.064696],[20.056843,50.111205],[19.815514,50.123918],[19.815514,50.047746],[20.069556,49.958837]]]},"properties":{"scalerank":4,"featurecla":"Urban area","area_sqkm":417.864,"min_zoom":4}},
{"type":"Feature","geometry":null,"properties":{"scalerank":5,"featurecla":"Urban area","area_sqkm":76.853,"min_zoom":5}},
{"type":"Feature","geometry":null,"properties":{"scalerank":2,"featurecla":"Urban area","area_sqkm":58.565,"min_zoom":3.6}},
{"type":"Feature","geometry":null,"properties":{"scalerank":4,"featurecla":"Urban area","area_sqkm":79.002,"min_zoom":4}},
{"type":"Feature","geometry":null,"properties":{"scalerank":5,"featurecla":"Urban area","area_sqkm":232.076,"min_zoom":5}},
{"type":"Feature","geometry":{"type":"Polygon","coordinates":[[[10.887429,49.971524],[10.798545,49.920726],[10.946753,49.827631],[11.039823,49.679449],[10.836631,49.615938],[10.874768,49.43812],[11.07796,49.311125],[11.179556,49.412746],[11.065247,49.56514],[11.090621,49.742907],[10.887429,49.971524]]]},"properties":{"scalerank":5,"featurecla":"Urban area","area_sqkm":770.774,"min_zoom":5}},
{"type":"Feature","geometry":null,"properties":{"scalerank":4,"featurecla":"Urban area","area_sqkm":133.611,"min_zoom":4}},
{"type":"Feature","geometry":null,"properties":{"scalerank":5,"featurecla":"Urban area","area_sqkm":131,"min_zoom":5}},
{"type":"Feature","geometry":null,"properties":{"scalerank":5,"featurecla":"Urban area","area_sqkm":152.275,"min_zoom":5}},
{"type":"Feature","geometry":null,"properties":{"scalerank":5,"featurecla":"Urban area","area_sqkm":126.112,"min_zoom":5}},
{"type":"Feature","geometry":null,"properties":{"scalerank":5,"featurecla":"Urban area","area_sqkm":104.713,"min_zoom":5}},
{"type":"Feature","geometry":null,"properties":{"scalerank":5,"featurecla":"Urban area","area_sqkm":197.091,"min_zoom":5}},
{"type":"Feature","geometry":null,"properties":{"scalerank":4,"featurecla":"Urban area","area_sqkm":54.652,"min_zoom":4}},
{"type":"Feature","geometry":{"type":"Polygon","coordinates":[[[6.107359,49.185603],[6.26461,49.107907],[6.226525,49.336524],[5.94711,49.273013],[5.934449,49.171418],[6.107359,49.185603]]]},"properties":{"scalerank":5,"featurecla":"Urban area","area_sqkm":541.61,"min_zoom":5}},
{"type":"Feature","geometry":{"type":"Polygon","coordinates":[[[16.79296,49.234928],[16.564343,49.323837],[16.500833,49.18413],[16.640514,49.12062],[16.79296,49.234928]]]},"properties":{"scalerank":5,"featurecla":"Urban area","area_sqkm":283.173,"min_zoom":5}},
{"type":"Feature","geometry":null,"properties":{"scalerank":5,"featurecla":"Urban area","area_sqkm":127.151,"min_zoom":5}},
{"type":"Feature","geometry":{"type":"Polygon","coordinates":[[[12.246364,48.993625],[12.144768,49.12062],[12.03046,49.044449],[12.137275,48.968639],[12.246364,48.993625]]]},"properties":{"scalerank":5,"featurecla":"Urban area","area_sqkm":165.055,"min_zoom":5}},
{"type":"Feature","geometry":null,"properties":{"scalerank":2,"featurecla":"Urban area","area_sqkm":92.323,"min_zoom":3.6}},
{"type":"Feature","geometry":null,"properties":{"scalerank":5,"featurecla":"Urban area","area_sqkm":77.374,"min_zoom":5}},
{"type":"Feature","geometry":null,"properties":{"scalerank":5,"featurecla":"Urban area","area_sqkm":74.63,"min_zoom":5}},
{"type":"Feature","geometry":{"type":"Polygon","coordinates":[[[6.112268,48.650726],[6.290035,48.625301],[6.277323,48.739635],[6.095318,48.792578],[6.112268,48.650726]]]},"properties":{"scalerank":5,"featurecla":"Urban area","area_sqkm":342.667,"min_zoom":5}},
{"type":"Feature","geometry":{"type":"Polygon","coordinates":[[[7.914949,48.802448],[7.794078,48.854796],[7.674343,48.752322],[7.636775,48.580343],[7.699768,48.434822],[7.864823,48.599928],[7.966418,48.777746],[7.914949,48.802448]]]},"properties":{"scalerank":4,"featurecla":"Urban area","area_sqkm":720.313,"min_zoom":4}},
{"type":"Feature","geometry":{"type":"Polygon","coordinates":[[[21.332373,48.749247],[21.225247,48.765034],[21.149025,48.650726],[21.326843,48.650726],[21.332373,48.749247]]]},"properties":{"scalerank":5,"featurecla":"Urban area","area_sqkm":187.327,"min_zoom":5}},
{"type":"Feature","geometry":{"type":"Polygon","coordinates":[[[9.249131,48.625301],[9.066351,48.499727],[9.261843,48.472907],[9.249131,48.625301]]]},"properties":{"scalerank":5,"featurecla":"Urban area","area_sqkm":147.191,"min_zoom":5}},
{"type":"Feature","geometry":null,"properties":{"scalerank":5,"featurecla":"Urban area","area_sqkm":185.387,"min_zoom":5}},
{"type":"Feature","geometry":{"type":"Polygon","coordinates":[[[10.862056,48.472907],[10.798545,48.396736],[10.898074,48.2654],[11.001737,48.384024],[10.862056,48.472907]]]},"properties":{"scalerank":5,"featurecla":"Urban area","area_sqkm":227.389,"min_zoom":5}},
{"type":"Feature","geometry":null,"properties":{"scalerank":5,"featurecla":"Urban area","area_sqkm":135.81,"min_zoom":5}},
{"type":"Feature","geometry":null,"properties":{"scalerank":5,"featurecla":"Urban area","area_sqkm":137.307,"min_zoom":5}},
{"type":"Feature","geometry":{"type":"Polygon","coordinates":[[[16.437323,48.117322],[16.615141,48.117322],[16.500833,48.345938],[16.297641,48.384024],[16.221418,48.218918],[16.246843,48.053837],[16.183333,47.964928],[16.15796,47.799822],[16.282242,47.806023],[16.284929,47.952215],[16.437323,48.117322]]]},"properties":{"scalerank":2,"featurecla":"Urban area","area_sqkm":990.385,"min_zoom":3.6}},
{"type":"Feature","geometry":null,"properties":{"scalerank":4,"featurecla":"Urban area","area_sqkm":94.066,"min_zoom":4}},
{"type":"Feature","geometry":null,"properties":{"scalerank":5,"featurecla":"Urban area","area_sqkm":70.646,"min_zoom":5}},
{"type":"Feature","geometry":{"type":"Polygon","coordinates":[[[11.217641,48.16812],[11.497056,48.053837],[11.649449,48.041125],[11.789131,48.104635],[11.598652,48.320513],[11.446206,48.29514],[11.217641,48.16812]]]},"properties":{"scalerank":2,"featurecla":"Urban area","area_sqkm":846.562,"min_zoom":3.6}},
{"type":"Feature","geometry":{"type":"Polygon","coordinates":[[[14.379929,48.244342],[14.265621,48.345938],[14.20211,48.193544],[14.379929,48.244342]]]},"properties":{"scalerank":5,"featurecla":"Urban area","area_sqkm":224.839,"min_zoom":5}},
{"type":"Feature","geometry":{"type":"Polygon","coordinates":[[[16.996152,48.155407],[17.135833,48.066524],[17.288227,48.079236],[17.237429,48.244342],[16.996152,48.155407]]]},"properties":{"scalerank":4,"featurecla":"Urban area","area_sqkm":346.12,"min_zoom":4}},
{"type":"Feature","geometry":{"type":"Polygon","coordinates":[[[20.831525,48.028438],[20.86961,48.130034],[20.780727,48.193544],[20.679131,48.079236],[20.831525,48.028438]]]},"properties":{"scalerank":5,"featurecla":"Urban area","area_sqkm":150.886,"min_zoom":5}},
{"type":"Feature","geometry":null,"properties":{"scalerank":5,"featurecla":"Urban area","area_sqkm":63.747,"min_zoom":5}},
{"type":"Feature","geometry":null,"properties":{"scalerank":5,"featurecla":"Urban area","area_sqkm":93.632,"min_zoom":5}},
{"type":"Feature","geometry":null,"properties":{"scalerank":5,"featurecla":"Urban area","area_sqkm":108.155,"min_zoom":5}},
{"type":"Feature","geometry":null,"properties":{"scalerank":4,"featurecla":"Urban area","area_sqkm":151.755,"min_zoom":4}},
{"type":"Feature","geometry":{"type":"Polygon","coordinates":[[[7.179025,47.799822],[7.306045,47.698226],[7.445727,47.799822],[7.356843,47.888705],[7.179025,47.799822]]]},"properties":{"scalerank":5,"featurecla":"Urban area","area_sqkm":291.796,"min_zoom":5}},
{"type":"Feature","geometry":null,"properties":{"scalerank":5,"featurecla":"Urban area","area_sqkm":77.949,"min_zoom":5}},
{"type":"Feature","geometry":null,"properties":{"scalerank":2,"featurecla":"Urban area","area_sqkm":104.161,"min_zoom":3.6}},
{"type":"Feature","geometry":{"type":"Polygon","coordinates":[[[18.913864,47.241044],[18.990035,47.304503],[19.383706,47.431524],[19.33296,47.571205],[19.383706,47.622003],[19.28211,47.723625],[19.093285,47.763364],[18.824929,47.482322],[18.83144,47.324605],[18.913864,47.241044]]]},"properties":{"scalerank":2,"featurecla":"Urban area","area_sqkm":1589.796,"min_zoom":3.6}},
{"type":"Feature","geometry":null,"properties":{"scalerank":5,"featurecla":"Urban area","area_sqkm":273.214,"min_zoom":5}},
{"type":"Feature","geometry":null,"properties":{"scalerank":5,"featurecla":"Urban area","area_sqkm":77.185,"min_zoom":5}},
{"type":"Feature","geometry":null,"properties":{"scalerank":5,"featurecla":"Urban area","area_sqkm":124.778,"min_zoom":5}},
{"type":"Feature","geometry":{"type":"Polygon","coordinates":[[[7.699768,47.66014],[7.476268,47.653241],[7.610833,47.469635],[7.775939,47.482322],[7.699768,47.66014]]]},"properties":{"scalerank":5,"featurecla":"Urban area","area_sqkm":340.294,"min_zoom":5}},
{"type":"Feature","geometry":null,"properties":{"scalerank":5,"featurecla":"Urban area","area_sqkm":133.8,"min_zoom":5}},
{"type":"Feature","geometry":{"type":"Polygon","coordinates":[[[8.22046,47.380726],[8.334768,47.418837],[8.563333,47.291842],[8.690354,47.368013],[8.626843,47.495034],[8.53796,47.53312],[8.360141,47.482322],[8.233121,47.520407],[8.22046,47.380726]]]},"properties":{"scalerank":3,"featurecla":"Urban area","area_sqkm":683.701,"min_zoom":3.7}},
{"type":"Feature","geometry":null,"properties":{"scalerank":5,"featurecla":"Urban area","area_sqkm":114.105,"min_zoom":5}},
{"type":"Feature","geometry":{"type":"Polygon","coordinates":[[[5.159768,47.266418],[5.185141,47.355301],[5.058121,47.406125],[4.969237,47.317215],[5.159768,47.266418]]]},"properties":{"scalerank":5,"featurecla":"Urban area","area_sqkm":265.362,"min_zoom":5}},
{"type":"Feature","geometry":null,"properties":{"scalerank":5,"featurecla":"Urban area","area_sqkm":108.23,"min_zoom":5}},
{"type":"Feature","geometry":null,"properties":{"scalerank":5,"featurecla":"Urban area","area_sqkm":154.647,"min_zoom":5}},
{"type":"Feature","geometry":null,"properties":{"scalerank":5,"featurecla":"Urban area","area_sqkm":114.245,"min_zoom":5}},
{"type":"Feature","geometry":null,"properties":{"scalerank":5,"featurecla":"Urban area","area_sqkm":116.205,"min_zoom":5}},
{"type":"Feature","geometry":null,"properties":{"scalerank":5,"featurecla":"Urban area","area_sqkm":147.819,"min_zoom":5}},
{"type":"Feature","geometry":null,"properties":{"scalerank":5,"featurecla":"Urban area","area_sqkm":76.881,"min_zoom":5}},
{"type":"Feature","geometry":null,"properties":{"scalerank":5,"featurecla":"Urban area","area_sqkm":81.399,"min_zoom":5}},
{"type":"Feature","geometry":{"type":"Polygon","coordinates":[[[20.171152,46.212322],[20.260035,46.301205],[20.145727,46.377428],[20.031418,46.275832],[20.171152,46.212322]]]},"properties":{"scalerank":5,"featurecla":"Urban area","area_sqkm":218.329,"min_zoom":5}},
{"type":"Feature","geometry":null,"properties":{"scalerank":5,"featurecla":"Urban area","area_sqkm":155.714,"min_zoom":5}},
{"type":"Feature","geometry":null,"properties":{"scalerank":4,"featurecla":"Urban area","area_sqkm":99.313,"min_zoom":4}},
{"type":"Feature","geometry":null,"properties":{"scalerank":4,"featurecla":"Urban area","area_sqkm":118.019,"min_zoom":4}},
{"type":"Feature","geometry":null,"properties":{"scalerank":5,"featurecla":"Urban area","area_sqkm":210.976,"min_zoom":5}},
{"type":"Feature","geometry":null,"properties":{"scalerank":5,"featurecla":"Urban area","area_sqkm":164.47,"min_zoom":5}},
{"type":"Feature","geometry":{"type":"Polygon","coordinates":[[[14.608545,46.047215],[14.633918,46.186949],[14.443439,46.110726],[14.608545,46.047215]]]},"properties":{"scalerank":4,"featurecla":"Urban area","area_sqkm":183.436,"min_zoom":4}},
{"type":"Feature","geometry":null,"properties":{"scalerank":5,"featurecla":"Urban area","area_sqkm":77.834,"min_zoom":5}},
{"type":"Feature","geometry":null,"properties":{"scalerank":5,"featurecla":"Urban area","area_sqkm":238.083,"min_zoom":5}},
{"type":"Feature","geometry":{"type":"Polygon","coordinates":[[[15.865833,45.742428],[16.081737,45.69163],[16.145247,45.869449],[16.075226,45.902315],[15.891206,45.844024],[15.865833,45.742428]]]},"properties":{"scalerank":3,"featurecla":"Urban area","area_sqkm":415.115,"min_zoom":3.7}},
{"type":"Feature","geometry":{"type":"Polygon","coordinates":[[[11.141263,45.367929],[11.34461,45.386842],[11.497056,45.361418],[11.471631,45.475726],[11.574002,45.578097],[11.805306,45.605873],[11.878014,45.666205],[11.827268,45.780513],[11.725621,45.818625],[11.598652,45.729715],[11.458918,45.805938],[11.331949,45.742428],[11.293864,45.488438],[11.154131,45.475726],[10.819526,45.60825],[10.747747,45.488438],[10.874768,45.37413],[11.090621,45.323332],[11.141263,45.367929]]]},"properties":{"scalerank":4,"featurecla":"Urban area","area_sqkm":2047.012,"min_zoom":4}},
{"type":"Feature","geometry":null,"properties":{"scalerank":3,"featurecla":"Urban area","area_sqkm":91.057,"min_zoom":3.7}},
{"type":"Feature","geometry":null,"properties":{"scalerank":5,"featurecla":"Urban area","area_sqkm":256.104,"min_zoom":5}},
{"type":"Feature","geometry":null,"properties":{"scalerank":5,"featurecla":"Urban area","area_sqkm":116.209,"min_zoom":5}},
{"type":"Feature","geometry":null,"properties":{"scalerank":5,"featurecla":"Urban area","area_sqkm":83.097,"min_zoom":5}},
{"type":"Feature","geometry":null,"properties":{"scalerank":5,"featurecla":"Urban area","area_sqkm":233.896,"min_zoom":5}},
{"type":"Feature","geometry":null,"properties":{"scalerank":4,"featurecla":"Urban area","area_sqkm":91.395,"min_zoom":4}},
{"type":"Feature","geometry":{"type":"Polygon","coordinates":[[[11.97961,45.450301],[11.903439,45.488438],[11.716629,45.460378],[11.738333,45.297907],[11.408121,45.272534],[11.763706,45.183625],[11.801843,45.297907],[12.042604,45.387385],[11.97961,45.450301]]]},"properties":{"scalerank":5,"featurecla":"Urban area","area_sqkm":681.542,"min_zoom":5}},
{"type":"Feature","geometry":null,"properties":{"scalerank":5,"featurecla":"Urban area","area_sqkm":75.877,"min_zoom":5}},
{"type":"Feature","geometry":null,"properties":{"scalerank":2,"featurecla":"Urban area","area_sqkm":87.914,"min_zoom":3.6}},
{"type":"Feature","geometry":null,"properties":{"scalerank":5,"featurecla":"Urban area","area_sqkm":159.492,"min_zoom":5}},
{"type":"Feature","geometry":{"type":"Polygon","coordinates":[[[5.667747,45.05663],[5.769343,45.069342],[5.921737,45.297907],[5.731206,45.234449],[5.667747,45.05663]]]},"properties":{"scalerank":5,"featurecla":"Urban area","area_sqkm":377.194,"min_zoom":5}},
{"type":"Feature","geometry":{"type":"Polygon","coordinates":[[[19.795206,45.353304],[19.675833,45.234449],[19.840939,45.209024],[19.942535,45.285246],[19.795206,45.353304]]]},"properties":{"scalerank":5,"featurecla":"Urban area","area_sqkm":191.509,"min_zoom":5}},
{"type":"Feature","geometry":{"type":"Polygon","coordinates":[[[10.100035,45.158226],[9.934929,45.170938],[9.833333,45.082003],[9.680939,45.196337],[9.592056,45.043918],[9.723676,45.008028],[9.871418,45.069342],[9.909556,44.916949],[10.036525,45.018544],[10.100035,45.158226]]]},"properties":{"scalerank":5,"featurecla":"Urban area","area_sqkm":499.739,"min_zoom":5}},
{"type":"Feature","geometry":{"type":"Polygon","coordinates":[[[9.223706,45.170938],[9.211045,45.247135],[9.084025,45.196337],[9.109449,45.132801],[8.982429,45.05663],[9.109449,45.005832],[9.134823,45.132801],[9.223706,45.170938]]]},"properties":{"scalerank":5,"featurecla":"Urban area","area_sqkm":322.057,"min_zoom":5}},
{"type":"Feature","geometry":null,"properties":{"scalerank":4,"featurecla":"Urban area","area_sqkm":60.115,"min_zoom":4}},
{"type":"Feature","geometry":null,"properties":{"scalerank":4,"featurecla":"Urban area","area_sqkm":93.487,"min_zoom":4}},
{"type":"Feature","geometry":null,"properties":{"scalerank":5,"featurecla":"Urban area","area_sqkm":121.988,"min_zoom":5}},
{"type":"Feature","geometry":null,"properties":{"scalerank":5,"featurecla":"Urban area","area_sqkm":67.977,"min_zoom":5}},
{"type":"Feature","geometry":null,"properties":{"scalerank":5,"featurecla":"Urban area","area_sqkm":120.584,"min_zoom":5}},
{"type":"Feature","geometry":null,"properties":{"scalerank":5,"featurecla":"Urban area","area_sqkm":122.462,"min_zoom":5}},
{"type":"Feature","geometry":null,"properties":{"scalerank":5,"featurecla":"Urban area","area_sqkm":133.441,"min_zoom":5}},
{"type":"Feature","geometry":null,"properties":{"scalerank":5,"featurecla":"Urban area","area_sqkm":69.128,"min_zoom":5}},
{"type":"Feature","geometry":{"type":"Polygon","coordinates":[[[4.867641,44.828013],[4.981949,44.967746],[4.816843,45.12014],[4.867641,44.828013]]]},"properties":{"scalerank":5,"featurecla":"Urban area","area_sqkm":490.497,"min_zoom":5}},
{"type":"Feature","geometry":null,"properties":{"scalerank":5,"featurecla":"Urban area","area_sqkm":157.764,"min_zoom":5}},
{"type":"Feature","geometry":{"type":"Polygon","coordinates":[[[11.078735,44.66376],[10.938227,44.878837],[10.696949,44.891524],[10.696949,44.815301],[10.519131,44.751842],[10.430247,44.866125],[10.569929,44.891524],[10.506418,45.018544],[10.328652,44.980407],[10.285657,44.897312],[10.150833,44.878837],[10.163545,44.726418],[10.252429,44.701044],[10.39211,44.764503],[10.646152,44.650246],[10.671525,44.48514],[10.963652,44.523226],[11.090621,44.48514],[11.078735,44.66376]]]},"properties":{"scalerank":4,"featurecla":"Urban area","area_sqkm":2132.401,"min_zoom":4}},
{"type":"Feature","geometry":{"type":"Polygon","coordinates":[[[25.962323,44.99312],[26.025833,44.840726],[26.152854,44.99312],[25.962323,44.99312]]]},"properties":{"scalerank":5,"featurecla":"Urban area","area_sqkm":200.057,"min_zoom":5}},
{"type":"Feature","geometry":{"type":"Polygon","coordinates":[[[8.207747,44.840726],[8.334768,44.904236],[8.256685,44.975007],[8.144237,44.955034],[8.207747,44.840726]]]},"properties":{"scalerank":5,"featurecla":"Urban area","area_sqkm":126.185,"min_zoom":5}},
{"type":"Feature","geometry":null,"properties":{"scalerank":5,"featurecla":"Urban area","area_sqkm":242.877,"min_zoom":5}},
{"type":"Feature","geometry":{"type":"Polygon","coordinates":[[[20.661458,44.816722],[20.711015,44.907595],[20.590247,44.942322],[20.387056,44.904236],[20.23461,44.828013],[20.336206,44.726418],[20.615621,44.73913],[20.661458,44.816722]]]},"properties":{"scalerank":3,"featurecla":"Urban area","area_sqkm":632.321,"min_zoom":3.7}},
{"type":"Feature","geometry":null,"properties":{"scalerank":5,"featurecla":"Urban area","area_sqkm":146.301,"min_zoom":5}},
{"type":"Feature","geometry":{"type":"Polygon","coordinates":[[[24.959025,44.942322],[24.806631,44.904236],[24.908227,44.751842],[25.022535,44.815301],[24.959025,44.942322]]]},"properties":{"scalerank":5,"featurecla":"Urban area","area_sqkm":242.965,"min_zoom":5}},
{"type":"Feature","geometry":null,"properties":{"scalerank":5,"featurecla":"Urban area","area_sqkm":103.413,"min_zoom":5}},
{"type":"Feature","geometry":null,"properties":{"scalerank":5,"featurecla":"Urban area","area_sqkm":240.687,"min_zoom":5}},
{"type":"Feature","geometry":null,"properties":{"scalerank":3,"featurecla":"Urban area","area_sqkm":96.923,"min_zoom":3.7}},
{"type":"Feature","geometry":null,"properties":{"scalerank":3,"featurecla":"Urban area","area_sqkm":93.839,"min_zoom":3.7}},
{"type":"Feature","geometry":{"type":"Polygon","coordinates":[[[11.255727,44.408918],[11.357323,44.383544],[11.486049,44.524957],[11.331949,44.650246],[11.154131,44.523226],[11.255727,44.408918]]]},"properties":{"scalerank":5,"featurecla":"Urban area","area_sqkm":493.462,"min_zoom":5}},
{"type":"Feature","geometry":{"type":"Polygon","coordinates":[[[26.197915,44.370212],[26.279823,44.42163],[26.26711,44.523226],[26.063918,44.650246],[25.886152,44.599449],[25.962323,44.35812],[26.197915,44.370212]]]},"properties":{"scalerank":2,"featurecla":"Urban area","area_sqkm":719.824,"min_zoom":3.6}},
{"type":"Feature","geometry":null,"properties":{"scalerank":4,"featurecla":"Urban area","area_sqkm":89.52,"min_zoom":4}},
{"type":"Feature","geometry":{"type":"Polygon","coordinates":[[[12.276233,44.578365],[12.132056,44.408918],[12.311321,44.41517],[12.276233,44.578365]]]},"properties":{"scalerank":5,"featurecla":"Urban area","area_sqkm":185.01,"min_zoom":5}},
{"type":"Feature","geometry":null,"properties":{"scalerank":5,"featurecla":"Urban area","area_sqkm":165.384,"min_zoom":5}},
{"type":"Feature","geometry":null,"properties":{"scalerank":5,"featurecla":"Urban area","area_sqkm":260.151,"min_zoom":5}},
{"type":"Feature","geometry":null,"properties":{"scalerank":5,"featurecla":"Urban area","area_sqkm":115.693,"min_zoom":5}},
{"type":"Feature","geometry":null,"properties":{"scalerank":5,"featurecla":"Urban area","area_sqkm":124.059,"min_zoom":5}},
{"type":"Feature","geometry":{"type":"Polygon","coordinates":[[[12.486814,44.134206],[12.396277,44.223864],[12.195514,44.231125],[12.195514,44.129503],[12.373333,44.091418],[12.436843,43.913625],[12.576525,43.977135],[12.486814,44.134206]]]},"properties":{"scalerank":4,"featurecla":"Urban area","area_sqkm":768.459,"min_zoom":4}},
{"type":"Feature","geometry":null,"properties":{"scalerank":5,"featurecla":"Urban area","area_sqkm":93.211,"min_zoom":5}},
{"type":"Feature","geometry":null,"properties":{"scalerank":5,"featurecla":"Urban area","area_sqkm":183.503,"min_zoom":5}},
{"type":"Feature","geometry":{"type":"Polygon","coordinates":[[[4.067535,44.091418],[4.194556,44.091418],[4.194556,44.231125],[4.080247,44.205726],[4.067535,44.091418]]]},"properties":{"scalerank":5,"featurecla":"Urban area","area_sqkm":182.901,"min_zoom":5}},
{"type":"Feature","geometry":{"type":"Polygon","coordinates":[[[10.18804,43.947499],[10.163545,44.10413],[10.049237,44.091418],[9.896843,44.193013],[9.740109,44.098807],[10.047687,44.019949],[10.18804,43.947499]]]},"properties":{"scalerank":5,"featurecla":"Urban area","area_sqkm":574.842,"min_zoom":5}},
{"type":"Feature","geometry":null,"properties":{"scalerank":5,"featurecla":"Urban area","area_sqkm":263.647,"min_zoom":5}},
{"type":"Feature","geometry":null,"properties":{"scalerank":5,"featurecla":"Urban area","area_sqkm":102.94,"min_zoom":5}},
{"type":"Feature","geometry":{"type":"Polygon","coordinates":[[[21.314131,43.964449],[21.390354,43.837428],[21.491949,43.888226],[21.428439,44.002534],[21.314131,43.964449]]]},"properties":{"scalerank":5,"featurecla":"Urban area","area_sqkm":281.588,"min_zoom":5}},
{"type":"Feature","geometry":{"type":"Polygon","coordinates":[[[10.342397,43.488715],[10.430247,43.558013],[10.404823,43.659635],[10.646152,43.634236],[10.735035,43.672322],[11.103333,43.735832],[11.217641,43.545301],[11.331949,43.596125],[11.281152,43.697746],[11.446206,43.72312],[11.433545,43.558013],[11.674823,43.519928],[11.649449,43.608837],[11.484343,43.761205],[11.217641,43.926337],[10.912854,43.977135],[10.785833,43.900938],[10.519131,43.926337],[10.328652,43.812003],[10.280644,43.694207],[10.342397,43.488715]]]},"properties":{"scalerank":4,"featurecla":"Urban area","area_sqkm":2729.429,"min_zoom":4}},
{"type":"Feature","geometry":{"type":"Polygon","coordinates":[[[25.936949,43.964449],[25.886152,43.837428],[26.013121,43.824715],[26.089343,43.913625],[25.936949,43.964449]]]},"properties":{"scalerank":5,"featurecla":"Urban area","area_sqkm":190.472,"min_zoom":5}},
{"type":"Feature","geometry":null,"properties":{"scalerank":5,"featurecla":"Urban area","area_sqkm":190.914,"min_zoom":5}},
{"type":"Feature","geometry":null,"properties":{"scalerank":5,"featurecla":"Urban area","area_sqkm":88.386,"min_zoom":5}},
{"type":"Feature","geometry":null,"properties":{"scalerank":4,"featurecla":"Urban area","area_sqkm":96.829,"min_zoom":4}},
{"type":"Feature","geometry":{"type":"Polygon","coordinates":[[[7.2615,43.696093],[7.493114,43.767148],[7.733306,43.802572],[7.636206,43.888226],[7.420354,43.824715],[7.140939,43.85014],[7.026631,43.72312],[6.89961,43.735832],[6.848864,43.621524],[6.930874,43.484452],[7.2615,43.696093]]]},"properties":{"scalerank":4,"featurecla":"Urban area","area_sqkm":1215.266,"min_zoom":4}},
{"type":"Feature","geometry":null,"properties":{"scalerank":5,"featurecla":"Urban area","area_sqkm":99.733,"min_zoom":5}},
{"type":"Feature","geometry":{"type":"Polygon","coordinates":[[[13.508251,43.611654],[13.452854,43.494503],[13.554449,43.40562],[13.660283,43.436212],[13.508251,43.611654]]]},"properties":{"scalerank":4,"featurecla":"Urban area","area_sqkm":374.199,"min_zoom":4}},
{"type":"Feature","geometry":null,"properties":{"scalerank":4,"featurecla":"Urban area","area_sqkm":125.437,"min_zoom":4}},
{"type":"Feature","geometry":{"type":"Polygon","coordinates":[[[6.657196,43.261649],[6.716624,43.37358],[6.875632,43.450578],[6.734556,43.53264],[6.620247,43.519928],[6.518652,43.621524],[6.366206,43.545301],[6.479016,43.429184],[6.658333,43.431044],[6.467854,43.291337],[6.570173,43.199095],[6.657196,43.261649]]]},"properties":{"scalerank":4,"featurecla":"Urban area","area_sqkm":952.908,"min_zoom":4}},
{"type":"Feature","geometry":{"type":"Polygon","coordinates":[[[11.789131,43.481842],[11.966949,43.46913],[11.903439,43.621524],[11.789131,43.481842]]]},"properties":{"scalerank":5,"featurecla":"Urban area","area_sqkm":173.799,"min_zoom":5}},
{"type":"Feature","geometry":{"type":"Polygon","coordinates":[[[12.081206,43.621524],[12.081206,43.570726],[12.246364,43.443705],[12.309823,43.507215],[12.081206,43.621524]]]},"properties":{"scalerank":5,"featurecla":"Urban area","area_sqkm":162.377,"min_zoom":5}},
{"type":"Feature","geometry":null,"properties":{"scalerank":5,"featurecla":"Urban area","area_sqkm":162.298,"min_zoom":5}},
{"type":"Feature","geometry":null,"properties":{"scalerank":5,"featurecla":"Urban area","area_sqkm":99.091,"min_zoom":5}},
{"type":"Feature","geometry":null,"properties":{"scalerank":6,"featurecla":"Urban area","area_sqkm":116.102,"min_zoom":6}},
{"type":"Feature","geometry":null,"properties":{"scalerank":4,"featurecla":"Urban area","area_sqkm":83.71,"min_zoom":4}},
{"type":"Feature","geometry":null,"properties":{"scalerank":5,"featurecla":"Urban area","area_sqkm":201.95,"min_zoom":5}},
{"type":"Feature","geometry":null,"properties":{"scalerank":5,"featurecla":"Urban area","area_sqkm":75.955,"min_zoom":5}},
{"type":"Feature","geometry":null,"properties":{"scalerank":4,"featurecla":"Urban area","area_sqkm":61.597,"min_zoom":4}},
{"type":"Feature","geometry":{"type":"Polygon","coordinates":[[[13.693252,43.38991],[13.579823,43.278625],[13.681418,43.15163],[13.804667,43.180362],[13.693252,43.38991]]]},"properties":{"scalerank":4,"featurecla":"Urban area","area_sqkm":255.636,"min_zoom":4}},
{"type":"Feature","geometry":{"type":"Polygon","coordinates":[[[12.513014,43.126205],[12.436843,43.177003],[12.233652,43.189715],[12.309823,43.062746],[12.576525,43.037322],[12.513014,43.126205]]]},"properties":{"scalerank":5,"featurecla":"Urban area","area_sqkm":344.534,"min_zoom":5}},
{"type":"Feature","geometry":null,"properties":{"scalerank":5,"featurecla":"Urban area","area_sqkm":95.809,"min_zoom":5}},
{"type":"Feature","geometry":null,"properties":{"scalerank":5,"featurecla":"Urban area","area_sqkm":103.173,"min_zoom":5}},
{"type":"Feature","geometry":null,"properties":{"scalerank":5,"featurecla":"Urban area","area_sqkm":121.7,"min_zoom":5}},
{"type":"Feature","geometry":null,"properties":{"scalerank":4,"featurecla":"Urban area","area_sqkm":67.457,"min_zoom":4}},
{"type":"Feature","geometry":null,"properties":{"scalerank":5,"featurecla":"Urban area","area_sqkm":72.867,"min_zoom":5}},
{"type":"Feature","geometry":{"type":"Polygon","coordinates":[[[23.600141,42.796044],[23.435035,42.821418],[23.244556,42.796044],[23.155621,42.694423],[23.288326,42.634065],[23.46046,42.643625],[23.600141,42.796044]]]},"properties":{"scalerank":3,"featurecla":"Urban area","area_sqkm":478.771,"min_zoom":3.7}},
{"type":"Feature","geometry":null,"properties":{"scalerank":5,"featurecla":"Urban area","area_sqkm":148.641,"min_zoom":5}},
{"type":"Feature","geometry":null,"properties":{"scalerank":4,"featurecla":"Urban area","area_sqkm":90.398,"min_zoom":4}},
{"type":"Feature","geometry":null,"properties":{"scalerank":5,"featurecla":"Urban area","area_sqkm":180.862,"min_zoom":5}},
{"type":"Feature","geometry":null,"properties":{"scalerank":5,"featurecla":"Urban area","area_sqkm":226.276,"min_zoom":5}},
{"type":"Feature","geometry":null,"properties":{"scalerank":4,"featurecla":"Urban area","area_sqkm":138.633,"min_zoom":4}},
{"type":"Feature","geometry":null,"properties":{"scalerank":5,"featurecla":"Urban area","area_sqkm":68.256,"min_zoom":5}},
{"type":"Feature","geometry":null,"properties":{"scalerank":5,"featurecla":"Urban area","area_sqkm":146.153,"min_zoom":5}},
{"type":"Feature","geometry":null,"properties":{"scalerank":5,"featurecla":"Urban area","area_sqkm":185.117,"min_zoom":5}},
{"type":"Feature","geometry":null,"properties":{"scalerank":5,"featurecla":"Urban area","area_sqkm":127.534,"min_zoom":5}},
{"type":"Feature","geometry":null,"properties":{"scalerank":5,"featurecla":"Urban area","area_sqkm":97.866,"min_zoom":5}},
{"type":"Feature","geometry":{"type":"Polygon","coordinates":[[[13.554449,42.110246],[13.30046,42.148332],[13.414768,41.970513],[13.541737,41.957827],[13.554449,42.110246]]]},"properties":{"scalerank":5,"featurecla":"Urban area","area_sqkm":286.204,"min_zoom":5}},
{"type":"Feature","geometry":null,"properties":{"scalerank":5,"featurecla":"Urban area","area_sqkm":85.779,"min_zoom":5}},
{"type":"Feature","geometry":null,"properties":{"scalerank":4,"featurecla":"Urban area","area_sqkm":134.799,"min_zoom":4}},
{"type":"Feature","geometry":null,"properties":{"scalerank":5,"featurecla":"Urban area","area_sqkm":146.573,"min_zoom":5}},
{"type":"Feature","geometry":{"type":"Polygon","coordinates":[[[15.47211,41.805407],[15.243545,41.691125],[15.360851,41.65291],[15.47211,41.691125],[15.47211,41.805407]]]},"properties":{"scalerank":5,"featurecla":"Urban area","area_sqkm":211.571,"min_zoom":5}},
{"type":"Feature","geometry":null,"properties":{"scalerank":5,"featurecla":"Urban area","area_sqkm":115.835,"min_zoom":5}},
{"type":"Feature","geometry":null,"properties":{"scalerank":5,"featurecla":"Urban area","area_sqkm":106.464,"min_zoom":5}},
{"type":"Feature","geometry":null,"properties":{"scalerank":5,"featurecla":"Urban area","area_sqkm":264.182,"min_zoom":5}},
{"type":"Feature","geometry":{"type":"Polygon","coordinates":[[[17.10338,41.062171],[16.551889,41.232031],[16.053883,41.419824],[15.862319,41.241747],[16.323014,41.195832],[16.430656,41.106561],[16.615141,41.094236],[16.704025,40.903731],[16.856418,40.878332],[16.970727,40.789449],[17.123121,40.789449],[17.224768,40.891044],[17.10338,41.062171]]]},"properties":{"scalerank":4,"featurecla":"Urban area","area_sqkm":2332.253,"min_zoom":4}},
{"type":"Feature","geometry":null,"properties":{"scalerank":3,"featurecla":"Urban area","area_sqkm":75.191,"min_zoom":3.7}},
{"type":"Feature","geometry":null,"properties":{"scalerank":5,"featurecla":"Urban area","area_sqkm":128.577,"min_zoom":5}},
{"type":"Feature","geometry":{"type":"Polygon","coordinates":[[[14.047649,40.870296],[14.102323,40.827172],[14.308925,40.812651],[14.506949,40.67514],[14.633918,40.713226],[14.839539,40.630001],[14.89876,40.565018],[15.067019,40.584913],[14.83711,40.776736],[14.964131,41.005327],[14.773652,41.043438],[14.748227,40.852907],[14.621206,40.86562],[14.697429,41.094236],[14.481525,41.094236],[14.164025,41.233918],[14.20211,41.068837],[13.957732,41.060698],[14.047649,40.870296]]]},"properties":{"scalerank":2,"featurecla":"Urban area","area_sqkm":3161.424,"min_zoom":3.6}},
{"type":"Feature","geometry":null,"properties":{"scalerank":5,"featurecla":"Urban area","area_sqkm":138.242,"min_zoom":5}},
{"type":"Feature","geometry":null,"properties":{"scalerank":5,"featurecla":"Urban area","area_sqkm":148.915,"min_zoom":5}},
{"type":"Feature","geometry":null,"properties":{"scalerank":5,"featurecla":"Urban area","area_sqkm":165.575,"min_zoom":5}},
{"type":"Feature","geometry":null,"properties":{"scalerank":5,"featurecla":"Urban area","area_sqkm":178.809,"min_zoom":5}},
{"type":"Feature","geometry":{"type":"Polygon","coordinates":[[[22.85135,40.490604],[22.990514,40.484635],[23.130247,40.61163],[23.026533,40.717463],[22.876206,40.776736],[22.782,40.657105],[22.914343,40.637003],[22.959664,40.557602],[22.85135,40.490604]]]},"properties":{"scalerank":5,"featurecla":"Urban area","area_sqkm":523.08,"min_zoom":5}},
{"type":"Feature","geometry":null,"properties":{"scalerank":5,"featurecla":"Urban area","area_sqkm":71.068,"min_zoom":5}},
{"type":"Feature","geometry":{"type":"Polygon","coordinates":[[[18.058516,39.994226],[18.233957,39.987534],[18.38046,40.116337],[18.273128,40.407508],[18.084044,40.533133],[17.910514,40.484635],[17.901109,40.369216],[17.943846,40.153105],[18.058516,39.994226]]]},"properties":{"scalerank":4,"featurecla":"Urban area","area_sqkm":1601.165,"min_zoom":4}},
{"type":"Feature","geometry":null,"properties":{"scalerank":5,"featurecla":"Urban area","area_sqkm":102.215,"min_zoom":5}},
{"type":"Feature","geometry":{"type":"Polygon","coordinates":[[[14.672056,50.149342],[14.633918,50.238226],[14.316418,50.174715],[14.240247,50.060407],[14.379929,49.958837],[14.609165,50.007232],[14.672056,50.149342]]]},"properties":{"scalerank":2,"featurecla":"Urban area","area_sqkm":761.968,"min_zoom":3.6}},
{"type":"Feature","geometry":{"type":"Polygon","coordinates":[[[9.299929,49.069822],[9.401525,49.171418],[9.185621,49.273013],[9.033227,48.980938],[9.058652,48.853918],[8.893545,48.815832],[8.931631,48.650726],[9.287268,48.650726],[9.49046,48.625301],[9.401525,48.765034],[9.465035,48.853918],[9.287268,49.019024],[9.299929,49.069822]]]},"properties":{"scalerank":4,"featurecla":"Urban area","area_sqkm":1797.219,"min_zoom":4}},
{"type":"Feature","geometry":{"type":"Polygon","coordinates":[[[7.699716,44.83437],[7.915621,45.069342],[7.814025,45.082003],[7.941045,45.234449],[7.737854,45.234449],[7.509237,45.297907],[7.572747,45.170938],[7.420354,45.132801],[7.496525,44.916949],[7.648918,44.904236],[7.699716,44.83437]]]},"properties":{"scalerank":4,"featurecla":"Urban area","area_sqkm":1327.637,"min_zoom":4}},
{"type":"Feature","geometry":null,"properties":{"scalerank":5,"featurecla":"Urban area","area_sqkm":149.439,"min_zoom":5}},
{"type":"Feature","geometry":{"type":"Polygon","coordinates":[[[4.787233,43.401434],[5.059774,43.444532],[5.120442,43.348982],[5.320223,43.3449],[5.406523,43.228524],[5.671623,43.17783],[5.809496,43.097886],[6.115937,43.072358],[6.435814,43.159847],[6.163014,43.189715],[6.175727,43.291337],[5.896364,43.21514],[5.718545,43.265938],[5.705833,43.380246],[5.794768,43.481842],[5.642323,43.558013],[5.591525,43.773918],[5.330145,43.696661],[5.159768,43.72312],[5.121631,44.129503],[4.969237,44.16764],[4.778706,44.269236],[4.829556,44.408918],[4.626364,44.42163],[4.639025,44.332746],[4.575514,44.16764],[4.702535,44.053332],[4.616804,43.98083],[4.867641,43.837428],[4.956525,43.875513],[5.058121,43.646949],[4.956525,43.634236],[4.787233,43.401434]]]},"properties":{"scalerank":2,"featurecla":"Urban area","area_sqkm":6050.322,"min_zoom":3.6}},
{"type":"Feature","geometry":{"type":"Polygon","coordinates":[[[24.957578,60.157465],[25.084908,60.180978],[25.035247,60.372801],[24.768545,60.322003],[24.848747,60.158344],[24.957578,60.157465]]]},"properties":{"scalerank":3,"featurecla":"Urban area","area_sqkm":341.489,"min_zoom":3.7}},
{"type":"Feature","geometry":{"type":"Polygon","coordinates":[[[12.531928,56.027278],[12.212206,55.760344],[11.992323,55.661125],[12.243418,55.537902],[12.57115,55.684973],[12.531928,56.027278]]]},"properties":{"scalerank":2,"featurecla":"Urban area","area_sqkm":982.691,"min_zoom":3.6}},
{"type":"Feature","geometry":null,"properties":{"scalerank":2,"featurecla":"Urban area","area_sqkm":77.469,"min_zoom":3.6}},
{"type":"Feature","geometry":{"type":"Polygon","coordinates":[[[13.186152,52.479794],[13.224237,52.29562],[13.30046,52.29562],[13.61796,52.42264],[13.827611,52.466927],[13.489544,52.695233],[13.287747,52.689342],[13.059131,52.536949],[13.186152,52.479794]]]},"properties":{"scalerank":2,"featurecla":"Urban area","area_sqkm":1651.094,"min_zoom":3.6}},
{"type":"Feature","geometry":{"type":"Polygon","coordinates":[[[5.465124,50.567844],[5.718545,50.606524],[5.705833,50.695407],[5.782056,50.892243],[6.036045,50.822428],[6.150354,50.733544],[6.340833,50.822428],[6.467854,50.758918],[6.620247,50.873226],[6.861525,50.746205],[7.204449,50.657322],[7.293333,50.784342],[7.064768,51.114503],[7.102854,51.317746],[7.289302,51.422004],[7.382268,51.34312],[7.572747,51.355832],[7.630935,51.456369],[7.826737,51.40663],[7.928333,51.546337],[7.806532,51.738005],[7.53461,51.673332],[7.407641,51.736842],[7.242535,51.673332],[7.026631,51.78764],[6.861525,51.571736],[6.772641,51.673332],[6.544025,51.66062],[6.505939,51.444715],[6.251949,51.520938],[6.036045,51.47014],[5.743918,51.063705],[5.439131,51.038332],[5.426418,50.911337],[5.556695,50.717576],[5.413706,50.695407],[5.465124,50.567844]],[[5.921272,51.108664],[6.074131,51.139928],[6.137745,51.032079],[6.239237,51.02562],[6.480514,51.101842],[6.531364,50.974822],[6.378918,50.949449],[6.277323,51.000246],[6.036045,51.012907],[5.921272,51.108664]]]},"properties":{"scalerank":2,"featurecla":"Urban area","area_sqkm":10169.026,"min_zoom":3.6}},
{"type":"Feature","geometry":{"type":"Polygon","coordinates":[[[18.882083,50.123918],[19.091631,50.009635],[19.294823,50.022322],[19.371045,50.327135],[19.218652,50.403332],[19.002747,50.39062],[18.786843,50.492215],[18.710621,50.377907],[18.570939,50.314449],[18.570939,50.162003],[18.32961,49.971524],[18.177268,49.933438],[18.126418,49.831842],[18.253439,49.704822],[18.532854,49.806418],[18.609025,49.920726],[18.723333,49.958837],[18.710621,50.187428],[18.882083,50.123918]]]},"properties":{"scalerank":4,"featurecla":"Urban area","area_sqkm":3102.788,"min_zoom":4}},
{"type":"Feature","geometry":{"type":"Polygon","coordinates":[[[9.033227,50.20014],[8.703014,50.339822],[8.56447,50.230733],[8.09039,50.063508],[8.271206,49.946125],[8.334768,49.730246],[8.283918,49.590513],[8.16961,49.50163],[8.144237,49.336524],[8.372854,49.361949],[8.296631,49.146044],[8.118864,48.892003],[8.16961,48.688837],[8.373991,48.922647],[8.512535,48.93014],[8.525247,49.069822],[8.626843,49.107907],[8.753864,49.298438],[8.652268,49.742907],[8.779237,49.971524],[9.12211,49.895301],[9.211045,50.009635],[9.007854,50.123918],[9.033227,50.20014]]]},"properties":{"scalerank":2,"featurecla":"Urban area","area_sqkm":5845.664,"min_zoom":3.6}},
{"type":"Feature","geometry":{"type":"Polygon","coordinates":[[[7.026631,49.019024],[7.115514,49.133332],[7.090141,49.24764],[7.293333,49.387322],[7.013918,49.425407],[6.874237,49.311125],[6.671045,49.400034],[6.63296,49.107907],[6.848864,49.12062],[7.001206,49.18413],[7.026631,49.019024]]]},"properties":{"scalerank":4,"featurecla":"Urban area","area_sqkm":1254.715,"min_zoom":4}},
{"type":"Feature","geometry":{"type":"Polygon","coordinates":[[[5.218886,45.636465],[5.223227,45.767801],[5.134343,45.856736],[4.931152,45.844024],[4.819685,45.961148],[4.664449,46.034503],[4.67711,45.602746],[4.816843,45.513837],[4.867641,45.602746],[5.020035,45.653544],[5.218886,45.636465]]]},"properties":{"scalerank":3,"featurecla":"Urban area","area_sqkm":1694.861,"min_zoom":3.7}},
{"type":"Feature","geometry":{"type":"Polygon","coordinates":[[[12.353799,45.491978],[12.29711,45.831337],[12.360621,45.920246],[12.220939,45.958332],[12.005035,45.767801],[12.233652,45.75514],[12.144768,45.653544],[12.246364,45.602746],[12.101722,45.489885],[12.253805,45.411259],[12.353799,45.491978]]]},"properties":{"scalerank":5,"featurecla":"Urban area","area_sqkm":917.128,"min_zoom":5}},
{"type":"Feature","geometry":{"type":"Polygon","coordinates":[[[9.43961,45.43764],[9.49046,45.501125],[9.769823,45.513837],[9.871418,45.488438],[9.998439,45.551949],[10.144322,45.462807],[10.061949,45.323332],[10.354025,45.412215],[10.506418,45.37413],[10.608014,45.450301],[10.557268,45.62812],[10.303227,45.577322],[9.896843,45.666205],[9.745121,45.75806],[9.49046,45.729715],[9.43961,45.907534],[9.185621,45.831337],[8.961552,45.890688],[8.80461,45.869449],[8.677641,45.75514],[8.550621,45.43764],[8.779237,45.37413],[8.817323,45.297907],[9.274556,45.361418],[9.566631,45.285246],[9.43961,45.43764]]]},"properties":{"scalerank":2,"featurecla":"Urban area","area_sqkm":5900.53,"min_zoom":3.6}},
{"type":"Feature","geometry":{"type":"Polygon","coordinates":[[[12.023845,44.37109],[11.97961,44.497801],[11.814556,44.497801],[11.645212,44.379307],[11.903439,44.269236],[12.023845,44.37109]]]},"properties":{"scalerank":5,"featurecla":"Urban area","area_sqkm":531.35,"min_zoom":5}},
{"type":"Feature","geometry":{"type":"Polygon","coordinates":[[[12.337625,41.706214],[12.630888,41.469665],[12.640035,41.56413],[12.868652,41.538731],[12.830514,41.424449],[13.071843,41.424449],[13.135354,41.526044],[12.93211,41.589503],[12.906737,41.754635],[13.135354,41.716524],[13.097268,41.805407],[12.881364,41.957827],[12.919449,42.008625],[12.576525,42.122907],[12.538439,42.059449],[12.34796,42.021337],[12.386045,41.94514],[12.29711,41.830832],[12.337625,41.706214]]]},"properties":{"scalerank":5,"featurecla":"Urban area","area_sqkm":3271.738,"min_zoom":5}},
{"type":"Feature","geometry":{"type":"Polygon","coordinates":[[[17.215311,40.486418],[17.362279,40.354488],[17.491418,40.408438],[17.586555,40.376606],[17.720035,40.433837],[17.783545,40.535407],[17.707323,40.61163],[17.542268,40.560832],[17.491418,40.61163],[17.325485,40.53626],[17.260063,40.630854],[17.05961,40.637003],[17.074028,40.510396],[17.215311,40.486418]]]},"properties":{"scalerank":5,"featurecla":"Urban area","area_sqkm":1214.799,"min_zoom":5}},
{"type":"Feature","geometry":null,"properties":{"scalerank":4,"featurecla":"Urban area","area_sqkm":42.938,"min_zoom":4}},
{"type":"Feature","geometry":null,"properties":{"scalerank":5,"featurecla":"Urban area","area_sqkm":97.445,"min_zoom":5}},
{"type":"Feature","geometry":{"type":"Polygon","coordinates":[[[40.844722,64.490999],[40.451051,64.719616],[40.514561,64.516372],[40.844722,64.490999]]]},"properties":{"scalerank":3,"featurecla":"Urban area","area_sqkm":275.229,"min_zoom":3.7}},
{"type":"Feature","geometry":null,"properties":{"scalerank":6,"featurecla":"Urban area","area_sqkm":61.835,"min_zoom":6}},
{"type":"Feature","geometry":null,"properties":{"scalerank":6,"featurecla":"Urban area","area_sqkm":66.011,"min_zoom":6}},
{"type":"Feature","geometry":null,"properties":{"scalerank":5,"featurecla":"Urban area","area_sqkm":134.319,"min_zoom":5}},
{"type":"Feature","geometry":null,"properties":{"scalerank":5,"featurecla":"Urban area","area_sqkm":191.138,"min_zoom":5}},
{"type":"Feature","geometry":null,"properties":{"scalerank":2,"featurecla":"Urban area","area_sqkm":80.623,"min_zoom":3.6}},
{"type":"Feature","geometry":null,"properties":{"scalerank":5,"featurecla":"Urban area","area_sqkm":141.697,"min_zoom":5}},
{"type":"Feature","geometry":null,"properties":{"scalerank":5,"featurecla":"Urban area","area_sqkm":136.83,"min_zoom":5}},
{"type":"Feature","geometry":null,"properties":{"scalerank":4,"featurecla":"Urban area","area_sqkm":97.352,"min_zoom":4}},
{"type":"Feature","geometry":null,"properties":{"scalerank":5,"featurecla":"Urban area","area_sqkm":40.793,"min_zoom":5}},
{"type":"Feature","geometry":null,"properties":{"scalerank":5,"featurecla":"Urban area","area_sqkm":54.146,"min_zoom":5}},
{"type":"Feature","geometry":{"type":"Polygon","coordinates":[[[49.73498,58.687322],[49.569667,58.712489],[49.315626,58.52201],[49.582328,58.534722],[49.785571,58.496585],[49.73498,58.687322]]]},"properties":{"scalerank":4,"featurecla":"Urban area","area_sqkm":434.398,"min_zoom":4}},
{"type":"Feature","geometry":null,"properties":{"scalerank":5,"featurecla":"Urban area","area_sqkm":118.031,"min_zoom":5}},
{"type":"Feature","geometry":null,"properties":{"scalerank":5,"featurecla":"Urban area","area_sqkm":107.007,"min_zoom":5}},
{"type":"Feature","geometry":null,"properties":{"scalerank":3,"featurecla":"Urban area","area_sqkm":49.665,"min_zoom":3.7}},
{"type":"Feature","geometry":null,"properties":{"scalerank":5,"featurecla":"Urban area","area_sqkm":89.618,"min_zoom":5}},
{"type":"Feature","geometry":{"type":"Polygon","coordinates":[[[56.364136,58.064802],[56.19903,58.026691],[55.983126,58.052116],[55.729136,58.153712],[55.668365,58.093845],[56.19903,57.861585],[56.364136,58.064802]]]},"properties":{"scalerank":3,"featurecla":"Urban area","area_sqkm":585.556,"min_zoom":3.7}},
{"type":"Feature","geometry":null,"properties":{"scalerank":5,"featurecla":"Urban area","area_sqkm":67.639,"min_zoom":5}},
{"type":"Feature","geometry":null,"properties":{"scalerank":4,"featurecla":"Urban area","area_sqkm":59.849,"min_zoom":4}},
{"type":"Feature","geometry":null,"properties":{"scalerank":5,"featurecla":"Urban area","area_sqkm":80.911,"min_zoom":5}},
{"type":"Feature","geometry":{"type":"Polygon","coordinates":[[[39.780652,57.657773],[39.968444,57.531372],[40.044667,57.620308],[39.892222,57.709191],[39.780652,57.657773]]]},"properties":{"scalerank":4,"featurecla":"Urban area","area_sqkm":237.851,"min_zoom":4}},
{"type":"Feature","geometry":null,"properties":{"scalerank":5,"featurecla":"Urban area","area_sqkm":83.51,"min_zoom":5}},
{"type":"Feature","geometry":{"type":"Polygon","coordinates":[[[41.136849,56.93451],[41.047913,57.061504],[40.882859,57.099616],[40.819349,57.010706],[40.971639,56.942597],[41.136849,56.93451]]]},"properties":{"scalerank":5,"featurecla":"Urban area","area_sqkm":214.126,"min_zoom":5}},
{"type":"Feature","geometry":null,"properties":{"scalerank":4,"featurecla":"Urban area","area_sqkm":179.208,"min_zoom":4}},
{"type":"Feature","geometry":{"type":"Polygon","coordinates":[[[53.189136,56.947222],[53.062167,56.896372],[53.112448,56.798911],[53.328818,56.832914],[53.40504,56.93451],[53.189136,56.947222]]]},"properties":{"scalerank":5,"featurecla":"Urban area","area_sqkm":283.241,"min_zoom":5}},
{"type":"Feature","geometry":null,"properties":{"scalerank":5,"featurecla":"Urban area","area_sqkm":93.917,"min_zoom":5}},
{"type":"Feature","geometry":null,"properties":{"scalerank":3,"featurecla":"Urban area","area_sqkm":94.903,"min_zoom":3.7}},
{"type":"Feature","geometry":null,"properties":{"scalerank":5,"featurecla":"Urban area","area_sqkm":64.351,"min_zoom":5}},
{"type":"Feature","geometry":{"type":"Polygon","coordinates":[[[43.359349,56.274085],[43.384722,56.197914],[43.753071,56.235999],[43.972644,56.213262],[44.172167,56.312222],[43.714934,56.426504],[43.600626,56.337595],[43.359349,56.274085]]]},"properties":{"scalerank":3,"featurecla":"Urban area","area_sqkm":716.612,"min_zoom":3.7}},
{"type":"Feature","geometry":null,"properties":{"scalerank":5,"featurecla":"Urban area","area_sqkm":82.042,"min_zoom":5}},
{"type":"Feature","geometry":null,"properties":{"scalerank":2,"featurecla":"Urban area","area_sqkm":85.758,"min_zoom":3.6}},
{"type":"Feature","geometry":{"type":"Polygon","coordinates":[[[40.539934,56.185201],[40.311318,56.2106],[40.32403,56.083605],[40.539934,56.185201]]]},"properties":{"scalerank":5,"featurecla":"Urban area","area_sqkm":125.048,"min_zoom":5}},
{"type":"Feature","geometry":null,"properties":{"scalerank":5,"featurecla":"Urban area","area_sqkm":125.739,"min_zoom":5}},
{"type":"Feature","geometry":null,"properties":{"scalerank":5,"featurecla":"Urban area","area_sqkm":58.804,"min_zoom":5}},
{"type":"Feature","geometry":{"type":"Polygon","coordinates":[[[49.041586,55.777836],[49.239455,55.72802],[49.302913,55.918499],[48.956836,55.883566],[49.041586,55.777836]]]},"properties":{"scalerank":3,"featurecla":"Urban area","area_sqkm":385.133,"min_zoom":3.7}},
{"type":"Feature","geometry":null,"properties":{"scalerank":2,"featurecla":"Urban area","area_sqkm":80.261,"min_zoom":3.6}},
{"type":"Feature","geometry":null,"properties":{"scalerank":5,"featurecla":"Urban area","area_sqkm":78.762,"min_zoom":5}},
{"type":"Feature","geometry":{"type":"Polygon","coordinates":[[[52.474813,55.801039],[52.350944,55.804191],[52.236636,55.677222],[52.350944,55.639085],[52.541475,55.740706],[52.474813,55.801039]]]},"properties":{"scalerank":5,"featurecla":"Urban area","area_sqkm":253.575,"min_zoom":5}},
{"type":"Feature","geometry":null,"properties":{"scalerank":5,"featurecla":"Urban area","area_sqkm":101.536,"min_zoom":5}},
{"type":"Feature","geometry":null,"properties":{"scalerank":3,"featurecla":"Urban area","area_sqkm":63.468,"min_zoom":3.7}},
{"type":"Feature","geometry":null,"properties":{"scalerank":5,"featurecla":"Urban area","area_sqkm":106.098,"min_zoom":5}},
{"type":"Feature","geometry":null,"properties":{"scalerank":6,"featurecla":"Urban area","area_sqkm":67.809,"min_zoom":6}},
{"type":"Feature","geometry":null,"properties":{"scalerank":5,"featurecla":"Urban area","area_sqkm":64.159,"min_zoom":5}},
{"type":"Feature","geometry":{"type":"Polygon","coordinates":[[[56.247244,54.790816],[56.26254,54.826318],[55.970413,55.054909],[55.830732,54.851691],[55.818071,54.686585],[55.932328,54.673872],[56.247244,54.790816]]]},"properties":{"scalerank":3,"featurecla":"Urban area","area_sqkm":634.123,"min_zoom":3.7}},
{"type":"Feature","geometry":null,"properties":{"scalerank":5,"featurecla":"Urban area","area_sqkm":121.741,"min_zoom":5}},
{"type":"Feature","geometry":null,"properties":{"scalerank":4,"featurecla":"Urban area","area_sqkm":53.586,"min_zoom":4}},
{"type":"Feature","geometry":{"type":"Polygon","coordinates":[[[52.401742,54.572302],[52.490626,54.635787],[52.427167,54.724722],[52.274722,54.724722],[52.401742,54.572302]]]},"properties":{"scalerank":5,"featurecla":"Urban area","area_sqkm":131.078,"min_zoom":5}},
{"type":"Feature","geometry":null,"properties":{"scalerank":4,"featurecla":"Urban area","area_sqkm":155.187,"min_zoom":4}},
{"type":"Feature","geometry":null,"properties":{"scalerank":5,"featurecla":"Urban area","area_sqkm":94.247,"min_zoom":5}},
{"type":"Feature","geometry":null,"properties":{"scalerank":5,"featurecla":"Urban area","area_sqkm":74.911,"min_zoom":5}},
{"type":"Feature","geometry":null,"properties":{"scalerank":4,"featurecla":"Urban area","area_sqkm":154.979,"min_zoom":4}},
{"type":"Feature","geometry":{"type":"Polygon","coordinates":[[[37.649826,54.134086],[37.733232,54.254802],[37.504667,54.280201],[37.649826,54.134086]]]},"properties":{"scalerank":5,"featurecla":"Urban area","area_sqkm":233.249,"min_zoom":5}},
{"type":"Feature","geometry":null,"properties":{"scalerank":5,"featurecla":"Urban area","area_sqkm":148.408,"min_zoom":5}},
{"type":"Feature","geometry":null,"properties":{"scalerank":5,"featurecla":"Urban area","area_sqkm":79.38,"min_zoom":5}},
{"type":"Feature","geometry":{"type":"Polygon","coordinates":[[[27.749035,53.88852],[27.776475,53.962701],[27.455927,53.965699],[27.408126,53.835706],[27.712913,53.82302],[27.749035,53.88852]]]},"properties":{"scalerank":3,"featurecla":"Urban area","area_sqkm":393.982,"min_zoom":3.7}},
{"type":"Feature","geometry":null,"properties":{"scalerank":5,"featurecla":"Urban area","area_sqkm":90.921,"min_zoom":5}},
{"type":"Feature","geometry":null,"properties":{"scalerank":5,"featurecla":"Urban area","area_sqkm":145.713,"min_zoom":5}},
{"type":"Feature","geometry":null,"properties":{"scalerank":5,"featurecla":"Urban area","area_sqkm":51.349,"min_zoom":5}},
{"type":"Feature","geometry":{"type":"Polygon","coordinates":[[[49.587547,53.497717],[49.607753,53.594403],[49.21403,53.594403],[49.258885,53.50198],[49.587547,53.497717]]]},"properties":{"scalerank":5,"featurecla":"Urban area","area_sqkm":294.226,"min_zoom":5}},
{"type":"Feature","geometry":{"type":"Polygon","coordinates":[[[50.077647,53.226105],[50.001475,53.162595],[49.785571,53.149909],[49.899828,53.022914],[50.179242,53.086372],[50.390237,53.231041],[50.433232,53.340414],[50.242753,53.327701],[50.077647,53.226105]]]},"properties":{"scalerank":3,"featurecla":"Urban area","area_sqkm":783.009,"min_zoom":3.7}},
{"type":"Feature","geometry":null,"properties":{"scalerank":5,"featurecla":"Urban area","area_sqkm":210.812,"min_zoom":5}},
{"type":"Feature","geometry":null,"properties":{"scalerank":5,"featurecla":"Urban area","area_sqkm":144.324,"min_zoom":5}},
{"type":"Feature","geometry":{"type":"Polygon","coordinates":[[[34.189934,53.365787],[34.316955,53.200706],[34.494722,53.264191],[34.189934,53.365787]]]},"properties":{"scalerank":4,"featurecla":"Urban area","area_sqkm":213.363,"min_zoom":4}},
{"type":"Feature","geometry":{"type":"Polygon","coordinates":[[[45.010359,53.314989],[44.845253,53.251504],[44.902097,53.149624],[45.035732,53.12451],[45.137328,53.264191],[45.010359,53.314989]]]},"properties":{"scalerank":4,"featurecla":"Urban area","area_sqkm":261.257,"min_zoom":4}},
{"type":"Feature","geometry":{"type":"Polygon","coordinates":[[[48.350413,53.238818],[48.299667,53.073712],[48.426636,53.0356],[48.553657,53.18802],[48.350413,53.238818]]]},"properties":{"scalerank":5,"featurecla":"Urban area","area_sqkm":203.188,"min_zoom":5}},
{"type":"Feature","geometry":null,"properties":{"scalerank":5,"featurecla":"Urban area","area_sqkm":73.835,"min_zoom":5}},
{"type":"Feature","geometry":null,"properties":{"scalerank":5,"featurecla":"Urban area","area_sqkm":138.93,"min_zoom":5}},
{"type":"Feature","geometry":null,"properties":{"scalerank":5,"featurecla":"Urban area","area_sqkm":117.806,"min_zoom":5}},
{"type":"Feature","geometry":null,"properties":{"scalerank":5,"featurecla":"Urban area","area_sqkm":115.252,"min_zoom":5}},
{"type":"Feature","geometry":null,"properties":{"scalerank":5,"featurecla":"Urban area","area_sqkm":186.227,"min_zoom":5}},
{"type":"Feature","geometry":{"type":"Polygon","coordinates":[[[39.751713,52.518784],[39.727167,52.667302],[39.628827,52.727144],[39.422328,52.629191],[39.528058,52.523668],[39.751713,52.518784]]]},"properties":{"scalerank":5,"featurecla":"Urban area","area_sqkm":353.982,"min_zoom":5}},
{"type":"Feature","geometry":null,"properties":{"scalerank":5,"featurecla":"Urban area","area_sqkm":94.027,"min_zoom":5}},
{"type":"Feature","geometry":null,"properties":{"scalerank":5,"featurecla":"Urban area","area_sqkm":138.182,"min_zoom":5}},
{"type":"Feature","geometry":null,"properties":{"scalerank":5,"featurecla":"Urban area","area_sqkm":124.121,"min_zoom":5}},
{"type":"Feature","geometry":null,"properties":{"scalerank":5,"featurecla":"Urban area","area_sqkm":137.464,"min_zoom":5}},
{"type":"Feature","geometry":null,"properties":{"scalerank":5,"featurecla":"Urban area","area_sqkm":108.491,"min_zoom":5}},
{"type":"Feature","geometry":{"type":"Polygon","coordinates":[[[55.049488,51.873733],[54.954455,51.803712],[55.119561,51.702116],[55.208444,51.803712],[55.049488,51.873733]]]},"properties":{"scalerank":4,"featurecla":"Urban area","area_sqkm":230.654,"min_zoom":4}},
{"type":"Feature","geometry":{"type":"Polygon","coordinates":[[[36.158444,51.625893],[36.234667,51.714802],[36.096329,51.776943],[36.031475,51.676691],[36.158444,51.625893]]]},"properties":{"scalerank":5,"featurecla":"Urban area","area_sqkm":212.61,"min_zoom":5}},
{"type":"Feature","geometry":{"type":"Polygon","coordinates":[[[39.066742,51.60052],[39.269934,51.562409],[39.409667,51.625893],[39.358818,51.778287],[39.231849,51.740201],[39.08209,51.779165],[38.965147,51.702116],[39.066742,51.60052]]]},"properties":{"scalerank":4,"featurecla":"Urban area","area_sqkm":479.249,"min_zoom":4}},
{"type":"Feature","geometry":{"type":"Polygon","coordinates":[[[46.153338,51.587808],[45.975571,51.727489],[45.797753,51.60052],[45.861263,51.422701],[46.051742,51.384616],[46.318444,51.511585],[46.153338,51.587808]]]},"properties":{"scalerank":4,"featurecla":"Urban area","area_sqkm":672.117,"min_zoom":4}},
{"type":"Feature","geometry":null,"properties":{"scalerank":5,"featurecla":"Urban area","area_sqkm":82.228,"min_zoom":5}},
{"type":"Feature","geometry":null,"properties":{"scalerank":5,"featurecla":"Urban area","area_sqkm":79.744,"min_zoom":5}},
{"type":"Feature","geometry":{"type":"Polygon","coordinates":[[[37.884386,51.161089],[37.999934,51.194085],[37.974561,51.333818],[37.872913,51.397302],[37.479242,51.333818],[37.618975,51.21951],[37.860253,51.244909],[37.884386,51.161089]]]},"properties":{"scalerank":4,"featurecla":"Urban area","area_sqkm":563.993,"min_zoom":4}},
{"type":"Feature","geometry":{"type":"Polygon","coordinates":[[[58.294561,51.168712],[58.713657,51.21951],[58.622655,51.305396],[58.408818,51.333818],[58.294561,51.168712]]]},"properties":{"scalerank":5,"featurecla":"Urban area","area_sqkm":359.161,"min_zoom":5}},
{"type":"Feature","geometry":null,"properties":{"scalerank":4,"featurecla":"Urban area","area_sqkm":74.681,"min_zoom":4}},
{"type":"Feature","geometry":{"type":"Polygon","coordinates":[[[34.877799,50.876378],[34.888444,50.96552],[34.685253,50.952808],[34.761475,50.863872],[34.877799,50.876378]]]},"properties":{"scalerank":5,"featurecla":"Urban area","area_sqkm":141.003,"min_zoom":5}},
{"type":"Feature","geometry":{"type":"Polygon","coordinates":[[[36.605652,50.688793],[36.475944,50.609909],[36.526742,50.546372],[36.729934,50.533712],[36.691849,50.660706],[36.605652,50.688793]]]},"properties":{"scalerank":5,"featurecla":"Urban area","area_sqkm":259.382,"min_zoom":5}},
{"type":"Feature","geometry":{"type":"Polygon","coordinates":[[[30.557753,50.343206],[30.697434,50.381318],[30.646636,50.546372],[30.48153,50.597222],[30.316475,50.4956],[30.411095,50.363438],[30.557753,50.343206]]]},"properties":{"scalerank":3,"featurecla":"Urban area","area_sqkm":536.417,"min_zoom":3.7}},
{"type":"Feature","geometry":null,"properties":{"scalerank":4,"featurecla":"Urban area","area_sqkm":87.837,"min_zoom":4}},
{"type":"Feature","geometry":null,"properties":{"scalerank":4,"featurecla":"Urban area","area_sqkm":89.502,"min_zoom":4}},
{"type":"Feature","geometry":null,"properties":{"scalerank":5,"featurecla":"Urban area","area_sqkm":95.952,"min_zoom":5}},
{"type":"Feature","geometry":{"type":"Polygon","coordinates":[[[36.475944,49.924085],[36.399722,50.089191],[36.069561,50.139989],[35.929828,50.063818],[36.044136,49.911372],[36.171157,49.873287],[36.475944,49.924085]]]},"properties":{"scalerank":4,"featurecla":"Urban area","area_sqkm":929.281,"min_zoom":4}},
{"type":"Feature","geometry":null,"properties":{"scalerank":5,"featurecla":"Urban area","area_sqkm":94.592,"min_zoom":5}},
{"type":"Feature","geometry":null,"properties":{"scalerank":5,"featurecla":"Urban area","area_sqkm":116.375,"min_zoom":5}},
{"type":"Feature","geometry":null,"properties":{"scalerank":5,"featurecla":"Urban area","area_sqkm":80.13,"min_zoom":5}},
{"type":"Feature","geometry":null,"properties":{"scalerank":5,"featurecla":"Urban area","area_sqkm":88.952,"min_zoom":5}},
{"type":"Feature","geometry":{"type":"Polygon","coordinates":[[[33.478763,49.187489],[33.300944,49.085893],[33.453338,49.009722],[33.542222,49.085893],[33.478763,49.187489]]]},"properties":{"scalerank":5,"featurecla":"Urban area","area_sqkm":208.32,"min_zoom":5}},
{"type":"Feature","geometry":null,"properties":{"scalerank":5,"featurecla":"Urban area","area_sqkm":114.039,"min_zoom":5}},
{"type":"Feature","geometry":{"type":"Polygon","coordinates":[[[38.48254,48.844616],[38.584136,48.895414],[38.533338,48.99701],[38.393657,49.098605],[38.266636,49.06052],[38.330147,48.9081],[38.48254,48.844616]]]},"properties":{"scalerank":5,"featurecla":"Urban area","area_sqkm":415.366,"min_zoom":5}},
{"type":"Feature","geometry":{"type":"Polygon","coordinates":[[[44.261051,48.704909],[44.51504,48.42552],[44.629349,48.400095],[44.794455,48.463605],[44.680147,48.577914],[44.545323,48.542541],[44.464242,48.628712],[44.629349,48.67951],[44.642061,48.793818],[44.870626,48.704909],[44.908763,48.882701],[44.781742,48.933499],[44.47835,48.854434],[44.311849,48.844616],[44.261051,48.704909]]]},"properties":{"scalerank":3,"featurecla":"Urban area","area_sqkm":1367.646,"min_zoom":3.7}},
{"type":"Feature","geometry":{"type":"Polygon","coordinates":[[[37.644349,48.730308],[37.695147,48.844616],[37.593447,48.919443],[37.46653,48.869989],[37.644349,48.730308]]]},"properties":{"scalerank":5,"featurecla":"Urban area","area_sqkm":326.238,"min_zoom":5}},
{"type":"Feature","geometry":{"type":"Polygon","coordinates":[[[38.863551,48.438206],[38.863551,48.514403],[38.711157,48.552489],[38.673071,48.67951],[38.469828,48.641372],[38.571475,48.489004],[38.73653,48.412808],[38.863551,48.438206]]]},"properties":{"scalerank":5,"featurecla":"Urban area","area_sqkm":468.301,"min_zoom":5}},
{"type":"Feature","geometry":{"type":"Polygon","coordinates":[[[34.634455,48.67951],[34.532859,48.67951],[34.515186,48.503086],[34.912422,48.419887],[35.002753,48.36201],[35.205944,48.476318],[35.028126,48.552489],[34.748763,48.539802],[34.634455,48.67951]]]},"properties":{"scalerank":4,"featurecla":"Urban area","area_sqkm":874.454,"min_zoom":4}},
{"type":"Feature","geometry":null,"properties":{"scalerank":5,"featurecla":"Urban area","area_sqkm":60.134,"min_zoom":5}},
{"type":"Feature","geometry":{"type":"Polygon","coordinates":[[[39.320732,48.501691],[39.460413,48.615999],[39.30895,48.645222],[39.155626,48.615999],[39.203323,48.524015],[39.320732,48.501691]]]},"properties":{"scalerank":5,"featurecla":"Urban area","area_sqkm":231.495,"min_zoom":5}},
{"type":"Feature","geometry":null,"properties":{"scalerank":4,"featurecla":"Urban area","area_sqkm":59.895,"min_zoom":4}},
{"type":"Feature","geometry":null,"properties":{"scalerank":5,"featurecla":"Urban area","area_sqkm":61.651,"min_zoom":5}},
{"type":"Feature","geometry":null,"properties":{"scalerank":4,"featurecla":"Urban area","area_sqkm":71.697,"min_zoom":4}},
{"type":"Feature","geometry":null,"properties":{"scalerank":5,"featurecla":"Urban area","area_sqkm":98.183,"min_zoom":5}},
{"type":"Feature","geometry":{"type":"Polygon","coordinates":[[[38.368232,48.158818],[38.279349,48.311212],[38.038071,48.42552],[37.936475,48.400095],[37.974561,48.2731],[38.063444,48.260414],[38.292061,48.120706],[38.368232,48.158818]]]},"properties":{"scalerank":5,"featurecla":"Urban area","area_sqkm":595.554,"min_zoom":5}},
{"type":"Feature","geometry":null,"properties":{"scalerank":4,"featurecla":"Urban area","area_sqkm":102.316,"min_zoom":4}},
{"type":"Feature","geometry":null,"properties":{"scalerank":5,"featurecla":"Urban area","area_sqkm":115.137,"min_zoom":5}},
{"type":"Feature","geometry":{"type":"Polygon","coordinates":[[[33.516849,47.815893],[33.593071,47.993712],[33.542222,48.057222],[33.618444,48.196903],[33.491475,48.222302],[33.364455,48.133393],[33.33903,48.006372],[33.224722,47.879403],[33.262859,47.815893],[33.516849,47.815893]]]},"properties":{"scalerank":4,"featurecla":"Urban area","area_sqkm":763.469,"min_zoom":4}},
{"type":"Feature","geometry":{"type":"Polygon","coordinates":[[[37.961849,47.892116],[38.063444,48.019085],[38.261985,47.997639],[38.304722,48.04451],[38.114242,48.146105],[37.885626,48.196903],[37.657061,48.209616],[37.644349,48.031797],[37.46653,48.031797],[37.46653,47.9556],[37.961849,47.892116]]]},"properties":{"scalerank":4,"featurecla":"Urban area","area_sqkm":1233.666,"min_zoom":4}},
{"type":"Feature","geometry":{"type":"Polygon","coordinates":[[[38.558763,48.019085],[38.660359,47.980999],[38.746349,48.114841],[38.571475,48.133393],[38.558763,48.019085]]]},"properties":{"scalerank":5,"featurecla":"Urban area","area_sqkm":285.286,"min_zoom":5}},
{"type":"Feature","geometry":null,"properties":{"scalerank":5,"featurecla":"Urban area","area_sqkm":62.587,"min_zoom":5}},
{"type":"Feature","geometry":{"type":"Polygon","coordinates":[[[35.105692,47.841576],[35.218657,47.739722],[35.30754,47.879403],[35.180571,47.968287],[35.105692,47.841576]]]},"properties":{"scalerank":5,"featurecla":"Urban area","area_sqkm":338.661,"min_zoom":5}},
{"type":"Feature","geometry":null,"properties":{"scalerank":5,"featurecla":"Urban area","area_sqkm":97.244,"min_zoom":5}},
{"type":"Feature","geometry":null,"properties":{"scalerank":5,"featurecla":"Urban area","area_sqkm":68.514,"min_zoom":5}},
{"type":"Feature","geometry":null,"properties":{"scalerank":5,"featurecla":"Urban area","area_sqkm":128.583,"min_zoom":5}},
{"type":"Feature","geometry":{"type":"Polygon","coordinates":[[[40.362167,47.777808],[40.120838,47.828605],[40.126006,47.715899],[40.315503,47.684738],[40.362167,47.777808]]]},"properties":{"scalerank":5,"featurecla":"Urban area","area_sqkm":237.066,"min_zoom":5}},
{"type":"Feature","geometry":null,"properties":{"scalerank":5,"featurecla":"Urban area","area_sqkm":75.384,"min_zoom":5}},
{"type":"Feature","geometry":null,"properties":{"scalerank":5,"featurecla":"Urban area","area_sqkm":120.935,"min_zoom":5}},
{"type":"Feature","geometry":null,"properties":{"scalerank":5,"featurecla":"Urban area","area_sqkm":149.829,"min_zoom":5}},
{"type":"Feature","geometry":null,"properties":{"scalerank":5,"featurecla":"Urban area","area_sqkm":59.274,"min_zoom":5}},
{"type":"Feature","geometry":null,"properties":{"scalerank":5,"featurecla":"Urban area","area_sqkm":78.488,"min_zoom":5}},
{"type":"Feature","geometry":null,"properties":{"scalerank":5,"featurecla":"Urban area","area_sqkm":223.485,"min_zoom":5}},
{"type":"Feature","geometry":{"type":"Polygon","coordinates":[[[39.826231,47.177017],[39.968444,47.180893],[39.892222,47.3206],[39.740965,47.354784],[39.460413,47.333287],[39.562061,47.168206],[39.803338,47.104722],[39.826231,47.177017]]]},"properties":{"scalerank":4,"featurecla":"Urban area","area_sqkm":671.516,"min_zoom":4}},
{"type":"Feature","geometry":{"type":"Polygon","coordinates":[[[39.023696,47.272205],[38.825413,47.3206],[38.766037,47.155882],[38.928301,47.175674],[39.023696,47.272205]]]},"properties":{"scalerank":5,"featurecla":"Urban area","area_sqkm":245.75,"min_zoom":5}},
{"type":"Feature","geometry":{"type":"Polygon","coordinates":[[[37.718453,47.087617],[37.707859,47.193605],[37.491955,47.257116],[37.446118,47.086739],[37.718453,47.087617]]]},"properties":{"scalerank":5,"featurecla":"Urban area","area_sqkm":335.184,"min_zoom":5}},
{"type":"Feature","geometry":null,"properties":{"scalerank":4,"featurecla":"Urban area","area_sqkm":116.991,"min_zoom":4}},
{"type":"Feature","geometry":null,"properties":{"scalerank":4,"featurecla":"Urban area","area_sqkm":97.658,"min_zoom":4}},
{"type":"Feature","geometry":{"type":"Polygon","coordinates":[[[28.881318,46.964989],[28.932167,47.09201],[28.804991,47.116685],[28.716263,47.053872],[28.881318,46.964989]]]},"properties":{"scalerank":3,"featurecla":"Urban area","area_sqkm":228.82,"min_zoom":3.7}},
{"type":"Feature","geometry":{"type":"Polygon","coordinates":[[[31.939581,46.981965],[31.964075,46.854815],[32.081742,46.876105],[32.157913,47.028499],[32.050633,47.052942],[31.939581,46.981965]]]},"properties":{"scalerank":5,"featurecla":"Urban area","area_sqkm":341.509,"min_zoom":5}},
{"type":"Feature","geometry":null,"properties":{"scalerank":5,"featurecla":"Urban area","area_sqkm":125.31,"min_zoom":5}},
{"type":"Feature","geometry":{"type":"Polygon","coordinates":[[[29.672949,46.89936],[29.402061,46.863393],[29.490944,46.787222],[29.672949,46.89936]]]},"properties":{"scalerank":5,"featurecla":"Urban area","area_sqkm":278.198,"min_zoom":5}},
{"type":"Feature","geometry":{"type":"Polygon","coordinates":[[[48.096475,46.901504],[47.969455,46.83802],[47.994828,46.710999],[48.159934,46.77451],[48.096475,46.901504]]]},"properties":{"scalerank":5,"featurecla":"Urban area","area_sqkm":226.002,"min_zoom":5}},
{"type":"Feature","geometry":null,"properties":{"scalerank":5,"featurecla":"Urban area","area_sqkm":113.869,"min_zoom":5}},
{"type":"Feature","geometry":{"type":"Polygon","coordinates":[[[32.56962,46.607853],[32.76754,46.634802],[32.70403,46.749085],[32.563108,46.74092],[32.56962,46.607853]]]},"properties":{"scalerank":5,"featurecla":"Urban area","area_sqkm":240.868,"min_zoom":5}},
{"type":"Feature","geometry":{"type":"Polygon","coordinates":[[[30.72167,46.366214],[30.796291,46.552017],[30.773657,46.672914],[30.608551,46.596691],[30.532328,46.482409],[30.72167,46.366214]]]},"properties":{"scalerank":4,"featurecla":"Urban area","area_sqkm":520.244,"min_zoom":4}},
{"type":"Feature","geometry":null,"properties":{"scalerank":4,"featurecla":"Urban area","area_sqkm":60.916,"min_zoom":4}},
{"type":"Feature","geometry":{"type":"Polygon","coordinates":[[[48.020253,46.507808],[47.918657,46.444297],[47.905944,46.241105],[48.00754,46.215706],[48.172647,46.329989],[48.147222,46.45701],[48.020253,46.507808]]]},"properties":{"scalerank":4,"featurecla":"Urban area","area_sqkm":473.064,"min_zoom":4}},
{"type":"Feature","geometry":null,"properties":{"scalerank":5,"featurecla":"Urban area","area_sqkm":364.607,"min_zoom":5}},
{"type":"Feature","geometry":null,"properties":{"scalerank":5,"featurecla":"Urban area","area_sqkm":129.397,"min_zoom":5}},
{"type":"Feature","geometry":null,"properties":{"scalerank":5,"featurecla":"Urban area","area_sqkm":117.343,"min_zoom":5}},
{"type":"Feature","geometry":null,"properties":{"scalerank":5,"featurecla":"Urban area","area_sqkm":96.165,"min_zoom":5}},
{"type":"Feature","geometry":null,"properties":{"scalerank":5,"featurecla":"Urban area","area_sqkm":127.022,"min_zoom":5}},
{"type":"Feature","geometry":null,"properties":{"scalerank":5,"featurecla":"Urban area","area_sqkm":157.095,"min_zoom":5}},
{"type":"Feature","geometry":null,"properties":{"scalerank":5,"featurecla":"Urban area","area_sqkm":97.775,"min_zoom":5}},
{"type":"Feature","geometry":null,"properties":{"scalerank":5,"featurecla":"Urban area","area_sqkm":136.796,"min_zoom":5}},
{"type":"Feature","geometry":{"type":"Polygon","coordinates":[[[38.863551,45.034616],[38.984525,44.981751],[39.130253,44.983818],[39.168338,45.085414],[38.952434,45.18701],[38.863551,45.034616]]]},"properties":{"scalerank":4,"featurecla":"Urban area","area_sqkm":355.336,"min_zoom":4}},
{"type":"Feature","geometry":{"type":"Polygon","coordinates":[[[42.018449,45.010276],[42.076636,45.0981],[41.961398,45.151146],[41.860732,45.047302],[42.018449,45.010276]]]},"properties":{"scalerank":4,"featurecla":"Urban area","area_sqkm":184.087,"min_zoom":4}},
{"type":"Feature","geometry":{"type":"Polygon","coordinates":[[[34.012167,45.072701],[34.024828,44.920308],[34.189934,44.996504],[34.012167,45.072701]]]},"properties":{"scalerank":5,"featurecla":"Urban area","area_sqkm":179.775,"min_zoom":5}},
{"type":"Feature","geometry":null,"properties":{"scalerank":5,"featurecla":"Urban area","area_sqkm":79.665,"min_zoom":5}},
{"type":"Feature","geometry":null,"properties":{"scalerank":5,"featurecla":"Urban area","area_sqkm":76.879,"min_zoom":5}},
{"type":"Feature","geometry":null,"properties":{"scalerank":5,"featurecla":"Urban area","area_sqkm":114.627,"min_zoom":5}},
{"type":"Feature","geometry":null,"properties":{"scalerank":5,"featurecla":"Urban area","area_sqkm":158.504,"min_zoom":5}},
{"type":"Feature","geometry":null,"properties":{"scalerank":5,"featurecla":"Urban area","area_sqkm":139.427,"min_zoom":5}},
{"type":"Feature","geometry":{"type":"Polygon","coordinates":[[[33.49132,44.618595],[33.450703,44.553663],[33.585165,44.474702],[33.65653,44.640893],[33.49132,44.618595]]]},"properties":{"scalerank":3,"featurecla":"Urban area","area_sqkm":245.638,"min_zoom":3.7}},
{"type":"Feature","geometry":null,"properties":{"scalerank":5,"featurecla":"Urban area","area_sqkm":208.186,"min_zoom":5}},
{"type":"Feature","geometry":null,"properties":{"scalerank":5,"featurecla":"Urban area","area_sqkm":66.766,"min_zoom":5}},
{"type":"Feature","geometry":null,"properties":{"scalerank":5,"featurecla":"Urban area","area_sqkm":149.208,"min_zoom":5}},
{"type":"Feature","geometry":{"type":"Polygon","coordinates":[[[43.020196,44.231874],[42.813232,44.094802],[43.058282,43.995299],[43.168818,44.031318],[43.020196,44.231874]]]},"properties":{"scalerank":5,"featurecla":"Urban area","area_sqkm":557.746,"min_zoom":5}},
{"type":"Feature","geometry":null,"properties":{"scalerank":4,"featurecla":"Urban area","area_sqkm":87.447,"min_zoom":4}},
{"type":"Feature","geometry":null,"properties":{"scalerank":5,"featurecla":"Urban area","area_sqkm":120.422,"min_zoom":5}},
{"type":"Feature","geometry":null,"properties":{"scalerank":5,"featurecla":"Urban area","area_sqkm":88.837,"min_zoom":5}},
{"type":"Feature","geometry":null,"properties":{"scalerank":5,"featurecla":"Urban area","area_sqkm":101.105,"min_zoom":5}},
{"type":"Feature","geometry":null,"properties":{"scalerank":5,"featurecla":"Urban area","area_sqkm":156.541,"min_zoom":5}},
{"type":"Feature","geometry":null,"properties":{"scalerank":6,"featurecla":"Urban area","area_sqkm":99.823,"min_zoom":6}},
{"type":"Feature","geometry":{"type":"Polygon","coordinates":[[[43.587913,43.447116],[43.734933,43.490653],[43.575253,43.612222],[43.49903,43.5106],[43.587913,43.447116]]]},"properties":{"scalerank":4,"featurecla":"Urban area","area_sqkm":195.914,"min_zoom":4}},
{"type":"Feature","geometry":null,"properties":{"scalerank":5,"featurecla":"Urban area","area_sqkm":185.869,"min_zoom":5}},
{"type":"Feature","geometry":null,"properties":{"scalerank":5,"featurecla":"Urban area","area_sqkm":87.047,"min_zoom":5}},
{"type":"Feature","geometry":null,"properties":{"scalerank":5,"featurecla":"Urban area","area_sqkm":336.69,"min_zoom":5}},
{"type":"Feature","geometry":null,"properties":{"scalerank":5,"featurecla":"Urban area","area_sqkm":93.077,"min_zoom":5}},
{"type":"Feature","geometry":null,"properties":{"scalerank":5,"featurecla":"Urban area","area_sqkm":175.12,"min_zoom":5}},
{"type":"Feature","geometry":null,"properties":{"scalerank":4,"featurecla":"Urban area","area_sqkm":83.449,"min_zoom":4}},
{"type":"Feature","geometry":null,"properties":{"scalerank":5,"featurecla":"Urban area","area_sqkm":200.136,"min_zoom":5}},
{"type":"Feature","geometry":{"type":"Polygon","coordinates":[[[44.870626,41.643712],[44.857913,41.834191],[44.743657,41.859616],[44.705571,41.69451],[44.870626,41.643712]]]},"properties":{"scalerank":3,"featurecla":"Urban area","area_sqkm":462.307,"min_zoom":3.7}},
{"type":"Feature","geometry":null,"properties":{"scalerank":5,"featurecla":"Urban area","area_sqkm":163.047,"min_zoom":5}},
{"type":"Feature","geometry":null,"properties":{"scalerank":4,"featurecla":"Urban area","area_sqkm":213.051,"min_zoom":4}},
{"type":"Feature","geometry":null,"properties":{"scalerank":5,"featurecla":"Urban area","area_sqkm":94.842,"min_zoom":5}},
{"type":"Feature","geometry":null,"properties":{"scalerank":5,"featurecla":"Urban area","area_sqkm":117.065,"min_zoom":5}},
{"type":"Feature","geometry":{"type":"Polygon","coordinates":[[[29.067404,41.101678],[29.045494,41.007575],[29.113913,40.937863],[29.364751,40.809292],[29.80059,40.760174],[29.829322,40.692374],[30.011636,40.716585],[29.998975,40.843605],[29.694136,40.830893],[29.427434,40.907116],[29.300413,41.072196],[29.067404,41.101678]]]},"properties":{"scalerank":4,"featurecla":"Urban area","area_sqkm":1333.885,"min_zoom":4}},
{"type":"Feature","geometry":{"type":"Polygon","coordinates":[[[28.9563,41.008195],[29.032161,41.140487],[28.843232,41.186504],[28.665413,41.148393],[28.487647,41.05951],[28.780394,40.974166],[28.9563,41.008195]]]},"properties":{"scalerank":2,"featurecla":"Urban area","area_sqkm":740.884,"min_zoom":3.6}},
{"type":"Feature","geometry":{"type":"Polygon","coordinates":[[[39.510488,41.064135],[39.612859,40.932489],[39.790988,40.988041],[39.510488,41.064135]]]},"properties":{"scalerank":5,"featurecla":"Urban area","area_sqkm":181.078,"min_zoom":5}},
{"type":"Feature","geometry":{"type":"Polygon","coordinates":[[[31.163297,40.924324],[30.989561,40.843605],[31.218126,40.767409],[31.243551,40.894403],[31.163297,40.924324]]]},"properties":{"scalerank":5,"featurecla":"Urban area","area_sqkm":299.869,"min_zoom":5}},
{"type":"Feature","geometry":{"type":"Polygon","coordinates":[[[30.332857,40.707593],[30.405359,40.691212],[30.48153,40.830893],[30.365826,40.853166],[30.332857,40.707593]]]},"properties":{"scalerank":5,"featurecla":"Urban area","area_sqkm":179.237,"min_zoom":5}},
{"type":"Feature","geometry":null,"properties":{"scalerank":5,"featurecla":"Urban area","area_sqkm":112.637,"min_zoom":5}},
{"type":"Feature","geometry":null,"properties":{"scalerank":5,"featurecla":"Urban area","area_sqkm":81.322,"min_zoom":5}},
{"type":"Feature","geometry":null,"properties":{"scalerank":5,"featurecla":"Urban area","area_sqkm":90.213,"min_zoom":5}},
{"type":"Feature","geometry":{"type":"Polygon","coordinates":[[[49.792031,40.287877],[50.064934,40.320847],[50.103071,40.42451],[50.214021,40.484093],[49.990675,40.5768],[49.776011,40.583983],[49.671263,40.500706],[49.792031,40.287877]]]},"properties":{"scalerank":3,"featurecla":"Urban area","area_sqkm":1291.771,"min_zoom":3.7}},
{"type":"Feature","geometry":null,"properties":{"scalerank":5,"featurecla":"Urban area","area_sqkm":134.899,"min_zoom":5}},
{"type":"Feature","geometry":null,"properties":{"scalerank":5,"featurecla":"Urban area","area_sqkm":130.007,"min_zoom":5}},
{"type":"Feature","geometry":{"type":"Polygon","coordinates":[[[29.211582,40.272142],[29.084561,40.348287],[28.970253,40.3356],[28.932167,40.208605],[29.097222,40.157808],[29.211582,40.272142]]]},"properties":{"scalerank":4,"featurecla":"Urban area","area_sqkm":434.614,"min_zoom":4}},
{"type":"Feature","geometry":{"type":"Polygon","coordinates":[[[44.565838,40.10701],[44.642061,40.284802],[44.565838,40.322914],[44.324561,40.157808],[44.476955,40.081585],[44.565838,40.10701]]]},"properties":{"scalerank":3,"featurecla":"Urban area","area_sqkm":388.81,"min_zoom":3.7}},
{"type":"Feature","geometry":{"type":"Polygon","coordinates":[[[32.818338,39.903818],[32.937762,39.957561],[32.914405,40.118921],[32.76754,40.030787],[32.818338,39.903818]]]},"properties":{"scalerank":3,"featurecla":"Urban area","area_sqkm":370.464,"min_zoom":3.7}},
{"type":"Feature","geometry":null,"properties":{"scalerank":4,"featurecla":"Urban area","area_sqkm":149.32,"min_zoom":4}},
{"type":"Feature","geometry":{"type":"Polygon","coordinates":[[[48.388551,40.094297],[48.32504,39.954616],[48.490147,39.967302],[48.528232,40.056212],[48.388551,40.094297]]]},"properties":{"scalerank":5,"featurecla":"Urban area","area_sqkm":197.131,"min_zoom":5}},
{"type":"Feature","geometry":null,"properties":{"scalerank":5,"featurecla":"Urban area","area_sqkm":109.231,"min_zoom":5}},
{"type":"Feature","geometry":null,"properties":{"scalerank":5,"featurecla":"Urban area","area_sqkm":93.677,"min_zoom":5}},
{"type":"Feature","geometry":null,"properties":{"scalerank":5,"featurecla":"Urban area","area_sqkm":94.626,"min_zoom":5}},
{"type":"Feature","geometry":null,"properties":{"scalerank":4,"featurecla":"Urban area","area_sqkm":67.91,"min_zoom":4}},
{"type":"Feature","geometry":{"type":"Polygon","coordinates":[[[48.210732,38.316318],[48.236157,38.20201],[48.353462,38.211699],[48.388551,38.341691],[48.210732,38.316318]]]},"properties":{"scalerank":5,"featurecla":"Urban area","area_sqkm":215.405,"min_zoom":5}},
{"type":"Feature","geometry":{"type":"Polygon","coordinates":[[[58.223196,37.981248],[58.345359,37.871797],[58.548551,37.922595],[58.383444,38.074989],[58.223196,37.981248]]]},"properties":{"scalerank":3,"featurecla":"Urban area","area_sqkm":525.756,"min_zoom":3.7}},
{"type":"Feature","geometry":{"type":"Polygon","coordinates":[[[53.824653,37.915929],[53.963818,37.897196],[53.97653,37.998818],[53.824446,37.996389],[53.824653,37.915929]]]},"properties":{"scalerank":5,"featurecla":"Urban area","area_sqkm":142.891,"min_zoom":5}},
{"type":"Feature","geometry":{"type":"Polygon","coordinates":[[[48.939266,37.867456],[48.845732,37.820999],[48.906917,37.734441],[49.012337,37.782319],[48.939266,37.867456]]]},"properties":{"scalerank":5,"featurecla":"Urban area","area_sqkm":151.231,"min_zoom":5}},
{"type":"Feature","geometry":{"type":"Polygon","coordinates":[[[49.11817,37.639977],[49.125147,37.490787],[49.074349,37.389191],[49.21403,37.351105],[49.201318,37.262196],[49.429934,37.173287],[49.404561,37.363818],[49.252167,37.376504],[49.150571,37.503499],[49.227776,37.577939],[49.11817,37.639977]]]},"properties":{"scalerank":5,"featurecla":"Urban area","area_sqkm":631.332,"min_zoom":5}},
{"type":"Feature","geometry":null,"properties":{"scalerank":5,"featurecla":"Urban area","area_sqkm":113.028,"min_zoom":5}},
{"type":"Feature","geometry":{"type":"Polygon","coordinates":[[[49.429934,36.868499],[49.27754,36.830414],[49.340999,36.754139],[49.466883,36.780779],[49.429934,36.868499]]]},"properties":{"scalerank":5,"featurecla":"Urban area","area_sqkm":208.813,"min_zoom":5}},
{"type":"Feature","geometry":null,"properties":{"scalerank":5,"featurecla":"Urban area","area_sqkm":143.222,"min_zoom":5}},
{"type":"Feature","geometry":{"type":"Polygon","coordinates":[[[48.502859,36.779616],[48.350413,36.716105],[48.464153,36.648073],[48.604455,36.665308],[48.502859,36.779616]]]},"properties":{"scalerank":5,"featurecla":"Urban area","area_sqkm":204.445,"min_zoom":5}},
{"type":"Feature","geometry":null,"properties":{"scalerank":5,"featurecla":"Urban area","area_sqkm":214.328,"min_zoom":5}},
{"type":"Feature","geometry":null,"properties":{"scalerank":5,"featurecla":"Urban area","area_sqkm":93.585,"min_zoom":5}},
{"type":"Feature","geometry":{"type":"Polygon","coordinates":[[[53.13715,36.619651],[53.011938,36.632932],[52.960571,36.550999],[52.795413,36.5256],[52.820838,36.436691],[53.13715,36.619651]]]},"properties":{"scalerank":5,"featurecla":"Urban area","area_sqkm":323.387,"min_zoom":5}},
{"type":"Feature","geometry":null,"properties":{"scalerank":5,"featurecla":"Urban area","area_sqkm":80.014,"min_zoom":5}},
{"type":"Feature","geometry":{"type":"Polygon","coordinates":[[[51.677859,35.687409],[51.728657,35.738206],[51.906475,35.687409],[51.969934,35.789004],[51.703232,35.801691],[51.690571,35.877914],[51.437512,35.873521],[51.18254,35.839802],[51.089781,35.91848],[50.788818,35.97951],[50.712647,36.068393],[50.445944,36.144616],[50.280838,36.271585],[50.141157,36.29701],[50.039561,36.373206],[49.913264,36.334423],[50.014136,36.131903],[50.153818,36.2081],[50.522167,36.004909],[50.534828,35.941372],[50.699934,35.941372],[50.80153,35.877914],[50.699934,35.738206],[50.725359,35.66201],[50.852328,35.66201],[50.966636,35.496903],[51.068232,35.433393],[51.258763,35.496903],[51.360359,35.446105],[51.449863,35.493079],[51.585772,35.344665],[51.796818,35.492227],[51.830253,35.611212],[51.677859,35.687409]]]},"properties":{"scalerank":2,"featurecla":"Urban area","area_sqkm":5525.771,"min_zoom":3.6}},
{"type":"Feature","geometry":{"type":"Polygon","coordinates":[[[49.118532,36.334863],[49.163232,36.131903],[49.297229,36.208746],[49.118532,36.334863]]]},"properties":{"scalerank":5,"featurecla":"Urban area","area_sqkm":330.948,"min_zoom":5}},
{"type":"Feature","geometry":null,"properties":{"scalerank":5,"featurecla":"Urban area","area_sqkm":130.074,"min_zoom":5}},
{"type":"Feature","geometry":null,"properties":{"scalerank":5,"featurecla":"Urban area","area_sqkm":153.06,"min_zoom":5}},
{"type":"Feature","geometry":null,"properties":{"scalerank":2,"featurecla":"Urban area","area_sqkm":101.97,"min_zoom":3.6}},
{"type":"Feature","geometry":{"type":"Polygon","coordinates":[[[47.014009,35.256608],[47.118551,35.34451],[47.00047,35.393912],[46.902647,35.331797],[47.014009,35.256608]]]},"properties":{"scalerank":5,"featurecla":"Urban area","area_sqkm":150.393,"min_zoom":5}},
{"type":"Feature","geometry":{"type":"Polygon","coordinates":[[[50.476795,35.116306],[50.382434,35.204802],[50.268126,35.039696],[50.445944,35.014297],[50.476795,35.116306]]]},"properties":{"scalerank":5,"featurecla":"Urban area","area_sqkm":294.725,"min_zoom":5}},
{"type":"Feature","geometry":{"type":"Polygon","coordinates":[[[48.591742,34.925414],[48.452061,34.899989],[48.488545,34.755243],[48.629828,34.811105],[48.591742,34.925414]]]},"properties":{"scalerank":4,"featurecla":"Urban area","area_sqkm":243.487,"min_zoom":4}},
{"type":"Feature","geometry":{"type":"Polygon","coordinates":[[[50.699934,34.569802],[50.941263,34.582489],[50.966636,34.760308],[50.763444,34.722196],[50.699934,34.569802]]]},"properties":{"scalerank":5,"featurecla":"Urban area","area_sqkm":435.969,"min_zoom":5}},
{"type":"Feature","geometry":{"type":"Polygon","coordinates":[[[47.029667,34.417409],[46.99153,34.315787],[47.119688,34.286951],[47.220147,34.366585],[47.029667,34.417409]]]},"properties":{"scalerank":5,"featurecla":"Urban area","area_sqkm":195.362,"min_zoom":5}},
{"type":"Feature","geometry":null,"properties":{"scalerank":5,"featurecla":"Urban area","area_sqkm":91.193,"min_zoom":5}},
{"type":"Feature","geometry":{"type":"Polygon","coordinates":[[[49.455359,34.049085],[49.798232,34.07451],[49.785571,34.163393],[49.633126,34.163393],[49.455359,34.049085]]]},"properties":{"scalerank":5,"featurecla":"Urban area","area_sqkm":387.153,"min_zoom":5}},
{"type":"Feature","geometry":{"type":"Polygon","coordinates":[[[51.576263,34.099909],[51.385732,34.163393],[51.271475,34.07451],[51.337208,33.973534],[51.529393,33.923666],[51.576263,34.099909]]]},"properties":{"scalerank":5,"featurecla":"Urban area","area_sqkm":494.432,"min_zoom":5}},
{"type":"Feature","geometry":null,"properties":{"scalerank":5,"featurecla":"Urban area","area_sqkm":75.185,"min_zoom":5}},
{"type":"Feature","geometry":null,"properties":{"scalerank":5,"featurecla":"Urban area","area_sqkm":105.691,"min_zoom":5}},
{"type":"Feature","geometry":null,"properties":{"scalerank":5,"featurecla":"Urban area","area_sqkm":94.417,"min_zoom":5}},
{"type":"Feature","geometry":null,"properties":{"scalerank":5,"featurecla":"Urban area","area_sqkm":123.36,"min_zoom":5}},
{"type":"Feature","geometry":null,"properties":{"scalerank":5,"featurecla":"Urban area","area_sqkm":87.761,"min_zoom":5}},
{"type":"Feature","geometry":null,"properties":{"scalerank":5,"featurecla":"Urban area","area_sqkm":72.652,"min_zoom":5}},
{"type":"Feature","geometry":{"type":"Polygon","coordinates":[[[51.704317,32.447787],[51.766742,32.448872],[51.842913,32.677489],[51.75403,32.740999],[51.614349,32.753712],[51.576263,32.906105],[51.442266,32.874996],[51.398444,32.753712],[51.284136,32.728287],[51.271475,32.499696],[51.18254,32.537808],[51.131742,32.372701],[51.322222,32.309191],[51.390538,32.220928],[51.601636,32.271105],[51.704317,32.447787]]]},"properties":{"scalerank":2,"featurecla":"Urban area","area_sqkm":2733.449,"min_zoom":3.6}},
{"type":"Feature","geometry":null,"properties":{"scalerank":5,"featurecla":"Urban area","area_sqkm":95.426,"min_zoom":5}},
{"type":"Feature","geometry":{"type":"Polygon","coordinates":[[[47.30903,32.550494],[47.143975,32.601318],[47.143975,32.461585],[47.254356,32.478199],[47.30903,32.550494]]]},"properties":{"scalerank":5,"featurecla":"Urban area","area_sqkm":178.636,"min_zoom":5}},
{"type":"Feature","geometry":{"type":"Polygon","coordinates":[[[48.490147,32.423499],[48.407929,32.496518],[48.299667,32.512409],[48.350413,32.359989],[48.490147,32.423499]]]},"properties":{"scalerank":5,"featurecla":"Urban area","area_sqkm":202.231,"min_zoom":5}},
{"type":"Feature","geometry":null,"properties":{"scalerank":5,"featurecla":"Urban area","area_sqkm":157.908,"min_zoom":5}},
{"type":"Feature","geometry":{"type":"Polygon","coordinates":[[[51.042859,32.283818],[50.890413,32.410787],[50.826955,32.296504],[51.042859,32.283818]]]},"properties":{"scalerank":5,"featurecla":"Urban area","area_sqkm":259.146,"min_zoom":5}},
{"type":"Feature","geometry":{"type":"Polygon","coordinates":[[[54.011877,32.381951],[53.963818,32.232994],[54.078126,32.245706],[54.011877,32.381951]]]},"properties":{"scalerank":5,"featurecla":"Urban area","area_sqkm":187.367,"min_zoom":5}},
{"type":"Feature","geometry":null,"properties":{"scalerank":5,"featurecla":"Urban area","area_sqkm":109.837,"min_zoom":5}},
{"type":"Feature","geometry":{"type":"Polygon","coordinates":[[[49.366475,31.85201],[49.417997,31.948955],[49.404561,32.093287],[49.21403,32.055201],[49.175944,32.156797],[48.998126,32.118712],[49.061326,32.029234],[49.188657,32.029802],[49.188657,31.928206],[49.366475,31.85201]]]},"properties":{"scalerank":5,"featurecla":"Urban area","area_sqkm":662.182,"min_zoom":5}},
{"type":"Feature","geometry":{"type":"Polygon","coordinates":[[[54.248296,32.049724],[54.319455,31.85201],[54.459136,31.85201],[54.414178,31.965801],[54.248296,32.049724]]]},"properties":{"scalerank":4,"featurecla":"Urban area","area_sqkm":277.142,"min_zoom":4}},
{"type":"Feature","geometry":null,"properties":{"scalerank":5,"featurecla":"Urban area","area_sqkm":109.625,"min_zoom":5}},
{"type":"Feature","geometry":null,"properties":{"scalerank":5,"featurecla":"Urban area","area_sqkm":71.018,"min_zoom":5}},
{"type":"Feature","geometry":{"type":"Polygon","coordinates":[[[49.620413,31.4456],[49.544242,31.572595],[49.415516,31.5743],[49.379136,31.496372],[49.500524,31.442603],[49.620413,31.4456]]]},"properties":{"scalerank":5,"featurecla":"Urban area","area_sqkm":241.693,"min_zoom":5}},
{"type":"Feature","geometry":{"type":"Polygon","coordinates":[[[49.023551,31.166212],[49.282501,31.281941],[49.087061,31.369403],[48.985413,31.305893],[48.833071,31.458287],[48.649775,31.486476],[48.427618,31.271218],[48.413975,31.204297],[48.833071,31.242409],[48.909242,31.166212],[49.023551,31.166212]]]},"properties":{"scalerank":4,"featurecla":"Urban area","area_sqkm":1563.946,"min_zoom":4}},
{"type":"Feature","geometry":{"type":"Polygon","coordinates":[[[49.972795,30.969221],[49.976051,31.026504],[49.544242,31.1281],[49.341051,31.039191],[49.633126,30.861372],[49.810944,30.861372],[49.972795,30.969221]]]},"properties":{"scalerank":4,"featurecla":"Urban area","area_sqkm":1082.837,"min_zoom":4}},
{"type":"Feature","geometry":{"type":"Polygon","coordinates":[[[48.880872,31.010821],[48.756849,30.924909],[48.914875,30.885738],[48.880872,31.010821]]]},"properties":{"scalerank":5,"featurecla":"Urban area","area_sqkm":164.706,"min_zoom":5}},
{"type":"Feature","geometry":null,"properties":{"scalerank":5,"featurecla":"Urban area","area_sqkm":107.229,"min_zoom":5}},
{"type":"Feature","geometry":{"type":"Polygon","coordinates":[[[56.507642,30.873904],[56.465732,30.8106],[56.630838,30.759802],[56.618126,30.89951],[56.507642,30.873904]]]},"properties":{"scalerank":5,"featurecla":"Urban area","area_sqkm":169.375,"min_zoom":5}},
{"type":"Feature","geometry":null,"properties":{"scalerank":5,"featurecla":"Urban area","area_sqkm":140.289,"min_zoom":5}},
{"type":"Feature","geometry":{"type":"Polygon","coordinates":[[[47.94403,30.454989],[47.931318,30.556585],[47.728126,30.620095],[47.613818,30.353393],[47.817061,30.327994],[47.804349,30.442302],[47.94403,30.454989]]]},"properties":{"scalerank":4,"featurecla":"Urban area","area_sqkm":649.674,"min_zoom":4}},
{"type":"Feature","geometry":{"type":"Polygon","coordinates":[[[49.212635,30.477003],[49.252167,30.58201],[49.023551,30.607409],[49.014611,30.506846],[49.212635,30.477003]]]},"properties":{"scalerank":5,"featurecla":"Urban area","area_sqkm":276.483,"min_zoom":5}},
{"type":"Feature","geometry":{"type":"Polygon","coordinates":[[[55.855537,30.416257],[56.072061,30.353393],[56.110147,30.442302],[55.970413,30.556585],[55.855537,30.416257]]]},"properties":{"scalerank":5,"featurecla":"Urban area","area_sqkm":380.706,"min_zoom":5}},
{"type":"Feature","geometry":{"type":"Polygon","coordinates":[[[48.154611,30.498423],[48.210732,30.315308],[48.388551,30.340706],[48.263545,30.488734],[48.154611,30.498423]]]},"properties":{"scalerank":5,"featurecla":"Urban area","area_sqkm":353.078,"min_zoom":5}},
{"type":"Feature","geometry":{"type":"Polygon","coordinates":[[[50.826955,30.277196],[50.890413,30.378818],[50.725359,30.404191],[50.699934,30.302595],[50.826955,30.277196]]]},"properties":{"scalerank":5,"featurecla":"Urban area","area_sqkm":205.303,"min_zoom":5}},
{"type":"Feature","geometry":{"type":"Polygon","coordinates":[[[57.176955,30.315308],[57.062647,30.429616],[56.910253,30.391504],[56.961051,30.226372],[57.126157,30.188287],[57.176955,30.315308]]]},"properties":{"scalerank":5,"featurecla":"Urban area","area_sqkm":463.366,"min_zoom":5}},
{"type":"Feature","geometry":{"type":"Polygon","coordinates":[[[52.439828,29.591372],[52.575117,29.534838],[52.579561,29.642196],[52.465253,29.731105],[52.439828,29.591372]]]},"properties":{"scalerank":3,"featurecla":"Urban area","area_sqkm":265.501,"min_zoom":3.7}},
{"type":"Feature","geometry":{"type":"Polygon","coordinates":[[[55.624026,29.589202],[55.608007,29.451226],[55.732237,29.497063],[55.624026,29.589202]]]},"properties":{"scalerank":5,"featurecla":"Urban area","area_sqkm":203.442,"min_zoom":5}},
{"type":"Feature","geometry":{"type":"Polygon","coordinates":[[[48.086295,29.275474],[47.998135,29.385545],[47.845276,29.365727],[47.778975,29.286585],[47.94403,29.083393],[48.109136,29.045308],[48.086295,29.275474]]]},"properties":{"scalerank":2,"featurecla":"Urban area","area_sqkm":972.16,"min_zoom":3.6}},
{"type":"Feature","geometry":null,"properties":{"scalerank":5,"featurecla":"Urban area","area_sqkm":237.461,"min_zoom":5}},
{"type":"Feature","geometry":null,"properties":{"scalerank":6,"featurecla":"Urban area","area_sqkm":100.706,"min_zoom":6}},
{"type":"Feature","geometry":null,"properties":{"scalerank":5,"featurecla":"Urban area","area_sqkm":109.295,"min_zoom":5}},
{"type":"Feature","geometry":null,"properties":{"scalerank":5,"featurecla":"Urban area","area_sqkm":80.479,"min_zoom":5}},
{"type":"Feature","geometry":null,"properties":{"scalerank":5,"featurecla":"Urban area","area_sqkm":110.003,"min_zoom":5}},
{"type":"Feature","geometry":null,"properties":{"scalerank":4,"featurecla":"Urban area","area_sqkm":198.233,"min_zoom":4}},
{"type":"Feature","geometry":null,"properties":{"scalerank":5,"featurecla":"Urban area","area_sqkm":86.657,"min_zoom":5}},
{"type":"Feature","geometry":null,"properties":{"scalerank":4,"featurecla":"Urban area","area_sqkm":125.961,"min_zoom":4}},
{"type":"Feature","geometry":null,"properties":{"scalerank":5,"featurecla":"Urban area","area_sqkm":258.447,"min_zoom":5}},
{"type":"Feature","geometry":{"type":"Polygon","coordinates":[[[50.184978,26.404952],[50.027365,26.526882],[50.014136,26.378287],[50.112683,26.27372],[50.213917,26.308472],[50.184978,26.404952]]]},"properties":{"scalerank":5,"featurecla":"Urban area","area_sqkm":446.249,"min_zoom":5}},
{"type":"Feature","geometry":null,"properties":{"scalerank":4,"featurecla":"Urban area","area_sqkm":208.183,"min_zoom":4}},
{"type":"Feature","geometry":null,"properties":{"scalerank":5,"featurecla":"Urban area","area_sqkm":196.842,"min_zoom":5}},
{"type":"Feature","geometry":{"type":"Polygon","coordinates":[[[49.611422,25.34295],[49.734722,25.425787],[49.582328,25.489297],[49.53153,25.4131],[49.611422,25.34295]]]},"properties":{"scalerank":5,"featurecla":"Urban area","area_sqkm":239.294,"min_zoom":5}},
{"type":"Feature","geometry":null,"properties":{"scalerank":4,"featurecla":"Urban area","area_sqkm":213.82,"min_zoom":4}},
{"type":"Feature","geometry":{"type":"Polygon","coordinates":[[[51.530374,25.362587],[51.411157,25.311504],[51.481127,25.221122],[51.597605,25.162625],[51.530374,25.362587]]]},"properties":{"scalerank":4,"featurecla":"Urban area","area_sqkm":242.873,"min_zoom":4}},
{"type":"Feature","geometry":{"type":"Polygon","coordinates":[[[46.648657,24.54951],[46.724828,24.524085],[46.788338,24.651105],[46.889934,24.739989],[46.708343,24.803654],[46.623232,24.638393],[46.648657,24.54951]]]},"properties":{"scalerank":2,"featurecla":"Urban area","area_sqkm":526.049,"min_zoom":3.6}},
{"type":"Feature","geometry":null,"properties":{"scalerank":5,"featurecla":"Urban area","area_sqkm":171.273,"min_zoom":5}},
{"type":"Feature","geometry":{"type":"Polygon","coordinates":[[[55.872487,24.202967],[55.792647,24.308206],[55.640253,24.181212],[55.872487,24.202967]]]},"properties":{"scalerank":5,"featurecla":"Urban area","area_sqkm":225.084,"min_zoom":5}},
{"type":"Feature","geometry":{"type":"Polygon","coordinates":[[[57.278086,23.905053],[57.291263,23.850999],[57.443657,23.812914],[57.545253,23.724004],[57.701471,23.784905],[57.278086,23.905053]]]},"properties":{"scalerank":5,"featurecla":"Urban area","area_sqkm":306.708,"min_zoom":5}},
{"type":"Feature","geometry":{"type":"Polygon","coordinates":[[[57.996388,23.734443],[58.15488,23.584297],[58.277663,23.64512],[58.120411,23.716537],[57.996388,23.734443]]]},"properties":{"scalerank":3,"featurecla":"Urban area","area_sqkm":269.775,"min_zoom":3.7}},
{"type":"Feature","geometry":{"type":"Polygon","coordinates":[[[58.500026,23.645637],[58.337504,23.584323],[58.497753,23.469989],[58.629424,23.559079],[58.500026,23.645637]]]},"properties":{"scalerank":3,"featurecla":"Urban area","area_sqkm":389.277,"min_zoom":3.7}},
{"type":"Feature","geometry":{"type":"Polygon","coordinates":[[[30.156847,59.904277],[30.071271,59.841929],[30.433006,59.764311],[30.54504,59.804722],[30.54504,59.944403],[30.341849,60.134909],[30.126203,60.041038],[30.156847,59.904277]]]},"properties":{"scalerank":2,"featurecla":"Urban area","area_sqkm":821.024,"min_zoom":3.6}},
{"type":"Feature","geometry":null,"properties":{"scalerank":5,"featurecla":"Urban area","area_sqkm":80.75,"min_zoom":5}},
{"type":"Feature","geometry":null,"properties":{"scalerank":4,"featurecla":"Urban area","area_sqkm":99.046,"min_zoom":4}},
{"type":"Feature","geometry":{"type":"Polygon","coordinates":[[[45.505626,43.421691],[45.645359,43.256585],[45.798993,43.223589],[45.759667,43.396318],[46.056755,43.324643],[46.051742,43.459802],[45.861263,43.548712],[45.806538,43.476365],[45.645359,43.472489],[45.505626,43.421691]]]},"properties":{"scalerank":4,"featurecla":"Urban area","area_sqkm":1109.51,"min_zoom":4}},
{"type":"Feature","geometry":{"type":"Polygon","coordinates":[[[50.304248,37.200934],[50.090359,37.236797],[49.925253,37.363818],[49.961891,37.447508],[49.668317,37.484198],[49.506157,37.376504],[49.455359,37.211372],[49.683975,37.122489],[50.077647,37.185999],[50.179242,37.109802],[50.304248,37.200934]]]},"properties":{"scalerank":4,"featurecla":"Urban area","area_sqkm":1638.672,"min_zoom":4}},
{"type":"Feature","geometry":null,"properties":{"scalerank":5,"featurecla":"Urban area","area_sqkm":175.647,"min_zoom":5}},
{"type":"Feature","geometry":{"type":"Polygon","coordinates":[[[37.339768,55.607588],[37.555413,55.499403],[37.809455,55.499403],[38.16504,55.588287],[37.987222,55.778818],[38.076157,55.969297],[37.758657,55.98201],[37.45821,56.055235],[37.237913,55.943872],[37.301475,55.842302],[37.27326,55.737167],[37.110944,55.626372],[37.339768,55.607588]]]},"properties":{"scalerank":2,"featurecla":"Urban area","area_sqkm":2857.544,"min_zoom":3.6}},
{"type":"Feature","geometry":{"type":"Polygon","coordinates":[[[44.76133,43.023059],[44.883338,43.205787],[44.934136,43.34552],[44.438818,43.231212],[44.527753,43.142302],[44.540413,43.027968],[44.692859,42.977196],[44.76133,43.023059]]]},"properties":{"scalerank":4,"featurecla":"Urban area","area_sqkm":799.285,"min_zoom":4}},
{"type":"Feature","geometry":null,"properties":{"scalerank":4,"featurecla":"Urban area","area_sqkm":32.673,"min_zoom":4}},
{"type":"Feature","geometry":null,"properties":{"scalerank":5,"featurecla":"Urban area","area_sqkm":46.838,"min_zoom":5}},
{"type":"Feature","geometry":null,"properties":{"scalerank":3,"featurecla":"Urban area","area_sqkm":102.494,"min_zoom":3.7}},
{"type":"Feature","geometry":null,"properties":{"scalerank":5,"featurecla":"Urban area","area_sqkm":69.608,"min_zoom":5}},
{"type":"Feature","geometry":null,"properties":{"scalerank":5,"featurecla":"Urban area","area_sqkm":67.319,"min_zoom":5}},
{"type":"Feature","geometry":null,"properties":{"scalerank":6,"featurecla":"Urban area","area_sqkm":169.91,"min_zoom":6}},
{"type":"Feature","geometry":{"type":"Polygon","coordinates":[[[73.314006,61.249233],[73.440975,61.211148],[73.631506,61.300083],[73.377516,61.363593],[73.314006,61.249233]]]},"properties":{"scalerank":3,"featurecla":"Urban area","area_sqkm":254.736,"min_zoom":3.7}},
{"type":"Feature","geometry":null,"properties":{"scalerank":5,"featurecla":"Urban area","area_sqkm":104.138,"min_zoom":5}},
{"type":"Feature","geometry":{"type":"Polygon","coordinates":[[[76.438208,61.173062],[76.628687,61.109552],[76.844592,61.312769],[76.603263,61.312769],[76.438208,61.173062]]]},"properties":{"scalerank":5,"featurecla":"Urban area","area_sqkm":320.185,"min_zoom":5}},
{"type":"Feature","geometry":{"type":"Polygon","coordinates":[[[76.146081,61.274658],[75.917516,61.22386],[76.044485,61.020668],[76.171506,61.096865],[76.146081,61.274658]]]},"properties":{"scalerank":5,"featurecla":"Urban area","area_sqkm":251.028,"min_zoom":5}},
{"type":"Feature","geometry":{"type":"Polygon","coordinates":[[[64.233475,61.173062],[64.014109,61.17022],[63.801667,61.109552],[63.827092,61.020668],[64.106506,61.058754],[64.233475,61.173062]]]},"properties":{"scalerank":5,"featurecla":"Urban area","area_sqkm":283.477,"min_zoom":5}},
{"type":"Feature","geometry":null,"properties":{"scalerank":5,"featurecla":"Urban area","area_sqkm":57.204,"min_zoom":5}},
{"type":"Feature","geometry":{"type":"Polygon","coordinates":[[[76.870016,61.096865],[76.742996,60.982583],[76.438208,61.007956],[76.463581,60.90636],[76.6414,60.893648],[76.9589,60.944446],[76.870016,61.096865]]]},"properties":{"scalerank":5,"featurecla":"Urban area","area_sqkm":386.074,"min_zoom":5}},
{"type":"Feature","geometry":null,"properties":{"scalerank":5,"featurecla":"Urban area","area_sqkm":140.887,"min_zoom":5}},
{"type":"Feature","geometry":null,"properties":{"scalerank":5,"featurecla":"Urban area","area_sqkm":172.976,"min_zoom":5}},
{"type":"Feature","geometry":{"type":"Polygon","coordinates":[[[72.948654,60.718775],[72.869485,60.830163],[72.611413,60.803421],[72.729804,60.690456],[72.948654,60.718775]]]},"properties":{"scalerank":5,"featurecla":"Urban area","area_sqkm":401.594,"min_zoom":5}},
{"type":"Feature","geometry":null,"properties":{"scalerank":5,"featurecla":"Urban area","area_sqkm":41.135,"min_zoom":5}},
{"type":"Feature","geometry":null,"properties":{"scalerank":5,"featurecla":"Urban area","area_sqkm":148.744,"min_zoom":5}},
{"type":"Feature","geometry":null,"properties":{"scalerank":5,"featurecla":"Urban area","area_sqkm":76.953,"min_zoom":5}},
{"type":"Feature","geometry":null,"properties":{"scalerank":5,"featurecla":"Urban area","area_sqkm":52.219,"min_zoom":5}},
{"type":"Feature","geometry":null,"properties":{"scalerank":3,"featurecla":"Urban area","area_sqkm":47.153,"min_zoom":3.7}},
{"type":"Feature","geometry":null,"properties":{"scalerank":5,"featurecla":"Urban area","area_sqkm":148.962,"min_zoom":5}},
{"type":"Feature","geometry":null,"properties":{"scalerank":5,"featurecla":"Urban area","area_sqkm":163.491,"min_zoom":5}},
{"type":"Feature","geometry":null,"properties":{"scalerank":6,"featurecla":"Urban area","area_sqkm":97.787,"min_zoom":6}},
{"type":"Feature","geometry":null,"properties":{"scalerank":6,"featurecla":"Urban area","area_sqkm":59.348,"min_zoom":6}},
{"type":"Feature","geometry":null,"properties":{"scalerank":6,"featurecla":"Urban area","area_sqkm":98.682,"min_zoom":6}},
{"type":"Feature","geometry":null,"properties":{"scalerank":5,"featurecla":"Urban area","area_sqkm":73.325,"min_zoom":5}},
{"type":"Feature","geometry":null,"properties":{"scalerank":4,"featurecla":"Urban area","area_sqkm":87.445,"min_zoom":4}},
{"type":"Feature","geometry":null,"properties":{"scalerank":4,"featurecla":"Urban area","area_sqkm":51.6,"min_zoom":4}},
{"type":"Feature","geometry":null,"properties":{"scalerank":3,"featurecla":"Urban area","area_sqkm":66.687,"min_zoom":3.7}},
{"type":"Feature","geometry":null,"properties":{"scalerank":4,"featurecla":"Urban area","area_sqkm":98.6,"min_zoom":4}},
{"type":"Feature","geometry":{"type":"Polygon","coordinates":[[[68.421385,58.337861],[68.208581,58.30285],[68.246667,58.175881],[68.462571,58.201254],[68.421385,58.337861]]]},"properties":{"scalerank":5,"featurecla":"Urban area","area_sqkm":247.915,"min_zoom":5}},
{"type":"Feature","geometry":null,"properties":{"scalerank":4,"featurecla":"Urban area","area_sqkm":96.303,"min_zoom":4}},
{"type":"Feature","geometry":{"type":"Polygon","coordinates":[[[59.93198,57.855849],[60.19491,57.947264],[59.991667,58.023461],[59.851985,57.896466],[59.93198,57.855849]]]},"properties":{"scalerank":4,"featurecla":"Urban area","area_sqkm":272.421,"min_zoom":4}},
{"type":"Feature","geometry":null,"properties":{"scalerank":5,"featurecla":"Urban area","area_sqkm":65.052,"min_zoom":5}},
{"type":"Feature","geometry":null,"properties":{"scalerank":5,"featurecla":"Urban area","area_sqkm":71.314,"min_zoom":5}},
{"type":"Feature","geometry":null,"properties":{"scalerank":5,"featurecla":"Urban area","area_sqkm":91.273,"min_zoom":5}},
{"type":"Feature","geometry":null,"properties":{"scalerank":5,"featurecla":"Urban area","area_sqkm":42.738,"min_zoom":5}},
{"type":"Feature","geometry":{"type":"Polygon","coordinates":[[[65.476241,57.100882],[65.671578,57.057034],[65.76966,57.165658],[65.490763,57.261466],[65.287571,57.223381],[65.312996,57.134446],[65.476241,57.100882]]]},"properties":{"scalerank":4,"featurecla":"Urban area","area_sqkm":443.178,"min_zoom":4}},
{"type":"Feature","geometry":null,"properties":{"scalerank":5,"featurecla":"Urban area","area_sqkm":48.381,"min_zoom":5}},
{"type":"Feature","geometry":null,"properties":{"scalerank":5,"featurecla":"Urban area","area_sqkm":67.692,"min_zoom":5}},
{"type":"Feature","geometry":{"type":"Polygon","coordinates":[[[60.398102,57.020163],[60.51241,56.766148],[60.728263,56.816946],[60.81911,56.936267],[60.614006,57.041997],[60.398102,57.020163]]]},"properties":{"scalerank":3,"featurecla":"Urban area","area_sqkm":798.034,"min_zoom":3.7}},
{"type":"Feature","geometry":{"type":"Polygon","coordinates":[[[62.16342,56.969365],[62.002138,57.000423],[61.947516,56.804233],[62.125283,56.804233],[62.16342,56.969365]]]},"properties":{"scalerank":5,"featurecla":"Urban area","area_sqkm":212.008,"min_zoom":5}},
{"type":"Feature","geometry":null,"properties":{"scalerank":5,"featurecla":"Urban area","area_sqkm":150.764,"min_zoom":5}},
{"type":"Feature","geometry":null,"properties":{"scalerank":3,"featurecla":"Urban area","area_sqkm":71.586,"min_zoom":3.7}},
{"type":"Feature","geometry":null,"properties":{"scalerank":3,"featurecla":"Urban area","area_sqkm":285.737,"min_zoom":3.7}},
{"type":"Feature","geometry":null,"properties":{"scalerank":6,"featurecla":"Urban area","area_sqkm":63.072,"min_zoom":6}},
{"type":"Feature","geometry":null,"properties":{"scalerank":5,"featurecla":"Urban area","area_sqkm":89.319,"min_zoom":5}},
{"type":"Feature","geometry":null,"properties":{"scalerank":6,"featurecla":"Urban area","area_sqkm":70.042,"min_zoom":6}},
{"type":"Feature","geometry":null,"properties":{"scalerank":3,"featurecla":"Urban area","area_sqkm":147.204,"min_zoom":3.7}},
{"type":"Feature","geometry":null,"properties":{"scalerank":5,"featurecla":"Urban area","area_sqkm":61.013,"min_zoom":5}},
{"type":"Feature","geometry":{"type":"Polygon","coordinates":[[[92.777831,55.964491],[92.846612,55.940668],[93.1514,56.004179],[92.986294,56.118461],[92.706879,56.042264],[92.777831,55.964491]]]},"properties":{"scalerank":3,"featurecla":"Urban area","area_sqkm":350.706,"min_zoom":3.7}},
{"type":"Feature","geometry":null,"properties":{"scalerank":6,"featurecla":"Urban area","area_sqkm":76.822,"min_zoom":6}},
{"type":"Feature","geometry":{"type":"Polygon","coordinates":[[[86.038707,55.559012],[86.179112,55.50886],[86.274972,55.616166],[86.126764,55.666112],[86.038707,55.559012]]]},"properties":{"scalerank":5,"featurecla":"Urban area","area_sqkm":199.566,"min_zoom":5}},
{"type":"Feature","geometry":null,"properties":{"scalerank":6,"featurecla":"Urban area","area_sqkm":128.803,"min_zoom":6}},
{"type":"Feature","geometry":{"type":"Polygon","coordinates":[[[85.949927,55.349542],[86.146918,55.299674],[86.229858,55.381865],[85.937783,55.432663],[85.949927,55.349542]]]},"properties":{"scalerank":4,"featurecla":"Urban area","area_sqkm":200.346,"min_zoom":4}},
{"type":"Feature","geometry":{"type":"Polygon","coordinates":[[[61.573017,55.197871],[61.452198,55.343754],[61.21092,55.178648],[61.312516,55.077052],[61.553587,55.10904],[61.573017,55.197871]]]},"properties":{"scalerank":4,"featurecla":"Urban area","area_sqkm":456.629,"min_zoom":4}},
{"type":"Feature","geometry":{"type":"Polygon","coordinates":[[[82.915177,54.924658],[83.067571,54.81035],[83.181879,54.962769],[83.092996,55.077052],[82.87549,55.08501],[82.762783,55.013593],[82.915177,54.924658]]]},"properties":{"scalerank":3,"featurecla":"Urban area","area_sqkm":616.105,"min_zoom":3.7}},
{"type":"Feature","geometry":{"type":"Polygon","coordinates":[[[73.136187,55.089764],[73.288581,54.899233],[73.517198,54.924658],[73.517198,55.013593],[73.292302,55.093485],[73.136187,55.089764]]]},"properties":{"scalerank":4,"featurecla":"Urban area","area_sqkm":382.045,"min_zoom":4}},
{"type":"Feature","geometry":null,"properties":{"scalerank":6,"featurecla":"Urban area","area_sqkm":51.583,"min_zoom":6}},
{"type":"Feature","geometry":null,"properties":{"scalerank":4,"featurecla":"Urban area","area_sqkm":78.416,"min_zoom":4}},
{"type":"Feature","geometry":null,"properties":{"scalerank":5,"featurecla":"Urban area","area_sqkm":58.276,"min_zoom":5}},
{"type":"Feature","geometry":{"type":"Polygon","coordinates":[[[86.585496,54.035668],[86.61092,53.870562],[86.814112,53.845163],[86.717012,54.033653],[86.585496,54.035668]]]},"properties":{"scalerank":5,"featurecla":"Urban area","area_sqkm":274.956,"min_zoom":5}},
{"type":"Feature","geometry":{"type":"Polygon","coordinates":[[[87.371959,53.850589],[87.347516,53.972158],[87.131612,53.908648],[87.017304,53.756254],[87.220496,53.692769],[87.371959,53.850589]]]},"properties":{"scalerank":4,"featurecla":"Urban area","area_sqkm":456.752,"min_zoom":4}},
{"type":"Feature","geometry":null,"properties":{"scalerank":4,"featurecla":"Urban area","area_sqkm":211.914,"min_zoom":4}},
{"type":"Feature","geometry":{"type":"Polygon","coordinates":[[[87.931615,53.743593],[87.804698,53.629233],[87.995229,53.616573],[88.134858,53.730881],[87.931615,53.743593]]]},"properties":{"scalerank":5,"featurecla":"Urban area","area_sqkm":196.544,"min_zoom":5}},
{"type":"Feature","geometry":{"type":"Polygon","coordinates":[[[58.983304,53.336848],[59.140763,53.324446],[59.191612,53.413381],[59.090016,53.514977],[58.912198,53.426093],[58.983304,53.336848]]]},"properties":{"scalerank":4,"featurecla":"Urban area","area_sqkm":293.694,"min_zoom":4}},
{"type":"Feature","geometry":{"type":"Polygon","coordinates":[[[83.777037,53.292406],[83.855016,53.400668],[83.613687,53.426093],[83.613687,53.311733],[83.777037,53.292406]]]},"properties":{"scalerank":3,"featurecla":"Urban area","area_sqkm":200.841,"min_zoom":3.7}},
{"type":"Feature","geometry":null,"properties":{"scalerank":6,"featurecla":"Urban area","area_sqkm":93.196,"min_zoom":6}},
{"type":"Feature","geometry":null,"properties":{"scalerank":6,"featurecla":"Urban area","area_sqkm":90.793,"min_zoom":6}},
{"type":"Feature","geometry":{"type":"Polygon","coordinates":[[[103.971825,52.638648],[103.882889,52.638648],[103.806615,52.486254],[104.022519,52.422769],[103.971825,52.638648]]]},"properties":{"scalerank":4,"featurecla":"Urban area","area_sqkm":241.799,"min_zoom":4}},
{"type":"Feature","geometry":null,"properties":{"scalerank":3,"featurecla":"Urban area","area_sqkm":69.653,"min_zoom":3.7}},
{"type":"Feature","geometry":{"type":"Polygon","coordinates":[[[76.984325,52.371946],[76.831879,52.359233],[76.908102,52.232264],[77.060496,52.244977],[76.984325,52.371946]]]},"properties":{"scalerank":4,"featurecla":"Urban area","area_sqkm":171.773,"min_zoom":4}},
{"type":"Feature","geometry":{"type":"Polygon","coordinates":[[[104.157085,52.317401],[104.311235,52.207744],[104.403581,52.283062],[104.301158,52.364789],[104.157085,52.317401]]]},"properties":{"scalerank":3,"featurecla":"Urban area","area_sqkm":220.943,"min_zoom":3.7}},
{"type":"Feature","geometry":null,"properties":{"scalerank":3,"featurecla":"Urban area","area_sqkm":256.911,"min_zoom":3.7}},
{"type":"Feature","geometry":{"type":"Polygon","coordinates":[[[107.959592,51.844924],[107.769577,51.896471],[107.502358,51.825881],[107.604006,51.749658],[107.959592,51.844924]]]},"properties":{"scalerank":4,"featurecla":"Urban area","area_sqkm":402.984,"min_zoom":4}},
{"type":"Feature","geometry":null,"properties":{"scalerank":4,"featurecla":"Urban area","area_sqkm":103.474,"min_zoom":4}},
{"type":"Feature","geometry":null,"properties":{"scalerank":4,"featurecla":"Urban area","area_sqkm":69.642,"min_zoom":4}},
{"type":"Feature","geometry":null,"properties":{"scalerank":4,"featurecla":"Urban area","area_sqkm":147.043,"min_zoom":4}},
{"type":"Feature","geometry":null,"properties":{"scalerank":6,"featurecla":"Urban area","area_sqkm":57.716,"min_zoom":6}},
{"type":"Feature","geometry":null,"properties":{"scalerank":4,"featurecla":"Urban area","area_sqkm":79.174,"min_zoom":4}},
{"type":"Feature","geometry":{"type":"Polygon","coordinates":[[[73.199698,49.997052],[73.045754,49.909719],[73.021879,49.768461],[73.161612,49.768461],[73.217681,49.879798],[73.199698,49.997052]]]},"properties":{"scalerank":3,"featurecla":"Urban area","area_sqkm":268.327,"min_zoom":3.7}},
{"type":"Feature","geometry":null,"properties":{"scalerank":4,"featurecla":"Urban area","area_sqkm":67.806,"min_zoom":4}},
{"type":"Feature","geometry":null,"properties":{"scalerank":6,"featurecla":"Urban area","area_sqkm":90.402,"min_zoom":6}},
{"type":"Feature","geometry":null,"properties":{"scalerank":6,"featurecla":"Urban area","area_sqkm":88.135,"min_zoom":6}},
{"type":"Feature","geometry":null,"properties":{"scalerank":5,"featurecla":"Urban area","area_sqkm":171.809,"min_zoom":5}},
{"type":"Feature","geometry":null,"properties":{"scalerank":6,"featurecla":"Urban area","area_sqkm":107.834,"min_zoom":6}},
{"type":"Feature","geometry":{"type":"Polygon","coordinates":[[[75.345975,51.813168],[75.282516,51.686148],[75.50612,51.640569],[75.345975,51.813168]]]},"properties":{"scalerank":4,"featurecla":"Urban area","area_sqkm":228.571,"min_zoom":4}},
{"type":"Feature","geometry":{"type":"Polygon","coordinates":[[[87.737983,43.978091],[87.687237,44.028889],[87.450301,43.941969],[87.531019,43.764693],[87.69995,43.812985],[87.737983,43.978091]]]},"properties":{"scalerank":3,"featurecla":"Urban area","area_sqkm":472.46,"min_zoom":3.7}},
{"type":"Feature","geometry":null,"properties":{"scalerank":5,"featurecla":"Urban area","area_sqkm":105.067,"min_zoom":5}},
{"type":"Feature","geometry":{"type":"Polygon","coordinates":[[[76.777929,43.241495],[76.892185,43.166874],[77.031919,43.228783],[77.045665,43.3526],[76.968408,43.419314],[76.841388,43.393889],[76.777929,43.241495]]]},"properties":{"scalerank":3,"featurecla":"Urban area","area_sqkm":442.894,"min_zoom":3.7}},
{"type":"Feature","geometry":{"type":"Polygon","coordinates":[[[90.062079,43.139899],[90.201812,43.101814],[90.354206,43.000192],[90.493888,42.962081],[90.70974,43.000192],[90.687623,43.079619],[90.481175,43.177985],[90.062079,43.139899]]]},"properties":{"scalerank":4,"featurecla":"Urban area","area_sqkm":687.003,"min_zoom":4}},
{"type":"Feature","geometry":null,"properties":{"scalerank":3,"featurecla":"Urban area","area_sqkm":66.354,"min_zoom":3.7}},
{"type":"Feature","geometry":null,"properties":{"scalerank":4,"featurecla":"Urban area","area_sqkm":132.629,"min_zoom":4}},
{"type":"Feature","geometry":{"type":"Polygon","coordinates":[[[74.702293,42.924822],[74.6316,42.962081],[74.466545,42.873197],[74.568141,42.797],[74.745908,42.860485],[74.702293,42.924822]]]},"properties":{"scalerank":3,"featurecla":"Urban area","area_sqkm":261.912,"min_zoom":3.7}},
{"type":"Feature","geometry":null,"properties":{"scalerank":4,"featurecla":"Urban area","area_sqkm":79.017,"min_zoom":4}},
{"type":"Feature","geometry":null,"properties":{"scalerank":4,"featurecla":"Urban area","area_sqkm":120.356,"min_zoom":4}},
{"type":"Feature","geometry":null,"properties":{"scalerank":4,"featurecla":"Urban area","area_sqkm":172.339,"min_zoom":4}},
{"type":"Feature","geometry":null,"properties":{"scalerank":5,"featurecla":"Urban area","area_sqkm":93.083,"min_zoom":5}},
{"type":"Feature","geometry":null,"properties":{"scalerank":5,"featurecla":"Urban area","area_sqkm":71.326,"min_zoom":5}},
{"type":"Feature","geometry":null,"properties":{"scalerank":5,"featurecla":"Urban area","area_sqkm":148.392,"min_zoom":5}},
{"type":"Feature","geometry":null,"properties":{"scalerank":5,"featurecla":"Urban area","area_sqkm":132.85,"min_zoom":5}},
{"type":"Feature","geometry":null,"properties":{"scalerank":5,"featurecla":"Urban area","area_sqkm":80.778,"min_zoom":5}},
{"type":"Feature","geometry":{"type":"Polygon","coordinates":[[[69.734896,41.585007],[69.61511,41.565086],[69.450004,41.450804],[69.157929,41.488889],[69.094677,41.365486],[69.08491,41.115346],[69.424631,41.234899],[69.5516,41.387293],[69.742131,41.539687],[69.734896,41.585007]]]},"properties":{"scalerank":2,"featurecla":"Urban area","area_sqkm":1385.937,"min_zoom":3.6}},
{"type":"Feature","geometry":null,"properties":{"scalerank":5,"featurecla":"Urban area","area_sqkm":146.51,"min_zoom":5}},
{"type":"Feature","geometry":null,"properties":{"scalerank":5,"featurecla":"Urban area","area_sqkm":130.467,"min_zoom":5}},
{"type":"Feature","geometry":{"type":"Polygon","coordinates":[[[71.52011,41.044394],[71.4566,40.942798],[71.482025,40.82849],[71.685217,40.879288],[71.780094,40.987602],[71.926545,41.044394],[71.875696,41.133304],[71.685217,41.120591],[71.52011,41.044394]]]},"properties":{"scalerank":4,"featurecla":"Urban area","area_sqkm":711.132,"min_zoom":4}},
{"type":"Feature","geometry":null,"properties":{"scalerank":5,"featurecla":"Urban area","area_sqkm":126.913,"min_zoom":5}},
{"type":"Feature","geometry":null,"properties":{"scalerank":5,"featurecla":"Urban area","area_sqkm":136.804,"min_zoom":5}},
{"type":"Feature","geometry":{"type":"Polygon","coordinates":[[[72.917131,40.688783],[73.018727,40.790405],[72.904419,40.82849],[72.713888,40.726894],[72.663141,40.612586],[72.764737,40.460192],[72.866333,40.472905],[72.866333,40.625298],[72.917131,40.688783]]]},"properties":{"scalerank":5,"featurecla":"Urban area","area_sqkm":750.742,"min_zoom":5}},
{"type":"Feature","geometry":{"type":"Polygon","coordinates":[[[72.036461,40.678086],[72.269419,40.625298],[72.459898,40.752293],[72.447237,40.879288],[72.282131,40.955485],[72.205908,40.841177],[72.036461,40.678086]]]},"properties":{"scalerank":4,"featurecla":"Urban area","area_sqkm":785.584,"min_zoom":4}},
{"type":"Feature","geometry":{"type":"Polygon","coordinates":[[[69.653196,40.803091],[69.691333,40.917399],[69.488141,40.930086],[69.529017,40.82495],[69.653196,40.803091]]]},"properties":{"scalerank":5,"featurecla":"Urban area","area_sqkm":179.072,"min_zoom":5}},
{"type":"Feature","geometry":{"type":"Polygon","coordinates":[[[71.355004,40.34591],[71.227983,40.587187],[71.227983,40.66341],[71.062929,40.726894],[70.8216,40.726894],[70.822427,40.605403],[70.720004,40.333197],[70.897823,40.333197],[70.967948,40.396423],[71.227983,40.422081],[71.355004,40.34591]]]},"properties":{"scalerank":4,"featurecla":"Urban area","area_sqkm":1428.601,"min_zoom":4}},
{"type":"Feature","geometry":null,"properties":{"scalerank":5,"featurecla":"Urban area","area_sqkm":126.269,"min_zoom":5}},
{"type":"Feature","geometry":{"type":"Polygon","coordinates":[[[71.939206,40.523677],[71.786812,40.5745],[71.634419,40.536389],[71.723302,40.358596],[71.913833,40.34591],[71.939206,40.523677]]]},"properties":{"scalerank":4,"featurecla":"Urban area","area_sqkm":624.478,"min_zoom":4}},
{"type":"Feature","geometry":null,"properties":{"scalerank":4,"featurecla":"Urban area","area_sqkm":73.366,"min_zoom":4}},
{"type":"Feature","geometry":null,"properties":{"scalerank":5,"featurecla":"Urban area","area_sqkm":72.383,"min_zoom":5}},
{"type":"Feature","geometry":{"type":"Polygon","coordinates":[[[69.856388,40.206177],[69.788846,40.316402],[69.665908,40.371283],[69.526227,40.295086],[69.704045,40.180804],[69.856388,40.206177]]]},"properties":{"scalerank":5,"featurecla":"Urban area","area_sqkm":354.003,"min_zoom":5}},
{"type":"Feature","geometry":null,"properties":{"scalerank":5,"featurecla":"Urban area","area_sqkm":108.183,"min_zoom":5}},
{"type":"Feature","geometry":{"type":"Polygon","coordinates":[[[69.538888,40.218889],[69.411919,40.206177],[69.335696,40.282399],[69.119792,40.244288],[69.373833,40.130006],[69.538888,40.218889]]]},"properties":{"scalerank":5,"featurecla":"Urban area","area_sqkm":317.567,"min_zoom":5}},
{"type":"Feature","geometry":null,"properties":{"scalerank":5,"featurecla":"Urban area","area_sqkm":146.576,"min_zoom":5}},
{"type":"Feature","geometry":null,"properties":{"scalerank":5,"featurecla":"Urban area","area_sqkm":108.611,"min_zoom":5}},
{"type":"Feature","geometry":null,"properties":{"scalerank":5,"featurecla":"Urban area","area_sqkm":140.485,"min_zoom":5}},
{"type":"Feature","geometry":{"type":"Polygon","coordinates":[[[66.224206,40.02841],[66.249631,39.87599],[66.3766,39.914101],[66.224206,40.02841]]]},"properties":{"scalerank":5,"featurecla":"Urban area","area_sqkm":164.848,"min_zoom":5}},
{"type":"Feature","geometry":{"type":"Polygon","coordinates":[[[64.435065,39.734267],[64.573196,39.71091],[64.636706,39.761708],[64.497025,39.850591],[64.319206,39.837879],[64.435065,39.734267]]]},"properties":{"scalerank":4,"featurecla":"Urban area","area_sqkm":271.326,"min_zoom":4}},
{"type":"Feature","geometry":{"type":"Polygon","coordinates":[[[67.164045,39.736283],[66.998888,39.774394],[66.935429,39.837879],[66.744898,39.71091],[66.954653,39.57774],[67.087823,39.545804],[67.252929,39.406096],[67.379898,39.545804],[67.164045,39.736283]]]},"properties":{"scalerank":3,"featurecla":"Urban area","area_sqkm":1082.161,"min_zoom":3.7}},
{"type":"Feature","geometry":null,"properties":{"scalerank":5,"featurecla":"Urban area","area_sqkm":103.621,"min_zoom":5}},
{"type":"Feature","geometry":null,"properties":{"scalerank":3,"featurecla":"Urban area","area_sqkm":124.55,"min_zoom":3.7}},
{"type":"Feature","geometry":null,"properties":{"scalerank":5,"featurecla":"Urban area","area_sqkm":111.563,"min_zoom":5}},
{"type":"Feature","geometry":null,"properties":{"scalerank":5,"featurecla":"Urban area","area_sqkm":173.573,"min_zoom":5}},
{"type":"Feature","geometry":{"type":"Polygon","coordinates":[[[63.481014,39.113995],[63.569898,38.999687],[63.671545,39.101283],[63.580337,39.196884],[63.481014,39.113995]]]},"properties":{"scalerank":4,"featurecla":"Urban area","area_sqkm":204.777,"min_zoom":4}},
{"type":"Feature","geometry":null,"properties":{"scalerank":5,"featurecla":"Urban area","area_sqkm":182.596,"min_zoom":5}},
{"type":"Feature","geometry":null,"properties":{"scalerank":5,"featurecla":"Urban area","area_sqkm":80.788,"min_zoom":5}},
{"type":"Feature","geometry":null,"properties":{"scalerank":5,"featurecla":"Urban area","area_sqkm":135.824,"min_zoom":5}},
{"type":"Feature","geometry":null,"properties":{"scalerank":3,"featurecla":"Urban area","area_sqkm":144.657,"min_zoom":3.7}},
{"type":"Feature","geometry":null,"properties":{"scalerank":3,"featurecla":"Urban area","area_sqkm":66.836,"min_zoom":3.7}},
{"type":"Feature","geometry":{"type":"Polygon","coordinates":[[[61.855429,37.513783],[61.957025,37.602692],[61.982398,37.704288],[61.791919,37.691601],[61.766545,37.615379],[61.855429,37.513783]]]},"properties":{"scalerank":4,"featurecla":"Urban area","area_sqkm":248.661,"min_zoom":4}},
{"type":"Feature","geometry":null,"properties":{"scalerank":5,"featurecla":"Urban area","area_sqkm":90.292,"min_zoom":5}},
{"type":"Feature","geometry":{"type":"Polygon","coordinates":[[[67.227504,37.17091],[67.316388,37.183596],[67.39261,37.323304],[67.253911,37.305785],[67.227504,37.17091]]]},"properties":{"scalerank":5,"featurecla":"Urban area","area_sqkm":178.672,"min_zoom":5}},
{"type":"Feature","geometry":null,"properties":{"scalerank":5,"featurecla":"Urban area","area_sqkm":81.324,"min_zoom":5}},
{"type":"Feature","geometry":{"type":"Polygon","coordinates":[[[61.982398,36.332692],[61.99511,36.459687],[61.877495,36.452556],[61.804631,36.370804],[61.982398,36.332692]]]},"properties":{"scalerank":5,"featurecla":"Urban area","area_sqkm":190.974,"min_zoom":5}},
{"type":"Feature","geometry":null,"properties":{"scalerank":5,"featurecla":"Urban area","area_sqkm":109.488,"min_zoom":5}},
{"type":"Feature","geometry":{"type":"Polygon","coordinates":[[[58.883621,36.269208],[58.731227,36.345379],[58.743888,36.180298],[58.883621,36.269208]]]},"properties":{"scalerank":5,"featurecla":"Urban area","area_sqkm":193.264,"min_zoom":5}},
{"type":"Feature","geometry":null,"properties":{"scalerank":5,"featurecla":"Urban area","area_sqkm":109.719,"min_zoom":5}},
{"type":"Feature","geometry":null,"properties":{"scalerank":5,"featurecla":"Urban area","area_sqkm":121.11,"min_zoom":5}},
{"type":"Feature","geometry":null,"properties":{"scalerank":5,"featurecla":"Urban area","area_sqkm":138.106,"min_zoom":5}},
{"type":"Feature","geometry":null,"properties":{"scalerank":2,"featurecla":"Urban area","area_sqkm":57.424,"min_zoom":3.6}},
{"type":"Feature","geometry":null,"properties":{"scalerank":5,"featurecla":"Urban area","area_sqkm":109.874,"min_zoom":5}},
{"type":"Feature","geometry":{"type":"Polygon","coordinates":[[[72.218621,33.868889],[72.294792,33.767293],[72.447237,33.767293],[72.7266,34.059394],[72.625004,34.135591],[72.536121,33.957798],[72.358302,33.881601],[72.255466,33.950228],[72.193196,34.059394],[72.078888,34.122879],[72.142398,34.199101],[71.990004,34.262586],[71.990004,34.110192],[71.875127,34.079626],[71.672504,34.173677],[71.342292,34.033995],[71.469312,33.881601],[71.609045,33.894288],[71.66191,33.955705],[71.850323,33.919687],[71.926545,33.970485],[72.104312,33.983197],[72.218621,33.868889]]]},"properties":{"scalerank":2,"featurecla":"Urban area","area_sqkm":2565.125,"min_zoom":3.6}},
{"type":"Feature","geometry":null,"properties":{"scalerank":5,"featurecla":"Urban area","area_sqkm":200.334,"min_zoom":5}},
{"type":"Feature","geometry":{"type":"Polygon","coordinates":[[[73.10761,33.52599],[73.166728,33.646345],[73.132983,33.792692],[72.991803,33.756131],[72.942504,33.627586],[73.10761,33.52599]]]},"properties":{"scalerank":5,"featurecla":"Urban area","area_sqkm":420.277,"min_zoom":5}},
{"type":"Feature","geometry":null,"properties":{"scalerank":5,"featurecla":"Urban area","area_sqkm":72.214,"min_zoom":5}},
{"type":"Feature","geometry":{"type":"Polygon","coordinates":[[[73.653727,33.005298],[73.577504,32.852879],[73.818833,32.89099],[73.806121,33.005298],[73.692019,33.1325],[73.653727,33.005298]]]},"properties":{"scalerank":5,"featurecla":"Urban area","area_sqkm":434.095,"min_zoom":5}},
{"type":"Feature","geometry":null,"properties":{"scalerank":5,"featurecla":"Urban area","area_sqkm":113.566,"min_zoom":5}},
{"type":"Feature","geometry":null,"properties":{"scalerank":5,"featurecla":"Urban area","area_sqkm":132.899,"min_zoom":5}},
{"type":"Feature","geometry":null,"properties":{"scalerank":5,"featurecla":"Urban area","area_sqkm":83.561,"min_zoom":5}},
{"type":"Feature","geometry":null,"properties":{"scalerank":5,"featurecla":"Urban area","area_sqkm":127.155,"min_zoom":5}},
{"type":"Feature","geometry":null,"properties":{"scalerank":4,"featurecla":"Urban area","area_sqkm":154.652,"min_zoom":4}},
{"type":"Feature","geometry":null,"properties":{"scalerank":5,"featurecla":"Urban area","area_sqkm":79.472,"min_zoom":5}},
{"type":"Feature","geometry":null,"properties":{"scalerank":5,"featurecla":"Urban area","area_sqkm":114.911,"min_zoom":5}},
{"type":"Feature","geometry":null,"properties":{"scalerank":5,"featurecla":"Urban area","area_sqkm":83.481,"min_zoom":5}},
{"type":"Feature","geometry":null,"properties":{"scalerank":5,"featurecla":"Urban area","area_sqkm":123.191,"min_zoom":5}},
{"type":"Feature","geometry":{"type":"Polygon","coordinates":[[[74.140726,32.108015],[74.250641,32.205192],[74.168269,32.272811],[74.072823,32.243304],[74.140726,32.108015]]]},"properties":{"scalerank":4,"featurecla":"Urban area","area_sqkm":222.651,"min_zoom":4}},
{"type":"Feature","geometry":{"type":"Polygon","coordinates":[[[72.708617,32.155454],[72.601905,32.072539],[72.713888,32.002],[72.777398,32.103596],[72.708617,32.155454]]]},"properties":{"scalerank":5,"featurecla":"Urban area","area_sqkm":227.05,"min_zoom":5}},
{"type":"Feature","geometry":null,"properties":{"scalerank":5,"featurecla":"Urban area","area_sqkm":101.599,"min_zoom":5}},
{"type":"Feature","geometry":{"type":"Polygon","coordinates":[[[74.431302,31.427591],[74.530004,31.608304],[74.441121,31.697187],[74.326812,31.735298],[74.136333,31.671788],[74.199792,31.570192],[74.098196,31.417798],[74.364898,31.354288],[74.431302,31.427591]]]},"properties":{"scalerank":2,"featurecla":"Urban area","area_sqkm":1214.703,"min_zoom":3.6}},
{"type":"Feature","geometry":null,"properties":{"scalerank":5,"featurecla":"Urban area","area_sqkm":113.683,"min_zoom":5}},
{"type":"Feature","geometry":null,"properties":{"scalerank":5,"featurecla":"Urban area","area_sqkm":83.844,"min_zoom":5}},
{"type":"Feature","geometry":null,"properties":{"scalerank":3,"featurecla":"Urban area","area_sqkm":107.78,"min_zoom":3.7}},
{"type":"Feature","geometry":{"type":"Polygon","coordinates":[[[73.3169,31.48521],[73.198457,31.631765],[73.147711,31.524588],[72.986687,31.481593],[72.942504,31.379687],[73.076346,31.343953],[73.221919,31.367],[73.3169,31.48521]]]},"properties":{"scalerank":4,"featurecla":"Urban area","area_sqkm":673.276,"min_zoom":4}},
{"type":"Feature","geometry":{"type":"Polygon","coordinates":[[[75.622237,31.405086],[75.504725,31.379739],[75.520641,31.278091],[75.672983,31.30349],[75.622237,31.405086]]]},"properties":{"scalerank":4,"featurecla":"Urban area","area_sqkm":175.076,"min_zoom":4}},
{"type":"Feature","geometry":{"type":"Polygon","coordinates":[[[74.064193,31.280391],[73.869631,31.252692],[73.907717,31.163783],[74.064193,31.280391]]]},"properties":{"scalerank":2,"featurecla":"Urban area","area_sqkm":166.119,"min_zoom":3.6}},
{"type":"Feature","geometry":{"type":"Polygon","coordinates":[[[72.256706,31.265379],[72.396388,31.227293],[72.421812,31.341601],[72.310088,31.347338],[72.256706,31.265379]]]},"properties":{"scalerank":5,"featurecla":"Urban area","area_sqkm":158.542,"min_zoom":5}},
{"type":"Feature","geometry":null,"properties":{"scalerank":2,"featurecla":"Urban area","area_sqkm":80.401,"min_zoom":3.6}},
{"type":"Feature","geometry":null,"properties":{"scalerank":5,"featurecla":"Urban area","area_sqkm":100.809,"min_zoom":5}},
{"type":"Feature","geometry":null,"properties":{"scalerank":5,"featurecla":"Urban area","area_sqkm":76.838,"min_zoom":5}},
{"type":"Feature","geometry":{"type":"Polygon","coordinates":[[[75.956584,30.92664],[75.787292,31.024101],[75.749206,30.884394],[75.858915,30.851606],[75.956584,30.92664]]]},"properties":{"scalerank":4,"featurecla":"Urban area","area_sqkm":256.576,"min_zoom":4}},
{"type":"Feature","geometry":null,"properties":{"scalerank":5,"featurecla":"Urban area","area_sqkm":73.882,"min_zoom":5}},
{"type":"Feature","geometry":null,"properties":{"scalerank":5,"featurecla":"Urban area","area_sqkm":81.334,"min_zoom":5}},
{"type":"Feature","geometry":{"type":"Polygon","coordinates":[[[76.841388,30.630379],[76.907378,30.704121],[76.828727,30.808197],[76.650908,30.770086],[76.723152,30.677223],[76.841388,30.630379]]]},"properties":{"scalerank":4,"featurecla":"Urban area","area_sqkm":361.795,"min_zoom":4}},
{"type":"Feature","geometry":null,"properties":{"scalerank":5,"featurecla":"Urban area","area_sqkm":77.602,"min_zoom":5}},
{"type":"Feature","geometry":null,"properties":{"scalerank":5,"featurecla":"Urban area","area_sqkm":165.48,"min_zoom":5}},
{"type":"Feature","geometry":null,"properties":{"scalerank":5,"featurecla":"Urban area","area_sqkm":146.105,"min_zoom":5}},
{"type":"Feature","geometry":{"type":"Polygon","coordinates":[[[71.348545,30.236785],[71.367717,30.109687],[71.518715,30.142863],[71.596333,30.249394],[71.393141,30.300192],[71.348545,30.236785]]]},"properties":{"scalerank":3,"featurecla":"Urban area","area_sqkm":355.38,"min_zoom":3.7}},
{"type":"Feature","geometry":{"type":"Polygon","coordinates":[[[71.23434,30.211283],[71.088302,30.097],[71.227983,30.03349],[71.23434,30.211283]]]},"properties":{"scalerank":5,"featurecla":"Urban area","area_sqkm":213.671,"min_zoom":5}},
{"type":"Feature","geometry":null,"properties":{"scalerank":4,"featurecla":"Urban area","area_sqkm":102.821,"min_zoom":4}},
{"type":"Feature","geometry":null,"properties":{"scalerank":5,"featurecla":"Urban area","area_sqkm":86.814,"min_zoom":5}},
{"type":"Feature","geometry":{"type":"Polygon","coordinates":[[[60.763196,29.519129],[60.867789,29.450451],[60.9791,29.500086],[60.885152,29.607444],[60.763196,29.519129]]]},"properties":{"scalerank":5,"featurecla":"Urban area","area_sqkm":207.079,"min_zoom":5}},
{"type":"Feature","geometry":null,"properties":{"scalerank":5,"featurecla":"Urban area","area_sqkm":69.94,"min_zoom":5}},
{"type":"Feature","geometry":null,"properties":{"scalerank":5,"featurecla":"Urban area","area_sqkm":127.536,"min_zoom":5}},
{"type":"Feature","geometry":null,"properties":{"scalerank":5,"featurecla":"Urban area","area_sqkm":109.17,"min_zoom":5}},
{"type":"Feature","geometry":{"type":"Polygon","coordinates":[[[77.793888,28.992081],[77.752288,29.071146],[77.627851,29.056521],[77.703712,28.937407],[77.793888,28.992081]]]},"properties":{"scalerank":4,"featurecla":"Urban area","area_sqkm":228.106,"min_zoom":4}},
{"type":"Feature","geometry":null,"properties":{"scalerank":5,"featurecla":"Urban area","area_sqkm":88.646,"min_zoom":5}},
{"type":"Feature","geometry":{"type":"Polygon","coordinates":[[[77.238624,28.335196],[77.349419,28.306283],[77.425641,28.496788],[77.525945,28.50441],[77.565323,28.661894],[77.514525,28.76349],[77.425641,28.750804],[77.247823,28.801601],[77.222398,28.877798],[77.119458,28.907693],[77.044631,28.801601],[76.866812,28.700006],[76.968408,28.547586],[76.930323,28.44599],[77.038016,28.405192],[77.184312,28.420591],[77.238624,28.335196]]]},"properties":{"scalerank":2,"featurecla":"Urban area","area_sqkm":2866.39,"min_zoom":3.6}},
{"type":"Feature","geometry":null,"properties":{"scalerank":5,"featurecla":"Urban area","area_sqkm":105.436,"min_zoom":5}},
{"type":"Feature","geometry":null,"properties":{"scalerank":5,"featurecla":"Urban area","area_sqkm":89.135,"min_zoom":5}},
{"type":"Feature","geometry":null,"properties":{"scalerank":5,"featurecla":"Urban area","area_sqkm":77.594,"min_zoom":5}},
{"type":"Feature","geometry":null,"properties":{"scalerank":5,"featurecla":"Urban area","area_sqkm":93.958,"min_zoom":5}},
{"type":"Feature","geometry":{"type":"Polygon","coordinates":[[[69.29761,28.141203],[69.259525,28.026894],[69.389904,28.031054],[69.411919,28.12849],[69.29761,28.141203]]]},"properties":{"scalerank":5,"featurecla":"Urban area","area_sqkm":184.003,"min_zoom":5}},
{"type":"Feature","geometry":null,"properties":{"scalerank":5,"featurecla":"Urban area","area_sqkm":141.656,"min_zoom":5}},
{"type":"Feature","geometry":null,"properties":{"scalerank":4,"featurecla":"Urban area","area_sqkm":203.81,"min_zoom":4}},
{"type":"Feature","geometry":{"type":"Polygon","coordinates":[[[68.971119,27.699317],[68.870246,27.791405],[68.738833,27.785591],[68.751545,27.620485],[68.818776,27.555269],[68.967398,27.64591],[68.971119,27.699317]]]},"properties":{"scalerank":5,"featurecla":"Urban area","area_sqkm":550.514,"min_zoom":5}},
{"type":"Feature","geometry":null,"properties":{"scalerank":5,"featurecla":"Urban area","area_sqkm":145.669,"min_zoom":5}},
{"type":"Feature","geometry":null,"properties":{"scalerank":5,"featurecla":"Urban area","area_sqkm":139.204,"min_zoom":5}},
{"type":"Feature","geometry":{"type":"Polygon","coordinates":[[[77.739679,27.495841],[77.679631,27.633197],[77.590696,27.49349],[77.70118,27.368149],[77.739679,27.495841]]]},"properties":{"scalerank":5,"featurecla":"Urban area","area_sqkm":321.313,"min_zoom":5}},
{"type":"Feature","geometry":null,"properties":{"scalerank":5,"featurecla":"Urban area","area_sqkm":126.18,"min_zoom":5}},
{"type":"Feature","geometry":{"type":"Polygon","coordinates":[[[78.047929,27.125192],[78.111388,27.264899],[77.882823,27.264899],[77.928298,27.157929],[78.047929,27.125192]]]},"properties":{"scalerank":4,"featurecla":"Urban area","area_sqkm":280.846,"min_zoom":4}},
{"type":"Feature","geometry":{"type":"Polygon","coordinates":[[[75.800004,27.048995],[75.698408,26.998197],[75.730861,26.830843],[75.850802,26.782293],[75.9016,26.947399],[75.800004,27.048995]]]},"properties":{"scalerank":3,"featurecla":"Urban area","area_sqkm":406.699,"min_zoom":3.7}},
{"type":"Feature","geometry":{"type":"Polygon","coordinates":[[[81.007025,26.820379],[81.070483,26.909288],[80.931422,26.952748],[80.816545,26.871203],[80.905429,26.769581],[81.007025,26.820379]]]},"properties":{"scalerank":4,"featurecla":"Urban area","area_sqkm":316.023,"min_zoom":4}},
{"type":"Feature","geometry":null,"properties":{"scalerank":5,"featurecla":"Urban area","area_sqkm":68.819,"min_zoom":5}},
{"type":"Feature","geometry":null,"properties":{"scalerank":5,"featurecla":"Urban area","area_sqkm":101.521,"min_zoom":5}},
{"type":"Feature","geometry":{"type":"Polygon","coordinates":[[[68.02761,26.528304],[68.065696,26.718783],[67.938727,26.69341],[68.02761,26.528304]]]},"properties":{"scalerank":5,"featurecla":"Urban area","area_sqkm":220.415,"min_zoom":5}},
{"type":"Feature","geometry":null,"properties":{"scalerank":3,"featurecla":"Urban area","area_sqkm":105.053,"min_zoom":3.7}},
{"type":"Feature","geometry":null,"properties":{"scalerank":5,"featurecla":"Urban area","area_sqkm":132.08,"min_zoom":5}},
{"type":"Feature","geometry":{"type":"Polygon","coordinates":[[[80.422823,26.401283],[80.333888,26.566389],[80.233532,26.53975],[80.194206,26.452081],[80.302107,26.391361],[80.422823,26.401283]]]},"properties":{"scalerank":3,"featurecla":"Urban area","area_sqkm":296.888,"min_zoom":3.7}},
{"type":"Feature","geometry":{"type":"Polygon","coordinates":[[[74.597028,26.531456],[74.568141,26.439394],[74.733196,26.426708],[74.69511,26.528304],[74.597028,26.531456]]]},"properties":{"scalerank":5,"featurecla":"Urban area","area_sqkm":175.122,"min_zoom":5}},
{"type":"Feature","geometry":{"type":"Polygon","coordinates":[[[73.120323,26.312399],[73.0441,26.401283],[72.917131,26.287],[73.025238,26.225635],[73.120323,26.312399]]]},"properties":{"scalerank":4,"featurecla":"Urban area","area_sqkm":224.905,"min_zoom":4}},
{"type":"Feature","geometry":null,"properties":{"scalerank":5,"featurecla":"Urban area","area_sqkm":101.474,"min_zoom":5}},
{"type":"Feature","geometry":{"type":"Polygon","coordinates":[[[78.111388,26.160006],[78.234222,26.176904],[78.263833,26.312399],[78.086014,26.248889],[78.111388,26.160006]]]},"properties":{"scalerank":4,"featurecla":"Urban area","area_sqkm":221.881,"min_zoom":4}},
{"type":"Feature","geometry":null,"properties":{"scalerank":4,"featurecla":"Urban area","area_sqkm":135.298,"min_zoom":4}},
{"type":"Feature","geometry":null,"properties":{"scalerank":5,"featurecla":"Urban area","area_sqkm":77.595,"min_zoom":5}},
{"type":"Feature","geometry":{"type":"Polygon","coordinates":[[[85.045641,25.563091],[85.274206,25.563091],[85.17261,25.728197],[84.982079,25.652],[85.045641,25.563091]]]},"properties":{"scalerank":3,"featurecla":"Urban area","area_sqkm":321.342,"min_zoom":3.7}},
{"type":"Feature","geometry":null,"properties":{"scalerank":5,"featurecla":"Urban area","area_sqkm":120.642,"min_zoom":5}},
{"type":"Feature","geometry":{"type":"Polygon","coordinates":[[[68.586388,25.10591],[68.675323,25.017],[68.738833,25.169394],[68.611812,25.359899],[68.66261,25.448783],[68.751545,25.42341],[68.789631,25.537692],[68.624525,25.563091],[68.446706,25.474208],[68.294312,25.525006],[68.268888,25.347187],[68.510217,25.27099],[68.477195,25.170919],[68.586388,25.10591]]]},"properties":{"scalerank":3,"featurecla":"Urban area","area_sqkm":1797.866,"min_zoom":3.7}},
{"type":"Feature","geometry":{"type":"Polygon","coordinates":[[[81.718196,25.461495],[81.921388,25.359899],[81.921388,25.512293],[81.805684,25.527589],[81.718196,25.461495]]]},"properties":{"scalerank":4,"featurecla":"Urban area","area_sqkm":258.527,"min_zoom":4}},
{"type":"Feature","geometry":{"type":"Polygon","coordinates":[[[83.037547,25.396538],[82.962823,25.42341],[82.924737,25.27099],[83.026333,25.245591],[83.037547,25.396538]]]},"properties":{"scalerank":3,"featurecla":"Urban area","area_sqkm":238.103,"min_zoom":3.7}},
{"type":"Feature","geometry":{"type":"Polygon","coordinates":[[[75.761919,25.207506],[75.761919,25.131283],[75.888888,25.10591],[75.9016,25.245591],[75.761919,25.207506]]]},"properties":{"scalerank":4,"featurecla":"Urban area","area_sqkm":182.466,"min_zoom":4}},
{"type":"Feature","geometry":{"type":"Polygon","coordinates":[[[67.16265,24.760608],[67.258045,24.795154],[67.385996,24.765259],[67.430696,24.826495],[67.240217,24.940804],[67.037025,25.004288],[66.933879,24.918169],[66.904785,24.825927],[67.16265,24.760608]]]},"properties":{"scalerank":2,"featurecla":"Urban area","area_sqkm":811.265,"min_zoom":3.6}},
{"type":"Feature","geometry":null,"properties":{"scalerank":3,"featurecla":"Urban area","area_sqkm":117.96,"min_zoom":3.7}},
{"type":"Feature","geometry":null,"properties":{"scalerank":5,"featurecla":"Urban area","area_sqkm":154.364,"min_zoom":5}},
{"type":"Feature","geometry":null,"properties":{"scalerank":5,"featurecla":"Urban area","area_sqkm":89.646,"min_zoom":5}},
{"type":"Feature","geometry":null,"properties":{"scalerank":5,"featurecla":"Urban area","area_sqkm":134.807,"min_zoom":5}},
{"type":"Feature","geometry":null,"properties":{"scalerank":5,"featurecla":"Urban area","area_sqkm":103.571,"min_zoom":5}},
{"type":"Feature","geometry":{"type":"Polygon","coordinates":[[[82.810429,24.204208],[82.642325,24.177749],[82.708833,24.077187],[82.810429,24.204208]]]},"properties":{"scalerank":5,"featurecla":"Urban area","area_sqkm":195.931,"min_zoom":5}},
{"type":"Feature","geometry":{"type":"Polygon","coordinates":[[[90.405004,23.670804],[90.519312,23.569208],[90.516677,23.754881],[90.455802,23.937506],[90.341545,23.975591],[90.277983,23.797798],[90.405004,23.670804]]]},"properties":{"scalerank":2,"featurecla":"Urban area","area_sqkm":669.417,"min_zoom":3.6}},
{"type":"Feature","geometry":{"type":"Polygon","coordinates":[[[87.363174,23.581662],[87.179206,23.747],[86.89974,23.734288],[86.861706,23.810485],[86.734737,23.823197],[86.810908,23.670804],[87.0141,23.645379],[87.280802,23.480298],[87.363174,23.581662]]]},"properties":{"scalerank":3,"featurecla":"Urban area","area_sqkm":997.561,"min_zoom":3.7}},
{"type":"Feature","geometry":{"type":"Polygon","coordinates":[[[86.544206,23.645379],[86.455323,23.83591],[86.290217,23.848596],[86.074312,23.772399],[85.832983,23.83591],[85.845644,23.734288],[85.972717,23.759687],[86.163144,23.620006],[86.26474,23.772399],[86.395481,23.655585],[86.544206,23.645379]]]},"properties":{"scalerank":4,"featurecla":"Urban area","area_sqkm":897.17,"min_zoom":4}},
{"type":"Feature","geometry":{"type":"Polygon","coordinates":[[[72.421812,23.36599],[72.446049,23.263232],[72.574206,23.404101],[72.47261,23.416788],[72.421812,23.645379],[72.320217,23.556495],[72.282751,23.426348],[72.421812,23.36599]]]},"properties":{"scalerank":5,"featurecla":"Urban area","area_sqkm":652.738,"min_zoom":5}},
{"type":"Feature","geometry":{"type":"Polygon","coordinates":[[[77.501812,23.188197],[77.475819,23.32098],[77.311333,23.315192],[77.362131,23.20091],[77.501812,23.188197]]]},"properties":{"scalerank":3,"featurecla":"Urban area","area_sqkm":216.723,"min_zoom":3.7}},
{"type":"Feature","geometry":null,"properties":{"scalerank":5,"featurecla":"Urban area","area_sqkm":128.234,"min_zoom":5}},
{"type":"Feature","geometry":null,"properties":{"scalerank":4,"featurecla":"Urban area","area_sqkm":84.614,"min_zoom":4}},
{"type":"Feature","geometry":{"type":"Polygon","coordinates":[[[70.251144,22.970898],[70.282253,23.059135],[70.070276,23.166545],[70.036222,23.06805],[70.251144,22.970898]]]},"properties":{"scalerank":5,"featurecla":"Urban area","area_sqkm":397.534,"min_zoom":5}},
{"type":"Feature","geometry":{"type":"Polygon","coordinates":[[[72.701227,22.934208],[72.713888,23.137399],[72.542684,23.161196],[72.459898,23.010379],[72.562217,22.939479],[72.701227,22.934208]]]},"properties":{"scalerank":2,"featurecla":"Urban area","area_sqkm":518.462,"min_zoom":3.6}},
{"type":"Feature","geometry":{"type":"Polygon","coordinates":[[[88.48724,22.959581],[88.427295,23.048593],[88.33495,23.035804],[88.360323,22.921495],[88.2841,22.629394],[88.220641,22.515086],[88.385644,22.438889],[88.448379,22.524414],[88.512717,22.73099],[88.398408,22.769101],[88.48724,22.959581]]]},"properties":{"scalerank":2,"featurecla":"Urban area","area_sqkm":1166.875,"min_zoom":3.6}},
{"type":"Feature","geometry":null,"properties":{"scalerank":3,"featurecla":"Urban area","area_sqkm":151.605,"min_zoom":3.7}},
{"type":"Feature","geometry":{"type":"Polygon","coordinates":[[[75.812717,22.540485],[75.863514,22.654793],[75.952398,22.680192],[75.914312,22.819899],[75.796697,22.766104],[75.774631,22.616708],[75.812717,22.540485]]]},"properties":{"scalerank":4,"featurecla":"Urban area","area_sqkm":359.593,"min_zoom":4}},
{"type":"Feature","geometry":null,"properties":{"scalerank":5,"featurecla":"Urban area","area_sqkm":139.29,"min_zoom":5}},
{"type":"Feature","geometry":{"type":"Polygon","coordinates":[[[73.094898,22.324581],[73.221919,22.235697],[73.285429,22.362692],[73.154429,22.460877],[73.047046,22.448708],[73.094898,22.324581]]]},"properties":{"scalerank":4,"featurecla":"Urban area","area_sqkm":416.2,"min_zoom":4}},
{"type":"Feature","geometry":null,"properties":{"scalerank":5,"featurecla":"Urban area","area_sqkm":151.048,"min_zoom":5}},
{"type":"Feature","geometry":null,"properties":{"scalerank":5,"featurecla":"Urban area","area_sqkm":74.868,"min_zoom":5}},
{"type":"Feature","geometry":null,"properties":{"scalerank":3,"featurecla":"Urban area","area_sqkm":120.496,"min_zoom":3.7}},
{"type":"Feature","geometry":{"type":"Polygon","coordinates":[[[70.897823,22.362692],[70.775556,22.385146],[70.694631,22.311894],[70.817569,22.245257],[70.897823,22.362692]]]},"properties":{"scalerank":4,"featurecla":"Urban area","area_sqkm":174.322,"min_zoom":4}},
{"type":"Feature","geometry":null,"properties":{"scalerank":5,"featurecla":"Urban area","area_sqkm":138.616,"min_zoom":5}},
{"type":"Feature","geometry":{"type":"Polygon","coordinates":[[[72.617511,21.961735],[72.543097,21.696609],[72.663141,21.765804],[72.815483,21.93091],[72.752025,22.007081],[72.617511,21.961735]]]},"properties":{"scalerank":5,"featurecla":"Urban area","area_sqkm":641.304,"min_zoom":5}},
{"type":"Feature","geometry":null,"properties":{"scalerank":5,"featurecla":"Urban area","area_sqkm":78.163,"min_zoom":5}},
{"type":"Feature","geometry":{"type":"Polygon","coordinates":[[[72.815793,21.621885],[72.840908,21.524526],[73.094898,21.587985],[73.045805,21.712784],[72.815793,21.621885]]]},"properties":{"scalerank":5,"featurecla":"Urban area","area_sqkm":348.954,"min_zoom":5}},
{"type":"Feature","geometry":{"type":"Polygon","coordinates":[[[73.018727,21.46099],[72.951754,21.504993],[72.785563,21.452851],[72.929792,21.372081],[73.018727,21.46099]]]},"properties":{"scalerank":5,"featurecla":"Urban area","area_sqkm":208.244,"min_zoom":5}},
{"type":"Feature","geometry":{"type":"Polygon","coordinates":[[[72.75156,21.12915],[72.904419,21.029208],[73.073762,21.050317],[73.145696,21.105379],[73.132983,21.283197],[73.06229,21.303816],[72.798379,21.300664],[72.677094,21.221082],[72.75156,21.12915]]]},"properties":{"scalerank":2,"featurecla":"Urban area","area_sqkm":1278.03,"min_zoom":3.6}},
{"type":"Feature","geometry":{"type":"Polygon","coordinates":[[[79.178196,21.118091],[79.178196,21.207],[79.089312,21.308596],[79.000429,21.219687],[79.000429,21.105379],[79.178196,21.118091]]]},"properties":{"scalerank":3,"featurecla":"Urban area","area_sqkm":369.018,"min_zoom":3.7}},
{"type":"Feature","geometry":null,"properties":{"scalerank":5,"featurecla":"Urban area","area_sqkm":107.997,"min_zoom":5}},
{"type":"Feature","geometry":{"type":"Polygon","coordinates":[[[71.50223,20.930816],[71.319296,20.924976],[71.327512,20.845498],[71.50223,20.930816]]]},"properties":{"scalerank":5,"featurecla":"Urban area","area_sqkm":159.238,"min_zoom":5}},
{"type":"Feature","geometry":null,"properties":{"scalerank":5,"featurecla":"Urban area","area_sqkm":88.234,"min_zoom":5}},
{"type":"Feature","geometry":null,"properties":{"scalerank":5,"featurecla":"Urban area","area_sqkm":111.921,"min_zoom":5}},
{"type":"Feature","geometry":null,"properties":{"scalerank":5,"featurecla":"Urban area","area_sqkm":131.594,"min_zoom":5}},
{"type":"Feature","geometry":null,"properties":{"scalerank":4,"featurecla":"Urban area","area_sqkm":125.459,"min_zoom":4}},
{"type":"Feature","geometry":null,"properties":{"scalerank":5,"featurecla":"Urban area","area_sqkm":138.358,"min_zoom":5}},
{"type":"Feature","geometry":{"type":"Polygon","coordinates":[[[79.267131,19.822718],[79.343302,20.038622],[79.216333,20.076708],[79.267131,19.822718]]]},"properties":{"scalerank":5,"featurecla":"Urban area","area_sqkm":264.338,"min_zoom":5}},
{"type":"Feature","geometry":null,"properties":{"scalerank":4,"featurecla":"Urban area","area_sqkm":191.48,"min_zoom":4}},
{"type":"Feature","geometry":{"type":"Polygon","coordinates":[[[75.317398,19.962399],[75.226137,19.907622],[75.246136,19.802874],[75.391915,19.849796],[75.317398,19.962399]]]},"properties":{"scalerank":4,"featurecla":"Urban area","area_sqkm":270.577,"min_zoom":4}},
{"type":"Feature","geometry":{"type":"Polygon","coordinates":[[[72.763962,19.413182],[72.811608,19.2989],[72.803029,19.079301],[72.834655,18.975612],[73.005601,19.021113],[73.120323,18.971814],[73.158408,19.047985],[73.184608,19.302801],[73.0441,19.352773],[72.889432,19.358302],[72.852794,19.458916],[72.763962,19.413182]]]},"properties":{"scalerank":2,"featurecla":"Urban area","area_sqkm":1420.881,"min_zoom":3.6}},
{"type":"Feature","geometry":null,"properties":{"scalerank":5,"featurecla":"Urban area","area_sqkm":122.381,"min_zoom":5}},
{"type":"Feature","geometry":{"type":"Polygon","coordinates":[[[79.537089,18.809963],[79.406812,18.730485],[79.584631,18.641601],[79.584631,18.781283],[79.537089,18.809963]]]},"properties":{"scalerank":5,"featurecla":"Urban area","area_sqkm":433.131,"min_zoom":5}},
{"type":"Feature","geometry":{"type":"Polygon","coordinates":[[[73.755323,18.489208],[73.891438,18.457892],[73.983888,18.552718],[73.869631,18.679687],[73.767983,18.730485],[73.755323,18.489208]]]},"properties":{"scalerank":3,"featurecla":"Urban area","area_sqkm":474.101,"min_zoom":3.7}},
{"type":"Feature","geometry":{"type":"Polygon","coordinates":[[[83.367501,17.767443],[83.2041,17.777985],[83.115217,17.701814],[83.198364,17.609003],[83.367501,17.767443]]]},"properties":{"scalerank":3,"featurecla":"Urban area","area_sqkm":278.106,"min_zoom":3.7}},
{"type":"Feature","geometry":null,"properties":{"scalerank":4,"featurecla":"Urban area","area_sqkm":96.893,"min_zoom":4}},
{"type":"Feature","geometry":{"type":"Polygon","coordinates":[[[78.327292,17.447773],[78.390802,17.308091],[78.581333,17.320804],[78.632131,17.48591],[78.555908,17.549368],[78.320109,17.587351],[78.225696,17.498622],[78.327292,17.447773]]]},"properties":{"scalerank":2,"featurecla":"Urban area","area_sqkm":916.061,"min_zoom":3.6}},
{"type":"Feature","geometry":null,"properties":{"scalerank":5,"featurecla":"Urban area","area_sqkm":148.593,"min_zoom":5}},
{"type":"Feature","geometry":null,"properties":{"scalerank":5,"featurecla":"Urban area","area_sqkm":206.78,"min_zoom":5}},
{"type":"Feature","geometry":null,"properties":{"scalerank":4,"featurecla":"Urban area","area_sqkm":101.115,"min_zoom":4}},
{"type":"Feature","geometry":null,"properties":{"scalerank":5,"featurecla":"Urban area","area_sqkm":86.345,"min_zoom":5}},
{"type":"Feature","geometry":null,"properties":{"scalerank":5,"featurecla":"Urban area","area_sqkm":86.022,"min_zoom":5}},
{"type":"Feature","geometry":null,"properties":{"scalerank":5,"featurecla":"Urban area","area_sqkm":100.035,"min_zoom":5}},
{"type":"Feature","geometry":{"type":"Polygon","coordinates":[[[80.30898,13.293918],[80.130696,13.180591],[80.054525,13.053622],[80.079898,12.952026],[80.267277,12.916163],[80.32996,13.287639],[80.30898,13.293918]]]},"properties":{"scalerank":2,"featurecla":"Urban area","area_sqkm":761.134,"min_zoom":3.6}},
{"type":"Feature","geometry":{"type":"Polygon","coordinates":[[[77.730429,13.078995],[77.590696,13.129793],[77.476388,13.078995],[77.495456,12.952026],[77.55261,12.863091],[77.744743,12.985719],[77.730429,13.078995]]]},"properties":{"scalerank":2,"featurecla":"Urban area","area_sqkm":599.552,"min_zoom":3.6}},
{"type":"Feature","geometry":{"type":"Polygon","coordinates":[[[76.574737,12.380485],[76.638196,12.266177],[76.714419,12.35506],[76.574737,12.380485]]]},"properties":{"scalerank":4,"featurecla":"Urban area","area_sqkm":132.22,"min_zoom":4}},
{"type":"Feature","geometry":{"type":"Polygon","coordinates":[[[79.406812,11.618464],[79.419525,11.504208],[79.522361,11.537436],[79.521121,11.643889],[79.406812,11.618464]]]},"properties":{"scalerank":5,"featurecla":"Urban area","area_sqkm":155.448,"min_zoom":5}},
{"type":"Feature","geometry":null,"properties":{"scalerank":5,"featurecla":"Urban area","area_sqkm":116.23,"min_zoom":5}},
{"type":"Feature","geometry":{"type":"Polygon","coordinates":[[[76.904898,11.08506],[76.904898,10.991526],[76.981121,10.945379],[77.057292,11.034314],[76.904898,11.08506]]]},"properties":{"scalerank":3,"featurecla":"Urban area","area_sqkm":196.305,"min_zoom":3.7}},
{"type":"Feature","geometry":{"type":"Polygon","coordinates":[[[59.569419,36.205697],[59.694786,36.214456],[59.77261,36.294581],[59.716283,36.384317],[59.594792,36.408889],[59.480483,36.510485],[59.378888,36.510485],[59.251919,36.434288],[59.290004,36.307293],[59.45418,36.280964],[59.569419,36.205697]]]},"properties":{"scalerank":2,"featurecla":"Urban area","area_sqkm":941.38,"min_zoom":3.6}},
{"type":"Feature","geometry":null,"properties":{"scalerank":5,"featurecla":"Urban area","area_sqkm":113.371,"min_zoom":5}},
{"type":"Feature","geometry":{"type":"Polygon","coordinates":[[[119.413828,25.643215],[119.434395,25.784447],[119.281949,25.746336],[119.413828,25.643215]]]},"properties":{"scalerank":5,"featurecla":"Urban area","area_sqkm":180.579,"min_zoom":5}},
{"type":"Feature","geometry":{"type":"Polygon","coordinates":[[[119.180044,25.449816],[119.121184,25.536374],[118.996954,25.493431],[118.964449,25.428836],[119.104234,25.378038],[119.180044,25.449816]]]},"properties":{"scalerank":5,"featurecla":"Urban area","area_sqkm":319.223,"min_zoom":5}},
{"type":"Feature","geometry":{"type":"Polygon","coordinates":[[[110.328439,25.212932],[110.342443,25.334862],[110.264981,25.365351],[110.138012,25.251043],[110.328439,25.212932]]]},"properties":{"scalerank":3,"featurecla":"Urban area","area_sqkm":247.464,"min_zoom":3.7}},
{"type":"Feature","geometry":{"type":"Polygon","coordinates":[[[120.789454,24.581291],[120.945672,24.666841],[120.971045,24.75575],[121.098066,24.743038],[121.339395,24.895432],[121.542587,24.933543],[121.656895,25.035139],[121.504449,25.162134],[121.339395,25.085937],[121.296917,25.135314],[121.040602,25.032788],[120.835963,24.722677],[120.789454,24.581291]]]},"properties":{"scalerank":2,"featurecla":"Urban area","area_sqkm":2274.528,"min_zoom":3.6}},
{"type":"Feature","geometry":{"type":"Polygon","coordinates":[[[102.834116,25.084542],[102.810087,25.174846],[102.594234,25.111336],[102.609634,24.982403],[102.746628,24.94623],[102.822799,24.857346],[102.899022,25.035139],[102.834116,25.084542]]]},"properties":{"scalerank":2,"featurecla":"Urban area","area_sqkm":652.556,"min_zoom":3.6}},
{"type":"Feature","geometry":{"type":"Polygon","coordinates":[[[118.56034,24.580386],[118.657078,24.621443],[118.719193,24.746138],[118.636924,24.835539],[118.723172,24.971654],[118.456522,24.997027],[118.321905,24.57912],[118.56034,24.580386]]]},"properties":{"scalerank":4,"featurecla":"Urban area","area_sqkm":1330.203,"min_zoom":4}},
{"type":"Feature","geometry":null,"properties":{"scalerank":5,"featurecla":"Urban area","area_sqkm":137.753,"min_zoom":5}},
{"type":"Feature","geometry":{"type":"Polygon","coordinates":[[[113.576975,24.864271],[113.516203,24.831947],[113.592426,24.654154],[113.668545,24.69224],[113.655885,24.831947],[113.576975,24.864271]]]},"properties":{"scalerank":4,"featurecla":"Urban area","area_sqkm":240.976,"min_zoom":4}},
{"type":"Feature","geometry":{"type":"Polygon","coordinates":[[[121.759421,24.817504],[121.669504,24.679527],[121.826704,24.619273],[121.820089,24.824532],[121.759421,24.817504]]]},"properties":{"scalerank":5,"featurecla":"Urban area","area_sqkm":225.214,"min_zoom":5}},
{"type":"Feature","geometry":null,"properties":{"scalerank":5,"featurecla":"Urban area","area_sqkm":288.437,"min_zoom":5}},
{"type":"Feature","geometry":null,"properties":{"scalerank":4,"featurecla":"Urban area","area_sqkm":90.192,"min_zoom":4}},
{"type":"Feature","geometry":{"type":"Polygon","coordinates":[[[117.605876,24.545944],[117.605566,24.501735],[117.821522,24.43825],[117.768967,24.541965],[117.605876,24.545944]]]},"properties":{"scalerank":5,"featurecla":"Urban area","area_sqkm":191.62,"min_zoom":5}},
{"type":"Feature","geometry":null,"properties":{"scalerank":5,"featurecla":"Urban area","area_sqkm":90.465,"min_zoom":5}},
{"type":"Feature","geometry":{"type":"Polygon","coordinates":[[[109.36333,24.412851],[109.299768,24.260432],[109.464926,24.247745],[109.515672,24.336654],[109.36333,24.412851]]]},"properties":{"scalerank":5,"featurecla":"Urban area","area_sqkm":299.169,"min_zoom":5}},
{"type":"Feature","geometry":null,"properties":{"scalerank":5,"featurecla":"Urban area","area_sqkm":155.589,"min_zoom":5}},
{"type":"Feature","geometry":{"type":"Polygon","coordinates":[[[116.698851,23.277804],[116.682315,23.327414],[116.818121,23.423325],[116.843545,23.600033],[116.691203,23.549235],[116.703916,23.67623],[116.616893,23.713075],[116.551522,23.650856],[116.640405,23.549235],[116.551522,23.409527],[116.698851,23.277804]]]},"properties":{"scalerank":5,"featurecla":"Urban area","area_sqkm":800.355,"min_zoom":5}},
{"type":"Feature","geometry":{"type":"Polygon","coordinates":[[[116.399955,23.516291],[116.488012,23.600033],[116.284768,23.612745],[116.322905,23.48575],[116.399955,23.516291]]]},"properties":{"scalerank":5,"featurecla":"Urban area","area_sqkm":236.971,"min_zoom":5}},
{"type":"Feature","geometry":{"type":"Polygon","coordinates":[[[116.318564,23.2322],[116.386416,23.193649],[116.513385,23.219048],[116.411789,23.333356],[116.318564,23.2322]]]},"properties":{"scalerank":5,"featurecla":"Urban area","area_sqkm":245.92,"min_zoom":5}},
{"type":"Feature","geometry":{"type":"Polygon","coordinates":[[[108.220299,22.799952],[108.334607,22.736442],[108.41083,22.838038],[108.299881,22.906716],[108.220299,22.799952]]]},"properties":{"scalerank":3,"featurecla":"Urban area","area_sqkm":214.733,"min_zoom":3.7}},
{"type":"Feature","geometry":null,"properties":{"scalerank":5,"featurecla":"Urban area","area_sqkm":130.99,"min_zoom":5}},
{"type":"Feature","geometry":{"type":"Polygon","coordinates":[[[96.059026,21.88453],[96.129926,21.872851],[96.155299,22.012533],[96.002905,22.012533],[96.059026,21.88453]]]},"properties":{"scalerank":4,"featurecla":"Urban area","area_sqkm":237.088,"min_zoom":4}},
{"type":"Feature","geometry":{"type":"Polygon","coordinates":[[[111.061159,21.510987],[111.001628,21.682346],[110.899981,21.758543],[110.823809,21.682346],[111.009483,21.48148],[111.061159,21.510987]]]},"properties":{"scalerank":5,"featurecla":"Urban area","area_sqkm":365.935,"min_zoom":5}},
{"type":"Feature","geometry":null,"properties":{"scalerank":4,"featurecla":"Urban area","area_sqkm":117.665,"min_zoom":4}},
{"type":"Feature","geometry":null,"properties":{"scalerank":4,"featurecla":"Urban area","area_sqkm":40.286,"min_zoom":4}},
{"type":"Feature","geometry":{"type":"Polygon","coordinates":[[[105.756522,21.098144],[105.781895,20.94575],[105.892069,20.968927],[105.934289,21.060058],[105.852123,21.113389],[105.756522,21.098144]]]},"properties":{"scalerank":3,"featurecla":"Urban area","area_sqkm":252.261,"min_zoom":3.7}},
{"type":"Feature","geometry":{"type":"Polygon","coordinates":[[[110.212994,20.008288],[110.298829,19.958937],[110.468172,19.955113],[110.427916,20.049991],[110.213356,20.056063],[110.212994,20.008288]]]},"properties":{"scalerank":5,"featurecla":"Urban area","area_sqkm":213.619,"min_zoom":5}},
{"type":"Feature","geometry":{"type":"Polygon","coordinates":[[[98.936628,18.697825],[99.076309,18.748675],[99.054554,18.860244],[98.961949,18.926442],[98.936628,18.697825]]]},"properties":{"scalerank":4,"featurecla":"Urban area","area_sqkm":241.532,"min_zoom":4}},
{"type":"Feature","geometry":{"type":"Polygon","coordinates":[[[96.220308,16.780578],[96.206045,16.932558],[96.066416,16.945271],[96.053703,16.856336],[96.220308,16.780578]]]},"properties":{"scalerank":3,"featurecla":"Urban area","area_sqkm":393.135,"min_zoom":3.7}},
{"type":"Feature","geometry":{"type":"Polygon","coordinates":[[[120.628172,15.10373],[120.602799,15.256175],[120.513916,15.192613],[120.628172,15.10373]]]},"properties":{"scalerank":5,"featurecla":"Urban area","area_sqkm":141.175,"min_zoom":5}},
{"type":"Feature","geometry":{"type":"Polygon","coordinates":[[[101.387693,15.10373],[101.10833,15.243463],[101.095566,15.16724],[101.209926,15.10373],[101.387693,15.10373]]]},"properties":{"scalerank":5,"featurecla":"Urban area","area_sqkm":239.899,"min_zoom":5}},
{"type":"Feature","geometry":{"type":"Polygon","coordinates":[[[101.197214,14.84974],[101.260827,14.950225],[101.209926,15.052932],[101.10833,15.027558],[101.044768,14.875113],[101.197214,14.84974]]]},"properties":{"scalerank":5,"featurecla":"Urban area","area_sqkm":303.77,"min_zoom":5}},
{"type":"Feature","geometry":{"type":"Polygon","coordinates":[[[102.042227,14.982626],[101.959234,14.900538],[102.187799,14.887825],[102.194259,15.002237],[102.136949,15.052932],[102.042227,14.982626]]]},"properties":{"scalerank":5,"featurecla":"Urban area","area_sqkm":296.208,"min_zoom":5}},
{"type":"Feature","geometry":null,"properties":{"scalerank":5,"featurecla":"Urban area","area_sqkm":78.393,"min_zoom":5}},
{"type":"Feature","geometry":{"type":"Polygon","coordinates":[[[100.85341,14.380776],[100.930512,14.379846],[100.963274,14.505833],[101.032107,14.59575],[101.019395,14.684634],[100.930512,14.748144],[100.765405,14.773517],[100.79083,14.646548],[100.905087,14.659209],[100.85341,14.380776]]]},"properties":{"scalerank":5,"featurecla":"Urban area","area_sqkm":644.798,"min_zoom":5}},
{"type":"Feature","geometry":{"type":"Polygon","coordinates":[[[99.927214,14.519527],[99.863703,14.544952],[99.83833,14.316336],[99.916827,14.36039],[99.927214,14.519527]]]},"properties":{"scalerank":5,"featurecla":"Urban area","area_sqkm":226.183,"min_zoom":5}},
{"type":"Feature","geometry":null,"properties":{"scalerank":5,"featurecla":"Urban area","area_sqkm":141.15,"min_zoom":5}},
{"type":"Feature","geometry":{"type":"Polygon","coordinates":[[[100.897749,12.653802],[100.953766,12.621245],[101.090192,12.673645],[101.372448,12.630082],[101.248012,12.766921],[101.260672,12.843144],[101.120939,12.843144],[100.897749,12.653802]]]},"properties":{"scalerank":4,"featurecla":"Urban area","area_sqkm":814.188,"min_zoom":4}},
{"type":"Feature","geometry":{"type":"Polygon","coordinates":[[[106.581949,10.900058],[106.58443,10.745753],[106.785193,10.747613],[106.924926,10.97623],[106.785193,11.001654],[106.747107,10.938144],[106.581949,10.900058]]]},"properties":{"scalerank":2,"featurecla":"Urban area","area_sqkm":767.252,"min_zoom":3.6}},
{"type":"Feature","geometry":{"type":"Polygon","coordinates":[[[100.433591,5.253194],[100.485939,5.413623],[100.378039,5.473413],[100.433591,5.253194]]]},"properties":{"scalerank":5,"featurecla":"Urban area","area_sqkm":192.788,"min_zoom":5}},
{"type":"Feature","geometry":{"type":"Polygon","coordinates":[[[101.170497,4.636849],[101.056809,4.64597],[101.032107,4.550058],[101.146416,4.550058],[101.170497,4.636849]]]},"properties":{"scalerank":5,"featurecla":"Urban area","area_sqkm":175.645,"min_zoom":5}},
{"type":"Feature","geometry":null,"properties":{"scalerank":5,"featurecla":"Urban area","area_sqkm":131.137,"min_zoom":5}},
{"type":"Feature","geometry":{"type":"Polygon","coordinates":[[[101.350641,3.003331],[101.501949,3.051442],[101.574658,2.997957],[101.667107,3.013356],[101.755939,2.937134],[101.844926,2.975271],[101.806789,3.178463],[101.74333,3.267346],[101.565512,3.267346],[101.463916,3.076867],[101.340409,3.086789],[101.350641,3.003331]]]},"properties":{"scalerank":2,"featurecla":"Urban area","area_sqkm":1116.706,"min_zoom":3.6}},
{"type":"Feature","geometry":{"type":"Polygon","coordinates":[[[102.328256,2.155011],[102.289395,2.302134],[102.145631,2.248494],[102.328256,2.155011]]]},"properties":{"scalerank":5,"featurecla":"Urban area","area_sqkm":203.728,"min_zoom":5}},
{"type":"Feature","geometry":null,"properties":{"scalerank":5,"featurecla":"Urban area","area_sqkm":179.104,"min_zoom":5}},
{"type":"Feature","geometry":{"type":"Polygon","coordinates":[[[103.650139,1.325552],[103.819948,1.265401],[103.996371,1.36524],[103.817984,1.447095],[103.705329,1.423428],[103.650139,1.325552]]]},"properties":{"scalerank":3,"featurecla":"Urban area","area_sqkm":482.764,"min_zoom":3.7}},
{"type":"Feature","geometry":{"type":"Polygon","coordinates":[[[106.672228,-6.078957],[106.523193,-6.172026],[106.50583,-6.232229],[106.645512,-6.270366],[106.709022,-6.35925],[106.861416,-6.42276],[106.937587,-6.333877],[107.178916,-6.308452],[106.959704,-6.050586],[106.825139,-6.098284],[106.672228,-6.078957]]]},"properties":{"scalerank":2,"featurecla":"Urban area","area_sqkm":1680.828,"min_zoom":3.6}},
{"type":"Feature","geometry":null,"properties":{"scalerank":3,"featurecla":"Urban area","area_sqkm":205.368,"min_zoom":3.7}},
{"type":"Feature","geometry":{"type":"Polygon","coordinates":[[[112.652587,-7.258626],[112.652587,-7.349887],[112.744571,-7.43629],[112.794283,-7.304515],[112.652587,-7.258626]]]},"properties":{"scalerank":3,"featurecla":"Urban area","area_sqkm":247.378,"min_zoom":3.7}},
{"type":"Feature","geometry":null,"properties":{"scalerank":4,"featurecla":"Urban area","area_sqkm":95.421,"min_zoom":4}},
{"type":"Feature","geometry":{"type":"Polygon","coordinates":[[[120.553448,22.525447],[120.602696,22.768481],[120.488439,22.825351],[120.407152,22.745149],[120.336045,22.926947],[120.374234,23.10474],[120.348809,23.180937],[120.501203,23.460351],[120.501203,23.625432],[120.717004,23.790538],[120.727391,24.007837],[120.767905,24.108038],[120.755193,24.222346],[120.856789,24.285856],[120.691734,24.400113],[120.629671,24.478532],[120.159002,23.709044],[120.144481,23.608559],[120.209128,23.523836],[120.183703,23.320644],[120.085518,23.212046],[120.083451,23.093681],[120.150114,22.974929],[120.232796,22.717916],[120.325607,22.542449],[120.479809,22.441912],[120.553448,22.525447]]]},"properties":{"scalerank":2,"featurecla":"Urban area","area_sqkm":6831.631,"min_zoom":3.6}},
{"type":"Feature","geometry":null,"properties":{"scalerank":5,"featurecla":"Urban area","area_sqkm":89.416,"min_zoom":5}},
{"type":"Feature","geometry":{"type":"Polygon","coordinates":[[[113.49884,22.201668],[113.58886,22.350471],[113.551447,22.404163],[113.552997,22.594022],[113.331098,22.912013],[113.441893,22.940564],[113.445303,23.055079],[113.58638,23.020042],[113.619659,22.861447],[113.754432,22.733651],[113.828329,22.607251],[114.006716,22.484054],[113.896438,22.428166],[114.267992,22.295539],[114.240087,22.418942],[114.163916,22.418942],[114.201949,22.571336],[114.290885,22.660245],[114.417905,22.660245],[114.506789,22.761841],[114.494128,22.85075],[114.367107,22.825351],[114.214714,22.863437],[114.494128,23.079341],[114.474336,23.18657],[114.339719,23.185846],[114.354395,23.092027],[114.163916,23.028543],[114.062268,23.130139],[113.795566,23.219048],[113.6163,23.197861],[113.427268,23.219048],[113.389234,23.307932],[113.528916,23.48575],[113.313012,23.434952],[113.287587,23.511149],[113.135193,23.498437],[113.059022,23.409527],[113.084395,23.307932],[112.982799,23.219048],[112.804981,23.244447],[112.881203,23.10474],[112.893916,22.977745],[112.856295,22.857158],[112.957426,22.85075],[113.008172,22.647533],[112.944714,22.520538],[113.020885,22.431654],[113.185939,22.571336],[113.351045,22.317346],[113.49884,22.201668]]]},"properties":{"scalerank":2,"featurecla":"Urban area","area_sqkm":11674.938,"min_zoom":3.6}},
{"type":"Feature","geometry":null,"properties":{"scalerank":5,"featurecla":"Urban area","area_sqkm":77.104,"min_zoom":5}},
{"type":"Feature","geometry":{"type":"Polygon","coordinates":[[[120.854102,14.391422],[120.920299,14.354421],[120.920299,14.252825],[121.034504,14.27825],[121.098066,14.189367],[121.186949,14.202027],[121.072693,14.405271],[121.098066,14.506867],[121.199714,14.53224],[121.161628,14.748144],[121.062564,14.803955],[120.933115,14.780855],[120.906863,14.690757],[120.951615,14.557975],[120.854102,14.391422]]]},"properties":{"scalerank":2,"featurecla":"Urban area","area_sqkm":1505.803,"min_zoom":3.6}},
{"type":"Feature","geometry":{"type":"Polygon","coordinates":[[[100.656006,13.521294],[100.854289,13.541654],[100.962654,13.431997],[100.926274,13.303013],[100.946118,13.187257],[100.90395,13.034915],[101.197214,12.94474],[101.248012,13.109846],[101.10833,13.097134],[100.994022,13.224154],[101.146416,13.300325],[101.184449,13.465432],[101.065749,13.498298],[101.057481,13.64325],[100.968545,13.605113],[100.803439,13.655963],[100.841628,13.808356],[100.766594,13.879386],[100.701895,14.087771],[100.625672,14.240113],[100.524128,14.075058],[100.513483,13.98403],[100.333545,13.973463],[100.409768,13.83373],[100.257426,13.757558],[100.104981,13.871867],[99.927214,13.884527],[99.711309,14.036921],[99.647799,13.973463],[99.787481,13.89724],[99.952638,13.757558],[100.168439,13.782932],[100.318973,13.528296],[100.485939,13.617825],[100.55348,13.528218],[100.656006,13.521294]]]},"properties":{"scalerank":2,"featurecla":"Urban area","area_sqkm":5283.887,"min_zoom":3.6}},
{"type":"Feature","geometry":null,"properties":{"scalerank":3,"featurecla":"Urban area","area_sqkm":110.271,"min_zoom":3.7}},
{"type":"Feature","geometry":null,"properties":{"scalerank":6,"featurecla":"Urban area","area_sqkm":117.622,"min_zoom":6}},
{"type":"Feature","geometry":null,"properties":{"scalerank":5,"featurecla":"Urban area","area_sqkm":123.859,"min_zoom":5}},
{"type":"Feature","geometry":null,"properties":{"scalerank":4,"featurecla":"Urban area","area_sqkm":82.221,"min_zoom":4}},
{"type":"Feature","geometry":{"type":"Polygon","coordinates":[[[118.273949,50.051932],[118.273949,50.140816],[117.994586,50.217038],[117.981874,50.077331],[118.273949,50.051932]]]},"properties":{"scalerank":5,"featurecla":"Urban area","area_sqkm":297.703,"min_zoom":5}},
{"type":"Feature","geometry":null,"properties":{"scalerank":4,"featurecla":"Urban area","area_sqkm":104.412,"min_zoom":4}},
{"type":"Feature","geometry":null,"properties":{"scalerank":4,"featurecla":"Urban area","area_sqkm":180.286,"min_zoom":4}},
{"type":"Feature","geometry":null,"properties":{"scalerank":5,"featurecla":"Urban area","area_sqkm":120.795,"min_zoom":5}},
{"type":"Feature","geometry":{"type":"Polygon","coordinates":[[[130.389799,47.435735],[130.224692,47.359538],[130.359258,47.291119],[130.389799,47.435735]]]},"properties":{"scalerank":5,"featurecla":"Urban area","area_sqkm":183.584,"min_zoom":5}},
{"type":"Feature","geometry":null,"properties":{"scalerank":3,"featurecla":"Urban area","area_sqkm":109.51,"min_zoom":3.7}},
{"type":"Feature","geometry":null,"properties":{"scalerank":4,"featurecla":"Urban area","area_sqkm":112.883,"min_zoom":4}},
{"type":"Feature","geometry":{"type":"Polygon","coordinates":[[[131.202617,46.724538],[131.126394,46.737251],[131.088309,46.559432],[131.216725,46.601187],[131.202617,46.724538]]]},"properties":{"scalerank":5,"featurecla":"Urban area","area_sqkm":165.377,"min_zoom":5}},
{"type":"Feature","geometry":{"type":"Polygon","coordinates":[[[125.050383,46.509565],[125.13198,46.419751],[125.373309,46.381614],[125.246288,46.521347],[125.195439,46.648316],[125.017672,46.724538],[124.877939,46.673741],[124.801819,46.572145],[125.050383,46.509565]]]},"properties":{"scalerank":4,"featurecla":"Urban area","area_sqkm":806.524,"min_zoom":4}},
{"type":"Feature","geometry":{"type":"Polygon","coordinates":[[[126.846449,45.695816],[126.744905,45.848235],[126.567086,45.822836],[126.490863,45.695816],[126.617884,45.568847],[126.846449,45.695816]]]},"properties":{"scalerank":3,"featurecla":"Urban area","area_sqkm":501.868,"min_zoom":3.7}},
{"type":"Feature","geometry":null,"properties":{"scalerank":5,"featurecla":"Urban area","area_sqkm":167.636,"min_zoom":5}},
{"type":"Feature","geometry":{"type":"Polygon","coordinates":[[[130.84698,45.187836],[131.024799,45.251347],[131.202617,45.251347],[131.151819,45.365629],[131.024799,45.416453],[130.858762,45.313901],[130.84698,45.187836]]]},"properties":{"scalerank":4,"featurecla":"Urban area","area_sqkm":486.545,"min_zoom":4}},
{"type":"Feature","geometry":null,"properties":{"scalerank":4,"featurecla":"Urban area","area_sqkm":80.735,"min_zoom":4}},
{"type":"Feature","geometry":null,"properties":{"scalerank":5,"featurecla":"Urban area","area_sqkm":209.464,"min_zoom":5}},
{"type":"Feature","geometry":{"type":"Polygon","coordinates":[[[126.656021,43.828953],[126.613337,43.946672],[126.478151,43.981347],[126.490863,43.790816],[126.656021,43.828953]]]},"properties":{"scalerank":4,"featurecla":"Urban area","area_sqkm":295.134,"min_zoom":4}},
{"type":"Feature","geometry":{"type":"Polygon","coordinates":[[[125.436819,43.892412],[125.296363,43.96171],[125.195439,43.828953],[125.342665,43.803993],[125.436819,43.892412]]]},"properties":{"scalerank":3,"featurecla":"Urban area","area_sqkm":183.089,"min_zoom":3.7}},
{"type":"Feature","geometry":null,"properties":{"scalerank":5,"featurecla":"Urban area","area_sqkm":128.622,"min_zoom":5}},
{"type":"Feature","geometry":null,"properties":{"scalerank":5,"featurecla":"Urban area","area_sqkm":126.084,"min_zoom":5}},
{"type":"Feature","geometry":{"type":"Polygon","coordinates":[[[131.866608,43.095173],[132.048509,43.131114],[131.948153,43.218215],[131.866608,43.095173]]]},"properties":{"scalerank":3,"featurecla":"Urban area","area_sqkm":120.273,"min_zoom":3.7}},
{"type":"Feature","geometry":{"type":"Polygon","coordinates":[[[141.252391,43.172094],[141.286394,42.939937],[141.527672,42.965336],[141.451449,43.181241],[141.252391,43.172094]]]},"properties":{"scalerank":3,"featurecla":"Urban area","area_sqkm":584.65,"min_zoom":3.7}},
{"type":"Feature","geometry":null,"properties":{"scalerank":5,"featurecla":"Urban area","area_sqkm":156.67,"min_zoom":5}},
{"type":"Feature","geometry":null,"properties":{"scalerank":5,"featurecla":"Urban area","area_sqkm":101.064,"min_zoom":5}},
{"type":"Feature","geometry":null,"properties":{"scalerank":5,"featurecla":"Urban area","area_sqkm":152.176,"min_zoom":5}},
{"type":"Feature","geometry":null,"properties":{"scalerank":6,"featurecla":"Urban area","area_sqkm":70.636,"min_zoom":6}},
{"type":"Feature","geometry":{"type":"Polygon","coordinates":[[[118.856032,42.256336],[118.972408,42.203316],[119.036021,42.330336],[118.921713,42.355735],[118.856032,42.256336]]]},"properties":{"scalerank":4,"featurecla":"Urban area","area_sqkm":207.225,"min_zoom":4}},
{"type":"Feature","geometry":null,"properties":{"scalerank":5,"featurecla":"Urban area","area_sqkm":137.482,"min_zoom":5}},
{"type":"Feature","geometry":null,"properties":{"scalerank":5,"featurecla":"Urban area","area_sqkm":188.725,"min_zoom":5}},
{"type":"Feature","geometry":null,"properties":{"scalerank":5,"featurecla":"Urban area","area_sqkm":206.445,"min_zoom":5}},
{"type":"Feature","geometry":{"type":"Polygon","coordinates":[[[124.092767,41.807474],[124.014374,41.923927],[123.760384,41.923927],[123.658788,41.796932],[123.873866,41.781636],[124.092767,41.807474]]]},"properties":{"scalerank":5,"featurecla":"Urban area","area_sqkm":552.92,"min_zoom":5}},
{"type":"Feature","geometry":{"type":"Polygon","coordinates":[[[123.557192,41.771533],[123.607939,41.84773],[123.409243,41.908838],[123.22698,41.822331],[123.315863,41.61914],[123.506394,41.708049],[123.557192,41.771533]]]},"properties":{"scalerank":2,"featurecla":"Urban area","area_sqkm":592.932,"min_zoom":3.6}},
{"type":"Feature","geometry":{"type":"Polygon","coordinates":[[[126.287672,41.822331],[126.186024,41.78422],[126.008309,41.835044],[125.902837,41.762619],[126.224213,41.708049],[126.287672,41.822331]]]},"properties":{"scalerank":5,"featurecla":"Urban area","area_sqkm":296.792,"min_zoom":5}},
{"type":"Feature","geometry":{"type":"Polygon","coordinates":[[[123.734908,41.187331],[123.938151,41.352437],[123.696874,41.390549],[123.607939,41.225443],[123.734908,41.187331]]]},"properties":{"scalerank":5,"featurecla":"Urban area","area_sqkm":349.766,"min_zoom":5}},
{"type":"Feature","geometry":null,"properties":{"scalerank":6,"featurecla":"Urban area","area_sqkm":74.2,"min_zoom":6}},
{"type":"Feature","geometry":{"type":"Polygon","coordinates":[[[122.096713,41.238129],[121.880809,41.225443],[122.071288,41.085735],[122.172884,41.136533],[122.096713,41.238129]]]},"properties":{"scalerank":5,"featurecla":"Urban area","area_sqkm":281.251,"min_zoom":5}},
{"type":"Feature","geometry":null,"properties":{"scalerank":5,"featurecla":"Urban area","area_sqkm":160.107,"min_zoom":5}},
{"type":"Feature","geometry":null,"properties":{"scalerank":6,"featurecla":"Urban area","area_sqkm":69.557,"min_zoom":6}},
{"type":"Feature","geometry":null,"properties":{"scalerank":5,"featurecla":"Urban area","area_sqkm":83.473,"min_zoom":5}},
{"type":"Feature","geometry":{"type":"Polygon","coordinates":[[[111.809692,40.89523],[111.733521,40.933316],[111.581024,40.907943],[111.466768,40.793634],[111.644586,40.717437],[111.771504,40.704751],[111.809692,40.89523]]]},"properties":{"scalerank":4,"featurecla":"Urban area","area_sqkm":490.285,"min_zoom":4}},
{"type":"Feature","geometry":{"type":"Polygon","coordinates":[[[114.794213,40.844432],[114.832712,40.756014],[114.97198,40.755549],[114.906403,40.892801],[114.794213,40.844432]]]},"properties":{"scalerank":5,"featurecla":"Urban area","area_sqkm":159.437,"min_zoom":5}},
{"type":"Feature","geometry":null,"properties":{"scalerank":6,"featurecla":"Urban area","area_sqkm":101.393,"min_zoom":6}},
{"type":"Feature","geometry":null,"properties":{"scalerank":6,"featurecla":"Urban area","area_sqkm":88.151,"min_zoom":6}},
{"type":"Feature","geometry":{"type":"Polygon","coordinates":[[[120.986962,40.736144],[120.877408,40.793634],[120.800823,40.732811],[120.848986,40.652403],[120.986962,40.736144]]]},"properties":{"scalerank":4,"featurecla":"Urban area","area_sqkm":148.866,"min_zoom":4}},
{"type":"Feature","geometry":null,"properties":{"scalerank":4,"featurecla":"Urban area","area_sqkm":77.776,"min_zoom":4}},
{"type":"Feature","geometry":{"type":"Polygon","coordinates":[[[110.298363,40.590443],[110.006288,40.653927],[109.930117,40.768235],[109.744857,40.744619],[109.688788,40.57773],[110.044374,40.526932],[110.186897,40.534787],[110.298363,40.590443]]]},"properties":{"scalerank":2,"featurecla":"Urban area","area_sqkm":750.523,"min_zoom":3.6}},
{"type":"Feature","geometry":null,"properties":{"scalerank":4,"featurecla":"Urban area","area_sqkm":105.076,"min_zoom":4}},
{"type":"Feature","geometry":{"type":"Polygon","coordinates":[[[122.249004,40.615816],[122.401449,40.679326],[122.273033,40.744852],[122.160172,40.679326],[122.249004,40.615816]]]},"properties":{"scalerank":5,"featurecla":"Urban area","area_sqkm":171.903,"min_zoom":5}},
{"type":"Feature","geometry":null,"properties":{"scalerank":5,"featurecla":"Urban area","area_sqkm":315.271,"min_zoom":5}},
{"type":"Feature","geometry":null,"properties":{"scalerank":5,"featurecla":"Urban area","area_sqkm":104.769,"min_zoom":5}},
{"type":"Feature","geometry":{"type":"Polygon","coordinates":[[[141.423905,40.712554],[141.32448,40.641241],[141.400651,40.539645],[141.387939,40.450735],[141.636864,40.449211],[141.462818,40.611139],[141.423905,40.712554]]]},"properties":{"scalerank":5,"featurecla":"Urban area","area_sqkm":372.438,"min_zoom":5}},
{"type":"Feature","geometry":{"type":"Polygon","coordinates":[[[115.162408,40.641241],[114.946504,40.692038],[115.048151,40.539645],[115.162408,40.641241]]]},"properties":{"scalerank":5,"featurecla":"Urban area","area_sqkm":211.148,"min_zoom":5}},
{"type":"Feature","geometry":null,"properties":{"scalerank":5,"featurecla":"Urban area","area_sqkm":63.78,"min_zoom":5}},
{"type":"Feature","geometry":null,"properties":{"scalerank":5,"featurecla":"Urban area","area_sqkm":170.772,"min_zoom":5}},
{"type":"Feature","geometry":null,"properties":{"scalerank":5,"featurecla":"Urban area","area_sqkm":83.808,"min_zoom":5}},
{"type":"Feature","geometry":null,"properties":{"scalerank":2,"featurecla":"Urban area","area_sqkm":185.054,"min_zoom":3.6}},
{"type":"Feature","geometry":null,"properties":{"scalerank":5,"featurecla":"Urban area","area_sqkm":116.404,"min_zoom":5}},
{"type":"Feature","geometry":null,"properties":{"scalerank":5,"featurecla":"Urban area","area_sqkm":114.452,"min_zoom":5}},
{"type":"Feature","geometry":null,"properties":{"scalerank":5,"featurecla":"Urban area","area_sqkm":137.485,"min_zoom":5}},
{"type":"Feature","geometry":{"type":"Polygon","coordinates":[[[115.888048,39.677682],[115.949905,39.62523],[116.178521,39.701427],[116.343524,39.676028],[116.457884,39.752251],[116.584905,39.726826],[116.622939,39.828422],[116.775384,39.853847],[116.740399,39.958543],[116.648363,40.006241],[116.775384,40.19672],[116.648363,40.247544],[116.496021,40.107836],[116.330863,40.285629],[116.198313,40.299659],[116.102299,40.247544],[116.203894,40.107836],[116.038788,39.968129],[116.000651,39.815735],[115.873682,39.777624],[115.888048,39.677682]]]},"properties":{"scalerank":2,"featurecla":"Urban area","area_sqkm":3036.933,"min_zoom":3.6}},
{"type":"Feature","geometry":{"type":"Polygon","coordinates":[[[112.8472,40.099051],[112.800278,40.006241],[112.857174,39.790569],[112.952672,39.752251],[113.155863,39.828422],[113.092405,39.930044],[113.290274,39.986138],[113.397192,40.133235],[113.308309,40.234831],[113.181288,40.184033],[112.914586,40.171347],[112.8472,40.099051]]]},"properties":{"scalerank":4,"featurecla":"Urban area","area_sqkm":1632.29,"min_zoom":4}},
{"type":"Feature","geometry":null,"properties":{"scalerank":5,"featurecla":"Urban area","area_sqkm":70.193,"min_zoom":5}},
{"type":"Feature","geometry":null,"properties":{"scalerank":4,"featurecla":"Urban area","area_sqkm":113.159,"min_zoom":4}},
{"type":"Feature","geometry":null,"properties":{"scalerank":5,"featurecla":"Urban area","area_sqkm":123.432,"min_zoom":5}},
{"type":"Feature","geometry":{"type":"Polygon","coordinates":[[[119.818351,39.97694],[119.543949,39.993528],[119.591078,39.902629],[119.818351,39.97694]]]},"properties":{"scalerank":5,"featurecla":"Urban area","area_sqkm":266.872,"min_zoom":5}},
{"type":"Feature","geometry":null,"properties":{"scalerank":5,"featurecla":"Urban area","area_sqkm":106.591,"min_zoom":5}},
{"type":"Feature","geometry":{"type":"Polygon","coordinates":[[[111.365172,39.94273],[111.212778,39.87922],[111.239495,39.817027],[111.403309,39.739538],[111.441394,39.841134],[111.365172,39.94273]]]},"properties":{"scalerank":5,"featurecla":"Urban area","area_sqkm":207.055,"min_zoom":5}},
{"type":"Feature","geometry":null,"properties":{"scalerank":5,"featurecla":"Urban area","area_sqkm":284.387,"min_zoom":5}},
{"type":"Feature","geometry":null,"properties":{"scalerank":2,"featurecla":"Urban area","area_sqkm":72.63,"min_zoom":3.6}},
{"type":"Feature","geometry":{"type":"Polygon","coordinates":[[[118.045384,39.599831],[118.159692,39.498235],[118.273949,39.56172],[118.31188,39.669879],[118.210439,39.777624],[118.045384,39.599831]]]},"properties":{"scalerank":4,"featurecla":"Urban area","area_sqkm":781.232,"min_zoom":4}},
{"type":"Feature","geometry":null,"properties":{"scalerank":4,"featurecla":"Urban area","area_sqkm":86.441,"min_zoom":4}},
{"type":"Feature","geometry":{"type":"Polygon","coordinates":[[[140.154267,39.642438],[140.172767,39.743518],[140.016394,39.866533],[140.067192,39.650629],[140.154267,39.642438]]]},"properties":{"scalerank":5,"featurecla":"Urban area","area_sqkm":232.03,"min_zoom":5}},
{"type":"Feature","geometry":null,"properties":{"scalerank":4,"featurecla":"Urban area","area_sqkm":83.532,"min_zoom":4}},
{"type":"Feature","geometry":null,"properties":{"scalerank":6,"featurecla":"Urban area","area_sqkm":116.087,"min_zoom":6}},
{"type":"Feature","geometry":{"type":"Polygon","coordinates":[[[112.495439,39.549033],[112.368521,39.637943],[112.241449,39.523634],[112.355809,39.333129],[112.444692,39.282331],[112.558949,39.434751],[112.495439,39.549033]]]},"properties":{"scalerank":4,"featurecla":"Urban area","area_sqkm":650.371,"min_zoom":4}},
{"type":"Feature","geometry":null,"properties":{"scalerank":5,"featurecla":"Urban area","area_sqkm":206.505,"min_zoom":5}},
{"type":"Feature","geometry":{"type":"Polygon","coordinates":[[[117.576937,38.750839],[117.537405,38.901347],[117.683856,38.965451],[117.784677,39.134459],[117.588151,39.117251],[117.410384,39.218847],[117.423097,39.295044],[117.181819,39.282331],[117.092884,39.447437],[117.016713,39.39664],[117.080172,39.24422],[116.902405,39.066427],[117.092884,38.952145],[117.156394,38.875922],[117.270651,38.888634],[117.308788,38.799751],[117.448521,38.748927],[117.576937,38.750839]]]},"properties":{"scalerank":2,"featurecla":"Urban area","area_sqkm":2974.333,"min_zoom":3.6}},
{"type":"Feature","geometry":null,"properties":{"scalerank":5,"featurecla":"Urban area","area_sqkm":115.491,"min_zoom":5}},
{"type":"Feature","geometry":{"type":"Polygon","coordinates":[[[117.791394,39.180735],[117.892939,39.320443],[117.727884,39.333129],[117.791394,39.180735]]]},"properties":{"scalerank":5,"featurecla":"Urban area","area_sqkm":174.613,"min_zoom":5}},
{"type":"Feature","geometry":null,"properties":{"scalerank":5,"featurecla":"Urban area","area_sqkm":75.125,"min_zoom":5}},
{"type":"Feature","geometry":null,"properties":{"scalerank":6,"featurecla":"Urban area","area_sqkm":173.616,"min_zoom":6}},
{"type":"Feature","geometry":null,"properties":{"scalerank":5,"featurecla":"Urban area","area_sqkm":119.835,"min_zoom":5}},
{"type":"Feature","geometry":null,"properties":{"scalerank":5,"featurecla":"Urban area","area_sqkm":183.589,"min_zoom":5}},
{"type":"Feature","geometry":null,"properties":{"scalerank":5,"featurecla":"Urban area","area_sqkm":127.31,"min_zoom":5}},
{"type":"Feature","geometry":{"type":"Polygon","coordinates":[[[125.709257,39.086116],[125.665384,39.002943],[125.754319,38.952145],[125.843151,39.041028],[125.709257,39.086116]]]},"properties":{"scalerank":3,"featurecla":"Urban area","area_sqkm":176.846,"min_zoom":3.7}},
{"type":"Feature","geometry":null,"properties":{"scalerank":5,"featurecla":"Urban area","area_sqkm":207.858,"min_zoom":5}},
{"type":"Feature","geometry":null,"properties":{"scalerank":5,"featurecla":"Urban area","area_sqkm":96.683,"min_zoom":5}},
{"type":"Feature","geometry":null,"properties":{"scalerank":4,"featurecla":"Urban area","area_sqkm":184.943,"min_zoom":4}},
{"type":"Feature","geometry":null,"properties":{"scalerank":5,"featurecla":"Urban area","area_sqkm":131.718,"min_zoom":5}},
{"type":"Feature","geometry":{"type":"Polygon","coordinates":[[[115.568894,38.92672],[115.378363,38.901347],[115.403788,38.774326],[115.505384,38.736241],[115.573855,38.809518],[115.568894,38.92672]]]},"properties":{"scalerank":5,"featurecla":"Urban area","area_sqkm":300,"min_zoom":5}},
{"type":"Feature","geometry":null,"properties":{"scalerank":2,"featurecla":"Urban area","area_sqkm":93.454,"min_zoom":3.6}},
{"type":"Feature","geometry":null,"properties":{"scalerank":5,"featurecla":"Urban area","area_sqkm":141.982,"min_zoom":5}},
{"type":"Feature","geometry":{"type":"Polygon","coordinates":[[[141.087595,38.356961],[140.956182,38.494937],[140.994319,38.596533],[140.867299,38.67273],[140.829213,38.393316],[140.702192,38.240922],[140.78441,38.20573],[140.642816,38.090724],[140.740278,37.948847],[140.928173,37.966572],[140.962073,38.148886],[141.087595,38.356961]]]},"properties":{"scalerank":4,"featurecla":"Urban area","area_sqkm":1521.611,"min_zoom":4}},
{"type":"Feature","geometry":{"type":"Polygon","coordinates":[[[106.336021,38.418741],[106.386768,38.583847],[106.056504,38.533049],[106.145439,38.406028],[106.336021,38.418741]]]},"properties":{"scalerank":3,"featurecla":"Urban area","area_sqkm":378.301,"min_zoom":3.7}},
{"type":"Feature","geometry":{"type":"Polygon","coordinates":[[[141.403545,38.413159],[141.311819,38.507624],[141.197408,38.488297],[141.18578,38.360992],[141.403545,38.413159]]]},"properties":{"scalerank":5,"featurecla":"Urban area","area_sqkm":261.668,"min_zoom":5}},
{"type":"Feature","geometry":{"type":"Polygon","coordinates":[[[140.270384,38.304432],[140.270384,38.12664],[140.377354,38.184698],[140.435439,38.29172],[140.435439,38.44414],[140.194213,38.406028],[140.270384,38.304432]]]},"properties":{"scalerank":5,"featurecla":"Urban area","area_sqkm":446.578,"min_zoom":5}},
{"type":"Feature","geometry":{"type":"Polygon","coordinates":[[[116.927778,38.380629],[116.788097,38.367943],[116.851504,38.240922],[116.953151,38.279033],[116.927778,38.380629]]]},"properties":{"scalerank":5,"featurecla":"Urban area","area_sqkm":175.779,"min_zoom":5}},
{"type":"Feature","geometry":{"type":"Polygon","coordinates":[[[128.566551,38.271928],[128.446713,38.190124],[128.662255,38.122376],[128.566551,38.271928]]]},"properties":{"scalerank":5,"featurecla":"Urban area","area_sqkm":191.932,"min_zoom":5}},
{"type":"Feature","geometry":{"type":"Polygon","coordinates":[[[126.623207,37.7902],[126.563366,37.71651],[126.656797,37.551145],[126.650285,37.44712],[126.790535,37.294907],[126.746403,37.193544],[126.784076,37.119078],[126.986182,37.123316],[127.03698,37.009033],[126.960809,36.843927],[126.986182,36.755018],[127.113151,36.755018],[127.163949,36.678847],[127.329004,36.76773],[127.182036,36.937927],[127.214799,37.097943],[127.291021,37.186826],[127.519586,37.237624],[127.367192,37.453528],[127.532299,37.466241],[127.405278,37.580549],[127.367192,37.72023],[127.278309,37.758316],[127.291021,37.859937],[127.405278,38.050443],[127.35448,38.202836],[126.955331,37.9289],[126.770278,37.948847],[126.623207,37.7902]]]},"properties":{"scalerank":2,"featurecla":"Urban area","area_sqkm":7450.103,"min_zoom":3.6}},
{"type":"Feature","geometry":{"type":"Polygon","coordinates":[[[114.193991,38.117183],[114.159213,37.999645],[114.349692,38.03773],[114.463949,37.961533],[114.679905,37.948847],[114.730651,38.050443],[114.475938,38.133745],[114.222672,38.164751],[114.193991,38.117183]]]},"properties":{"scalerank":4,"featurecla":"Urban area","area_sqkm":820.725,"min_zoom":4}},
{"type":"Feature","geometry":{"type":"Polygon","coordinates":[[[113.581729,37.722711],[113.714692,37.745629],[113.70198,37.885336],[113.625809,38.03773],[113.511449,38.050443],[113.407011,37.857069],[113.498788,37.834538],[113.581729,37.722711]]]},"properties":{"scalerank":4,"featurecla":"Urban area","area_sqkm":738.261,"min_zoom":4}},
{"type":"Feature","geometry":{"type":"Polygon","coordinates":[[[112.698682,38.088528],[112.444692,38.050443],[112.292299,37.732943],[112.000172,37.555124],[112.024718,37.375703],[112.139905,37.40273],[112.177939,37.49164],[112.292299,37.555124],[112.546288,37.567836],[112.635172,37.694831],[112.762864,37.646746],[112.838363,37.758316],[112.736768,37.796427],[112.647884,38.012331],[112.698682,38.088528]]]},"properties":{"scalerank":2,"featurecla":"Urban area","area_sqkm":2313.02,"min_zoom":3.6}},
{"type":"Feature","geometry":{"type":"Polygon","coordinates":[[[106.045548,37.883631],[106.094692,37.948847],[105.866024,37.999645],[105.942299,37.872624],[106.045548,37.883631]]]},"properties":{"scalerank":5,"featurecla":"Urban area","area_sqkm":197.515,"min_zoom":5}},
{"type":"Feature","geometry":{"type":"Polygon","coordinates":[[[112.012884,37.821826],[112.317672,37.923422],[112.165278,38.050443],[112.017535,38.033079],[111.949374,37.936134],[112.012884,37.821826]]]},"properties":{"scalerank":5,"featurecla":"Urban area","area_sqkm":493.977,"min_zoom":5}},
{"type":"Feature","geometry":{"type":"Polygon","coordinates":[[[118.794692,37.986932],[118.743894,37.834538],[118.870863,37.834538],[118.921713,38.012331],[118.794692,37.986932]]]},"properties":{"scalerank":5,"featurecla":"Urban area","area_sqkm":236.593,"min_zoom":5}},
{"type":"Feature","geometry":{"type":"Polygon","coordinates":[[[127.608521,37.885336],[127.722778,37.80914],[127.811713,37.847251],[127.742002,37.964866],[127.608521,37.885336]]]},"properties":{"scalerank":5,"featurecla":"Urban area","area_sqkm":151.257,"min_zoom":5}},
{"type":"Feature","geometry":null,"properties":{"scalerank":5,"featurecla":"Urban area","area_sqkm":76.679,"min_zoom":5}},
{"type":"Feature","geometry":{"type":"Polygon","coordinates":[[[128.815011,37.933395],[128.776874,37.872624],[128.840384,37.707544],[128.98668,37.745888],[128.815011,37.933395]]]},"properties":{"scalerank":5,"featurecla":"Urban area","area_sqkm":221.608,"min_zoom":5}},
{"type":"Feature","geometry":{"type":"Polygon","coordinates":[[[140.143363,37.08523],[140.404226,37.0157],[140.435439,37.072544],[140.346504,37.17414],[140.460863,37.351932],[140.435439,37.466241],[140.511713,37.593235],[140.524374,37.72023],[140.651394,37.872624],[140.410066,37.834538],[140.359319,37.732943],[140.422778,37.65672],[140.346504,37.504326],[140.270384,37.478927],[140.321182,37.326533],[140.257672,37.199538],[140.117939,37.161427],[140.143363,37.08523]]]},"properties":{"scalerank":4,"featurecla":"Urban area","area_sqkm":1281.621,"min_zoom":4}},
{"type":"Feature","geometry":null,"properties":{"scalerank":6,"featurecla":"Urban area","area_sqkm":110.764,"min_zoom":6}},
{"type":"Feature","geometry":null,"properties":{"scalerank":5,"featurecla":"Urban area","area_sqkm":104.705,"min_zoom":5}},
{"type":"Feature","geometry":{"type":"Polygon","coordinates":[[[120.284679,37.692092],[120.331394,37.593235],[120.610809,37.682145],[120.453764,37.730255],[120.284679,37.692092]]]},"properties":{"scalerank":5,"featurecla":"Urban area","area_sqkm":291.2,"min_zoom":5}},
{"type":"Feature","geometry":null,"properties":{"scalerank":6,"featurecla":"Urban area","area_sqkm":85.919,"min_zoom":6}},
{"type":"Feature","geometry":{"type":"Polygon","coordinates":[[[129.051379,37.67783],[129.056288,37.466241],[129.219844,37.438464],[129.051379,37.67783]]]},"properties":{"scalerank":5,"featurecla":"Urban area","area_sqkm":213.875,"min_zoom":5}},
{"type":"Feature","geometry":{"type":"Polygon","coordinates":[[[121.246584,37.596724],[121.243173,37.478953],[121.487086,37.453528],[121.461145,37.539104],[121.246584,37.596724]]]},"properties":{"scalerank":4,"featurecla":"Urban area","area_sqkm":262.735,"min_zoom":4}},
{"type":"Feature","geometry":{"type":"Polygon","coordinates":[[[128.304913,37.480994],[128.383151,37.618634],[128.281504,37.631347],[128.179908,37.466241],[128.304913,37.480994]]]},"properties":{"scalerank":5,"featurecla":"Urban area","area_sqkm":213.311,"min_zoom":5}},
{"type":"Feature","geometry":{"type":"Polygon","coordinates":[[[118.312086,37.428129],[118.432544,37.377667],[118.743894,37.364645],[118.820117,37.440816],[118.743894,37.580549],[118.591449,37.618634],[118.426394,37.542437],[118.312086,37.428129]]]},"properties":{"scalerank":4,"featurecla":"Urban area","area_sqkm":861.138,"min_zoom":4}},
{"type":"Feature","geometry":{"type":"Polygon","coordinates":[[[111.106169,37.410404],[111.200686,37.427483],[111.314374,37.555124],[111.250863,37.593235],[111.047672,37.504326],[111.106169,37.410404]]]},"properties":{"scalerank":5,"featurecla":"Urban area","area_sqkm":291.644,"min_zoom":5}},
{"type":"Feature","geometry":null,"properties":{"scalerank":5,"featurecla":"Urban area","area_sqkm":80.733,"min_zoom":5}},
{"type":"Feature","geometry":null,"properties":{"scalerank":5,"featurecla":"Urban area","area_sqkm":168.648,"min_zoom":5}},
{"type":"Feature","geometry":{"type":"Polygon","coordinates":[[[128.031803,37.441978],[127.938682,37.529751],[127.837086,37.364645],[127.964004,37.288422],[128.040278,37.351932],[128.031803,37.441978]]]},"properties":{"scalerank":5,"featurecla":"Urban area","area_sqkm":383.859,"min_zoom":5}},
{"type":"Feature","geometry":null,"properties":{"scalerank":5,"featurecla":"Urban area","area_sqkm":266.59,"min_zoom":5}},
{"type":"Feature","geometry":null,"properties":{"scalerank":5,"featurecla":"Urban area","area_sqkm":127.322,"min_zoom":5}},
{"type":"Feature","geometry":null,"properties":{"scalerank":5,"featurecla":"Urban area","area_sqkm":122.5,"min_zoom":5}},
{"type":"Feature","geometry":null,"properties":{"scalerank":5,"featurecla":"Urban area","area_sqkm":90.385,"min_zoom":5}},
{"type":"Feature","geometry":null,"properties":{"scalerank":4,"featurecla":"Urban area","area_sqkm":63.411,"min_zoom":4}},
{"type":"Feature","geometry":{"type":"Polygon","coordinates":[[[112.245066,37.115797],[112.254213,37.250336],[112.139905,37.263049],[112.101768,37.17414],[111.936713,37.148741],[111.720809,37.313847],[111.593788,37.237624],[111.530278,36.996347],[111.720809,37.08523],[111.771504,37.02172],[111.708097,36.882038],[111.873151,36.85664],[111.847778,36.958235],[112.165278,37.02172],[112.245066,37.115797]]]},"properties":{"scalerank":4,"featurecla":"Urban area","area_sqkm":1700.815,"min_zoom":4}},
{"type":"Feature","geometry":{"type":"Polygon","coordinates":[[[128.120583,37.177989],[128.274321,37.005183],[128.30698,37.136028],[128.395863,37.186826],[128.370439,37.275735],[128.120583,37.177989]]]},"properties":{"scalerank":5,"featurecla":"Urban area","area_sqkm":485.889,"min_zoom":5}},
{"type":"Feature","geometry":{"type":"Polygon","coordinates":[[[129.081713,37.263049],[128.985853,37.246616],[128.94198,37.148741],[129.068949,37.08523],[129.081713,37.263049]]]},"properties":{"scalerank":5,"featurecla":"Urban area","area_sqkm":168.348,"min_zoom":5}},
{"type":"Feature","geometry":{"type":"Polygon","coordinates":[[[119.827963,37.179721],[119.963045,37.136028],[120.013894,37.224937],[119.881551,37.248786],[119.827963,37.179721]]]},"properties":{"scalerank":5,"featurecla":"Urban area","area_sqkm":143.071,"min_zoom":5}},
{"type":"Feature","geometry":{"type":"Polygon","coordinates":[[[114.549215,37.100552],[114.42669,37.109828],[114.375117,37.034432],[114.489374,36.970922],[114.549215,37.100552]]]},"properties":{"scalerank":5,"featurecla":"Urban area","area_sqkm":194.661,"min_zoom":5}},
{"type":"Feature","geometry":null,"properties":{"scalerank":4,"featurecla":"Urban area","area_sqkm":84.065,"min_zoom":4}},
{"type":"Feature","geometry":null,"properties":{"scalerank":5,"featurecla":"Urban area","area_sqkm":124.764,"min_zoom":5}},
{"type":"Feature","geometry":{"type":"Polygon","coordinates":[[[127.875172,37.059831],[127.849799,36.958235],[128.00674,36.969139],[128.014905,37.072544],[127.875172,37.059831]]]},"properties":{"scalerank":5,"featurecla":"Urban area","area_sqkm":177.12,"min_zoom":5}},
{"type":"Feature","geometry":null,"properties":{"scalerank":6,"featurecla":"Urban area","area_sqkm":87.359,"min_zoom":6}},
{"type":"Feature","geometry":null,"properties":{"scalerank":2,"featurecla":"Urban area","area_sqkm":104.482,"min_zoom":3.6}},
{"type":"Feature","geometry":{"type":"Polygon","coordinates":[[[136.968363,36.894751],[136.942939,36.76773],[136.841394,36.666134],[136.866819,36.526453],[137.044586,36.577251],[137.235117,36.53914],[137.362086,36.589937],[137.425545,36.76773],[137.527192,36.843927],[137.482596,36.924749],[137.342553,36.770366],[137.246331,36.753157],[137.044586,36.805816],[136.968363,36.894751]]]},"properties":{"scalerank":4,"featurecla":"Urban area","area_sqkm":1387.196,"min_zoom":4}},
{"type":"Feature","geometry":null,"properties":{"scalerank":5,"featurecla":"Urban area","area_sqkm":127.546,"min_zoom":5}},
{"type":"Feature","geometry":null,"properties":{"scalerank":5,"featurecla":"Urban area","area_sqkm":75.863,"min_zoom":5}},
{"type":"Feature","geometry":null,"properties":{"scalerank":4,"featurecla":"Urban area","area_sqkm":121.377,"min_zoom":4}},
{"type":"Feature","geometry":{"type":"Polygon","coordinates":[[[117.922343,36.668563],[117.778682,36.513741],[117.931024,36.424831],[118.134319,36.729645],[118.273949,36.70422],[118.368103,36.768867],[118.413682,36.882038],[117.986266,36.826848],[117.922343,36.668563]]]},"properties":{"scalerank":2,"featurecla":"Urban area","area_sqkm":1078.679,"min_zoom":3.6}},
{"type":"Feature","geometry":{"type":"Polygon","coordinates":[[[114.489374,36.513741],[114.578309,36.615336],[114.502086,36.716932],[114.33698,36.742331],[114.273521,36.70422],[114.121024,36.76773],[114.090432,36.653034],[114.248097,36.653422],[114.489374,36.513741]]]},"properties":{"scalerank":4,"featurecla":"Urban area","area_sqkm":853.217,"min_zoom":4}},
{"type":"Feature","geometry":null,"properties":{"scalerank":5,"featurecla":"Urban area","area_sqkm":218.128,"min_zoom":5}},
{"type":"Feature","geometry":{"type":"Polygon","coordinates":[[[111.784268,36.628049],[111.746182,36.742331],[111.555651,36.805816],[111.428682,36.780443],[111.504905,36.602624],[111.733521,36.437518],[111.784268,36.628049]]]},"properties":{"scalerank":4,"featurecla":"Urban area","area_sqkm":1054.321,"min_zoom":4}},
{"type":"Feature","geometry":{"type":"Polygon","coordinates":[[[119.086819,36.577251],[119.188363,36.551826],[119.251874,36.793129],[119.036021,36.755018],[119.086819,36.577251]]]},"properties":{"scalerank":5,"featurecla":"Urban area","area_sqkm":337.39,"min_zoom":5}},
{"type":"Feature","geometry":null,"properties":{"scalerank":5,"featurecla":"Urban area","area_sqkm":81.834,"min_zoom":5}},
{"type":"Feature","geometry":{"type":"Polygon","coordinates":[[[116.849333,36.706468],[116.880236,36.599265],[116.991288,36.53914],[117.204505,36.668873],[117.245278,36.755018],[117.059036,36.774758],[116.849333,36.706468]]]},"properties":{"scalerank":2,"featurecla":"Urban area","area_sqkm":599.548,"min_zoom":3.6}},
{"type":"Feature","geometry":{"type":"Polygon","coordinates":[[[136.325767,36.258485],[136.739799,36.501028],[136.777884,36.666134],[136.698147,36.742047],[136.555831,36.57198],[136.295278,36.310549],[136.325767,36.258485]]]},"properties":{"scalerank":4,"featurecla":"Urban area","area_sqkm":828.105,"min_zoom":4}},
{"type":"Feature","geometry":null,"properties":{"scalerank":5,"featurecla":"Urban area","area_sqkm":80.288,"min_zoom":5}},
{"type":"Feature","geometry":{"type":"Polygon","coordinates":[[[113.736241,36.546633],[113.816288,36.589937],[113.752778,36.729645],[113.638521,36.551826],[113.736241,36.546633]]]},"properties":{"scalerank":5,"featurecla":"Urban area","area_sqkm":212.96,"min_zoom":5}},
{"type":"Feature","geometry":{"type":"Polygon","coordinates":[[[101.857225,36.687089],[101.68013,36.704556],[101.725863,36.551826],[101.929004,36.577251],[101.857225,36.687089]]]},"properties":{"scalerank":3,"featurecla":"Urban area","area_sqkm":305.896,"min_zoom":3.7}},
{"type":"Feature","geometry":{"type":"Polygon","coordinates":[[[111.301713,36.335922],[111.403309,36.361347],[111.542939,36.323235],[111.568363,36.462943],[111.441394,36.45023],[111.428682,36.53914],[111.276288,36.666134],[111.212778,36.628049],[111.301713,36.335922]]]},"properties":{"scalerank":4,"featurecla":"Urban area","area_sqkm":621.947,"min_zoom":4}},
{"type":"Feature","geometry":null,"properties":{"scalerank":5,"featurecla":"Urban area","area_sqkm":86.057,"min_zoom":5}},
{"type":"Feature","geometry":null,"properties":{"scalerank":5,"featurecla":"Urban area","area_sqkm":83.613,"min_zoom":5}},
{"type":"Feature","geometry":{"type":"Polygon","coordinates":[[[118.463395,36.42372],[118.515278,36.399432],[118.629586,36.564538],[118.515278,36.564538],[118.463395,36.42372]]]},"properties":{"scalerank":5,"featurecla":"Urban area","area_sqkm":180.073,"min_zoom":5}},
{"type":"Feature","geometry":null,"properties":{"scalerank":5,"featurecla":"Urban area","area_sqkm":155.016,"min_zoom":5}},
{"type":"Feature","geometry":{"type":"Polygon","coordinates":[[[113.06698,36.272437],[113.117778,36.272437],[113.168524,36.475629],[113.117778,36.564538],[113.003521,36.526453],[113.003521,36.374033],[113.06698,36.272437]]]},"properties":{"scalerank":5,"featurecla":"Urban area","area_sqkm":544.55,"min_zoom":5}},
{"type":"Feature","geometry":{"type":"Polygon","coordinates":[[[114.286182,36.45023],[114.121024,36.513741],[114.044905,36.247038],[114.171874,36.285124],[114.286182,36.45023]]]},"properties":{"scalerank":5,"featurecla":"Urban area","area_sqkm":467.11,"min_zoom":5}},
{"type":"Feature","geometry":{"type":"Polygon","coordinates":[[[102.957778,36.437518],[102.856182,36.53914],[102.779908,36.323235],[102.894268,36.310549],[102.957778,36.437518]]]},"properties":{"scalerank":5,"featurecla":"Urban area","area_sqkm":244.897,"min_zoom":5}},
{"type":"Feature","geometry":{"type":"Polygon","coordinates":[[[137.857405,36.424831],[137.819319,36.208953],[137.870117,36.094645],[137.997086,36.06922],[138.225651,35.878741],[138.289213,35.866028],[138.416182,35.688235],[138.441504,35.535816],[138.733682,35.58664],[138.797192,35.739033],[138.670172,35.764432],[138.606713,35.700922],[138.479692,35.866028],[138.555863,35.993049],[138.289213,35.942251],[138.314586,36.06922],[138.212939,36.145443],[138.14948,36.081932],[138.035172,36.120018],[138.035172,36.335922],[137.857405,36.424831]]]},"properties":{"scalerank":4,"featurecla":"Urban area","area_sqkm":2226.662,"min_zoom":4}},
{"type":"Feature","geometry":null,"properties":{"scalerank":2,"featurecla":"Urban area","area_sqkm":76.664,"min_zoom":3.6}},
{"type":"Feature","geometry":null,"properties":{"scalerank":4,"featurecla":"Urban area","area_sqkm":112.955,"min_zoom":4}},
{"type":"Feature","geometry":{"type":"Polygon","coordinates":[[[120.270106,36.226161],[120.393096,36.053872],[120.637577,36.129888],[120.521874,36.335922],[120.521874,36.424831],[120.393716,36.421653],[120.267884,36.361347],[120.204374,36.437518],[119.924908,36.323235],[119.963045,36.234326],[120.175745,36.196499],[120.270106,36.226161]]]},"properties":{"scalerank":4,"featurecla":"Urban area","area_sqkm":1394.367,"min_zoom":4}},
{"type":"Feature","geometry":null,"properties":{"scalerank":5,"featurecla":"Urban area","area_sqkm":133.778,"min_zoom":5}},
{"type":"Feature","geometry":null,"properties":{"scalerank":5,"featurecla":"Urban area","area_sqkm":112.314,"min_zoom":5}},
{"type":"Feature","geometry":{"type":"Polygon","coordinates":[[[128.510172,36.297836],[128.395863,36.196241],[128.256182,36.13273],[128.408524,35.916826],[128.370439,35.764432],[128.408524,35.662836],[128.548309,35.777145],[128.751449,35.764432],[128.878521,35.802518],[128.916504,35.90414],[129.043524,35.942251],[129.030863,36.018422],[128.802299,35.993049],[128.637037,36.024675],[128.573682,36.081932],[128.510172,36.297836]]]},"properties":{"scalerank":4,"featurecla":"Urban area","area_sqkm":2176.488,"min_zoom":4}},
{"type":"Feature","geometry":null,"properties":{"scalerank":5,"featurecla":"Urban area","area_sqkm":69.227,"min_zoom":5}},
{"type":"Feature","geometry":null,"properties":{"scalerank":2,"featurecla":"Urban area","area_sqkm":107.804,"min_zoom":3.6}},
{"type":"Feature","geometry":null,"properties":{"scalerank":5,"featurecla":"Urban area","area_sqkm":179.18,"min_zoom":5}},
{"type":"Feature","geometry":{"type":"Polygon","coordinates":[[[117.702408,36.259751],[117.588151,36.196241],[117.842192,36.031134],[117.892939,36.120018],[117.773721,36.165932],[117.702408,36.259751]]]},"properties":{"scalerank":5,"featurecla":"Urban area","area_sqkm":278.554,"min_zoom":5}},
{"type":"Feature","geometry":null,"properties":{"scalerank":4,"featurecla":"Urban area","area_sqkm":136.385,"min_zoom":4}},
{"type":"Feature","geometry":{"type":"Polygon","coordinates":[[[111.560199,35.771331],[111.781115,35.646972],[111.79698,35.777145],[111.682672,35.827943],[111.542939,35.980336],[111.644586,36.170816],[111.581024,36.259751],[111.416021,36.22164],[111.392095,36.137588],[111.251484,36.040126],[111.212778,35.853316],[111.365172,35.866028],[111.560199,35.771331]]]},"properties":{"scalerank":4,"featurecla":"Urban area","area_sqkm":1512.033,"min_zoom":4}},
{"type":"Feature","geometry":{"type":"Polygon","coordinates":[[[117.207192,36.158129],[117.207192,36.234326],[117.029374,36.234326],[117.085908,36.137329],[117.207192,36.158129]]]},"properties":{"scalerank":5,"featurecla":"Urban area","area_sqkm":154.486,"min_zoom":5}},
{"type":"Feature","geometry":{"type":"Polygon","coordinates":[[[136.132497,36.122317],[136.10976,35.961087],[136.181073,35.853316],[136.269905,35.916826],[136.281739,36.023512],[136.358788,36.094645],[136.257192,36.259751],[136.156268,36.223319],[136.132497,36.122317]]]},"properties":{"scalerank":4,"featurecla":"Urban area","area_sqkm":598.794,"min_zoom":4}},
{"type":"Feature","geometry":{"type":"Polygon","coordinates":[[[127.595809,36.107331],[127.519586,36.22164],[127.405278,36.120018],[127.595809,36.107331]]]},"properties":{"scalerank":5,"featurecla":"Urban area","area_sqkm":170.186,"min_zoom":5}},
{"type":"Feature","geometry":{"type":"Polygon","coordinates":[[[103.605439,36.043847],[103.821394,35.980336],[103.999213,36.043847],[103.900666,36.129449],[103.681713,36.196241],[103.482914,36.172754],[103.605439,36.043847]]]},"properties":{"scalerank":2,"featurecla":"Urban area","area_sqkm":647.727,"min_zoom":3.6}},
{"type":"Feature","geometry":{"type":"Polygon","coordinates":[[[114.400439,36.043847],[114.338685,36.158413],[114.222672,36.13273],[114.146449,36.196241],[114.057617,36.107331],[114.400439,36.043847]]]},"properties":{"scalerank":5,"featurecla":"Urban area","area_sqkm":460.777,"min_zoom":5}},
{"type":"Feature","geometry":null,"properties":{"scalerank":3,"featurecla":"Urban area","area_sqkm":80.252,"min_zoom":3.7}},
{"type":"Feature","geometry":{"type":"Polygon","coordinates":[[[126.682325,36.037956],[126.704132,35.903158],[126.880349,35.990904],[126.682325,36.037956]]]},"properties":{"scalerank":5,"featurecla":"Urban area","area_sqkm":300.069,"min_zoom":5}},
{"type":"Feature","geometry":{"type":"Polygon","coordinates":[[[120.21905,35.934913],[120.181429,36.017492],[119.988521,35.916826],[120.054719,35.861145],[120.21905,35.934913]]]},"properties":{"scalerank":5,"featurecla":"Urban area","area_sqkm":327.271,"min_zoom":5}},
{"type":"Feature","geometry":null,"properties":{"scalerank":5,"featurecla":"Urban area","area_sqkm":75.588,"min_zoom":5}},
{"type":"Feature","geometry":{"type":"Polygon","coordinates":[[[117.668611,35.832128],[117.791394,35.789831],[117.791394,35.967624],[117.651713,36.005735],[117.575439,35.90414],[117.668611,35.832128]]]},"properties":{"scalerank":5,"featurecla":"Urban area","area_sqkm":326.272,"min_zoom":5}},
{"type":"Feature","geometry":{"type":"Polygon","coordinates":[[[137.946288,35.535816],[137.997086,35.802518],[138.047884,35.853316],[137.997086,35.993049],[137.895439,35.853316],[137.863864,35.453521],[137.946288,35.535816]]]},"properties":{"scalerank":5,"featurecla":"Urban area","area_sqkm":539.675,"min_zoom":5}},
{"type":"Feature","geometry":null,"properties":{"scalerank":5,"featurecla":"Urban area","area_sqkm":97.126,"min_zoom":5}},
{"type":"Feature","geometry":{"type":"Polygon","coordinates":[[[110.463521,35.446932],[110.501504,35.535816],[110.641288,35.612038],[110.730172,35.510443],[110.806394,35.726347],[110.721335,35.797867],[110.603151,35.81523],[110.52698,35.739033],[110.514268,35.624751],[110.389521,35.520907],[110.463521,35.446932]]]},"properties":{"scalerank":4,"featurecla":"Urban area","area_sqkm":747.478,"min_zoom":4}},
{"type":"Feature","geometry":{"type":"Polygon","coordinates":[[[112.711394,35.383422],[112.939908,35.459645],[113.028894,35.612038],[112.990809,35.726347],[112.876449,35.789831],[112.774905,35.75172],[112.558949,35.599326],[112.368521,35.510443],[112.558949,35.43422],[112.691086,35.482899],[112.711394,35.383422]]]},"properties":{"scalerank":4,"featurecla":"Urban area","area_sqkm":1531.506,"min_zoom":4}},
{"type":"Feature","geometry":null,"properties":{"scalerank":5,"featurecla":"Urban area","area_sqkm":172.667,"min_zoom":5}},
{"type":"Feature","geometry":null,"properties":{"scalerank":5,"featurecla":"Urban area","area_sqkm":190.171,"min_zoom":5}},
{"type":"Feature","geometry":null,"properties":{"scalerank":4,"featurecla":"Urban area","area_sqkm":79.765,"min_zoom":4}},
{"type":"Feature","geometry":{"type":"Polygon","coordinates":[[[111.454004,35.612038],[111.339799,35.700922],[111.250398,35.56708],[111.377884,35.548528],[111.454004,35.612038]]]},"properties":{"scalerank":4,"featurecla":"Urban area","area_sqkm":277.68,"min_zoom":4}},
{"type":"Feature","geometry":null,"properties":{"scalerank":5,"featurecla":"Urban area","area_sqkm":115.036,"min_zoom":5}},
{"type":"Feature","geometry":{"type":"Polygon","coordinates":[[[116.87698,35.58664],[116.826182,35.383422],[116.953151,35.294538],[117.029374,35.446932],[116.864319,35.49773],[116.87698,35.58664]]]},"properties":{"scalerank":5,"featurecla":"Urban area","area_sqkm":345.334,"min_zoom":5}},
{"type":"Feature","geometry":null,"properties":{"scalerank":5,"featurecla":"Urban area","area_sqkm":286.619,"min_zoom":5}},
{"type":"Feature","geometry":null,"properties":{"scalerank":5,"featurecla":"Urban area","area_sqkm":128.788,"min_zoom":5}},
{"type":"Feature","geometry":{"type":"Polygon","coordinates":[[[113.966512,35.33482],[113.968682,35.43422],[113.816288,35.548528],[113.765439,35.472331],[113.828949,35.243741],[113.943309,35.256453],[113.966512,35.33482]]]},"properties":{"scalerank":5,"featurecla":"Urban area","area_sqkm":448.717,"min_zoom":5}},
{"type":"Feature","geometry":{"type":"Polygon","coordinates":[[[126.507348,35.506722],[126.557888,35.438276],[126.744905,35.408847],[126.744905,35.548528],[126.507348,35.506722]]]},"properties":{"scalerank":5,"featurecla":"Urban area","area_sqkm":229.672,"min_zoom":5}},
{"type":"Feature","geometry":null,"properties":{"scalerank":5,"featurecla":"Urban area","area_sqkm":96.076,"min_zoom":5}},
{"type":"Feature","geometry":{"type":"Polygon","coordinates":[[[116.661024,35.345336],[116.635651,35.485018],[116.496021,35.446932],[116.549713,35.367325],[116.661024,35.345336]]]},"properties":{"scalerank":5,"featurecla":"Urban area","area_sqkm":160.336,"min_zoom":5}},
{"type":"Feature","geometry":null,"properties":{"scalerank":4,"featurecla":"Urban area","area_sqkm":95.147,"min_zoom":4}},
{"type":"Feature","geometry":null,"properties":{"scalerank":5,"featurecla":"Urban area","area_sqkm":83.794,"min_zoom":5}},
{"type":"Feature","geometry":null,"properties":{"scalerank":5,"featurecla":"Urban area","area_sqkm":109.147,"min_zoom":5}},
{"type":"Feature","geometry":{"type":"Polygon","coordinates":[[[132.789652,35.333089],[132.891713,35.358049],[132.878949,35.459645],[132.675809,35.383422],[132.789652,35.333089]]]},"properties":{"scalerank":5,"featurecla":"Urban area","area_sqkm":227.19,"min_zoom":5}},
{"type":"Feature","geometry":{"type":"Polygon","coordinates":[[[127.138524,35.281826],[127.233816,35.292213],[127.202086,35.43422],[127.113151,35.421533],[127.138524,35.281826]]]},"properties":{"scalerank":5,"featurecla":"Urban area","area_sqkm":190.67,"min_zoom":5}},
{"type":"Feature","geometry":null,"properties":{"scalerank":5,"featurecla":"Urban area","area_sqkm":110.697,"min_zoom":5}},
{"type":"Feature","geometry":{"type":"Polygon","coordinates":[[[113.321021,35.332624],[113.168524,35.319937],[113.143151,35.218316],[113.257408,35.18023],[113.371819,35.243741],[113.321021,35.332624]]]},"properties":{"scalerank":5,"featurecla":"Urban area","area_sqkm":344.215,"min_zoom":5}},
{"type":"Feature","geometry":null,"properties":{"scalerank":5,"featurecla":"Urban area","area_sqkm":109.894,"min_zoom":5}},
{"type":"Feature","geometry":{"type":"Polygon","coordinates":[[[128.094538,34.933604],[128.091024,35.027836],[128.179908,35.091347],[128.218045,35.231028],[128.002192,35.231028],[127.951394,35.167518],[127.97806,35.018767],[128.094538,34.933604]]]},"properties":{"scalerank":5,"featurecla":"Urban area","area_sqkm":508.661,"min_zoom":5}},
{"type":"Feature","geometry":{"type":"Polygon","coordinates":[[[118.197778,35.167518],[118.210439,34.989751],[118.261288,34.900816],[118.413682,35.002437],[118.439004,35.11672],[118.197778,35.167518]]]},"properties":{"scalerank":4,"featurecla":"Urban area","area_sqkm":462.595,"min_zoom":4}},
{"type":"Feature","geometry":null,"properties":{"scalerank":5,"featurecla":"Urban area","area_sqkm":119.955,"min_zoom":5}},
{"type":"Feature","geometry":{"type":"Polygon","coordinates":[[[134.085439,35.015124],[134.098151,35.142145],[133.933045,35.065922],[134.085439,35.015124]]]},"properties":{"scalerank":5,"featurecla":"Urban area","area_sqkm":273.097,"min_zoom":5}},
{"type":"Feature","geometry":null,"properties":{"scalerank":5,"featurecla":"Urban area","area_sqkm":95.542,"min_zoom":5}},
{"type":"Feature","geometry":{"type":"Polygon","coordinates":[[[127.71544,34.721033],[127.742208,34.78258],[127.639372,34.889705],[127.684692,35.002437],[127.481449,35.053235],[127.430651,34.900816],[127.544908,34.888129],[127.578394,34.751161],[127.71544,34.721033]]]},"properties":{"scalerank":4,"featurecla":"Urban area","area_sqkm":718.852,"min_zoom":4}},
{"type":"Feature","geometry":null,"properties":{"scalerank":5,"featurecla":"Urban area","area_sqkm":135.027,"min_zoom":5}},
{"type":"Feature","geometry":null,"properties":{"scalerank":5,"featurecla":"Urban area","area_sqkm":190.536,"min_zoom":5}},
{"type":"Feature","geometry":null,"properties":{"scalerank":5,"featurecla":"Urban area","area_sqkm":253.505,"min_zoom":5}},
{"type":"Feature","geometry":{"type":"Polygon","coordinates":[[[128.567378,34.883246],[128.735946,34.855444],[128.726851,34.957815],[128.624945,34.968615],[128.567378,34.883246]]]},"properties":{"scalerank":5,"featurecla":"Urban area","area_sqkm":167.919,"min_zoom":5}},
{"type":"Feature","geometry":null,"properties":{"scalerank":4,"featurecla":"Urban area","area_sqkm":166.671,"min_zoom":4}},
{"type":"Feature","geometry":{"type":"Polygon","coordinates":[[[111.238823,34.722377],[111.254843,34.834928],[111.174692,34.888129],[111.047672,34.761134],[111.047672,34.672251],[111.238823,34.722377]]]},"properties":{"scalerank":5,"featurecla":"Urban area","area_sqkm":281.662,"min_zoom":5}},
{"type":"Feature","geometry":{"type":"Polygon","coordinates":[[[113.828949,34.837331],[113.740117,34.888129],[113.612373,34.877536],[113.524213,34.811932],[113.549586,34.659538],[113.740582,34.68163],[113.828949,34.837331]]]},"properties":{"scalerank":2,"featurecla":"Urban area","area_sqkm":518.545,"min_zoom":3.6}},
{"type":"Feature","geometry":{"type":"Polygon","coordinates":[[[114.463949,34.748422],[114.362405,34.875443],[114.260809,34.811932],[114.341683,34.737105],[114.463949,34.748422]]]},"properties":{"scalerank":5,"featurecla":"Urban area","area_sqkm":173.264,"min_zoom":5}},
{"type":"Feature","geometry":null,"properties":{"scalerank":4,"featurecla":"Urban area","area_sqkm":19.474,"min_zoom":4}},
{"type":"Feature","geometry":{"type":"Polygon","coordinates":[[[111.936713,34.697624],[111.894235,34.792502],[111.771504,34.837331],[111.695384,34.761134],[111.936713,34.697624]]]},"properties":{"scalerank":5,"featurecla":"Urban area","area_sqkm":201.136,"min_zoom":5}},
{"type":"Feature","geometry":{"type":"Polygon","coordinates":[[[112.863788,34.646826],[113.054319,34.723049],[113.003521,34.824645],[112.774905,34.684937],[112.863788,34.646826]]]},"properties":{"scalerank":5,"featurecla":"Urban area","area_sqkm":439.456,"min_zoom":5}},
{"type":"Feature","geometry":{"type":"Polygon","coordinates":[[[134.20724,34.781547],[134.02198,34.811932],[133.696212,34.693232],[133.641073,34.621453],[133.463151,34.63414],[133.234586,34.596028],[133.221874,34.507145],[133.094905,34.430922],[133.209782,34.343976],[133.445323,34.433144],[133.968288,34.527298],[134.195148,34.687392],[134.20724,34.781547]]]},"properties":{"scalerank":4,"featurecla":"Urban area","area_sqkm":2232.164,"min_zoom":4}},
{"type":"Feature","geometry":{"type":"Polygon","coordinates":[[[112.495439,34.596028],[112.546288,34.748422],[112.482778,34.77426],[112.304908,34.697624],[112.363405,34.609981],[112.495439,34.596028]]]},"properties":{"scalerank":5,"featurecla":"Urban area","area_sqkm":302.69,"min_zoom":5}},
{"type":"Feature","geometry":{"type":"Polygon","coordinates":[[[119.351403,34.74943],[119.150278,34.684937],[119.112192,34.54523],[119.251874,34.557943],[119.351403,34.74943]]]},"properties":{"scalerank":5,"featurecla":"Urban area","area_sqkm":316.499,"min_zoom":5}},
{"type":"Feature","geometry":{"type":"Polygon","coordinates":[[[113.269552,34.545876],[113.435278,34.430922],[113.422617,34.596028],[113.269552,34.545876]]]},"properties":{"scalerank":5,"featurecla":"Urban area","area_sqkm":165.208,"min_zoom":5}},
{"type":"Feature","geometry":{"type":"Polygon","coordinates":[[[132.612299,34.329326],[132.548788,34.557943],[132.383682,34.507145],[132.273663,34.316691],[132.421303,34.353356],[132.534474,34.287055],[132.612299,34.329326]]]},"properties":{"scalerank":2,"featurecla":"Urban area","area_sqkm":600.642,"min_zoom":3.6}},
{"type":"Feature","geometry":null,"properties":{"scalerank":5,"featurecla":"Urban area","area_sqkm":84.17,"min_zoom":5}},
{"type":"Feature","geometry":{"type":"Polygon","coordinates":[[[117.397672,34.380124],[117.142545,34.400329],[117.067408,34.342038],[117.156394,34.151533],[117.270651,34.176932],[117.397672,34.380124]]]},"properties":{"scalerank":4,"featurecla":"Urban area","area_sqkm":667.277,"min_zoom":4}},
{"type":"Feature","geometry":null,"properties":{"scalerank":5,"featurecla":"Urban area","area_sqkm":129.75,"min_zoom":5}},
{"type":"Feature","geometry":{"type":"Polygon","coordinates":[[[107.167702,34.432472],[107.059905,34.430922],[107.085278,34.31664],[107.390117,34.342038],[107.167702,34.432472]]]},"properties":{"scalerank":5,"featurecla":"Urban area","area_sqkm":244.173,"min_zoom":5}},
{"type":"Feature","geometry":{"type":"Polygon","coordinates":[[[108.892506,34.389038],[108.705851,34.403895],[108.62198,34.303953],[108.964905,34.138847],[109.079213,34.215018],[109.168097,34.329326],[109.053323,34.39232],[108.892506,34.389038]]]},"properties":{"scalerank":2,"featurecla":"Urban area","area_sqkm":906.809,"min_zoom":3.6}},
{"type":"Feature","geometry":{"type":"Polygon","coordinates":[[[133.659005,34.039163],[133.780651,34.151533],[133.945809,34.240443],[134.047405,34.189645],[134.277107,34.292791],[134.075879,34.35842],[133.948341,34.348059],[133.706289,34.237342],[133.602626,34.243853],[133.659005,34.039163]]]},"properties":{"scalerank":4,"featurecla":"Urban area","area_sqkm":872.291,"min_zoom":4}},
{"type":"Feature","geometry":{"type":"Polygon","coordinates":[[[134.377617,34.126134],[134.390278,34.049937],[134.593573,33.948316],[134.635224,34.043969],[134.637498,34.226593],[134.377617,34.126134]]]},"properties":{"scalerank":4,"featurecla":"Urban area","area_sqkm":705.163,"min_zoom":4}},
{"type":"Feature","geometry":null,"properties":{"scalerank":5,"featurecla":"Urban area","area_sqkm":307.364,"min_zoom":5}},
{"type":"Feature","geometry":{"type":"Polygon","coordinates":[[[131.989908,33.961028],[131.824905,34.088049],[131.763151,34.045261],[131.94097,33.942089],[131.989908,33.961028]]]},"properties":{"scalerank":5,"featurecla":"Urban area","area_sqkm":185.469,"min_zoom":5}},
{"type":"Feature","geometry":null,"properties":{"scalerank":5,"featurecla":"Urban area","area_sqkm":88.208,"min_zoom":5}},
{"type":"Feature","geometry":{"type":"Polygon","coordinates":[[[130.144852,33.500436],[130.288151,33.516533],[130.491394,33.427624],[130.361377,33.348146],[130.186504,33.313316],[130.084908,33.237145],[129.945278,33.224432],[129.970651,33.072038],[130.126869,33.104853],[130.23756,33.177613],[130.381737,33.092554],[130.440442,32.951374],[130.547308,32.831588],[130.643788,32.627518],[130.567669,32.471042],[130.67867,32.484477],[130.758045,32.652943],[130.834319,32.678316],[130.948524,32.868847],[130.84698,33.033927],[130.694586,33.072038],[130.554905,32.995816],[130.554905,33.148235],[130.66327,33.179525],[130.745901,33.300112],[130.84698,33.338741],[130.707299,33.465735],[130.643788,33.465735],[130.52948,33.694326],[130.628647,33.666498],[130.643788,33.567331],[130.765383,33.546221],[130.872405,33.59273],[130.808894,33.821347],[130.935863,33.757836],[130.935863,33.656241],[131.058078,33.672829],[130.953175,33.872041],[130.715567,33.9278],[130.48385,33.834602],[130.365097,33.634485],[130.168003,33.598311],[130.144852,33.500436]]]},"properties":{"scalerank":2,"featurecla":"Urban area","area_sqkm":5839.749,"min_zoom":3.6}},
{"type":"Feature","geometry":null,"properties":{"scalerank":5,"featurecla":"Urban area","area_sqkm":97.4,"min_zoom":5}},
{"type":"Feature","geometry":{"type":"Polygon","coordinates":[[[116.851504,33.859432],[116.889692,34.011826],[116.783342,34.020766],[116.737299,33.91023],[116.851504,33.859432]]]},"properties":{"scalerank":5,"featurecla":"Urban area","area_sqkm":185.891,"min_zoom":5}},
{"type":"Feature","geometry":{"type":"Polygon","coordinates":[[[132.827893,33.730965],[132.904374,33.808634],[132.804225,33.969193],[132.67152,33.741403],[132.827893,33.730965]]]},"properties":{"scalerank":5,"featurecla":"Urban area","area_sqkm":324.055,"min_zoom":5}},
{"type":"Feature","geometry":null,"properties":{"scalerank":5,"featurecla":"Urban area","area_sqkm":118.377,"min_zoom":5}},
{"type":"Feature","geometry":{"type":"Polygon","coordinates":[[[113.447939,33.745124],[113.337609,33.815146],[113.181288,33.795922],[113.292548,33.688538],[113.447939,33.745124]]]},"properties":{"scalerank":5,"featurecla":"Urban area","area_sqkm":185.232,"min_zoom":5}},
{"type":"Feature","geometry":{"type":"Polygon","coordinates":[[[135.449231,33.671201],[135.495172,33.745124],[135.313477,33.80264],[135.387065,33.642882],[135.449231,33.671201]]]},"properties":{"scalerank":5,"featurecla":"Urban area","area_sqkm":169.958,"min_zoom":5}},
{"type":"Feature","geometry":null,"properties":{"scalerank":4,"featurecla":"Urban area","area_sqkm":233.596,"min_zoom":4}},
{"type":"Feature","geometry":{"type":"Polygon","coordinates":[[[133.742617,33.643528],[133.475863,33.630816],[133.361504,33.516533],[133.453901,33.433283],[133.631978,33.511004],[133.773778,33.50395],[133.742617,33.643528]]]},"properties":{"scalerank":4,"featurecla":"Urban area","area_sqkm":560.367,"min_zoom":4}},
{"type":"Feature","geometry":null,"properties":{"scalerank":5,"featurecla":"Urban area","area_sqkm":86.863,"min_zoom":5}},
{"type":"Feature","geometry":{"type":"Polygon","coordinates":[[[131.122829,33.616631],[131.16448,33.52922],[131.329586,33.503847],[131.365966,33.570871],[131.122829,33.616631]]]},"properties":{"scalerank":2,"featurecla":"Urban area","area_sqkm":241.357,"min_zoom":3.6}},
{"type":"Feature","geometry":null,"properties":{"scalerank":4,"featurecla":"Urban area","area_sqkm":94.403,"min_zoom":4}},
{"type":"Feature","geometry":null,"properties":{"scalerank":5,"featurecla":"Urban area","area_sqkm":145.493,"min_zoom":5}},
{"type":"Feature","geometry":null,"properties":{"scalerank":5,"featurecla":"Urban area","area_sqkm":149.753,"min_zoom":5}},
{"type":"Feature","geometry":null,"properties":{"scalerank":5,"featurecla":"Urban area","area_sqkm":122.588,"min_zoom":5}},
{"type":"Feature","geometry":{"type":"Polygon","coordinates":[[[129.907192,33.059326],[129.792884,33.224432],[129.691288,33.27523],[129.611086,33.218179],[129.856911,33.047285],[129.907192,33.059326]]]},"properties":{"scalerank":5,"featurecla":"Urban area","area_sqkm":246.308,"min_zoom":5}},
{"type":"Feature","geometry":{"type":"Polygon","coordinates":[[[131.520117,33.173634],[131.662176,33.140355],[131.79116,33.253113],[131.567401,33.270424],[131.520117,33.173634]]]},"properties":{"scalerank":5,"featurecla":"Urban area","area_sqkm":267.916,"min_zoom":5}},
{"type":"Feature","geometry":null,"properties":{"scalerank":4,"featurecla":"Urban area","area_sqkm":144.382,"min_zoom":4}},
{"type":"Feature","geometry":null,"properties":{"scalerank":5,"featurecla":"Urban area","area_sqkm":99.099,"min_zoom":5}},
{"type":"Feature","geometry":null,"properties":{"scalerank":5,"featurecla":"Urban area","area_sqkm":88.486,"min_zoom":5}},
{"type":"Feature","geometry":null,"properties":{"scalerank":5,"featurecla":"Urban area","area_sqkm":110.016,"min_zoom":5}},
{"type":"Feature","geometry":{"type":"Polygon","coordinates":[[[110.882617,32.564033],[110.805774,32.707694],[110.679374,32.64023],[110.882617,32.564033]]]},"properties":{"scalerank":5,"featurecla":"Urban area","area_sqkm":153.508,"min_zoom":5}},
{"type":"Feature","geometry":{"type":"Polygon","coordinates":[[[116.991133,32.589587],[117.105597,32.703741],[116.776056,32.688393],[116.788097,32.564033],[116.991133,32.589587]]]},"properties":{"scalerank":3,"featurecla":"Urban area","area_sqkm":306.509,"min_zoom":3.7}},
{"type":"Feature","geometry":null,"properties":{"scalerank":5,"featurecla":"Urban area","area_sqkm":154.16,"min_zoom":5}},
{"type":"Feature","geometry":{"type":"Polygon","coordinates":[[[119.340809,32.373528],[119.467778,32.297331],[119.632884,32.398927],[119.543949,32.500549],[119.404888,32.449131],[119.340809,32.373528]]]},"properties":{"scalerank":5,"featurecla":"Urban area","area_sqkm":386.277,"min_zoom":5}},
{"type":"Feature","geometry":null,"properties":{"scalerank":5,"featurecla":"Urban area","area_sqkm":97.268,"min_zoom":5}},
{"type":"Feature","geometry":{"type":"Polygon","coordinates":[[[131.565799,32.280821],[131.380384,32.144937],[131.405809,32.00523],[131.315324,31.926837],[131.316874,31.827437],[131.474074,31.786949],[131.460224,31.883481],[131.565799,32.280821]]]},"properties":{"scalerank":4,"featurecla":"Urban area","area_sqkm":645.857,"min_zoom":4}},
{"type":"Feature","geometry":{"type":"Polygon","coordinates":[[[119.610302,32.16119],[119.553561,32.237051],[119.404319,32.271932],[119.378894,32.170336],[119.610302,32.16119]]]},"properties":{"scalerank":5,"featurecla":"Urban area","area_sqkm":239.317,"min_zoom":5}},
{"type":"Feature","geometry":null,"properties":{"scalerank":2,"featurecla":"Urban area","area_sqkm":71.123,"min_zoom":3.6}},
{"type":"Feature","geometry":null,"properties":{"scalerank":5,"featurecla":"Urban area","area_sqkm":162.312,"min_zoom":5}},
{"type":"Feature","geometry":null,"properties":{"scalerank":5,"featurecla":"Urban area","area_sqkm":117.274,"min_zoom":5}},
{"type":"Feature","geometry":{"type":"Polygon","coordinates":[[[112.177939,31.967145],[112.254213,32.106826],[112.138303,32.139925],[112.076394,32.00523],[112.177939,31.967145]]]},"properties":{"scalerank":5,"featurecla":"Urban area","area_sqkm":182.001,"min_zoom":5}},
{"type":"Feature","geometry":{"type":"Polygon","coordinates":[[[120.949548,31.890793],[120.966394,32.056028],[120.791728,32.03174],[120.949548,31.890793]]]},"properties":{"scalerank":5,"featurecla":"Urban area","area_sqkm":230.808,"min_zoom":5}},
{"type":"Feature","geometry":null,"properties":{"scalerank":5,"featurecla":"Urban area","area_sqkm":84.596,"min_zoom":5}},
{"type":"Feature","geometry":null,"properties":{"scalerank":5,"featurecla":"Urban area","area_sqkm":56.793,"min_zoom":5}},
{"type":"Feature","geometry":{"type":"Polygon","coordinates":[[[120.621971,31.999184],[120.488181,32.015746],[120.191558,31.906373],[120.098954,31.924176],[119.848788,31.890922],[119.82016,31.814389],[119.886874,31.713129],[120.039319,31.700443],[120.140863,31.649645],[120.260494,31.460871],[120.445651,31.509937],[120.401106,31.662228],[120.267884,31.725816],[120.306021,31.852836],[120.496449,31.77664],[120.559908,31.675018],[120.725117,31.802038],[120.621971,31.999184]]]},"properties":{"scalerank":2,"featurecla":"Urban area","area_sqkm":2478.293,"min_zoom":3.6}},
{"type":"Feature","geometry":{"type":"Polygon","coordinates":[[[117.16549,31.796767],[117.169004,31.713129],[117.382531,31.804519],[117.423097,31.865549],[117.314008,31.951538],[117.169004,31.903634],[117.16549,31.796767]]]},"properties":{"scalerank":4,"featurecla":"Urban area","area_sqkm":408.856,"min_zoom":4}},
{"type":"Feature","geometry":null,"properties":{"scalerank":5,"featurecla":"Urban area","area_sqkm":144.79,"min_zoom":5}},
{"type":"Feature","geometry":{"type":"Polygon","coordinates":[[[130.999374,31.751241],[131.037408,31.649645],[131.189905,31.77664],[131.075545,31.852836],[130.999374,31.751241]]]},"properties":{"scalerank":5,"featurecla":"Urban area","area_sqkm":247.129,"min_zoom":5}},
{"type":"Feature","geometry":{"type":"Polygon","coordinates":[[[130.797939,31.704706],[130.719908,31.827437],[130.478682,31.68773],[130.453309,31.573422],[130.497699,31.470431],[130.655105,31.718426],[130.797939,31.704706]]]},"properties":{"scalerank":5,"featurecla":"Urban area","area_sqkm":430.847,"min_zoom":5}},
{"type":"Feature","geometry":{"type":"Polygon","coordinates":[[[118.477192,31.636932],[118.604213,31.611533],[118.642299,31.68773],[118.566024,31.763927],[118.451819,31.789326],[118.477192,31.636932]]]},"properties":{"scalerank":5,"featurecla":"Urban area","area_sqkm":330.712,"min_zoom":5}},
{"type":"Feature","geometry":{"type":"Polygon","coordinates":[[[120.910481,31.762764],[120.826713,31.713129],[120.674319,31.700443],[120.750439,31.598847],[120.852086,31.611533],[120.910481,31.762764]]]},"properties":{"scalerank":5,"featurecla":"Urban area","area_sqkm":253.44,"min_zoom":5}},
{"type":"Feature","geometry":null,"properties":{"scalerank":4,"featurecla":"Urban area","area_sqkm":104.227,"min_zoom":4}},
{"type":"Feature","geometry":{"type":"Polygon","coordinates":[[[118.426394,31.294033],[118.451819,31.446427],[118.362884,31.471826],[118.312086,31.332145],[118.426394,31.294033]]]},"properties":{"scalerank":5,"featurecla":"Urban area","area_sqkm":200.252,"min_zoom":5}},
{"type":"Feature","geometry":{"type":"Polygon","coordinates":[[[119.874213,31.433741],[119.759905,31.408316],[119.7983,31.265017],[119.899586,31.243235],[119.874213,31.433741]]]},"properties":{"scalerank":5,"featurecla":"Urban area","area_sqkm":198.617,"min_zoom":5}},
{"type":"Feature","geometry":null,"properties":{"scalerank":5,"featurecla":"Urban area","area_sqkm":183.241,"min_zoom":5}},
{"type":"Feature","geometry":null,"properties":{"scalerank":5,"featurecla":"Urban area","area_sqkm":141.146,"min_zoom":5}},
{"type":"Feature","geometry":{"type":"Polygon","coordinates":[[[119.950384,30.887624],[120.166288,30.836826],[120.128151,30.938422],[120.026504,30.938422],[119.948886,31.033067],[119.861449,31.001932],[119.950384,30.887624]]]},"properties":{"scalerank":5,"featurecla":"Urban area","area_sqkm":283.814,"min_zoom":5}},
{"type":"Feature","geometry":{"type":"Polygon","coordinates":[[[117.905651,30.913049],[117.791394,31.001932],[117.753309,30.874937],[117.905651,30.913049]]]},"properties":{"scalerank":5,"featurecla":"Urban area","area_sqkm":149.457,"min_zoom":5}},
{"type":"Feature","geometry":null,"properties":{"scalerank":5,"featurecla":"Urban area","area_sqkm":115.197,"min_zoom":5}},
{"type":"Feature","geometry":null,"properties":{"scalerank":4,"featurecla":"Urban area","area_sqkm":149.452,"min_zoom":4}},
{"type":"Feature","geometry":null,"properties":{"scalerank":5,"featurecla":"Urban area","area_sqkm":87.362,"min_zoom":5}},
{"type":"Feature","geometry":{"type":"Polygon","coordinates":[[[103.948363,30.798741],[103.910278,30.570124],[104.100809,30.532038],[104.253151,30.646347],[104.17698,30.849538],[104.067891,30.789387],[103.948363,30.798741]]]},"properties":{"scalerank":2,"featurecla":"Urban area","area_sqkm":767.869,"min_zoom":3.6}},
{"type":"Feature","geometry":null,"properties":{"scalerank":6,"featurecla":"Urban area","area_sqkm":105.102,"min_zoom":6}},
{"type":"Feature","geometry":{"type":"Polygon","coordinates":[[[111.377884,30.633634],[111.352408,30.82414],[111.212778,30.747943],[111.269622,30.665054],[111.377884,30.633634]]]},"properties":{"scalerank":5,"featurecla":"Urban area","area_sqkm":231.318,"min_zoom":5}},
{"type":"Feature","geometry":{"type":"Polygon","coordinates":[[[114.362405,30.468528],[114.54906,30.61839],[114.403384,30.741457],[114.108363,30.697145],[114.095651,30.570124],[114.133788,30.455816],[114.362405,30.468528]]]},"properties":{"scalerank":2,"featurecla":"Urban area","area_sqkm":1197.84,"min_zoom":3.6}},
{"type":"Feature","geometry":null,"properties":{"scalerank":5,"featurecla":"Urban area","area_sqkm":128.295,"min_zoom":5}},
{"type":"Feature","geometry":null,"properties":{"scalerank":5,"featurecla":"Urban area","area_sqkm":76.672,"min_zoom":5}},
{"type":"Feature","geometry":null,"properties":{"scalerank":5,"featurecla":"Urban area","area_sqkm":160.604,"min_zoom":5}},
{"type":"Feature","geometry":{"type":"Polygon","coordinates":[[[115.175172,30.227251],[115.060863,30.290735],[114.959319,30.239937],[114.97198,30.125629],[115.175172,30.227251]]]},"properties":{"scalerank":5,"featurecla":"Urban area","area_sqkm":292.8,"min_zoom":5}},
{"type":"Feature","geometry":null,"properties":{"scalerank":5,"featurecla":"Urban area","area_sqkm":139.533,"min_zoom":5}},
{"type":"Feature","geometry":null,"properties":{"scalerank":5,"featurecla":"Urban area","area_sqkm":69.032,"min_zoom":5}},
{"type":"Feature","geometry":{"type":"Polygon","coordinates":[[[121.677876,29.979101],[121.372778,29.973235],[121.448949,29.808129],[121.690278,29.820816],[121.741024,29.909751],[121.677876,29.979101]]]},"properties":{"scalerank":4,"featurecla":"Urban area","area_sqkm":673.991,"min_zoom":4}},
{"type":"Feature","geometry":{"type":"Polygon","coordinates":[[[116.044886,29.687749],[116.089586,29.770018],[115.937192,29.78273],[115.949905,29.655735],[116.044886,29.687749]]]},"properties":{"scalerank":5,"featurecla":"Urban area","area_sqkm":168.43,"min_zoom":5}},
{"type":"Feature","geometry":null,"properties":{"scalerank":5,"featurecla":"Urban area","area_sqkm":90.185,"min_zoom":5}},
{"type":"Feature","geometry":{"type":"Polygon","coordinates":[[[106.450278,29.439831],[106.590269,29.483989],[106.653521,29.604937],[106.437617,29.668422],[106.39948,29.477943],[106.450278,29.439831]]]},"properties":{"scalerank":3,"featurecla":"Urban area","area_sqkm":432.181,"min_zoom":3.7}},
{"type":"Feature","geometry":null,"properties":{"scalerank":2,"featurecla":"Urban area","area_sqkm":133.739,"min_zoom":3.6}},
{"type":"Feature","geometry":null,"properties":{"scalerank":5,"featurecla":"Urban area","area_sqkm":129.651,"min_zoom":5}},
{"type":"Feature","geometry":null,"properties":{"scalerank":4,"featurecla":"Urban area","area_sqkm":137.515,"min_zoom":4}},
{"type":"Feature","geometry":null,"properties":{"scalerank":5,"featurecla":"Urban area","area_sqkm":208.64,"min_zoom":5}},
{"type":"Feature","geometry":null,"properties":{"scalerank":5,"featurecla":"Urban area","area_sqkm":96.628,"min_zoom":5}},
{"type":"Feature","geometry":null,"properties":{"scalerank":5,"featurecla":"Urban area","area_sqkm":132.855,"min_zoom":5}},
{"type":"Feature","geometry":null,"properties":{"scalerank":5,"featurecla":"Urban area","area_sqkm":137.091,"min_zoom":5}},
{"type":"Feature","geometry":{"type":"Polygon","coordinates":[[[115.92448,28.576241],[116.013363,28.665124],[115.901381,28.775686],[115.784799,28.690549],[115.92448,28.576241]]]},"properties":{"scalerank":3,"featurecla":"Urban area","area_sqkm":269.49,"min_zoom":3.7}},
{"type":"Feature","geometry":{"type":"Polygon","coordinates":[[[121.519126,28.713674],[121.436288,28.754033],[121.334692,28.639751],[121.40182,28.512291],[121.519126,28.713674]]]},"properties":{"scalerank":5,"featurecla":"Urban area","area_sqkm":388.217,"min_zoom":5}},
{"type":"Feature","geometry":{"type":"Polygon","coordinates":[[[112.876449,28.258741],[112.907817,28.143993],[112.990809,28.080922],[113.092405,28.144432],[113.155863,28.258741],[113.02073,28.309073],[112.876449,28.258741]]]},"properties":{"scalerank":3,"featurecla":"Urban area","area_sqkm":441.491,"min_zoom":3.7}},
{"type":"Feature","geometry":{"type":"Polygon","coordinates":[[[120.763513,27.977466],[120.958643,28.036997],[120.928309,28.144432],[120.750439,28.055549],[120.616338,28.085624],[120.534586,27.979326],[120.639489,27.935375],[120.763513,27.977466]]]},"properties":{"scalerank":4,"featurecla":"Urban area","area_sqkm":520.104,"min_zoom":4}},
{"type":"Feature","geometry":{"type":"Polygon","coordinates":[[[113.213586,27.852615],[113.206713,27.928528],[112.947969,27.925324],[112.838363,27.87773],[112.935567,27.789906],[113.054319,27.852331],[113.213586,27.852615]]]},"properties":{"scalerank":5,"featurecla":"Urban area","area_sqkm":386.887,"min_zoom":5}},
{"type":"Feature","geometry":{"type":"Polygon","coordinates":[[[120.783615,27.842435],[120.605693,27.838353],[120.681864,27.736731],[120.783615,27.842435]]]},"properties":{"scalerank":5,"featurecla":"Urban area","area_sqkm":188.267,"min_zoom":5}},
{"type":"Feature","geometry":null,"properties":{"scalerank":5,"featurecla":"Urban area","area_sqkm":90.219,"min_zoom":5}},
{"type":"Feature","geometry":null,"properties":{"scalerank":5,"featurecla":"Urban area","area_sqkm":160.082,"min_zoom":5}},
{"type":"Feature","geometry":null,"properties":{"scalerank":3,"featurecla":"Urban area","area_sqkm":122.107,"min_zoom":3.7}},
{"type":"Feature","geometry":{"type":"Polygon","coordinates":[[[95.287238,27.325516],[95.439374,27.382437],[95.382943,27.448118],[95.287238,27.325516]]]},"properties":{"scalerank":5,"featurecla":"Urban area","area_sqkm":164.575,"min_zoom":5}},
{"type":"Feature","geometry":null,"properties":{"scalerank":4,"featurecla":"Urban area","area_sqkm":131.225,"min_zoom":4}},
{"type":"Feature","geometry":{"type":"Polygon","coordinates":[[[106.654193,26.51957],[106.802505,26.566596],[106.733361,26.681266],[106.628097,26.709326],[106.654193,26.51957]]]},"properties":{"scalerank":3,"featurecla":"Urban area","area_sqkm":319.633,"min_zoom":3.7}},
{"type":"Feature","geometry":{"type":"Polygon","coordinates":[[[101.675117,26.633129],[101.566545,26.656513],[101.497299,26.582331],[101.751288,26.493422],[101.802086,26.633129],[101.675117,26.633129]]]},"properties":{"scalerank":5,"featurecla":"Urban area","area_sqkm":333.461,"min_zoom":5}},
{"type":"Feature","geometry":{"type":"Polygon","coordinates":[[[127.842357,26.424537],[127.728721,26.424072],[127.727015,26.307904],[127.654875,26.199176],[127.653118,26.094738],[127.8036,26.152513],[127.790164,26.25509],[127.848765,26.318962],[127.842357,26.424537]]]},"properties":{"scalerank":4,"featurecla":"Urban area","area_sqkm":460.609,"min_zoom":4}},
{"type":"Feature","geometry":null,"properties":{"scalerank":3,"featurecla":"Urban area","area_sqkm":41.947,"min_zoom":3.7}},
{"type":"Feature","geometry":null,"properties":{"scalerank":3,"featurecla":"Urban area","area_sqkm":177.105,"min_zoom":3.7}},
{"type":"Feature","geometry":null,"properties":{"scalerank":5,"featurecla":"Urban area","area_sqkm":34.409,"min_zoom":5}},
{"type":"Feature","geometry":{"type":"Polygon","coordinates":[[[123.366713,41.21273],[123.277778,41.30164],[123.125384,41.327038],[123.099908,41.225443],[122.896819,41.136533],[122.947617,41.022251],[123.096394,41.016153],[123.201504,41.073049],[123.214319,41.161932],[123.366713,41.21273]]]},"properties":{"scalerank":4,"featurecla":"Urban area","area_sqkm":657.28,"min_zoom":4}},
{"type":"Feature","geometry":null,"properties":{"scalerank":5,"featurecla":"Urban area","area_sqkm":89.993,"min_zoom":5}},
{"type":"Feature","geometry":{"type":"Polygon","coordinates":[[[128.642618,35.119562],[128.980066,35.101527],[129.21416,35.181858],[129.328985,35.332779],[129.461225,35.618136],[129.386449,35.688235],[129.348363,35.866028],[129.482877,36.00912],[129.403502,36.052167],[129.157884,36.043847],[129.196021,35.942251],[129.081713,35.929538],[129.068949,35.840629],[129.234004,35.802518],[129.310278,35.662836],[129.119799,35.624751],[129.068949,35.43422],[128.840384,35.332624],[128.891182,35.472331],[128.776874,35.58664],[128.676518,35.527703],[128.675278,35.396134],[128.535545,35.396134],[128.561021,35.599326],[128.433949,35.561241],[128.472086,35.446932],[128.266517,35.300895],[128.436223,35.239632],[128.510947,35.100959],[128.642618,35.119562]]]},"properties":{"scalerank":2,"featurecla":"Urban area","area_sqkm":4639.192,"min_zoom":3.6}},
{"type":"Feature","geometry":null,"properties":{"scalerank":2,"featurecla":"Urban area","area_sqkm":122.952,"min_zoom":3.6}},
{"type":"Feature","geometry":null,"properties":{"scalerank":2,"featurecla":"Urban area","area_sqkm":122.952,"min_zoom":3.6}},
{"type":"Feature","geometry":{"type":"Polygon","coordinates":[[[130.096793,32.809936],[129.828283,32.892695],[129.732164,32.834094],[129.897012,32.666999],[130.096793,32.809936]]]},"properties":{"scalerank":3,"featurecla":"Urban area","area_sqkm":640.951,"min_zoom":3.7}},
{"type":"Feature","geometry":{"type":"Polygon","coordinates":[[[121.263224,38.960258],[121.106748,38.920803],[121.163592,38.731667],[121.320171,38.808226],[121.649867,38.86507],[121.677255,39.003408],[121.905614,39.024853],[121.797352,39.141565],[121.263224,38.960258]]]},"properties":{"scalerank":4,"featurecla":"Urban area","area_sqkm":1340.537,"min_zoom":4}},
{"type":"Feature","geometry":{"type":"Polygon","coordinates":[[[138.809905,37.631347],[138.847939,37.567836],[138.733682,37.466241],[138.750219,37.292298],[138.898788,37.250336],[138.924213,37.186826],[138.809905,37.08523],[138.661852,37.034716],[138.835278,36.87439],[138.936874,36.945549],[138.948449,37.100139],[139.013045,37.263049],[138.860651,37.364645],[139.025809,37.466241],[139.013045,37.593235],[139.114692,37.694831],[139.241713,37.745629],[139.190863,37.847251],[139.368682,37.923422],[139.305172,38.025044],[138.905093,37.85309],[138.834606,37.791182],[138.809905,37.631347]]]},"properties":{"scalerank":4,"featurecla":"Urban area","area_sqkm":2450.513,"min_zoom":4}},
{"type":"Feature","geometry":{"type":"Polygon","coordinates":[[[138.200278,37.148741],[138.212939,37.034432],[138.172993,36.865502],[138.187617,36.70422],[138.035172,36.589937],[138.086073,36.475629],[138.238363,36.272437],[138.428894,36.196241],[138.403573,36.06922],[138.517778,36.081932],[138.619994,36.411318],[138.390809,36.412145],[138.212939,36.513741],[138.352672,36.602624],[138.454319,36.755018],[138.441504,36.932836],[138.251024,36.882038],[138.339908,37.199538],[138.200278,37.148741]]]},"properties":{"scalerank":4,"featurecla":"Urban area","area_sqkm":2359.619,"min_zoom":4}},
{"type":"Feature","geometry":{"type":"Polygon","coordinates":[[[127.430651,36.780443],[127.240172,36.628049],[127.316394,36.526453],[127.214799,36.272437],[127.456024,36.247038],[127.633894,36.348634],[127.50274,36.407985],[127.468788,36.564538],[127.583045,36.602624],[127.519586,36.755018],[127.430651,36.780443]]]},"properties":{"scalerank":4,"featurecla":"Urban area","area_sqkm":1375.685,"min_zoom":4}},
{"type":"Feature","geometry":{"type":"Polygon","coordinates":[[[140.922747,37.139077],[140.81924,37.102464],[140.727566,36.932836],[140.651394,36.628049],[140.600545,36.577251],[140.418437,36.621486],[140.333894,36.577251],[140.321182,36.424831],[140.130651,36.437518],[140.117939,36.628049],[140.029004,36.805816],[140.156024,37.072544],[139.991073,37.123316],[139.978309,36.996347],[139.902086,36.945549],[139.902086,36.742331],[139.787778,36.780443],[139.655745,36.71192],[139.711504,36.602624],[139.673573,36.462943],[139.482939,36.399432],[139.114692,36.526453],[139.152778,36.691533],[138.962299,36.70422],[139.025809,36.577251],[138.898788,36.551826],[138.936874,36.45023],[138.771819,36.348634],[138.822617,36.208953],[138.989687,36.198256],[139.10198,36.13273],[138.987672,36.031134],[139.076504,35.942251],[139.190863,36.056533],[139.27184,35.921348],[139.216288,35.573953],[139.279799,35.459645],[139.051182,35.345336],[139.124924,35.220124],[139.249413,35.278002],[139.474412,35.298543],[139.635953,35.142145],[139.74406,35.252396],[139.650009,35.409131],[139.767831,35.494836],[139.834804,35.658056],[139.987456,35.668211],[140.086364,35.540415],[139.826432,35.296657],[139.851443,35.232346],[140.232299,35.396134],[140.232299,35.294538],[140.416473,35.266995],[140.457401,35.510236],[140.639199,35.661286],[140.874017,35.724951],[140.759605,35.845719],[140.621939,36.059246],[140.57357,36.231329],[140.627313,36.502785],[140.791851,36.846873],[140.968378,37.002057],[140.922747,37.139077]]]},"properties":{"scalerank":2,"featurecla":"Urban area","area_sqkm":20329.557,"min_zoom":3.6}},
{"type":"Feature","geometry":{"type":"Polygon","coordinates":[[[127.176713,35.75172],[127.291021,35.90414],[127.265545,36.018422],[127.151288,36.043847],[126.935384,35.929538],[127.049692,35.840629],[127.011504,35.739033],[127.176713,35.75172]]]},"properties":{"scalerank":4,"featurecla":"Urban area","area_sqkm":900.974,"min_zoom":4}},
{"type":"Feature","geometry":{"type":"Polygon","coordinates":[[[127.03698,35.332624],[126.973521,35.370735],[126.694004,35.154831],[126.871874,35.015124],[126.986182,35.129432],[127.03698,35.332624]]]},"properties":{"scalerank":4,"featurecla":"Urban area","area_sqkm":911.096,"min_zoom":4}},
{"type":"Feature","geometry":{"type":"Polygon","coordinates":[[[135.206662,34.02627],[135.241182,34.126134],[135.387685,34.220961],[135.584004,34.265816],[135.825384,34.367437],[135.888894,34.507145],[135.914319,34.748422],[135.888894,34.86273],[136.066713,34.964326],[136.181073,34.86273],[136.079374,34.786533],[136.053949,34.608741],[136.181073,34.621453],[136.181073,34.723049],[136.269905,34.824645],[136.24448,34.95164],[136.308714,35.096979],[136.320651,35.294538],[136.408811,35.408072],[136.231819,35.510443],[136.203242,35.430525],[136.268096,35.347145],[136.214301,35.264024],[135.980568,35.097858],[135.515687,35.025304],[135.625758,34.909962],[135.482408,34.86273],[135.469799,34.977038],[135.304692,34.913528],[135.126874,34.95164],[135.012617,35.015124],[134.885545,34.977038],[134.758524,35.015124],[134.682405,34.938953],[134.542672,34.926241],[134.368781,34.795758],[134.364853,34.724289],[134.583755,34.770591],[134.740024,34.765243],[135.041711,34.631013],[135.35518,34.654319],[135.415952,34.617474],[135.384739,34.500427],[135.265573,34.380822],[135.100105,34.288373],[135.135349,34.182617],[135.128424,34.018932],[135.206662,34.02627]]]},"properties":{"scalerank":2,"featurecla":"Urban area","area_sqkm":8303.286,"min_zoom":3.6}},
{"type":"Feature","geometry":{"type":"Polygon","coordinates":[[[138.921061,34.977245],[139.038573,35.002437],[139.025809,35.129432],[138.949586,35.218316],[139.038573,35.358049],[138.847939,35.396134],[138.849954,35.257642],[138.797192,35.167518],[138.657408,35.26914],[138.558499,35.235059],[138.593949,35.11672],[138.428894,35.053235],[138.289213,34.938953],[138.047884,34.850018],[137.819319,34.913528],[137.565278,34.86273],[137.565278,34.964326],[137.298524,34.926241],[137.247778,35.027836],[137.273151,35.205629],[137.184319,35.256453],[137.336713,35.421533],[137.184319,35.446932],[136.917617,35.573953],[136.536504,35.49773],[136.460384,35.332624],[136.549319,35.26914],[136.474543,35.162195],[136.460384,34.938953],[136.384213,34.850018],[136.422299,34.761134],[136.333363,34.63414],[136.600117,34.418235],[136.799433,34.487508],[136.615775,34.589052],[136.53299,34.678375],[136.690086,34.984118],[136.851833,35.059514],[136.884596,34.80586],[137.032184,34.76594],[137.275166,34.772503],[137.318058,34.636387],[137.543367,34.664215],[137.978999,34.640909],[138.189116,34.596338],[138.253195,34.732686],[138.509613,34.987167],[138.577206,35.086489],[138.719626,35.124058],[138.820912,35.095688],[138.921061,34.977245]]]},"properties":{"scalerank":2,"featurecla":"Urban area","area_sqkm":10405.077,"min_zoom":3.6}},
{"type":"Feature","geometry":{"type":"Polygon","coordinates":[[[131.621713,34.100735],[131.545439,34.22773],[131.367672,34.138847],[131.232641,33.94798],[131.611533,34.036088],[131.621713,34.100735]]]},"properties":{"scalerank":5,"featurecla":"Urban area","area_sqkm":621.79,"min_zoom":5}},
{"type":"Feature","geometry":{"type":"Polygon","coordinates":[[[119.010597,32.170336],[118.896288,32.246533],[118.870863,32.360816],[118.705809,32.284645],[118.591449,32.068741],[118.616874,31.865549],[118.743894,31.929033],[118.883524,31.903634],[119.010597,32.170336]]]},"properties":{"scalerank":2,"featurecla":"Urban area","area_sqkm":1329.65,"min_zoom":3.6}},
{"type":"Feature","geometry":{"type":"Polygon","coordinates":[[[121.527497,30.84096],[121.731257,30.867677],[121.834455,31.061644],[121.660616,31.319742],[121.35097,31.485365],[121.080651,31.522624],[120.902884,31.45914],[120.864799,31.344831],[120.699692,31.37023],[120.648894,31.421028],[120.432939,31.45914],[120.445651,31.243235],[120.598045,31.217836],[120.788524,31.294033],[120.877408,31.243235],[120.991819,31.30672],[121.017192,31.192437],[121.017192,30.938422],[121.194908,30.887624],[121.296504,30.976533],[121.436288,30.862251],[121.527497,30.84096]]]},"properties":{"scalerank":2,"featurecla":"Urban area","area_sqkm":5409.088,"min_zoom":3.6}},
{"type":"Feature","geometry":{"type":"Polygon","coordinates":[[[120.494589,30.30306],[120.369532,30.346882],[120.331394,30.493927],[120.191713,30.532038],[120.039319,30.493927],[120.013894,30.227251],[120.064692,30.112943],[120.153524,30.151028],[120.394905,30.112943],[120.48415,30.005352],[120.636182,29.960549],[120.633392,30.133148],[120.494589,30.30306]]]},"properties":{"scalerank":2,"featurecla":"Urban area","area_sqkm":2029.911,"min_zoom":3.6}},
{"type":"Feature","geometry":{"type":"Polygon","coordinates":[[[174.926718,-41.304559],[174.902275,-41.178003],[174.751949,-41.23402],[174.926718,-41.304559]]]},"properties":{"scalerank":4,"featurecla":"Urban area","area_sqkm":190.397,"min_zoom":4}},
{"type":"Feature","geometry":null,"properties":{"scalerank":4,"featurecla":"Urban area","area_sqkm":66.949,"min_zoom":4}}
]}